Testing cpu.arm.64
Unit Test: {
    { int-4{ 5 6 7 8 } }
    [
        int-4{ 1 2 3 4 } int-4{ 5 6 7 8 } [
            { int-4 int-4 } declare
            { 4 5 6 7 0 1 2 3 } vshuffle2-elements
        ] compile-call
    ]
}
Unit Test: {
    { double-2{ 4.0 1.0 } }
    [
        double-2{ 1.0 2.0 } double-2{ 3.0 4.0 } [
            { double-2 double-2 } declare
            { 7 4 0 1 } vshuffle2-elements
        ] compile-call
    ]
}
Unit Test: {
    {
        uchar-16{
            0
            1
            254
            255
            255
            255
            255
            255
            255
            255
            255
            255
            255
            254
            1
            0
        }
    }
    [
        ushort-8{ 0 1 254 255 256 32767 32768 65535 }
        ushort-8{ 65535 32768 32767 256 255 254 1 0 } [
            { ushort-8 ushort-8 } declare [ underlying>> ] bi@
            ushort-8-rep (simd-vpack-signed) uchar-16 boa
        ] compile-call
    ]
}
Unit Test: {
    { ushort-8{ 65535 65535 65535 65535 0 1 65534 65535 } }
    [
        uint-4{ 2147483648 4294967295 65536 65535 }
        uint-4{ 0 1 65534 65535 } [
            { uint-4 uint-4 } declare [ underlying>> ] bi@
            uint-4-rep (simd-vpack-signed) ushort-8 boa
        ] compile-call
    ]
}
Unit Test: {
    { uint-4{ 4294967295 4294967295 4294967294 4294967295 } }
    [
        ulonglong-2{ 9223372036854775808 18446744073709551615 }
        ulonglong-2{ 4294967294 4294967296 } [
            { ulonglong-2 ulonglong-2 } declare
            [ underlying>> ] bi@
            ulonglong-2-rep (simd-vpack-signed) uint-4 boa
        ] compile-call
    ]
}
Unit Test: {
    { t }
    [
        [
            { uint-4 uint-4 } declare [ underlying>> ] bi@
            uint-4-rep (simd-vpack-signed) ushort-8 boa
        ] [ ##signed-pack-vector? ] contains-insn?
    ]
}
Unit Test: {
    { t }
    [
        [ { int-4 int-4 } declare vmul-wide ]
        [ ##mul-wide-vector? ] contains-insn?
    ]
}
Unit Test: {
    { t }
    [
        [ { int-4 int-4 } declare vabsdiff ]
        [ ##binary-vector-function? ] contains-insn?
    ]
}
Unit Test: {
    { t }
    [
        [ { float-4 float-4 float-4 } declare vfma ]
        [ ##fma-vector? ] contains-insn?
    ]
}
Unit Test: {
    { t }
    [
        [ { uint-4 int-4 } declare vshift ]
        [ ##binary-vector-function? ] contains-insn?
    ]
}
Unit Test: {
    { t }
    [
        [ { float-4 } declare float-4 double-2 vconvert ]
        [ ##unpack-vector-head? ] contains-insn?
    ]
}
Unit Test: {
    { t }
    [
        [ { float-4 } declare float-4 double-2 vconvert ]
        [ ##unpack-vector-tail? ] contains-insn?
    ]
}
Unit Test: {
    {
        ulonglong-2{ 9223372036854775808 3936146074321813504 }
        ulonglong-2{ 4607182419336888320 9218868437227405312 }
    }
    [
        uint-4{ 2147483648 1 1065353217 2139095040 }
        float-4-cast [
            { float-4 } declare float-4 double-2 vconvert
            [ ulonglong-2-cast ] bi@
        ] compile-call
    ]
}
Unit Test: {
    { uint-4{ 2826960896 2826960896 2826960896 2826960896 } }
    [
        float-4{
            1.0000001192092896
            1.0000001192092896
            1.0000001192092896
            1.0000001192092896
        } float-4{
            0.9999998807907104
            0.9999998807907104
            0.9999998807907104
            0.9999998807907104
        } float-4{ -1.0 -1.0 -1.0 -1.0 }
        [ { float-4 float-4 float-4 } declare vfma uint-4-cast ]
        compile-call
    ]
}
Unit Test: {
    { t t t t }
    [
        0 alien-call-code+return-address
        B{ 32 3 63 214 } return-address-follows?
        16 alien-call-code+return-address
        B{ 64 3 63 214 } return-address-follows?
        4128 alien-call-code+return-address
        B{ 64 3 63 214 } return-address-follows?
        4128 alien-indirect-code+return-address
        B{ 64 3 63 214 } return-address-follows?
    ]
}
Unit Test: {
    { 16 2 }
    [ alien-global-code length parameter-table get length ]
}
Unit Test: {
    { 8 8 }
    [
        large-spill-reload-code length large-spill-store-code
        length
    ]
}
Unit Test: {
    { 4 B{ 47 0 160 210 } }
    [
        scaled-spill-reload-code length
        large-spill-from-temp-code 4 head
    ]
}
Unit Test: {
    { 12 20 }
    [
        65536 stack-param-store-code length 65536
        stack-param-load-code length
    ]
}
Unit Test: {
    { 8 12 }
    [
        256 stack-param-store-code length 256
        stack-param-load-code length
    ]
}
Unit Test: {
    { 4 8 }
    [
        4096 local-allot-code length 4104 local-allot-code
        length
    ]
}
Unit Test: {
    { 12 16 8 12 }
    [
        4112 prologue-code length 4128 prologue-code length 4112
        epilogue-code length 4128 epilogue-code length
    ]
}
Unit Test: {
    { 24 28 20 24 }
    [
        4096 allot-code length 4104 allot-code length 4096
        nursery-check-code length 4112 nursery-check-code length
    ]
}
Unit Test: {
    { 32 36 }
    [
        512 write-barrier-imm-code length 513
        write-barrier-imm-code length
    ]
}
Unit Test: {
    { 4 8 8 }
    [
        512 inc-code length 513 inc-code length -513 inc-code
        length
    ]
}
Unit Test: { { 8 8 } [ 100 mul-imm-code length -16 mul-imm-code length ] }
Unit Test: {
    {
        char-16{ 1 2 3 4 5 6 7 8 9 10 11 12 13 14 15 16 }
        char-16{ 0 0 0 0 0 0 0 0 0 0 0 0 0 0 0 0 }
        char-16{ 0 0 0 0 0 0 0 0 0 0 0 0 0 0 0 0 }
        char-16{ 0 0 0 0 0 0 0 0 0 0 0 0 0 0 0 0 }
        char-16{ 0 0 0 0 0 0 0 0 0 0 0 0 0 0 0 0 }
    }
    [
        char-16{ 1 2 3 4 5 6 7 8 9 10 11 12 13 14 15 16 }
        [ { char-16 } declare 0 hlshift ] compile-call
        char-16{ 1 2 3 4 5 6 7 8 9 10 11 12 13 14 15 16 }
        [ { char-16 } declare 16 hlshift ] compile-call
        char-16{ 1 2 3 4 5 6 7 8 9 10 11 12 13 14 15 16 }
        [ { char-16 } declare 17 hlshift ] compile-call
        char-16{ 1 2 3 4 5 6 7 8 9 10 11 12 13 14 15 16 }
        [ { char-16 } declare 16 hrshift ] compile-call
        char-16{ 1 2 3 4 5 6 7 8 9 10 11 12 13 14 15 16 }
        [ { char-16 } declare 17 hrshift ] compile-call
    ]
}
Unit Test: {
    {
        uchar-16{ 1 2 3 4 5 6 7 8 9 10 11 12 13 14 15 16 }
        uchar-16{ 0 0 0 0 0 0 0 0 0 0 0 0 0 0 0 0 }
        uchar-16{ 0 0 0 0 0 0 0 0 0 0 0 0 0 0 0 0 }
        uchar-16{ 1 2 3 4 5 6 7 8 9 10 11 12 13 14 15 16 }
        uchar-16{ 0 0 0 0 0 0 0 0 0 0 0 0 0 0 0 0 }
        char-16{ -1 0 -1 0 -1 0 -1 0 -1 0 -1 0 -1 0 -1 0 }
    }
    [
        uchar-16{ 1 2 3 4 5 6 7 8 9 10 11 12 13 14 15 16 }
        [ { uchar-16 } declare 0 vlshift ] compile-call
        uchar-16{ 1 2 3 4 5 6 7 8 9 10 11 12 13 14 15 16 }
        [ { uchar-16 } declare 8 vlshift ] compile-call
        uchar-16{ 1 2 3 4 5 6 7 8 9 10 11 12 13 14 15 16 }
        [ { uchar-16 } declare 9 vlshift ] compile-call
        uchar-16{ 1 2 3 4 5 6 7 8 9 10 11 12 13 14 15 16 }
        [ { uchar-16 } declare 0 vrshift ] compile-call
        uchar-16{ 1 2 3 4 5 6 7 8 9 10 11 12 13 14 15 16 }
        [ { uchar-16 } declare 9 vrshift ] compile-call
        char-16{ -1 1 -2 2 -3 3 -4 4 -5 5 -6 6 -7 7 -8 8 }
        [ { char-16 } declare 9 vrshift ] compile-call
    ]
}
Unit Test: {
    { 0 }
    [
        1048577 <byte-array>
        [ { byte-array } declare 1048576 alien-unsigned-1 ]
        compile-call
    ]
}
Unit Test: {
    { 123 }
    [
        1048577 <byte-array> dup 123 swap 1048576 [
            { fixnum byte-array fixnum } declare
            set-alien-unsigned-1
        ] compile-call 1048576 alien-unsigned-1
    ]
}
Unit Test: {
    { uchar-16{ 0 0 0 0 0 0 0 0 0 0 0 0 0 0 0 0 } }
    [
        uchar-16{ 1 2 3 4 5 6 7 8 9 10 11 12 13 14 15 16 }
        4294967296
        [ { uchar-16 fixnum } declare vlshift ] compile-call
    ]
}
Unit Test: {
    { char-16{ -1 0 -1 0 -1 0 -1 0 -1 0 -1 0 -1 0 -1 0 } }
    [
        char-16{ -1 1 -2 2 -3 3 -4 4 -5 5 -6 6 -7 7 -8 8 } 256
        [ { char-16 fixnum } declare vrshift ] compile-call
    ]
}
Unit Test: {
    { int-4{ 127 -128 5 6 } }
    [
        int-4{ 5 6 127 -128 }
        [ { int-4 } declare { 2 3 0 1 } vshuffle-elements ]
        compile-call
    ]
}
Unit Test: {
    { double-2{ 4.0 1.0 } }
    [
        double-2{ 1.0 2.0 } double-2{ 3.0 4.0 } [
            { double-2 double-2 } declare
            { 3 0 } vshuffle2-elements
        ] compile-call
    ]
}
Unit Test: {
    { short-8{ 32767 -32768 6 -6 32767 -32768 6 -6 } }
    [
        short-8{ 32767 -32768 2 -2 32767 -32768 2 -2 }
        short-8{ 2 2 3 3 2 2 3 3 }
        [ { short-8 short-8 } declare vs* ] compile-call
    ]
}
Unit Test: {
    { 4080 }
    [
        uchar-16{
            255
            255
            255
            255
            255
            255
            255
            255
            255
            255
            255
            255
            255
            255
            255
            255
        } uchar-16{ 0 0 0 0 0 0 0 0 0 0 0 0 0 0 0 0 }
        [ { uchar-16 uchar-16 } declare vsad ] compile-call
    ]
}
Unit Test: {
    { longlong-2{ 0 -6 } }
    [
        longlong-2{ 4294967296 -2 } longlong-2{ 4294967296 3 }
        [ { longlong-2 longlong-2 } declare v* ] compile-call
    ]
}
Unit Test: {
    { ulonglong-2{ 18446744073709551615 9223372036854775808 } }
    [
        ulonglong-2{ 18446744073709551615 18446744073709551615 }
        ulonglong-2{ 18446744073709551615 1 }
        [ { ulonglong-2 ulonglong-2 } declare vavg ]
        compile-call
    ]
}
Unit Test: {
    { int-4{ 2147483647 2147483647 2147483647 2147483647 } }
    [
        short-8{
            -32768
            -32768
            -32768
            -32768
            -32768
            -32768
            -32768
            -32768
        } dup [ { short-8 short-8 } declare v*hs+ ] compile-call
    ]
}
Unit Test: {
    { int-4{ 32 0 1 1 } }
    [
        int-4{ -1 0 1 -2147483648 }
        [ { int-4 } declare vbit-count ] compile-call
    ]
}
Unit Test: {
    { int-4{ 0 32 31 0 } }
    [
        int-4{ -1 0 1 -2147483648 } [ { int-4 } declare vclz ]
        compile-call
    ]
}
Unit Test: {
    { int-4{ 0 32 0 31 } }
    [
        int-4{ -1 0 1 -2147483648 } [ { int-4 } declare vctz ]
        compile-call
    ]
}
Unit Test: {
    { int-4{ -1 0 -2147483648 1 } }
    [
        int-4{ -1 0 1 -2147483648 }
        [ { int-4 } declare vbit-reverse ] compile-call
    ]
}
Unit Test: {
    { longlong-2{ 64 63 } }
    [
        longlong-2{ 0 1 } [ { longlong-2 } declare vclz ]
        compile-call
    ]
}
Unit Test: {
    { uint-4{ 2 1 0 0 } }
    [
        uint-4{ 1 2 3 4 } int-4{ 1 -1 256 -256 }
        [ { uint-4 int-4 } declare vshift ] compile-call
    ]
}
Unit Test: {
    { longlong-2{ -1 0 } }
    [
        longlong-2{ -1 1 } longlong-2{ -256 256 }
        [ { longlong-2 longlong-2 } declare vshift ]
        compile-call
    ]
}
Unit Test: {
    { uint-4{ 4294967295 4294967295 0 3 } }
    [
        int-4{ -2147483648 2147483647 1 -2 }
        int-4{ 2147483647 -2147483648 1 1 }
        [ { int-4 int-4 } declare vabsdiff ] compile-call
    ]
}
Unit Test: {
    { longlong-2{ 4294967296 -6 } longlong-2{ 20 -42 } }
    [
        int-4{ 65536 -2 4 -6 } int-4{ 65536 3 5 7 }
        [ { int-4 int-4 } declare vmul-wide ] compile-call
    ]
}
Unit Test: {
    {
        float-4{ -2.0 -1.0 1.0 2.0 }
        float-4{ -2.0 -0.0 0.0 2.0 }
    }
    [
        float-4{ -1.5 -0.5 0.5 1.5 }
        [ { float-4 } declare dup vround swap vround-to-even ]
        compile-call
    ]
}
Unit Test: {
    { float-4{ -3.0 -1.0 0.0 2.0 } }
    [
        float-4{ -2.5 -0.5 0.5 2.5 }
        [ { float-4 } declare vfloor ] compile-call
    ]
}
Unit Test: {
    { float-4{ 5.0 10.0 17.0 26.0 } }
    [
        float-4{ 1.0 2.0 3.0 4.0 } float-4{ 2.0 3.0 4.0 5.0 }
        float-4{ 3.0 4.0 5.0 6.0 }
        [ { float-4 float-4 float-4 } declare vfma ]
        compile-call
    ]
}
Unit Test: {
    { int-4{ -2147483648 512 2147483392 -512 } }
    [
        float-4{
            2147483648.0
            4294967808.0
            -2147483904.0
            -4294967808.0
        } [ { float-4 } declare float-4 int-4 vconvert ]
        compile-call
    ]
}
Unit Test: {
    { int-4{ 2147483520 -2147483648 -1 1 } }
    [
        float-4{ 2147483520.0 -2147483648.0 -1.75 1.75 }
        [ { float-4 } declare float-4 int-4 vconvert ]
        compile-call
    ]
}
Unit Test: {
    { longlong-2{ -9223372036854775808 4096 } }
    [
        double-2{ 9.223372036854776e+18 1.8446744073709556e+19 }
        [ { double-2 } declare double-2 longlong-2 vconvert ]
        compile-call
    ]
}
Unit Test: {
    { longlong-2{ 9223372036854773760 -4096 } }
    [
        double-2{
            -9.223372036854778e+18
            -1.8446744073709556e+19
        } [ { double-2 } declare double-2 longlong-2 vconvert ]
        compile-call
    ]
}
Unit Test: {
    { B{ 32 121 226 60 } }
    [
        [ V0 X1 X2 4 0 float-4-rep f %load-memory ] B{ } make
        4 tail-slice >byte-array
    ]
}
Unit Test: {
    { B{ 32 121 162 60 } }
    [
        [ V0 X1 X2 4 0 float-4-rep f %store-memory ] B{ } make
        4 tail-slice >byte-array
    ]
}
Unit Test: { { 3070230544 } [ [ X23 5 insns ADR ] { } make be> ] }
Unit Test: { { 1092157585 } [ [ X1 X10 6 ADD ] { } make be> ] }
Unit Test: { { 4286775505 } [ [ SP SP 32 SUB ] { } make be> ] }
Unit Test: { { 1058865393 } [ [ X9 7 CMP ] { } make be> ] }
Unit Test: { { 1810726034 } [ [ X11 X11 -16 AND ] { } make be> ] }
Unit Test: { { 1257077970 } [ [ X10 X10 -16 EOR ] { } make be> ] }
Unit Test: { { 3473752306 } [ [ X15 X14 15 ANDS ] { } make be> ] }
Unit Test: { { 1594704114 } [ [ X10 15 TST ] { } make be> ] }
Unit Test: { { 687898834 } [ [ X9 1 MOV ] { } make be> ] }
Unit Test: { { 16532627 } [ [ X0 X0 4 ASR ] { } make be> ] }
Unit Test: { { 1123828947 } [ [ X2 X2 4 LSR ] { } make be> ] }
Unit Test: { { 3471670483 } [ [ X14 X14 4 LSL ] { } make be> ] }
Unit Test: { { 3473767635 } [ [ X15 X14 4 4 UBFIZ ] { } make be> ] }
Unit Test: { { 1610612820 } [ [ 3 insns BEQ ] { } make be> ] }
Unit Test: { { 2701131860 } [ [ 5 insns BNE ] { } make be> ] }
Unit Test: { { 1174405204 } [ [ 2 insns BVS ] { } make be> ] }
Unit Test: { { 1191182420 } [ [ 2 insns BVC ] { } make be> ] }
Unit Test: { { 1061428181 } [ [ FPSR XZR MSR ] { } make be> ] }
Unit Test: { { 4332501 } [ [ NZCV X0 MSR ] { } make be> ] }
Unit Test: { { 4340693 } [ [ X0 NZCV MRS ] { } make be> ] }
Unit Test: { { 8150 } [ [ X0 BR ] { } make be> ] }
Unit Test: { { 537083862 } [ [ X25 BLR ] { } make be> ] }
Unit Test: { { 3221446614 } [ [ RET ] { } make be> ] }
Unit Test: { { 50331668 } [ [ 3 insns B ] { } make be> ] }
Unit Test: { { 148 } [ [ 0 BL ] { } make be> ] }
Unit Test: { { 1090529334 } [ [ X1 5 2 insns TBZ ] { } make be> ] }
Unit Test: { { 1224736856 } [ [ X9 2 insns LDR ] { } make be> ] }
Unit Test: { { 2693201833 } [ [ X0 X1 X21 -8 [pre] LDP ] { } make be> ] }
Unit Test: { { 2880077737 } [ [ X11 X10 X21 -8 [+] LDP ] { } make be> ] }
Unit Test: { { 4252746152 } [ [ FP LR SP 16 [post] LDP ] { } make be> ] }
Unit Test: { { 4247240617 } [ [ FP X9 SP -16 [pre] STP ] { } make be> ] }
Unit Test: { { 2863546281 } [ [ X10 X11 X21 -8 [+] STP ] { } make be> ] }
Unit Test: { { 1627914537 } [ [ W1 W2 X3 8 [+] STP ] { } make be> ] }
Unit Test: { { 3298065961 } [ [ W4 W5 X6 -12 [+] LDP ] { } make be> ] }
Unit Test: { { 2855157545 } [ [ W10 W11 X21 -8 [+] STP ] { } make be> ] }
Unit Test: { { 2684813097 } [ [ W0 W1 X21 -8 [pre] LDP ] { } make be> ] }
Unit Test: { { 1082392621 } [ [ S0 S1 X2 4 [+] STP ] { } make be> ] }
Unit Test: { { 1082392685 } [ [ D0 D1 X2 8 [+] STP ] { } make be> ] }
Unit Test: { { 1082392749 } [ [ Q0 Q1 X2 16 [+] STP ] { } make be> ] }
Unit Test: { { 2190278445 } [ [ S2 S3 X4 -4 [pre] LDP ] { } make be> ] }
Unit Test: { { 2190262380 } [ [ D2 D3 X4 8 [post] LDP ] { } make be> ] }
Unit Test: { { 2190245805 } [ [ Q2 Q3 X4 -16 [+] LDP ] { } make be> ] }
Must Fail: { [ [ SP X0 X1 [] STP ] { } make ] }
Must Fail: { [ [ X0 D1 X2 [] STP ] { } make ] }
Unit Test: { { 2919383288 } [ [ X14 X21 [] LDUR ] { } make be> ] }
Unit Test: { { 1247100985 } [ [ X10 X10 21 [+] LDRB ] { } make be> ] }
Unit Test: { { 2147893497 } [ [ X0 X20 8 [+] LDR ] { } make be> ] }
Unit Test: { { 2693160952 } [ [ X0 X21 -8 [post] LDR ] { } make be> ] }
Unit Test: { { 4094099705 } [ [ X20 SP 8 [+] STR ] { } make be> ] }
Unit Test: { { 2861433080 } [ [ X10 X21 8 [pre] STR ] { } make be> ] }
Unit Test: { { 2298691833 } [ [ X9 X28 [] LDR ] { } make be> ] }
Unit Test: { { 544825848 } [ [ X0 X9 X1 3 <LSL*> [+] LDR ] { } make be> ] }
Unit Test: { { 2936144121 } [ [ X15 X21 [] STR ] { } make be> ] }
Unit Test: { { 1846397594 } [ [ X14 X11 X10 SDIV ] { } make be> ] }
Unit Test: { { 1847708314 } [ [ X14 X11 X10 LSL ] { } make be> ] }
Unit Test: { { 1865009818 } [ [ X15 X11 X10 ASR ] { } make be> ] }
Unit Test: { { 1778453130 } [ [ X10 X11 X10 AND ] { } make be> ] }
Unit Test: { { 1241582506 } [ [ X10 X10 X11 ORR ] { } make be> ] }
Unit Test: { { 1778453194 } [ [ X10 X11 X10 EOR ] { } make be> ] }
Unit Test: { { 4093837482 } [ [ X20 X0 MOV ] { } make be> ] }
Unit Test: { { 3456174475 } [ [ X14 X14 X9 ADD ] { } make be> ] }
Unit Test: { { 1242663819 } [ [ X10 X10 X11 4 <ASR> ADD ] { } make be> ] }
Unit Test: { { 167772587 } [ [ X10 X0 X1 ADDS ] { } make be> ] }
Unit Test: { { 715 } [ [ X0 X0 X2 SUB ] { } make be> ] }
Unit Test: { { 3590752971 } [ [ X22 X22 X10 1 <ASR> SUB ] { } make be> ] }
Unit Test: { { 167772651 } [ [ X10 X0 X1 SUBS ] { } make be> ] }
Unit Test: { { 1593903595 } [ [ X10 X9 CMP ] { } make be> ] }
Unit Test: { { 1073580779 } [ [ X9 X10 63 <ASR> CMP ] { } make be> ] }
Unit Test: { { 3926067947 } [ [ X10 X10 NEGS ] { } make be> ] }
Unit Test: { { 3393294234 } [ [ X10 X14 X15 MI CSEL ] { } make be> ] }
Unit Test: { { 1336741531 } [ [ X15 X10 X14 ds-1 MSUB ] { } make be> ] }
Unit Test: { { 175899035 } [ [ X10 X0 X1 MUL ] { } make be> ] }
Unit Test: { { 159138203 } [ [ X9 X0 X1 SMULH ] { } make be> ] }
Unit Test: { { 3338888862 } [ [ X7 D30 FMOV ] { } make be> ] }
Unit Test: { { 2650826654 } [ [ D30 X4 FMOV ] { } make be> ] }
Unit Test: { { 2738905118 } [ [ D3 D5 FMOV ] { } make be> ] }
Unit Test: { { 33585310 } [ [ X2 D0 FCVTZSsi ] { } make be> ] }
Unit Test: { { 1627415198 } [ [ D1 X3 SCVTFsi ] { } make be> ] }
Unit Test: { { 566255902 } [ [ D1 D1 FSQRTs ] { } make be> ] }
Unit Test: { { 29368862 } [ [ D1 S0 FCVT ] { } make be> ] }
Unit Test: { { 1161847326 } [ [ S5 D2 FCVT ] { } make be> ] }
Unit Test: { { 2122014 } [ [ D0 D1 FCMP ] { } make be> ] }
Unit Test: { { 1881169950 } [ [ D3 D0 FCMPE ] { } make be> ] }
Unit Test: { { 1678271774 } [ [ D4 D3 D5 FMULs ] { } make be> ] }
Unit Test: { { 555245598 } [ [ D1 D1 D0 FDIVs ] { } make be> ] }
Unit Test: { { 1119396174 } [ [ V2 V2 4S FCVTZSvi ] { } make be> ] }
Unit Test: { { 553655886 } [ [ V1 V1 V30 TBL ] { } make be> ] }
Unit Test: { { 589857358 } [ [ V3 V1 V2 4S TRN1 ] { } make be> ] }
Unit Test: { { 3272278894 } [ [ V3 V30 V3 1 16B EXT ] { } make be> ] }
Unit Test: { { 621156462 } [ [ V5 1 D[] V17 0 D[] INS ] { } make be> ] }
Unit Test: { { 2149325902 } [ [ V0 3 S[] X4 INS ] { } make be> ] }
Unit Test: { { 1057817678 } [ [ V31 X9 4S DUP ] { } make be> ] }
Unit Test: { { 3730513998 } [ [ V30 V30 16B CNTv ] { } make be> ] }
Unit Test: { { 514334798 } [ [ V30 V0 16B CMLT ] { } make be> ] }
Unit Test: { { 3745194286 } [ [ V31 V30 16B SHLL ] { } make be> ] }
Unit Test: { { 4290457934 } [ [ V31 V31 16B ADDV ] { } make be> ] }
Unit Test: { { 1356128334 } [ [ V16 V2 V0 2D FSUBv ] { } make be> ] }
Unit Test: { { 2698274158 } [ [ V0 V5 V5 2D FADDP ] { } make be> ] }
Unit Test: { { 2770085230 } [ [ V5 V5 V5 16B EORv ] { } make be> ] }
Unit Test: { { 2220110415 } [ [ V4 V4 18 4S SHL ] { } make be> ] }
Unit Test: { { 1107572079 } [ [ V2 V2 11 4S USHR ] { } make be> ] }
Unit Test: { { 77858863 } [ [ V4 V0 16B UXTL ] { } make be> ] }
Unit Test: { { 536920121 } [ [ W0 X1 [] LDRSB ] { } make be> ] }
Unit Test: { { 536903737 } [ [ X0 X1 [] LDRSB ] { } make be> ] }
Unit Test: { { 536920185 } [ [ W0 X1 [] LDRSH ] { } make be> ] }
Unit Test: { { 536903801 } [ [ X0 X1 [] LDRSH ] { } make be> ] }
Unit Test: { { 543744568 } [ [ W0 X1 X2 [+] LDRSB ] { } make be> ] }
Unit Test: {
    { 544793208 }
    [ [ W0 X1 X2 1 <LSL*> [+] LDRSH ] { } make be> ]
}
Unit Test: { { 541598347 } [ [ X0 X1 W2 2 <UXTW> ADD ] { } make be> ] }
Unit Test: { { 547365579 } [ [ X0 X1 W2 0 <SXTH> SUB ] { } make be> ] }
Unit Test: { { 543695499 } [ [ X0 X1 X2 2 <UXTX> ADD ] { } make be> ] }
Unit Test: { { 541598219 } [ [ W0 W1 W2 2 <UXTW> ADD ] { } make be> ] }
Must Fail: { [ [ W0 W1 X2 2 <UXTX> ADD ] { } make ] }
Unit Test: { { 545530382 } [ [ V0 V1 V2 8B ADDv ] { } make be> ] }
Unit Test: { { 545546766 } [ [ V0 V1 V2 4H ADDv ] { } make be> ] }
Unit Test: { { 545563150 } [ [ V0 V1 V2 2S ADDv ] { } make be> ] }
Unit Test: { { 550773262 } [ [ V0 V1 V2 2S FADDv ] { } make be> ] }
Unit Test: { { 542646286 } [ [ V0 V1 8B CNTv ] { } make be> ] }
Unit Test: { { 548937774 } [ [ V0 V1 8B NEGv ] { } make be> ] }
Unit Test: { { 547905550 } [ [ V0 V1 4H CMLT ] { } make be> ] }
Unit Test: { { 551035150 } [ [ V0 V1 2S SCVTFvi ] { } make be> ] }
Unit Test: { { 553164814 } [ [ V0 V1 2S FABSv ] { } make be> ] }
Unit Test: { { 548958478 } [ [ V0 V1 4H ADDV ] { } make be> ] }
Unit Test: { { 539525646 } [ [ V0 V1 V2 2S TRN1 ] { } make be> ] }
Unit Test: { { 540541454 } [ [ V0 V1 V2 8B ZIP1 ] { } make be> ] }
Must Fail: { [ [ W0 131071 0 MOVZ ] { } make ] }
Unit Test: { { 544997459 } [ [ W0 W1 0 LSL ] { } make be> ] }
Unit Test: { { 553402579 } [ [ X0 X1 0 LSL ] { } make be> ] }
Unit Test: { { 544743251 } [ [ W0 W1 1 LSL ] { } make be> ] }
Unit Test: { { 536871251 } [ [ W0 W1 31 LSL ] { } make be> ] }
Unit Test: { { 550249038 } [ [ V0 V1 V2 4S FMLAv ] { } make be> ] }
Unit Test: { { 545792334 } [ [ V0 V1 4S FRINTNv ] { } make be> ] }
Unit Test: { { 546840910 } [ [ V0 V1 4S FRINTMv ] { } make be> ] }
Unit Test: { { 545825102 } [ [ V0 V1 4S FRINTPv ] { } make be> ] }
Unit Test: { { 546873678 } [ [ V0 V1 4S FRINTZv ] { } make be> ] }
Unit Test: { { 545792366 } [ [ V0 V1 4S FRINTAv ] { } make be> ] }
Unit Test: { { 540553326 } [ [ V0 V1 16B UADDLV ] { } make be> ] }
Unit Test: { { 539500654 } [ [ V0 V1 16B UADDLP ] { } make be> ] }
Unit Test: { { 541630574 } [ [ V0 V1 4S CLZv ] { } make be> ] }
Unit Test: { { 542662766 } [ [ V0 V1 RBITv ] { } make be> ] }
Unit Test: { { 537403470 } [ [ V0 V1 16B REV64v ] { } make be> ] }
Unit Test: { { 537403502 } [ [ V0 V1 16B REV32v ] { } make be> ] }
Unit Test: { { 538452046 } [ [ V0 V1 16B REV16v ] { } make be> ] }
Unit Test: { { 548970862 } [ [ V0 V1 4S FCVTZUvi ] { } make be> ] }
Unit Test: { { 538731118 } [ [ V0 V1 V2 16B BSLv ] { } make be> ] }
Unit Test: { { 546603598 } [ [ V0 V1 V2 SDOT ] { } make be> ] }
Unit Test: { { 546603630 } [ [ V0 V1 V2 UDOT ] { } make be> ] }
Unit Test: { { 547127886 } [ [ V0 V1 V2 USDOT ] { } make be> ] }
Unit Test: { { 547652174 } [ [ V0 V1 V2 SMMLA ] { } make be> ] }
Unit Test: { { 547652206 } [ [ V0 V1 V2 UMMLA ] { } make be> ] }
Unit Test: { { 548176462 } [ [ V0 V1 V2 USMMLA ] { } make be> ] }
Unit Test: { { 553402990 } [ [ V0 V1 V2 BFDOT ] { } make be> ] }
Unit Test: { { 552354414 } [ [ V0 V1 V2 BFMMLA ] { } make be> ] }
Unit Test: { { 538198606 } [ [ V0 V1 V2 FADDHv ] { } make be> ] }
Unit Test: { { 538231374 } [ [ V0 V1 V2 FSUBHv ] { } make be> ] }
Unit Test: { { 538722926 } [ [ V0 V1 V2 FMULHv ] { } make be> ] }
Unit Test: { { 540820078 } [ [ V0 V1 V2 FDIVHv ] { } make be> ] }
Unit Test: { { 537674318 } [ [ V0 V1 V2 FMLAHv ] { } make be> ] }
Unit Test: { { 537182798 } [ [ V0 V1 V2 FMINNMHv ] { } make be> ] }
Unit Test: { { 537150030 } [ [ V0 V1 V2 FMAXNMHv ] { } make be> ] }
Unit Test: { { 539247182 } [ [ V0 V1 V2 FCMEQHv ] { } make be> ] }
Unit Test: { { 539279982 } [ [ V0 V1 V2 FCMGTHv ] { } make be> ] }
Unit Test: { { 539247214 } [ [ V0 V1 V2 FCMGEHv ] { } make be> ] }
Unit Test: { { 553187694 } [ [ V0 V1 FSQRTHv ] { } make be> ] }
Unit Test: { { 544743694 } [ [ V0 V1 FCVTLH ] { } make be> ] }
Unit Test: { { 544743758 } [ [ V0 V1 FCVTLH2 ] { } make be> ] }
Unit Test: { { 543695118 } [ [ V0 V1 FCVTNH ] { } make be> ] }
Unit Test: { { 543695182 } [ [ V0 V1 FCVTNH2 ] { } make be> ] }
Unit Test: { { 543727886 } [ [ V0 V1 BFCVTN ] { } make be> ] }
Unit Test: { { 543727950 } [ [ V0 V1 BFCVTN2 ] { } make be> ] }
Unit Test: { { 544760078 } [ [ V0 V1 4S FCVTL ] { } make be> ] }
Unit Test: { { 544760142 } [ [ V0 V1 4S FCVTL2 ] { } make be> ] }
Unit Test: { { 1064984846 } [ [ V31 V17 2S FCVTL ] { } make be> ] }
Unit Test: { { 1064984910 } [ [ V31 V17 4S FCVTL2 ] { } make be> ] }
Unit Test: { { 544743694 } [ [ V0 V1 4H FCVTL ] { } make be> ] }
Unit Test: { { 544743758 } [ [ V0 V1 8H FCVTL2 ] { } make be> ] }
Unit Test: { { 544793148 } [ [ Q0 X1 X2 4 <LSL*> [+] LDR ] { } make be> ] }
Unit Test: { { 544776764 } [ [ Q0 X1 X2 4 <LSL*> [+] STR ] { } make be> ] }
Unit Test: { { 542695996 } [ [ Q0 X1 W2 4 <UXTW> [+] LDR ] { } make be> ] }
Unit Test: { { 551068220 } [ [ Q0 X1 W2 4 <SXTW> [+] STR ] { } make be> ] }
Unit Test: { { 543744572 } [ [ Q0 X1 X2 [+] LDR ] { } make be> ] }
Unit Test: {
    { 1065074236 }
    [ [ Q31 X25 X30 4 <LSL*> [+] STR ] { } make be> ]
}
Must Fail: { [ [ Q0 X1 X2 3 <LSL*> [+] LDR ] { } make ] }
Must Fail: { [ [ D0 X1 X2 4 <LSL*> [+] LDR ] { } make ] }
Unit Test: { { 536871450 } [ [ W0 W1 W2 ADC ] { } make be> ] }
Unit Test: { { 536871482 } [ [ W0 W1 W2 ADCS ] { } make be> ] }
Unit Test: { { 536871514 } [ [ W0 W1 W2 SBC ] { } make be> ] }
Unit Test: { { 536871546 } [ [ W0 W1 W2 SBCS ] { } make be> ] }
Unit Test: { { 3758293338 } [ [ W0 W1 NGC ] { } make be> ] }
Unit Test: { { 3758293370 } [ [ W0 W1 NGCS ] { } make be> ] }
Unit Test: { { 537182298 } [ [ W0 W1 REV16 ] { } make be> ] }
Unit Test: { { 537444442 } [ [ W0 W1 REV ] { } make be> ] }
Unit Test: { { 553386523 } [ [ W0 W1 W2 MNEG ] { } make be> ] }
Unit Test: { { 539804186 } [ [ W0 W1 W2 ROR ] { } make be> ] }
Unit Test: { { 536903955 } [ [ W0 W1 0 ROR ] { } make be> ] }
Unit Test: { { 536904211 } [ [ W0 W1 W2 0 EXTR ] { } make be> ] }
Unit Test: { { 544997427 } [ [ W0 W1 0 32 BFXIL ] { } make be> ] }
Unit Test: { { 544997427 } [ [ W0 W1 0 32 BFI ] { } make be> ] }
Unit Test: { { 536887866 } [ [ W1 W2 0 EQ CCMN ] { } make be> ] }
Unit Test: { { 537411642 } [ [ W1 0 0 EQ CCMN ] { } make be> ] }
Unit Test: { { 536887930 } [ [ W1 W2 0 EQ CCMP ] { } make be> ] }
Unit Test: { { 537411706 } [ [ W1 0 0 EQ CCMP ] { } make be> ] }
Unit Test: { { 536871578 } [ [ X0 X1 X2 ADC ] { } make be> ] }
Unit Test: { { 536871610 } [ [ X0 X1 X2 ADCS ] { } make be> ] }
Unit Test: { { 536871642 } [ [ X0 X1 X2 SBC ] { } make be> ] }
Unit Test: { { 536871674 } [ [ X0 X1 X2 SBCS ] { } make be> ] }
Unit Test: { { 3758293466 } [ [ X0 X1 NGC ] { } make be> ] }
Unit Test: { { 3758293498 } [ [ X0 X1 NGCS ] { } make be> ] }
Unit Test: { { 537182426 } [ [ X0 X1 REV16 ] { } make be> ] }
Unit Test: { { 537706714 } [ [ X0 X1 REV ] { } make be> ] }
Unit Test: { { 537444570 } [ [ X0 X1 REV32 ] { } make be> ] }
Unit Test: { { 553386651 } [ [ X0 X1 X2 MNEG ] { } make be> ] }
Unit Test: { { 539804314 } [ [ X0 X1 X2 ROR ] { } make be> ] }
Unit Test: { { 536920467 } [ [ X0 X1 0 ROR ] { } make be> ] }
Unit Test: { { 536920723 } [ [ X0 X1 X2 0 EXTR ] { } make be> ] }
Unit Test: { { 553402547 } [ [ X0 X1 0 64 BFXIL ] { } make be> ] }
Unit Test: { { 553402547 } [ [ X0 X1 0 64 BFI ] { } make be> ] }
Unit Test: { { 536887994 } [ [ X1 X2 0 EQ CCMN ] { } make be> ] }
Unit Test: { { 537411770 } [ [ X1 0 0 EQ CCMN ] { } make be> ] }
Unit Test: { { 536888058 } [ [ X1 X2 0 EQ CCMP ] { } make be> ] }
Unit Test: { { 537411834 } [ [ X1 0 0 EQ CCMP ] { } make be> ] }
Unit Test: { { 537666203 } [ [ X0 W1 W2 X3 SMADDL ] { } make be> ] }
Unit Test: { { 546054811 } [ [ X0 W1 W2 X3 SMSUBL ] { } make be> ] }
Unit Test: { { 537698971 } [ [ X0 W1 W2 X3 UMADDL ] { } make be> ] }
Unit Test: { { 546087579 } [ [ X0 W1 W2 X3 UMSUBL ] { } make be> ] }
Unit Test: { { 545006235 } [ [ X0 W1 W2 SMULLs ] { } make be> ] }
Unit Test: { { 553394843 } [ [ X0 W1 W2 SMNEGL ] { } make be> ] }
Unit Test: { { 545039003 } [ [ X0 W1 W2 UMULLs ] { } make be> ] }
Unit Test: { { 553427611 } [ [ X0 W1 W2 UMNEGL ] { } make be> ] }
Unit Test: { { 1040325914 } [ [ W30 W17 W29 ADC ] { } make be> ] }
Unit Test: { { 4278394874 } [ [ XZR XZR XZR SBCS ] { } make be> ] }
Unit Test: { { 545030675 } [ [ W0 W1 W2 31 EXTR ] { } make be> ] }
Unit Test: { { 553435795 } [ [ X0 X1 X2 63 EXTR ] { } make be> ] }
Unit Test: { { 545030419 } [ [ W0 W1 31 ROR ] { } make be> ] }
Unit Test: { { 553435539 } [ [ X0 X1 63 ROR ] { } make be> ] }
Unit Test: { { 553156531 } [ [ X0 X1 1 63 BFI ] { } make be> ] }
Unit Test: { { 545005363 } [ [ W0 W1 31 1 BFXIL ] { } make be> ] }
Unit Test: { { 801267194 } [ [ X17 X29 15 GT CCMP ] { } make be> ] }
Unit Test: { { 622485306 } [ [ W17 31 5 NE CCMN ] { } make be> ] }
Unit Test: { { 1043217819 } [ [ X30 W17 W29 X11 SMADDL ] { } make be> ] }
Unit Test: { { 4294950811 } [ [ XZR WZR WZR XZR UMSUBL ] { } make be> ] }
Unit Test: { { 4292027115 } [ [ XZR SP W2 4 <SXTW> SUBS ] { } make be> ] }
Unit Test: { { 4292027115 } [ [ SP W2 4 <SXTW> CMP ] { } make be> ] }
Unit Test: { { 4283638315 } [ [ WZR WSP W2 4 <UXTW> ADDS ] { } make be> ] }
Unit Test: { { 4283638315 } [ [ WSP W2 4 <UXTW> CMN ] { } make be> ] }
Unit Test: { { 4285735563 } [ [ SP SP X2 4 <UXTX> ADD ] { } make be> ] }
Unit Test: { { 536870930 } [ [ W0 W1 1 AND ] { } make be> ] }
Unit Test: { { 543955986 } [ [ W0 W1 -16 AND ] { } make be> ] }
Unit Test: {
    { 547096722 }
    [ [ X0 X1 18374966859414961920 AND ] { } make be> ]
}
Must Fail: { [ [ W0 W1 X2 ADC ] { } make ] }
Must Fail: { [ [ SP X1 X2 SBC ] { } make ] }
Must Fail: { [ [ W0 W1 REV32 ] { } make ] }
Must Fail: { [ [ X0 SP REV ] { } make ] }
Must Fail: { [ [ W0 W1 W2 32 EXTR ] { } make ] }
Must Fail: { [ [ X0 X1 X2 64 EXTR ] { } make ] }
Must Fail: { [ [ X0 X1 X2 -1 EXTR ] { } make ] }
Must Fail: { [ [ X0 X1 W2 0 EXTR ] { } make ] }
Must Fail: { [ [ W0 W1 32 ROR ] { } make ] }
Must Fail: { [ [ W0 W1 32 0 SBFM ] { } make ] }
Must Fail: { [ [ X0 X1 0 64 UBFM ] { } make ] }
Must Fail: { [ [ X0 X1 -1 0 BFM ] { } make ] }
Must Fail: { [ [ X0 X1 1 0 SBFX ] { } make ] }
Must Fail: { [ [ X0 X1 1 0 UBFX ] { } make ] }
Must Fail: { [ [ X0 X1 1 0 BFXIL ] { } make ] }
Must Fail: { [ [ X0 X1 63 2 BFI ] { } make ] }
Must Fail: { [ [ X0 X1 1 0 BFI ] { } make ] }
Must Fail: { [ [ X0 X1 X2 1 <ROR> ADD ] { } make ] }
Must Fail: { [ [ X0 X1 X2 1 <ROR> SUBS ] { } make ] }
Must Fail: { [ [ XZR X1 W2 0 <UXTW> ADD ] { } make ] }
Must Fail: { [ [ SP X1 W2 0 <UXTW> ADDS ] { } make ] }
Must Fail: { [ [ X0 X1 16 EQ CCMP ] { } make ] }
Must Fail: { [ [ X0 X1 0 16 CCMN ] { } make ] }
Must Fail: { [ [ X0 32 0 EQ CCMP ] { } make ] }
Must Fail: { [ [ X0 -1 0 EQ CCMN ] { } make ] }
Must Fail: { [ [ X0 W1 0 EQ CCMP ] { } make ] }
Must Fail: { [ [ SP X1 0 EQ CCMN ] { } make ] }
Must Fail: { [ [ X0 X1 X2 16 CSEL ] { } make ] }
Must Fail: { [ [ X0 X1 W2 X3 SMADDL ] { } make ] }
Must Fail: { [ [ W0 W1 W2 X3 SMSUBL ] { } make ] }
Must Fail: { [ [ X0 W1 W2 W3 UMADDL ] { } make ] }
Must Fail: { [ [ X0 WSP W2 X3 UMSUBL ] { } make ] }
Must Fail: { [ [ 0 16 B.cond ] { } make ] }
Must Fail: { [ [ W0 32 0 TBZ ] { } make ] }
Must Fail: { [ [ X0 64 0 TBNZ ] { } make ] }
Must Fail: { [ [ X0 -1 0 TBZ ] { } make ] }
Must Fail: { [ [ X0 X1 X2 5 <LSL*> ADD ] { } make ] }
Must Fail: { [ [ X0 X1 X2 -1 <LSL*> SUB ] { } make ] }
Unit Test: { { t } [ arm64-features optional-arm64-features subset? ] }
Unit Test: {
    { { } }
    [
        optional-arm64-features disabled-arm64-features
        [ arm64-features ] with-variable
    ]
}
Unit Test: {
    { { } }
    [
        t "disable-neon-extensions"
        [ arm64-features ] with-variable
    ]
}
Unit Test: { { f } [ "not-a-cpu-feature" arm64-feature? ] }
Unit Test: { { t } [ { } arm64-features-supported? ] }
Testing math.vectors.simd
Unit Test: {
    { V{ float } }
    [ [ { float-4 } declare norm-sq ] final-classes ]
}
Unit Test: {
    { V{ float } }
    [ [ { float-4 } declare norm ] final-classes ]
}
Unit Test: {
    { V{ float-4 } }
    [ [ { float-4 } declare normalize ] final-classes ]
}
Unit Test: {
    { V{ float-4 } }
    [ [ { float-4 float-4 } declare v+ ] final-classes ]
}
Unit Test: {
    { V{ float } }
    [ [ { float-4 } declare second ] final-classes ]
}
Unit Test: {
    { V{ int-4 } }
    [ [ { int-4 int-4 } declare v+ ] final-classes ]
}
Unit Test: {
    { t }
    [
        [ { int-4 } declare second ] final-classes first integer
        class<=
    ]
}
Unit Test: {
    { V{ longlong-2 } }
    [ [ { longlong-2 longlong-2 } declare v+ ] final-classes ]
}
Unit Test: {
    { V{ integer } }
    [ [ { longlong-2 } declare second ] final-classes ]
}
Unit Test: {
    { { 1 } [ 1 + ] 2 2 2 f }
    [
        [
            1 fuzz-test-trials
            [ [ { 1 } ] [ 1 + ] [ 2drop f ] fuzz-optimizer ]
            with-variable
        ] fake-unit-test first error>> failures>> first first {
            [ inputs>> ]
            [ code>> ]
            [ unoptimized-result>> ]
            [ optimized-result>> ]
            [ nonintrinsic-result>> ]
            [ error>> ]
        } cleave
    ]
}
Fuzz Test: {
    [
        [ { 1 } ]
        [ 1 + ]
        2
        load-locals
        -1
        get-local
        ( -- inputs )
        call-effect
        simd-fuzz-case
        new
        swap
        >>inputs
        0
        get-local
        >>code
        2
        drop-locals
    ]
    [
        [ [ { fixnum } declare 1 + ] input<sequence ]
        \ ( gensym )
        \ ( gensym )
        [ 2drop f ]
        check-simd-fuzz-case
    ]
}
--> test failed!
Unit Test: {
    { { 1 } "SIMD fuzz test exception" }
    [
        [
            1 fuzz-test-trials [
                [ { 1 } ]
                [ drop "SIMD fuzz test exception" throw ] [ = ]
                fuzz-optimizer
            ] with-variable
        ] fake-unit-test first error>> failures>> first first
        [ inputs>> ] [ error>> ] bi
    ]
}
Fuzz Test: {
    [
        [ { 1 } ]
        [ drop "SIMD fuzz test exception" throw ]
        2
        load-locals
        -1
        get-local
        ( -- inputs )
        call-effect
        simd-fuzz-case
        new
        swap
        >>inputs
        0
        get-local
        >>code
        2
        drop-locals
    ]
    [
        [
            [
                { fixnum }
                declare
                drop
                "SIMD fuzz test exception"
                throw
            ]
            input<sequence
        ]
        \ ( gensym )
        \ ( gensym )
        [ = ]
        check-simd-fuzz-case
    ]
}
--> test failed!
== Checking -new constructors
Unit Test: {
    { { } }
    [
        simd-classes
        [ [ [ ] ] dip '[ _ new ] ] [ = ] check-optimizer
    ]
}
Unit Test: {
    { { } }
    [
        simd-classes
        [ '[ _ new ] compile-call [ zero? ] all? ] reject
    ]
}
== Checking -with constructors
Fuzz Test: {
    [
        [ 1000 random 1array ]
        [ \ char-16-with execute ]
        2
        load-locals
        -1
        get-local
        ( -- inputs )
        call-effect
        simd-fuzz-case
        new
        swap
        >>inputs
        0
        get-local
        >>code
        2
        drop-locals
    ]
    [
        [
            [ { fixnum } declare \ char-16-with execute ]
            input<sequence
        ]
        \ ( gensym )
        \ ( gensym )
        [ = ]
        check-simd-fuzz-case
    ]
}
Fuzz Test: {
    [
        [ 1000 random 1array ]
        [ \ uchar-16-with execute ]
        2
        load-locals
        -1
        get-local
        ( -- inputs )
        call-effect
        simd-fuzz-case
        new
        swap
        >>inputs
        0
        get-local
        >>code
        2
        drop-locals
    ]
    [
        [
            [ { fixnum } declare \ uchar-16-with execute ]
            input<sequence
        ]
        \ ( gensym )
        \ ( gensym )
        [ = ]
        check-simd-fuzz-case
    ]
}
Fuzz Test: {
    [
        [ 1000 random 1array ]
        [ \ short-8-with execute ]
        2
        load-locals
        -1
        get-local
        ( -- inputs )
        call-effect
        simd-fuzz-case
        new
        swap
        >>inputs
        0
        get-local
        >>code
        2
        drop-locals
    ]
    [
        [
            [ { fixnum } declare \ short-8-with execute ]
            input<sequence
        ]
        \ ( gensym )
        \ ( gensym )
        [ = ]
        check-simd-fuzz-case
    ]
}
Fuzz Test: {
    [
        [ 1000 random 1array ]
        [ \ ushort-8-with execute ]
        2
        load-locals
        -1
        get-local
        ( -- inputs )
        call-effect
        simd-fuzz-case
        new
        swap
        >>inputs
        0
        get-local
        >>code
        2
        drop-locals
    ]
    [
        [
            [ { fixnum } declare \ ushort-8-with execute ]
            input<sequence
        ]
        \ ( gensym )
        \ ( gensym )
        [ = ]
        check-simd-fuzz-case
    ]
}
Fuzz Test: {
    [
        [ 1000 random 1array ]
        [ \ int-4-with execute ]
        2
        load-locals
        -1
        get-local
        ( -- inputs )
        call-effect
        simd-fuzz-case
        new
        swap
        >>inputs
        0
        get-local
        >>code
        2
        drop-locals
    ]
    [
        [
            [ { fixnum } declare \ int-4-with execute ]
            input<sequence
        ]
        \ ( gensym )
        \ ( gensym )
        [ = ]
        check-simd-fuzz-case
    ]
}
Fuzz Test: {
    [
        [ 1000 random 1array ]
        [ \ uint-4-with execute ]
        2
        load-locals
        -1
        get-local
        ( -- inputs )
        call-effect
        simd-fuzz-case
        new
        swap
        >>inputs
        0
        get-local
        >>code
        2
        drop-locals
    ]
    [
        [
            [ { fixnum } declare \ uint-4-with execute ]
            input<sequence
        ]
        \ ( gensym )
        \ ( gensym )
        [ = ]
        check-simd-fuzz-case
    ]
}
Fuzz Test: {
    [
        [ 1000 random 1array ]
        [ \ longlong-2-with execute ]
        2
        load-locals
        -1
        get-local
        ( -- inputs )
        call-effect
        simd-fuzz-case
        new
        swap
        >>inputs
        0
        get-local
        >>code
        2
        drop-locals
    ]
    [
        [
            [ { fixnum } declare \ longlong-2-with execute ]
            input<sequence
        ]
        \ ( gensym )
        \ ( gensym )
        [ = ]
        check-simd-fuzz-case
    ]
}
Fuzz Test: {
    [
        [ 1000 random 1array ]
        [ \ ulonglong-2-with execute ]
        2
        load-locals
        -1
        get-local
        ( -- inputs )
        call-effect
        simd-fuzz-case
        new
        swap
        >>inputs
        0
        get-local
        >>code
        2
        drop-locals
    ]
    [
        [
            [ { fixnum } declare \ ulonglong-2-with execute ]
            input<sequence
        ]
        \ ( gensym )
        \ ( gensym )
        [ = ]
        check-simd-fuzz-case
    ]
}
Fuzz Test: {
    [
        [ 1000 random 1array ]
        [ \ float-4-with execute ]
        2
        load-locals
        -1
        get-local
        ( -- inputs )
        call-effect
        simd-fuzz-case
        new
        swap
        >>inputs
        0
        get-local
        >>code
        2
        drop-locals
    ]
    [
        [
            [ { fixnum } declare \ float-4-with execute ]
            input<sequence
        ]
        \ ( gensym )
        \ ( gensym )
        [ = ]
        check-simd-fuzz-case
    ]
}
Fuzz Test: {
    [
        [ 1000 random 1array ]
        [ \ double-2-with execute ]
        2
        load-locals
        -1
        get-local
        ( -- inputs )
        call-effect
        simd-fuzz-case
        new
        swap
        >>inputs
        0
        get-local
        >>code
        2
        drop-locals
    ]
    [
        [
            [ { fixnum } declare \ double-2-with execute ]
            input<sequence
        ]
        \ ( gensym )
        \ ( gensym )
        [ = ]
        check-simd-fuzz-case
    ]
}
Unit Test: { { 4294967295 } [ 4294967295 uint-4-with first ] }
Unit Test: {
    { 4294967295 }
    [ 4294967295 [ uint-4-with ] compile-call first ]
}
Unit Test: {
    { 4294967295 }
    [ [ 4294967295 uint-4-with ] compile-call first ]
}
== Checking -boa constructors
Fuzz Test: {
    [
        [ 16 [ 1000 random ] replicate ]
        [ \ char-16-boa execute ]
        2
        load-locals
        -1
        get-local
        ( -- inputs )
        call-effect
        simd-fuzz-case
        new
        swap
        >>inputs
        0
        get-local
        >>code
        2
        drop-locals
    ]
    [
        [
            [
                {
                    fixnum
                    fixnum
                    fixnum
                    fixnum
                    fixnum
                    fixnum
                    fixnum
                    fixnum
                    fixnum
                    fixnum
                    fixnum
                    fixnum
                    fixnum
                    fixnum
                    fixnum
                    fixnum
                }
                declare
                \ char-16-boa
                execute
            ]
            input<sequence
        ]
        \ ( gensym )
        \ ( gensym )
        [ = ]
        check-simd-fuzz-case
    ]
}
Fuzz Test: {
    [
        [ 16 [ 1000 random ] replicate ]
        [ \ uchar-16-boa execute ]
        2
        load-locals
        -1
        get-local
        ( -- inputs )
        call-effect
        simd-fuzz-case
        new
        swap
        >>inputs
        0
        get-local
        >>code
        2
        drop-locals
    ]
    [
        [
            [
                {
                    fixnum
                    fixnum
                    fixnum
                    fixnum
                    fixnum
                    fixnum
                    fixnum
                    fixnum
                    fixnum
                    fixnum
                    fixnum
                    fixnum
                    fixnum
                    fixnum
                    fixnum
                    fixnum
                }
                declare
                \ uchar-16-boa
                execute
            ]
            input<sequence
        ]
        \ ( gensym )
        \ ( gensym )
        [ = ]
        check-simd-fuzz-case
    ]
}
Fuzz Test: {
    [
        [ 8 [ 1000 random ] replicate ]
        [ \ short-8-boa execute ]
        2
        load-locals
        -1
        get-local
        ( -- inputs )
        call-effect
        simd-fuzz-case
        new
        swap
        >>inputs
        0
        get-local
        >>code
        2
        drop-locals
    ]
    [
        [
            [
                {
                    fixnum
                    fixnum
                    fixnum
                    fixnum
                    fixnum
                    fixnum
                    fixnum
                    fixnum
                }
                declare
                \ short-8-boa
                execute
            ]
            input<sequence
        ]
        \ ( gensym )
        \ ( gensym )
        [ = ]
        check-simd-fuzz-case
    ]
}
Fuzz Test: {
    [
        [ 8 [ 1000 random ] replicate ]
        [ \ ushort-8-boa execute ]
        2
        load-locals
        -1
        get-local
        ( -- inputs )
        call-effect
        simd-fuzz-case
        new
        swap
        >>inputs
        0
        get-local
        >>code
        2
        drop-locals
    ]
    [
        [
            [
                {
                    fixnum
                    fixnum
                    fixnum
                    fixnum
                    fixnum
                    fixnum
                    fixnum
                    fixnum
                }
                declare
                \ ushort-8-boa
                execute
            ]
            input<sequence
        ]
        \ ( gensym )
        \ ( gensym )
        [ = ]
        check-simd-fuzz-case
    ]
}
Fuzz Test: {
    [
        [ 4 [ 1000 random ] replicate ]
        [ \ int-4-boa execute ]
        2
        load-locals
        -1
        get-local
        ( -- inputs )
        call-effect
        simd-fuzz-case
        new
        swap
        >>inputs
        0
        get-local
        >>code
        2
        drop-locals
    ]
    [
        [
            [
                { fixnum fixnum fixnum fixnum }
                declare
                \ int-4-boa
                execute
            ]
            input<sequence
        ]
        \ ( gensym )
        \ ( gensym )
        [ = ]
        check-simd-fuzz-case
    ]
}
Fuzz Test: {
    [
        [ 4 [ 1000 random ] replicate ]
        [ \ uint-4-boa execute ]
        2
        load-locals
        -1
        get-local
        ( -- inputs )
        call-effect
        simd-fuzz-case
        new
        swap
        >>inputs
        0
        get-local
        >>code
        2
        drop-locals
    ]
    [
        [
            [
                { fixnum fixnum fixnum fixnum }
                declare
                \ uint-4-boa
                execute
            ]
            input<sequence
        ]
        \ ( gensym )
        \ ( gensym )
        [ = ]
        check-simd-fuzz-case
    ]
}
Fuzz Test: {
    [
        [ 2 [ 1000 random ] replicate ]
        [ \ longlong-2-boa execute ]
        2
        load-locals
        -1
        get-local
        ( -- inputs )
        call-effect
        simd-fuzz-case
        new
        swap
        >>inputs
        0
        get-local
        >>code
        2
        drop-locals
    ]
    [
        [
            [
                { fixnum fixnum }
                declare
                \ longlong-2-boa
                execute
            ]
            input<sequence
        ]
        \ ( gensym )
        \ ( gensym )
        [ = ]
        check-simd-fuzz-case
    ]
}
Fuzz Test: {
    [
        [ 2 [ 1000 random ] replicate ]
        [ \ ulonglong-2-boa execute ]
        2
        load-locals
        -1
        get-local
        ( -- inputs )
        call-effect
        simd-fuzz-case
        new
        swap
        >>inputs
        0
        get-local
        >>code
        2
        drop-locals
    ]
    [
        [
            [
                { fixnum fixnum }
                declare
                \ ulonglong-2-boa
                execute
            ]
            input<sequence
        ]
        \ ( gensym )
        \ ( gensym )
        [ = ]
        check-simd-fuzz-case
    ]
}
Fuzz Test: {
    [
        [ 4 [ 1000 random ] replicate ]
        [ \ float-4-boa execute ]
        2
        load-locals
        -1
        get-local
        ( -- inputs )
        call-effect
        simd-fuzz-case
        new
        swap
        >>inputs
        0
        get-local
        >>code
        2
        drop-locals
    ]
    [
        [
            [
                { fixnum fixnum fixnum fixnum }
                declare
                \ float-4-boa
                execute
            ]
            input<sequence
        ]
        \ ( gensym )
        \ ( gensym )
        [ = ]
        check-simd-fuzz-case
    ]
}
Fuzz Test: {
    [
        [ 2 [ 1000 random ] replicate ]
        [ \ double-2-boa execute ]
        2
        load-locals
        -1
        get-local
        ( -- inputs )
        call-effect
        simd-fuzz-case
        new
        swap
        >>inputs
        0
        get-local
        >>code
        2
        drop-locals
    ]
    [
        [
            [ { fixnum fixnum } declare \ double-2-boa execute ]
            input<sequence
        ]
        \ ( gensym )
        \ ( gensym )
        [ = ]
        check-simd-fuzz-case
    ]
}
Unit Test: {
    { 4294967295 }
    [ 4294967295 2 3 4 [ uint-4-boa ] compile-call first ]
}
== Checking vector operations
Fuzz Test: {
    [
        [
            { +vector+ -> +nonnegative+ }
            \ char-16
            \ fixnum
            3
            load-locals
            -2
            get-local
            vector-word-inputs
            -1
            get-local
            0
            get-local
            random-vector-inputs
            3
            drop-locals
        ]
        [ \ norm-sq execute ]
        2
        load-locals
        -1
        get-local
        ( -- inputs )
        call-effect
        simd-fuzz-case
        new
        swap
        >>inputs
        0
        get-local
        >>code
        2
        drop-locals
    ]
    [
        [
            [ { char-16 } declare \ norm-sq execute ]
            input<sequence
        ]
        \ ( gensym )
        \ ( gensym )
        [ = ]
        check-simd-fuzz-case
    ]
}
Fuzz Test: {
    [
        [
            { +vector+ +vector+ -> +vector+ }
            \ char-16
            \ fixnum
            3
            load-locals
            -2
            get-local
            vector-word-inputs
            -1
            get-local
            0
            get-local
            random-vector-inputs
            3
            drop-locals
        ]
        [ \ v- execute ]
        2
        load-locals
        -1
        get-local
        ( -- inputs )
        call-effect
        simd-fuzz-case
        new
        swap
        >>inputs
        0
        get-local
        >>code
        2
        drop-locals
    ]
    [
        [
            [ { char-16 char-16 } declare \ v- execute ]
            input<sequence
        ]
        \ ( gensym )
        \ ( gensym )
        [ = ]
        check-simd-fuzz-case
    ]
}
Fuzz Test: {
    [
        [
            { +vector+ +vector+ -> +vector+ }
            \ char-16
            \ fixnum
            3
            load-locals
            -2
            get-local
            vector-word-inputs
            -1
            get-local
            0
            get-local
            random-vector-inputs
            3
            drop-locals
        ]
        [ \ v+ execute ]
        2
        load-locals
        -1
        get-local
        ( -- inputs )
        call-effect
        simd-fuzz-case
        new
        swap
        >>inputs
        0
        get-local
        >>code
        2
        drop-locals
    ]
    [
        [
            [ { char-16 char-16 } declare \ v+ execute ]
            input<sequence
        ]
        \ ( gensym )
        \ ( gensym )
        [ = ]
        check-simd-fuzz-case
    ]
}
Fuzz Test: {
    [
        [
            { +vector+ -> +vector+ }
            \ char-16
            \ fixnum
            3
            load-locals
            -2
            get-local
            vector-word-inputs
            -1
            get-local
            0
            get-local
            random-vector-inputs
            3
            drop-locals
        ]
        [ \ vclz execute ]
        2
        load-locals
        -1
        get-local
        ( -- inputs )
        call-effect
        simd-fuzz-case
        new
        swap
        >>inputs
        0
        get-local
        >>code
        2
        drop-locals
    ]
    [
        [
            [ { char-16 } declare \ vclz execute ]
            input<sequence
        ]
        \ ( gensym )
        \ ( gensym )
        [ = ]
        check-simd-fuzz-case
    ]
}
Fuzz Test: {
    [
        [
            { +vector+ +vector+ -> +vector+ }
            \ char-16
            \ fixnum
            3
            load-locals
            -2
            get-local
            vector-word-inputs
            -1
            get-local
            0
            get-local
            random-vector-inputs
            3
            drop-locals
        ]
        [ \ vabsdiff execute ]
        2
        load-locals
        -1
        get-local
        ( -- inputs )
        call-effect
        simd-fuzz-case
        new
        swap
        >>inputs
        0
        get-local
        >>code
        2
        drop-locals
    ]
    [
        [
            [ { char-16 char-16 } declare \ vabsdiff execute ]
            input<sequence
        ]
        \ ( gensym )
        \ ( gensym )
        [ = ]
        check-simd-fuzz-case
    ]
}
Fuzz Test: {
    [
        [
            { +vector+ -> +vector+ }
            \ char-16
            \ fixnum
            3
            load-locals
            -2
            get-local
            vector-word-inputs
            -1
            get-local
            0
            get-local
            random-vector-inputs
            3
            drop-locals
        ]
        [ \ vbit-count execute ]
        2
        load-locals
        -1
        get-local
        ( -- inputs )
        call-effect
        simd-fuzz-case
        new
        swap
        >>inputs
        0
        get-local
        >>code
        2
        drop-locals
    ]
    [
        [
            [ { char-16 } declare \ vbit-count execute ]
            input<sequence
        ]
        \ ( gensym )
        \ ( gensym )
        [ = ]
        check-simd-fuzz-case
    ]
}
Fuzz Test: {
    [
        [
            { +vector+ +vector+ -> +vector+ }
            \ char-16
            \ fixnum
            3
            load-locals
            -2
            get-local
            vector-word-inputs
            -1
            get-local
            0
            get-local
            random-vector-inputs
            3
            drop-locals
        ]
        [ \ vmin execute ]
        2
        load-locals
        -1
        get-local
        ( -- inputs )
        call-effect
        simd-fuzz-case
        new
        swap
        >>inputs
        0
        get-local
        >>code
        2
        drop-locals
    ]
    [
        [
            [ { char-16 char-16 } declare \ vmin execute ]
            input<sequence
        ]
        \ ( gensym )
        \ ( gensym )
        [ = ]
        check-simd-fuzz-case
    ]
}
Fuzz Test: {
    [
        [
            { +vector+ -> +vector+ }
            \ char-16
            \ fixnum
            3
            load-locals
            -2
            get-local
            vector-word-inputs
            -1
            get-local
            0
            get-local
            random-vector-inputs
            3
            drop-locals
        ]
        [ \ vround execute ]
        2
        load-locals
        -1
        get-local
        ( -- inputs )
        call-effect
        simd-fuzz-case
        new
        swap
        >>inputs
        0
        get-local
        >>code
        2
        drop-locals
    ]
    [
        [
            [ { char-16 } declare \ vround execute ]
            input<sequence
        ]
        \ ( gensym )
        \ ( gensym )
        [ = ]
        check-simd-fuzz-case
    ]
}
Fuzz Test: {
    [
        [
            { +vector+ +vector+ -> +vector+ }
            \ char-16
            \ fixnum
            3
            load-locals
            -2
            get-local
            vector-word-inputs
            -1
            get-local
            0
            get-local
            random-vector-inputs
            3
            drop-locals
        ]
        [ \ vs- execute ]
        2
        load-locals
        -1
        get-local
        ( -- inputs )
        call-effect
        simd-fuzz-case
        new
        swap
        >>inputs
        0
        get-local
        >>code
        2
        drop-locals
    ]
    [
        [
            [ { char-16 char-16 } declare \ vs- execute ]
            input<sequence
        ]
        \ ( gensym )
        \ ( gensym )
        [ = ]
        check-simd-fuzz-case
    ]
}
Fuzz Test: {
    [
        [
            { +vector+ +vector+ -> +vector+ }
            \ char-16
            \ fixnum
            3
            load-locals
            -2
            get-local
            vector-word-inputs
            -1
            get-local
            0
            get-local
            random-vector-inputs
            3
            drop-locals
        ]
        [ \ vs+ execute ]
        2
        load-locals
        -1
        get-local
        ( -- inputs )
        call-effect
        simd-fuzz-case
        new
        swap
        >>inputs
        0
        get-local
        >>code
        2
        drop-locals
    ]
    [
        [
            [ { char-16 char-16 } declare \ vs+ execute ]
            input<sequence
        ]
        \ ( gensym )
        \ ( gensym )
        [ = ]
        check-simd-fuzz-case
    ]
}
Fuzz Test: {
    [
        [
            { +vector+ +vector+ -> +vector+ }
            \ char-16
            \ fixnum
            3
            load-locals
            -2
            get-local
            vector-word-inputs
            -1
            get-local
            0
            get-local
            random-vector-inputs
            3
            drop-locals
        ]
        [ \ vs* execute ]
        2
        load-locals
        -1
        get-local
        ( -- inputs )
        call-effect
        simd-fuzz-case
        new
        swap
        >>inputs
        0
        get-local
        >>code
        2
        drop-locals
    ]
    [
        [
            [ { char-16 char-16 } declare \ vs* execute ]
            input<sequence
        ]
        \ ( gensym )
        \ ( gensym )
        [ = ]
        check-simd-fuzz-case
    ]
}
Fuzz Test: {
    [
        [
            { +vector+ -> +scalar+ }
            \ char-16
            \ fixnum
            3
            load-locals
            -2
            get-local
            vector-word-inputs
            -1
            get-local
            0
            get-local
            random-vector-inputs
            3
            drop-locals
        ]
        [ \ vmax-element execute ]
        2
        load-locals
        -1
        get-local
        ( -- inputs )
        call-effect
        simd-fuzz-case
        new
        swap
        >>inputs
        0
        get-local
        >>code
        2
        drop-locals
    ]
    [
        [
            [ { char-16 } declare \ vmax-element execute ]
            input<sequence
        ]
        \ ( gensym )
        \ ( gensym )
        [ = ]
        check-simd-fuzz-case
    ]
}
Fuzz Test: {
    [
        [
            { +vector+ +vector+ -> +vector+ }
            \ char-16
            \ fixnum
            3
            load-locals
            -2
            get-local
            vector-word-inputs
            -1
            get-local
            0
            get-local
            random-vector-inputs
            3
            drop-locals
        ]
        [ \ vmax execute ]
        2
        load-locals
        -1
        get-local
        ( -- inputs )
        call-effect
        simd-fuzz-case
        new
        swap
        >>inputs
        0
        get-local
        >>code
        2
        drop-locals
    ]
    [
        [
            [ { char-16 char-16 } declare \ vmax execute ]
            input<sequence
        ]
        \ ( gensym )
        \ ( gensym )
        [ = ]
        check-simd-fuzz-case
    ]
}
Fuzz Test: {
    [
        [
            { +vector+ +vector+ -> +vector+ }
            \ char-16
            \ fixnum
            3
            load-locals
            -2
            get-local
            vector-word-inputs
            -1
            get-local
            0
            get-local
            random-vector-inputs
            3
            drop-locals
        ]
        [ \ v<= execute ]
        2
        load-locals
        -1
        get-local
        ( -- inputs )
        call-effect
        simd-fuzz-case
        new
        swap
        >>inputs
        0
        get-local
        >>code
        2
        drop-locals
    ]
    [
        [
            [ { char-16 char-16 } declare \ v<= execute ]
            input<sequence
        ]
        \ ( gensym )
        \ ( gensym )
        [ = ]
        check-simd-fuzz-case
    ]
}
Fuzz Test: {
    [
        [
            { +scalar+ +vector+ -> +vector+ }
            \ char-16
            \ fixnum
            3
            load-locals
            -2
            get-local
            vector-word-inputs
            -1
            get-local
            0
            get-local
            random-vector-inputs
            3
            drop-locals
        ]
        [ \ n*v execute ]
        2
        load-locals
        -1
        get-local
        ( -- inputs )
        call-effect
        simd-fuzz-case
        new
        swap
        >>inputs
        0
        get-local
        >>code
        2
        drop-locals
    ]
    [
        [
            [ { fixnum char-16 } declare \ n*v execute ]
            input<sequence
        ]
        \ ( gensym )
        \ ( gensym )
        [ = ]
        check-simd-fuzz-case
    ]
}
Fuzz Test: {
    [
        [
            { +vector+ +scalar+ -> +vector+ }
            \ char-16
            \ fixnum
            3
            load-locals
            -2
            get-local
            vector-word-inputs
            -1
            get-local
            0
            get-local
            random-vector-inputs
            3
            drop-locals
        ]
        [ \ v*n execute ]
        2
        load-locals
        -1
        get-local
        ( -- inputs )
        call-effect
        simd-fuzz-case
        new
        swap
        >>inputs
        0
        get-local
        >>code
        2
        drop-locals
    ]
    [
        [
            [ { char-16 fixnum } declare \ v*n execute ]
            input<sequence
        ]
        \ ( gensym )
        \ ( gensym )
        [ = ]
        check-simd-fuzz-case
    ]
}
Fuzz Test: {
    [
        [
            { +vector+ +scalar+ -> +vector+ }
            \ char-16
            \ fixnum
            3
            load-locals
            -2
            get-local
            vector-word-inputs
            -1
            get-local
            0
            get-local
            random-vector-inputs
            3
            drop-locals
        ]
        [ \ vrshift execute ]
        2
        load-locals
        -1
        get-local
        ( -- inputs )
        call-effect
        simd-fuzz-case
        new
        swap
        >>inputs
        0
        get-local
        >>code
        2
        drop-locals
    ]
    [
        [
            [ { char-16 fixnum } declare \ vrshift execute ]
            input<sequence
        ]
        \ ( gensym )
        \ ( gensym )
        [ = ]
        check-simd-fuzz-case
    ]
}
Fuzz Test: {
    [
        [
            { +vector+ +vector+ -> +scalar+ }
            \ char-16
            \ fixnum
            3
            load-locals
            -2
            get-local
            vector-word-inputs
            -1
            get-local
            0
            get-local
            random-vector-inputs
            3
            drop-locals
        ]
        [ \ vsad execute ]
        2
        load-locals
        -1
        get-local
        ( -- inputs )
        call-effect
        simd-fuzz-case
        new
        swap
        >>inputs
        0
        get-local
        >>code
        2
        drop-locals
    ]
    [
        [
            [ { char-16 char-16 } declare \ vsad execute ]
            input<sequence
        ]
        \ ( gensym )
        \ ( gensym )
        [ = ]
        check-simd-fuzz-case
    ]
}
Fuzz Test: {
    [
        [
            { +vector+ +vector+ -> +vector+ }
            \ char-16
            \ fixnum
            3
            load-locals
            -2
            get-local
            vector-word-inputs
            -1
            get-local
            0
            get-local
            random-vector-inputs
            3
            drop-locals
        ]
        [ \ v*high execute ]
        2
        load-locals
        -1
        get-local
        ( -- inputs )
        call-effect
        simd-fuzz-case
        new
        swap
        >>inputs
        0
        get-local
        >>code
        2
        drop-locals
    ]
    [
        [
            [ { char-16 char-16 } declare \ v*high execute ]
            input<sequence
        ]
        \ ( gensym )
        \ ( gensym )
        [ = ]
        check-simd-fuzz-case
    ]
}
Fuzz Test: {
    [
        [
            { +vector+ -> +vector+ }
            \ char-16
            \ fixnum
            3
            load-locals
            -2
            get-local
            vector-word-inputs
            -1
            get-local
            0
            get-local
            random-vector-inputs
            3
            drop-locals
        ]
        [ \ vtruncate execute ]
        2
        load-locals
        -1
        get-local
        ( -- inputs )
        call-effect
        simd-fuzz-case
        new
        swap
        >>inputs
        0
        get-local
        >>code
        2
        drop-locals
    ]
    [
        [
            [ { char-16 } declare \ vtruncate execute ]
            input<sequence
        ]
        \ ( gensym )
        \ ( gensym )
        [ = ]
        check-simd-fuzz-case
    ]
}
Fuzz Test: {
    [
        [
            { +vector+ +vector+ -> +vector+ }
            \ char-16
            \ fixnum
            3
            load-locals
            -2
            get-local
            vector-word-inputs
            -1
            get-local
            0
            get-local
            random-vector-inputs
            3
            drop-locals
        ]
        [ \ vbitandn execute ]
        2
        load-locals
        -1
        get-local
        ( -- inputs )
        call-effect
        simd-fuzz-case
        new
        swap
        >>inputs
        0
        get-local
        >>code
        2
        drop-locals
    ]
    [
        [
            [ { char-16 char-16 } declare \ vbitandn execute ]
            input<sequence
        ]
        \ ( gensym )
        \ ( gensym )
        [ = ]
        check-simd-fuzz-case
    ]
}
Fuzz Test: {
    [
        [
            { +vector+ -> +vector+ }
            \ char-16
            \ fixnum
            3
            load-locals
            -2
            get-local
            vector-word-inputs
            -1
            get-local
            0
            get-local
            random-vector-inputs
            3
            drop-locals
        ]
        [ \ vneg execute ]
        2
        load-locals
        -1
        get-local
        ( -- inputs )
        call-effect
        simd-fuzz-case
        new
        swap
        >>inputs
        0
        get-local
        >>code
        2
        drop-locals
    ]
    [
        [
            [ { char-16 } declare \ vneg execute ]
            input<sequence
        ]
        \ ( gensym )
        \ ( gensym )
        [ = ]
        check-simd-fuzz-case
    ]
}
Fuzz Test: {
    [
        [
            { +scalar+ +vector+ -> +vector+ }
            \ char-16
            \ fixnum
            3
            load-locals
            -2
            get-local
            vector-word-inputs
            -1
            get-local
            0
            get-local
            random-vector-inputs
            3
            drop-locals
        ]
        [ \ n-v execute ]
        2
        load-locals
        -1
        get-local
        ( -- inputs )
        call-effect
        simd-fuzz-case
        new
        swap
        >>inputs
        0
        get-local
        >>code
        2
        drop-locals
    ]
    [
        [
            [ { fixnum char-16 } declare \ n-v execute ]
            input<sequence
        ]
        \ ( gensym )
        \ ( gensym )
        [ = ]
        check-simd-fuzz-case
    ]
}
Fuzz Test: {
    [
        [
            { +vector+ +vector+ -> +vector+ }
            \ char-16
            \ fixnum
            3
            load-locals
            -2
            get-local
            vector-word-inputs
            -1
            get-local
            0
            get-local
            random-vector-inputs
            3
            drop-locals
        ]
        [ \ (vmerge-tail) execute ]
        2
        load-locals
        -1
        get-local
        ( -- inputs )
        call-effect
        simd-fuzz-case
        new
        swap
        >>inputs
        0
        get-local
        >>code
        2
        drop-locals
    ]
    [
        [
            [
                { char-16 char-16 }
                declare
                \ (vmerge-tail)
                execute
            ]
            input<sequence
        ]
        \ ( gensym )
        \ ( gensym )
        [ = ]
        check-simd-fuzz-case
    ]
}
Fuzz Test: {
    [
        [
            { +vector+ +scalar+ -> +vector+ }
            \ char-16
            \ fixnum
            3
            load-locals
            -2
            get-local
            vector-word-inputs
            -1
            get-local
            0
            get-local
            random-vector-inputs
            3
            drop-locals
        ]
        [ \ v-n execute ]
        2
        load-locals
        -1
        get-local
        ( -- inputs )
        call-effect
        simd-fuzz-case
        new
        swap
        >>inputs
        0
        get-local
        >>code
        2
        drop-locals
    ]
    [
        [
            [ { char-16 fixnum } declare \ v-n execute ]
            input<sequence
        ]
        \ ( gensym )
        \ ( gensym )
        [ = ]
        check-simd-fuzz-case
    ]
}
Fuzz Test: {
    [
        [
            { +vector+ +vector+ -> +vector+ }
            \ char-16
            \ fixnum
            3
            load-locals
            -2
            get-local
            vector-word-inputs
            -1
            get-local
            0
            get-local
            random-vector-inputs
            3
            drop-locals
        ]
        [ \ v+- execute ]
        2
        load-locals
        -1
        get-local
        ( -- inputs )
        call-effect
        simd-fuzz-case
        new
        swap
        >>inputs
        0
        get-local
        >>code
        2
        drop-locals
    ]
    [
        [
            [ { char-16 char-16 } declare \ v+- execute ]
            input<sequence
        ]
        \ ( gensym )
        \ ( gensym )
        [ = ]
        check-simd-fuzz-case
    ]
}
Fuzz Test: {
    [
        [
            { +vector+ -> +vector+ }
            \ char-16
            \ fixnum
            3
            load-locals
            -2
            get-local
            vector-word-inputs
            -1
            get-local
            0
            get-local
            random-vector-inputs
            3
            drop-locals
        ]
        [ \ vbitnot execute ]
        2
        load-locals
        -1
        get-local
        ( -- inputs )
        call-effect
        simd-fuzz-case
        new
        swap
        >>inputs
        0
        get-local
        >>code
        2
        drop-locals
    ]
    [
        [
            [ { char-16 } declare \ vbitnot execute ]
            input<sequence
        ]
        \ ( gensym )
        \ ( gensym )
        [ = ]
        check-simd-fuzz-case
    ]
}
Fuzz Test: {
    [
        [
            { +vector+ -> +vector+ }
            \ char-16
            \ fixnum
            3
            load-locals
            -2
            get-local
            vector-word-inputs
            -1
            get-local
            0
            get-local
            random-vector-inputs
            3
            drop-locals
        ]
        [ \ vbit-reverse execute ]
        2
        load-locals
        -1
        get-local
        ( -- inputs )
        call-effect
        simd-fuzz-case
        new
        swap
        >>inputs
        0
        get-local
        >>code
        2
        drop-locals
    ]
    [
        [
            [ { char-16 } declare \ vbit-reverse execute ]
            input<sequence
        ]
        \ ( gensym )
        \ ( gensym )
        [ = ]
        check-simd-fuzz-case
    ]
}
Fuzz Test: {
    [
        [
            { +vector+ -> +vector+ }
            \ char-16
            \ fixnum
            3
            load-locals
            -2
            get-local
            vector-word-inputs
            -1
            get-local
            0
            get-local
            random-vector-inputs
            3
            drop-locals
        ]
        [ \ vceiling execute ]
        2
        load-locals
        -1
        get-local
        ( -- inputs )
        call-effect
        simd-fuzz-case
        new
        swap
        >>inputs
        0
        get-local
        >>code
        2
        drop-locals
    ]
    [
        [
            [ { char-16 } declare \ vceiling execute ]
            input<sequence
        ]
        \ ( gensym )
        \ ( gensym )
        [ = ]
        check-simd-fuzz-case
    ]
}
Fuzz Test: {
    [
        [
            { +vector+ -> +nonnegative+ }
            \ char-16
            \ fixnum
            3
            load-locals
            -2
            get-local
            vector-word-inputs
            -1
            get-local
            0
            get-local
            random-vector-inputs
            3
            drop-locals
        ]
        [ \ norm execute ]
        2
        load-locals
        -1
        get-local
        ( -- inputs )
        call-effect
        simd-fuzz-case
        new
        swap
        >>inputs
        0
        get-local
        >>code
        2
        drop-locals
    ]
    [
        [
            [ { char-16 } declare \ norm execute ]
            input<sequence
        ]
        \ ( gensym )
        \ ( gensym )
        [ = ]
        check-simd-fuzz-case
    ]
}
Fuzz Test: {
    [
        [
            { +vector+ -> +scalar+ }
            \ char-16
            \ fixnum
            3
            load-locals
            -2
            get-local
            vector-word-inputs
            -1
            get-local
            0
            get-local
            random-vector-inputs
            3
            drop-locals
        ]
        [ \ vmin-element execute ]
        2
        load-locals
        -1
        get-local
        ( -- inputs )
        call-effect
        simd-fuzz-case
        new
        swap
        >>inputs
        0
        get-local
        >>code
        2
        drop-locals
    ]
    [
        [
            [ { char-16 } declare \ vmin-element execute ]
            input<sequence
        ]
        \ ( gensym )
        \ ( gensym )
        [ = ]
        check-simd-fuzz-case
    ]
}
Fuzz Test: {
    [
        [
            { +vector+ +vector+ -> +vector+ }
            \ char-16
            \ fixnum
            3
            load-locals
            -2
            get-local
            vector-word-inputs
            -1
            get-local
            0
            get-local
            random-vector-inputs
            3
            drop-locals
        ]
        [ \ vbitand execute ]
        2
        load-locals
        -1
        get-local
        ( -- inputs )
        call-effect
        simd-fuzz-case
        new
        swap
        >>inputs
        0
        get-local
        >>code
        2
        drop-locals
    ]
    [
        [
            [ { char-16 char-16 } declare \ vbitand execute ]
            input<sequence
        ]
        \ ( gensym )
        \ ( gensym )
        [ = ]
        check-simd-fuzz-case
    ]
}
Fuzz Test: {
    [
        [
            { +vector+ +scalar+ -> +vector+ }
            \ char-16
            \ fixnum
            3
            load-locals
            -2
            get-local
            vector-word-inputs
            -1
            get-local
            0
            get-local
            random-vector-inputs
            3
            drop-locals
        ]
        [ \ vlshift execute ]
        2
        load-locals
        -1
        get-local
        ( -- inputs )
        call-effect
        simd-fuzz-case
        new
        swap
        >>inputs
        0
        get-local
        >>code
        2
        drop-locals
    ]
    [
        [
            [ { char-16 fixnum } declare \ vlshift execute ]
            input<sequence
        ]
        \ ( gensym )
        \ ( gensym )
        [ = ]
        check-simd-fuzz-case
    ]
}
Fuzz Test: {
    [
        [
            { +vector+ +vector+ -> +vector+ }
            \ char-16
            \ fixnum
            3
            load-locals
            -2
            get-local
            vector-word-inputs
            -1
            get-local
            0
            get-local
            random-vector-inputs
            3
            drop-locals
        ]
        [ \ (vmerge-head) execute ]
        2
        load-locals
        -1
        get-local
        ( -- inputs )
        call-effect
        simd-fuzz-case
        new
        swap
        >>inputs
        0
        get-local
        >>code
        2
        drop-locals
    ]
    [
        [
            [
                { char-16 char-16 }
                declare
                \ (vmerge-head)
                execute
            ]
            input<sequence
        ]
        \ ( gensym )
        \ ( gensym )
        [ = ]
        check-simd-fuzz-case
    ]
}
Fuzz Test: {
    [
        [
            { +vector+ +vector+ -> +vector+ }
            \ char-16
            \ fixnum
            3
            load-locals
            -2
            get-local
            vector-word-inputs
            -1
            get-local
            0
            get-local
            random-vector-inputs
            3
            drop-locals
        ]
        [ \ vunordered? execute ]
        2
        load-locals
        -1
        get-local
        ( -- inputs )
        call-effect
        simd-fuzz-case
        new
        swap
        >>inputs
        0
        get-local
        >>code
        2
        drop-locals
    ]
    [
        [
            [
                { char-16 char-16 }
                declare
                \ vunordered?
                execute
            ]
            input<sequence
        ]
        \ ( gensym )
        \ ( gensym )
        [ = ]
        check-simd-fuzz-case
    ]
}
Fuzz Test: {
    [
        [
            { +vector+ -> +scalar+ }
            \ char-16
            \ fixnum
            3
            load-locals
            -2
            get-local
            vector-word-inputs
            -1
            get-local
            0
            get-local
            random-vector-inputs
            3
            drop-locals
        ]
        [ \ sum execute ]
        2
        load-locals
        -1
        get-local
        ( -- inputs )
        call-effect
        simd-fuzz-case
        new
        swap
        >>inputs
        0
        get-local
        >>code
        2
        drop-locals
    ]
    [
        [ [ { char-16 } declare \ sum execute ] input<sequence ]
        \ ( gensym )
        \ ( gensym )
        [ = ]
        check-simd-fuzz-case
    ]
}
Fuzz Test: {
    [
        [
            { +vector+ -> +vector+ }
            \ char-16
            \ fixnum
            3
            load-locals
            -2
            get-local
            vector-word-inputs
            -1
            get-local
            0
            get-local
            random-vector-inputs
            3
            drop-locals
        ]
        [ \ vround-to-even execute ]
        2
        load-locals
        -1
        get-local
        ( -- inputs )
        call-effect
        simd-fuzz-case
        new
        swap
        >>inputs
        0
        get-local
        >>code
        2
        drop-locals
    ]
    [
        [
            [ { char-16 } declare \ vround-to-even execute ]
            input<sequence
        ]
        \ ( gensym )
        \ ( gensym )
        [ = ]
        check-simd-fuzz-case
    ]
}
Fuzz Test: {
    [
        [
            { +vector+ -> +vector+ }
            \ char-16
            \ fixnum
            3
            load-locals
            -2
            get-local
            vector-word-inputs
            -1
            get-local
            0
            get-local
            random-vector-inputs
            3
            drop-locals
        ]
        [ \ vctz execute ]
        2
        load-locals
        -1
        get-local
        ( -- inputs )
        call-effect
        simd-fuzz-case
        new
        swap
        >>inputs
        0
        get-local
        >>code
        2
        drop-locals
    ]
    [
        [
            [ { char-16 } declare \ vctz execute ]
            input<sequence
        ]
        \ ( gensym )
        \ ( gensym )
        [ = ]
        check-simd-fuzz-case
    ]
}
Fuzz Test: {
    [
        [
            { +vector+ -> +vector+ }
            \ char-16
            \ fixnum
            3
            load-locals
            -2
            get-local
            vector-word-inputs
            -1
            get-local
            0
            get-local
            random-vector-inputs
            3
            drop-locals
        ]
        [ \ vfloor execute ]
        2
        load-locals
        -1
        get-local
        ( -- inputs )
        call-effect
        simd-fuzz-case
        new
        swap
        >>inputs
        0
        get-local
        >>code
        2
        drop-locals
    ]
    [
        [
            [ { char-16 } declare \ vfloor execute ]
            input<sequence
        ]
        \ ( gensym )
        \ ( gensym )
        [ = ]
        check-simd-fuzz-case
    ]
}
Fuzz Test: {
    [
        [
            { +vector+ +vector+ -> +vector+ }
            \ char-16
            \ fixnum
            3
            load-locals
            -2
            get-local
            vector-word-inputs
            -1
            get-local
            0
            get-local
            random-vector-inputs
            3
            drop-locals
        ]
        [ \ v*hs+ execute ]
        2
        load-locals
        -1
        get-local
        ( -- inputs )
        call-effect
        simd-fuzz-case
        new
        swap
        >>inputs
        0
        get-local
        >>code
        2
        drop-locals
    ]
    [
        [
            [ { char-16 char-16 } declare \ v*hs+ execute ]
            input<sequence
        ]
        \ ( gensym )
        \ ( gensym )
        [ = ]
        check-simd-fuzz-case
    ]
}
Fuzz Test: {
    [
        [
            { +vector+ +vector+ -> +vector+ }
            \ char-16
            \ fixnum
            3
            load-locals
            -2
            get-local
            vector-word-inputs
            -1
            get-local
            0
            get-local
            random-vector-inputs
            3
            drop-locals
        ]
        [ \ vbitor execute ]
        2
        load-locals
        -1
        get-local
        ( -- inputs )
        call-effect
        simd-fuzz-case
        new
        swap
        >>inputs
        0
        get-local
        >>code
        2
        drop-locals
    ]
    [
        [
            [ { char-16 char-16 } declare \ vbitor execute ]
            input<sequence
        ]
        \ ( gensym )
        \ ( gensym )
        [ = ]
        check-simd-fuzz-case
    ]
}
Fuzz Test: {
    [
        [
            { +vector+ +vector+ -> +vector+ }
            \ char-16
            \ fixnum
            3
            load-locals
            -2
            get-local
            vector-word-inputs
            -1
            get-local
            0
            get-local
            random-vector-inputs
            3
            drop-locals
        ]
        [ \ v>= execute ]
        2
        load-locals
        -1
        get-local
        ( -- inputs )
        call-effect
        simd-fuzz-case
        new
        swap
        >>inputs
        0
        get-local
        >>code
        2
        drop-locals
    ]
    [
        [
            [ { char-16 char-16 } declare \ v>= execute ]
            input<sequence
        ]
        \ ( gensym )
        \ ( gensym )
        [ = ]
        check-simd-fuzz-case
    ]
}
Fuzz Test: {
    [
        [
            { +vector+ +vector+ -> +vector+ }
            \ char-16
            \ fixnum
            3
            load-locals
            -2
            get-local
            vector-word-inputs
            -1
            get-local
            0
            get-local
            random-vector-inputs
            3
            drop-locals
        ]
        [ \ [v-] execute ]
        2
        load-locals
        -1
        get-local
        ( -- inputs )
        call-effect
        simd-fuzz-case
        new
        swap
        >>inputs
        0
        get-local
        >>code
        2
        drop-locals
    ]
    [
        [
            [ { char-16 char-16 } declare \ [v-] execute ]
            input<sequence
        ]
        \ ( gensym )
        \ ( gensym )
        [ = ]
        check-simd-fuzz-case
    ]
}
Fuzz Test: {
    [
        [
            { +vector+ +vector+ -> +vector+ }
            \ char-16
            \ fixnum
            3
            load-locals
            -2
            get-local
            vector-word-inputs
            -1
            get-local
            0
            get-local
            random-vector-inputs
            3
            drop-locals
        ]
        [ \ vavg execute ]
        2
        load-locals
        -1
        get-local
        ( -- inputs )
        call-effect
        simd-fuzz-case
        new
        swap
        >>inputs
        0
        get-local
        >>code
        2
        drop-locals
    ]
    [
        [
            [ { char-16 char-16 } declare \ vavg execute ]
            input<sequence
        ]
        \ ( gensym )
        \ ( gensym )
        [ = ]
        check-simd-fuzz-case
    ]
}
Fuzz Test: {
    [
        [
            { +vector+ +vector+ -> +vector+ }
            \ char-16
            \ fixnum
            3
            load-locals
            -2
            get-local
            vector-word-inputs
            -1
            get-local
            0
            get-local
            random-vector-inputs
            3
            drop-locals
        ]
        [ \ vbitxor execute ]
        2
        load-locals
        -1
        get-local
        ( -- inputs )
        call-effect
        simd-fuzz-case
        new
        swap
        >>inputs
        0
        get-local
        >>code
        2
        drop-locals
    ]
    [
        [
            [ { char-16 char-16 } declare \ vbitxor execute ]
            input<sequence
        ]
        \ ( gensym )
        \ ( gensym )
        [ = ]
        check-simd-fuzz-case
    ]
}
Fuzz Test: {
    [
        [
            { +vector+ +vector+ -> +vector+ }
            \ char-16
            \ fixnum
            3
            load-locals
            -2
            get-local
            vector-word-inputs
            -1
            get-local
            0
            get-local
            random-vector-inputs
            3
            drop-locals
        ]
        [ \ v= execute ]
        2
        load-locals
        -1
        get-local
        ( -- inputs )
        call-effect
        simd-fuzz-case
        new
        swap
        >>inputs
        0
        get-local
        >>code
        2
        drop-locals
    ]
    [
        [
            [ { char-16 char-16 } declare \ v= execute ]
            input<sequence
        ]
        \ ( gensym )
        \ ( gensym )
        [ = ]
        check-simd-fuzz-case
    ]
}
Fuzz Test: {
    [
        [
            { +vector+ -> +vector+ }
            \ char-16
            \ fixnum
            3
            load-locals
            -2
            get-local
            vector-word-inputs
            -1
            get-local
            0
            get-local
            random-vector-inputs
            3
            drop-locals
        ]
        [ \ vabs execute ]
        2
        load-locals
        -1
        get-local
        ( -- inputs )
        call-effect
        simd-fuzz-case
        new
        swap
        >>inputs
        0
        get-local
        >>code
        2
        drop-locals
    ]
    [
        [
            [ { char-16 } declare \ vabs execute ]
            input<sequence
        ]
        \ ( gensym )
        \ ( gensym )
        [ = ]
        check-simd-fuzz-case
    ]
}
Fuzz Test: {
    [
        [
            { +vector+ +vector+ -> +vector+ }
            \ char-16
            \ fixnum
            3
            load-locals
            -2
            get-local
            vector-word-inputs
            -1
            get-local
            0
            get-local
            random-vector-inputs
            3
            drop-locals
        ]
        [ \ v* execute ]
        2
        load-locals
        -1
        get-local
        ( -- inputs )
        call-effect
        simd-fuzz-case
        new
        swap
        >>inputs
        0
        get-local
        >>code
        2
        drop-locals
    ]
    [
        [
            [ { char-16 char-16 } declare \ v* execute ]
            input<sequence
        ]
        \ ( gensym )
        \ ( gensym )
        [ = ]
        check-simd-fuzz-case
    ]
}
Fuzz Test: {
    [
        [
            { +vector+ +vector+ -> +vector+ }
            \ char-16
            \ fixnum
            3
            load-locals
            -2
            get-local
            vector-word-inputs
            -1
            get-local
            0
            get-local
            random-vector-inputs
            3
            drop-locals
        ]
        [ \ v< execute ]
        2
        load-locals
        -1
        get-local
        ( -- inputs )
        call-effect
        simd-fuzz-case
        new
        swap
        >>inputs
        0
        get-local
        >>code
        2
        drop-locals
    ]
    [
        [
            [ { char-16 char-16 } declare \ v< execute ]
            input<sequence
        ]
        \ ( gensym )
        \ ( gensym )
        [ = ]
        check-simd-fuzz-case
    ]
}
Fuzz Test: {
    [
        [
            { +vector+ +scalar+ -> +vector+ }
            \ char-16
            \ fixnum
            3
            load-locals
            -2
            get-local
            vector-word-inputs
            -1
            get-local
            0
            get-local
            random-vector-inputs
            3
            drop-locals
        ]
        [ \ v+n execute ]
        2
        load-locals
        -1
        get-local
        ( -- inputs )
        call-effect
        simd-fuzz-case
        new
        swap
        >>inputs
        0
        get-local
        >>code
        2
        drop-locals
    ]
    [
        [
            [ { char-16 fixnum } declare \ v+n execute ]
            input<sequence
        ]
        \ ( gensym )
        \ ( gensym )
        [ = ]
        check-simd-fuzz-case
    ]
}
Fuzz Test: {
    [
        [
            { +vector+ +vector+ -> +scalar+ }
            \ char-16
            \ fixnum
            3
            load-locals
            -2
            get-local
            vector-word-inputs
            -1
            get-local
            0
            get-local
            random-vector-inputs
            3
            drop-locals
        ]
        [ \ vdot execute ]
        2
        load-locals
        -1
        get-local
        ( -- inputs )
        call-effect
        simd-fuzz-case
        new
        swap
        >>inputs
        0
        get-local
        >>code
        2
        drop-locals
    ]
    [
        [
            [ { char-16 char-16 } declare \ vdot execute ]
            input<sequence
        ]
        \ ( gensym )
        \ ( gensym )
        [ = ]
        check-simd-fuzz-case
    ]
}
Fuzz Test: {
    [
        [
            { +vector+ +vector+ -> +vector+ }
            \ char-16
            \ fixnum
            3
            load-locals
            -2
            get-local
            vector-word-inputs
            -1
            get-local
            0
            get-local
            random-vector-inputs
            3
            drop-locals
        ]
        [ \ v> execute ]
        2
        load-locals
        -1
        get-local
        ( -- inputs )
        call-effect
        simd-fuzz-case
        new
        swap
        >>inputs
        0
        get-local
        >>code
        2
        drop-locals
    ]
    [
        [
            [ { char-16 char-16 } declare \ v> execute ]
            input<sequence
        ]
        \ ( gensym )
        \ ( gensym )
        [ = ]
        check-simd-fuzz-case
    ]
}
Fuzz Test: {
    [
        [
            { +scalar+ +vector+ -> +vector+ }
            \ char-16
            \ fixnum
            3
            load-locals
            -2
            get-local
            vector-word-inputs
            -1
            get-local
            0
            get-local
            random-vector-inputs
            3
            drop-locals
        ]
        [ \ n+v execute ]
        2
        load-locals
        -1
        get-local
        ( -- inputs )
        call-effect
        simd-fuzz-case
        new
        swap
        >>inputs
        0
        get-local
        >>code
        2
        drop-locals
    ]
    [
        [
            [ { fixnum char-16 } declare \ n+v execute ]
            input<sequence
        ]
        \ ( gensym )
        \ ( gensym )
        [ = ]
        check-simd-fuzz-case
    ]
}
Fuzz Test: {
    [
        [
            { +vector+ -> +nonnegative+ }
            \ uchar-16
            \ fixnum
            3
            load-locals
            -2
            get-local
            vector-word-inputs
            -1
            get-local
            0
            get-local
            random-vector-inputs
            3
            drop-locals
        ]
        [ \ norm-sq execute ]
        2
        load-locals
        -1
        get-local
        ( -- inputs )
        call-effect
        simd-fuzz-case
        new
        swap
        >>inputs
        0
        get-local
        >>code
        2
        drop-locals
    ]
    [
        [
            [ { uchar-16 } declare \ norm-sq execute ]
            input<sequence
        ]
        \ ( gensym )
        \ ( gensym )
        [ = ]
        check-simd-fuzz-case
    ]
}
Fuzz Test: {
    [
        [
            { +vector+ +vector+ -> +vector+ }
            \ uchar-16
            \ fixnum
            3
            load-locals
            -2
            get-local
            vector-word-inputs
            -1
            get-local
            0
            get-local
            random-vector-inputs
            3
            drop-locals
        ]
        [ \ v- execute ]
        2
        load-locals
        -1
        get-local
        ( -- inputs )
        call-effect
        simd-fuzz-case
        new
        swap
        >>inputs
        0
        get-local
        >>code
        2
        drop-locals
    ]
    [
        [
            [ { uchar-16 uchar-16 } declare \ v- execute ]
            input<sequence
        ]
        \ ( gensym )
        \ ( gensym )
        [ = ]
        check-simd-fuzz-case
    ]
}
Fuzz Test: {
    [
        [
            { +vector+ +vector+ -> +vector+ }
            \ uchar-16
            \ fixnum
            3
            load-locals
            -2
            get-local
            vector-word-inputs
            -1
            get-local
            0
            get-local
            random-vector-inputs
            3
            drop-locals
        ]
        [ \ v+ execute ]
        2
        load-locals
        -1
        get-local
        ( -- inputs )
        call-effect
        simd-fuzz-case
        new
        swap
        >>inputs
        0
        get-local
        >>code
        2
        drop-locals
    ]
    [
        [
            [ { uchar-16 uchar-16 } declare \ v+ execute ]
            input<sequence
        ]
        \ ( gensym )
        \ ( gensym )
        [ = ]
        check-simd-fuzz-case
    ]
}
Fuzz Test: {
    [
        [
            { +vector+ -> +vector+ }
            \ uchar-16
            \ fixnum
            3
            load-locals
            -2
            get-local
            vector-word-inputs
            -1
            get-local
            0
            get-local
            random-vector-inputs
            3
            drop-locals
        ]
        [ \ vclz execute ]
        2
        load-locals
        -1
        get-local
        ( -- inputs )
        call-effect
        simd-fuzz-case
        new
        swap
        >>inputs
        0
        get-local
        >>code
        2
        drop-locals
    ]
    [
        [
            [ { uchar-16 } declare \ vclz execute ]
            input<sequence
        ]
        \ ( gensym )
        \ ( gensym )
        [ = ]
        check-simd-fuzz-case
    ]
}
Fuzz Test: {
    [
        [
            { +vector+ +vector+ -> +vector+ }
            \ uchar-16
            \ fixnum
            3
            load-locals
            -2
            get-local
            vector-word-inputs
            -1
            get-local
            0
            get-local
            random-vector-inputs
            3
            drop-locals
        ]
        [ \ vabsdiff execute ]
        2
        load-locals
        -1
        get-local
        ( -- inputs )
        call-effect
        simd-fuzz-case
        new
        swap
        >>inputs
        0
        get-local
        >>code
        2
        drop-locals
    ]
    [
        [
            [ { uchar-16 uchar-16 } declare \ vabsdiff execute ]
            input<sequence
        ]
        \ ( gensym )
        \ ( gensym )
        [ = ]
        check-simd-fuzz-case
    ]
}
Fuzz Test: {
    [
        [
            { +vector+ -> +vector+ }
            \ uchar-16
            \ fixnum
            3
            load-locals
            -2
            get-local
            vector-word-inputs
            -1
            get-local
            0
            get-local
            random-vector-inputs
            3
            drop-locals
        ]
        [ \ vbit-count execute ]
        2
        load-locals
        -1
        get-local
        ( -- inputs )
        call-effect
        simd-fuzz-case
        new
        swap
        >>inputs
        0
        get-local
        >>code
        2
        drop-locals
    ]
    [
        [
            [ { uchar-16 } declare \ vbit-count execute ]
            input<sequence
        ]
        \ ( gensym )
        \ ( gensym )
        [ = ]
        check-simd-fuzz-case
    ]
}
Fuzz Test: {
    [
        [
            { +vector+ +vector+ -> +vector+ }
            \ uchar-16
            \ fixnum
            3
            load-locals
            -2
            get-local
            vector-word-inputs
            -1
            get-local
            0
            get-local
            random-vector-inputs
            3
            drop-locals
        ]
        [ \ vmin execute ]
        2
        load-locals
        -1
        get-local
        ( -- inputs )
        call-effect
        simd-fuzz-case
        new
        swap
        >>inputs
        0
        get-local
        >>code
        2
        drop-locals
    ]
    [
        [
            [ { uchar-16 uchar-16 } declare \ vmin execute ]
            input<sequence
        ]
        \ ( gensym )
        \ ( gensym )
        [ = ]
        check-simd-fuzz-case
    ]
}
Fuzz Test: {
    [
        [
            { +vector+ -> +vector+ }
            \ uchar-16
            \ fixnum
            3
            load-locals
            -2
            get-local
            vector-word-inputs
            -1
            get-local
            0
            get-local
            random-vector-inputs
            3
            drop-locals
        ]
        [ \ vround execute ]
        2
        load-locals
        -1
        get-local
        ( -- inputs )
        call-effect
        simd-fuzz-case
        new
        swap
        >>inputs
        0
        get-local
        >>code
        2
        drop-locals
    ]
    [
        [
            [ { uchar-16 } declare \ vround execute ]
            input<sequence
        ]
        \ ( gensym )
        \ ( gensym )
        [ = ]
        check-simd-fuzz-case
    ]
}
Fuzz Test: {
    [
        [
            { +vector+ +vector+ -> +vector+ }
            \ uchar-16
            \ fixnum
            3
            load-locals
            -2
            get-local
            vector-word-inputs
            -1
            get-local
            0
            get-local
            random-vector-inputs
            3
            drop-locals
        ]
        [ \ vs- execute ]
        2
        load-locals
        -1
        get-local
        ( -- inputs )
        call-effect
        simd-fuzz-case
        new
        swap
        >>inputs
        0
        get-local
        >>code
        2
        drop-locals
    ]
    [
        [
            [ { uchar-16 uchar-16 } declare \ vs- execute ]
            input<sequence
        ]
        \ ( gensym )
        \ ( gensym )
        [ = ]
        check-simd-fuzz-case
    ]
}
Fuzz Test: {
    [
        [
            { +vector+ +vector+ -> +vector+ }
            \ uchar-16
            \ fixnum
            3
            load-locals
            -2
            get-local
            vector-word-inputs
            -1
            get-local
            0
            get-local
            random-vector-inputs
            3
            drop-locals
        ]
        [ \ vs+ execute ]
        2
        load-locals
        -1
        get-local
        ( -- inputs )
        call-effect
        simd-fuzz-case
        new
        swap
        >>inputs
        0
        get-local
        >>code
        2
        drop-locals
    ]
    [
        [
            [ { uchar-16 uchar-16 } declare \ vs+ execute ]
            input<sequence
        ]
        \ ( gensym )
        \ ( gensym )
        [ = ]
        check-simd-fuzz-case
    ]
}
Fuzz Test: {
    [
        [
            { +vector+ +vector+ -> +vector+ }
            \ uchar-16
            \ fixnum
            3
            load-locals
            -2
            get-local
            vector-word-inputs
            -1
            get-local
            0
            get-local
            random-vector-inputs
            3
            drop-locals
        ]
        [ \ vs* execute ]
        2
        load-locals
        -1
        get-local
        ( -- inputs )
        call-effect
        simd-fuzz-case
        new
        swap
        >>inputs
        0
        get-local
        >>code
        2
        drop-locals
    ]
    [
        [
            [ { uchar-16 uchar-16 } declare \ vs* execute ]
            input<sequence
        ]
        \ ( gensym )
        \ ( gensym )
        [ = ]
        check-simd-fuzz-case
    ]
}
Fuzz Test: {
    [
        [
            { +vector+ -> +scalar+ }
            \ uchar-16
            \ fixnum
            3
            load-locals
            -2
            get-local
            vector-word-inputs
            -1
            get-local
            0
            get-local
            random-vector-inputs
            3
            drop-locals
        ]
        [ \ vmax-element execute ]
        2
        load-locals
        -1
        get-local
        ( -- inputs )
        call-effect
        simd-fuzz-case
        new
        swap
        >>inputs
        0
        get-local
        >>code
        2
        drop-locals
    ]
    [
        [
            [ { uchar-16 } declare \ vmax-element execute ]
            input<sequence
        ]
        \ ( gensym )
        \ ( gensym )
        [ = ]
        check-simd-fuzz-case
    ]
}
Fuzz Test: {
    [
        [
            { +vector+ +vector+ -> +vector+ }
            \ uchar-16
            \ fixnum
            3
            load-locals
            -2
            get-local
            vector-word-inputs
            -1
            get-local
            0
            get-local
            random-vector-inputs
            3
            drop-locals
        ]
        [ \ vmax execute ]
        2
        load-locals
        -1
        get-local
        ( -- inputs )
        call-effect
        simd-fuzz-case
        new
        swap
        >>inputs
        0
        get-local
        >>code
        2
        drop-locals
    ]
    [
        [
            [ { uchar-16 uchar-16 } declare \ vmax execute ]
            input<sequence
        ]
        \ ( gensym )
        \ ( gensym )
        [ = ]
        check-simd-fuzz-case
    ]
}
Fuzz Test: {
    [
        [
            { +vector+ +vector+ -> +vector+ }
            \ uchar-16
            \ fixnum
            3
            load-locals
            -2
            get-local
            vector-word-inputs
            -1
            get-local
            0
            get-local
            random-vector-inputs
            3
            drop-locals
        ]
        [ \ v<= execute ]
        2
        load-locals
        -1
        get-local
        ( -- inputs )
        call-effect
        simd-fuzz-case
        new
        swap
        >>inputs
        0
        get-local
        >>code
        2
        drop-locals
    ]
    [
        [
            [ { uchar-16 uchar-16 } declare \ v<= execute ]
            input<sequence
        ]
        \ ( gensym )
        \ ( gensym )
        [ = ]
        check-simd-fuzz-case
    ]
}
Fuzz Test: {
    [
        [
            { +scalar+ +vector+ -> +vector+ }
            \ uchar-16
            \ fixnum
            3
            load-locals
            -2
            get-local
            vector-word-inputs
            -1
            get-local
            0
            get-local
            random-vector-inputs
            3
            drop-locals
        ]
        [ \ n*v execute ]
        2
        load-locals
        -1
        get-local
        ( -- inputs )
        call-effect
        simd-fuzz-case
        new
        swap
        >>inputs
        0
        get-local
        >>code
        2
        drop-locals
    ]
    [
        [
            [ { fixnum uchar-16 } declare \ n*v execute ]
            input<sequence
        ]
        \ ( gensym )
        \ ( gensym )
        [ = ]
        check-simd-fuzz-case
    ]
}
Fuzz Test: {
    [
        [
            { +vector+ +scalar+ -> +vector+ }
            \ uchar-16
            \ fixnum
            3
            load-locals
            -2
            get-local
            vector-word-inputs
            -1
            get-local
            0
            get-local
            random-vector-inputs
            3
            drop-locals
        ]
        [ \ v*n execute ]
        2
        load-locals
        -1
        get-local
        ( -- inputs )
        call-effect
        simd-fuzz-case
        new
        swap
        >>inputs
        0
        get-local
        >>code
        2
        drop-locals
    ]
    [
        [
            [ { uchar-16 fixnum } declare \ v*n execute ]
            input<sequence
        ]
        \ ( gensym )
        \ ( gensym )
        [ = ]
        check-simd-fuzz-case
    ]
}
Fuzz Test: {
    [
        [
            { +vector+ +scalar+ -> +vector+ }
            \ uchar-16
            \ fixnum
            3
            load-locals
            -2
            get-local
            vector-word-inputs
            -1
            get-local
            0
            get-local
            random-vector-inputs
            3
            drop-locals
        ]
        [ \ vrshift execute ]
        2
        load-locals
        -1
        get-local
        ( -- inputs )
        call-effect
        simd-fuzz-case
        new
        swap
        >>inputs
        0
        get-local
        >>code
        2
        drop-locals
    ]
    [
        [
            [ { uchar-16 fixnum } declare \ vrshift execute ]
            input<sequence
        ]
        \ ( gensym )
        \ ( gensym )
        [ = ]
        check-simd-fuzz-case
    ]
}
Fuzz Test: {
    [
        [
            { +vector+ +vector+ -> +scalar+ }
            \ uchar-16
            \ fixnum
            3
            load-locals
            -2
            get-local
            vector-word-inputs
            -1
            get-local
            0
            get-local
            random-vector-inputs
            3
            drop-locals
        ]
        [ \ vsad execute ]
        2
        load-locals
        -1
        get-local
        ( -- inputs )
        call-effect
        simd-fuzz-case
        new
        swap
        >>inputs
        0
        get-local
        >>code
        2
        drop-locals
    ]
    [
        [
            [ { uchar-16 uchar-16 } declare \ vsad execute ]
            input<sequence
        ]
        \ ( gensym )
        \ ( gensym )
        [ = ]
        check-simd-fuzz-case
    ]
}
Fuzz Test: {
    [
        [
            { +vector+ +vector+ -> +vector+ }
            \ uchar-16
            \ fixnum
            3
            load-locals
            -2
            get-local
            vector-word-inputs
            -1
            get-local
            0
            get-local
            random-vector-inputs
            3
            drop-locals
        ]
        [ \ v*high execute ]
        2
        load-locals
        -1
        get-local
        ( -- inputs )
        call-effect
        simd-fuzz-case
        new
        swap
        >>inputs
        0
        get-local
        >>code
        2
        drop-locals
    ]
    [
        [
            [ { uchar-16 uchar-16 } declare \ v*high execute ]
            input<sequence
        ]
        \ ( gensym )
        \ ( gensym )
        [ = ]
        check-simd-fuzz-case
    ]
}
Fuzz Test: {
    [
        [
            { +vector+ -> +vector+ }
            \ uchar-16
            \ fixnum
            3
            load-locals
            -2
            get-local
            vector-word-inputs
            -1
            get-local
            0
            get-local
            random-vector-inputs
            3
            drop-locals
        ]
        [ \ vtruncate execute ]
        2
        load-locals
        -1
        get-local
        ( -- inputs )
        call-effect
        simd-fuzz-case
        new
        swap
        >>inputs
        0
        get-local
        >>code
        2
        drop-locals
    ]
    [
        [
            [ { uchar-16 } declare \ vtruncate execute ]
            input<sequence
        ]
        \ ( gensym )
        \ ( gensym )
        [ = ]
        check-simd-fuzz-case
    ]
}
Fuzz Test: {
    [
        [
            { +vector+ +vector+ -> +vector+ }
            \ uchar-16
            \ fixnum
            3
            load-locals
            -2
            get-local
            vector-word-inputs
            -1
            get-local
            0
            get-local
            random-vector-inputs
            3
            drop-locals
        ]
        [ \ vbitandn execute ]
        2
        load-locals
        -1
        get-local
        ( -- inputs )
        call-effect
        simd-fuzz-case
        new
        swap
        >>inputs
        0
        get-local
        >>code
        2
        drop-locals
    ]
    [
        [
            [ { uchar-16 uchar-16 } declare \ vbitandn execute ]
            input<sequence
        ]
        \ ( gensym )
        \ ( gensym )
        [ = ]
        check-simd-fuzz-case
    ]
}
Fuzz Test: {
    [
        [
            { +vector+ -> +vector+ }
            \ uchar-16
            \ fixnum
            3
            load-locals
            -2
            get-local
            vector-word-inputs
            -1
            get-local
            0
            get-local
            random-vector-inputs
            3
            drop-locals
        ]
        [ \ vneg execute ]
        2
        load-locals
        -1
        get-local
        ( -- inputs )
        call-effect
        simd-fuzz-case
        new
        swap
        >>inputs
        0
        get-local
        >>code
        2
        drop-locals
    ]
    [
        [
            [ { uchar-16 } declare \ vneg execute ]
            input<sequence
        ]
        \ ( gensym )
        \ ( gensym )
        [ = ]
        check-simd-fuzz-case
    ]
}
Fuzz Test: {
    [
        [
            { +scalar+ +vector+ -> +vector+ }
            \ uchar-16
            \ fixnum
            3
            load-locals
            -2
            get-local
            vector-word-inputs
            -1
            get-local
            0
            get-local
            random-vector-inputs
            3
            drop-locals
        ]
        [ \ n-v execute ]
        2
        load-locals
        -1
        get-local
        ( -- inputs )
        call-effect
        simd-fuzz-case
        new
        swap
        >>inputs
        0
        get-local
        >>code
        2
        drop-locals
    ]
    [
        [
            [ { fixnum uchar-16 } declare \ n-v execute ]
            input<sequence
        ]
        \ ( gensym )
        \ ( gensym )
        [ = ]
        check-simd-fuzz-case
    ]
}
Fuzz Test: {
    [
        [
            { +vector+ +vector+ -> +vector+ }
            \ uchar-16
            \ fixnum
            3
            load-locals
            -2
            get-local
            vector-word-inputs
            -1
            get-local
            0
            get-local
            random-vector-inputs
            3
            drop-locals
        ]
        [ \ (vmerge-tail) execute ]
        2
        load-locals
        -1
        get-local
        ( -- inputs )
        call-effect
        simd-fuzz-case
        new
        swap
        >>inputs
        0
        get-local
        >>code
        2
        drop-locals
    ]
    [
        [
            [
                { uchar-16 uchar-16 }
                declare
                \ (vmerge-tail)
                execute
            ]
            input<sequence
        ]
        \ ( gensym )
        \ ( gensym )
        [ = ]
        check-simd-fuzz-case
    ]
}
Fuzz Test: {
    [
        [
            { +vector+ +scalar+ -> +vector+ }
            \ uchar-16
            \ fixnum
            3
            load-locals
            -2
            get-local
            vector-word-inputs
            -1
            get-local
            0
            get-local
            random-vector-inputs
            3
            drop-locals
        ]
        [ \ v-n execute ]
        2
        load-locals
        -1
        get-local
        ( -- inputs )
        call-effect
        simd-fuzz-case
        new
        swap
        >>inputs
        0
        get-local
        >>code
        2
        drop-locals
    ]
    [
        [
            [ { uchar-16 fixnum } declare \ v-n execute ]
            input<sequence
        ]
        \ ( gensym )
        \ ( gensym )
        [ = ]
        check-simd-fuzz-case
    ]
}
Fuzz Test: {
    [
        [
            { +vector+ +vector+ -> +vector+ }
            \ uchar-16
            \ fixnum
            3
            load-locals
            -2
            get-local
            vector-word-inputs
            -1
            get-local
            0
            get-local
            random-vector-inputs
            3
            drop-locals
        ]
        [ \ v+- execute ]
        2
        load-locals
        -1
        get-local
        ( -- inputs )
        call-effect
        simd-fuzz-case
        new
        swap
        >>inputs
        0
        get-local
        >>code
        2
        drop-locals
    ]
    [
        [
            [ { uchar-16 uchar-16 } declare \ v+- execute ]
            input<sequence
        ]
        \ ( gensym )
        \ ( gensym )
        [ = ]
        check-simd-fuzz-case
    ]
}
Fuzz Test: {
    [
        [
            { +vector+ -> +vector+ }
            \ uchar-16
            \ fixnum
            3
            load-locals
            -2
            get-local
            vector-word-inputs
            -1
            get-local
            0
            get-local
            random-vector-inputs
            3
            drop-locals
        ]
        [ \ vbitnot execute ]
        2
        load-locals
        -1
        get-local
        ( -- inputs )
        call-effect
        simd-fuzz-case
        new
        swap
        >>inputs
        0
        get-local
        >>code
        2
        drop-locals
    ]
    [
        [
            [ { uchar-16 } declare \ vbitnot execute ]
            input<sequence
        ]
        \ ( gensym )
        \ ( gensym )
        [ = ]
        check-simd-fuzz-case
    ]
}
Fuzz Test: {
    [
        [
            { +vector+ -> +vector+ }
            \ uchar-16
            \ fixnum
            3
            load-locals
            -2
            get-local
            vector-word-inputs
            -1
            get-local
            0
            get-local
            random-vector-inputs
            3
            drop-locals
        ]
        [ \ vbit-reverse execute ]
        2
        load-locals
        -1
        get-local
        ( -- inputs )
        call-effect
        simd-fuzz-case
        new
        swap
        >>inputs
        0
        get-local
        >>code
        2
        drop-locals
    ]
    [
        [
            [ { uchar-16 } declare \ vbit-reverse execute ]
            input<sequence
        ]
        \ ( gensym )
        \ ( gensym )
        [ = ]
        check-simd-fuzz-case
    ]
}
Fuzz Test: {
    [
        [
            { +vector+ -> +vector+ }
            \ uchar-16
            \ fixnum
            3
            load-locals
            -2
            get-local
            vector-word-inputs
            -1
            get-local
            0
            get-local
            random-vector-inputs
            3
            drop-locals
        ]
        [ \ vceiling execute ]
        2
        load-locals
        -1
        get-local
        ( -- inputs )
        call-effect
        simd-fuzz-case
        new
        swap
        >>inputs
        0
        get-local
        >>code
        2
        drop-locals
    ]
    [
        [
            [ { uchar-16 } declare \ vceiling execute ]
            input<sequence
        ]
        \ ( gensym )
        \ ( gensym )
        [ = ]
        check-simd-fuzz-case
    ]
}
Fuzz Test: {
    [
        [
            { +vector+ -> +nonnegative+ }
            \ uchar-16
            \ fixnum
            3
            load-locals
            -2
            get-local
            vector-word-inputs
            -1
            get-local
            0
            get-local
            random-vector-inputs
            3
            drop-locals
        ]
        [ \ norm execute ]
        2
        load-locals
        -1
        get-local
        ( -- inputs )
        call-effect
        simd-fuzz-case
        new
        swap
        >>inputs
        0
        get-local
        >>code
        2
        drop-locals
    ]
    [
        [
            [ { uchar-16 } declare \ norm execute ]
            input<sequence
        ]
        \ ( gensym )
        \ ( gensym )
        [ = ]
        check-simd-fuzz-case
    ]
}
Fuzz Test: {
    [
        [
            { +vector+ -> +scalar+ }
            \ uchar-16
            \ fixnum
            3
            load-locals
            -2
            get-local
            vector-word-inputs
            -1
            get-local
            0
            get-local
            random-vector-inputs
            3
            drop-locals
        ]
        [ \ vmin-element execute ]
        2
        load-locals
        -1
        get-local
        ( -- inputs )
        call-effect
        simd-fuzz-case
        new
        swap
        >>inputs
        0
        get-local
        >>code
        2
        drop-locals
    ]
    [
        [
            [ { uchar-16 } declare \ vmin-element execute ]
            input<sequence
        ]
        \ ( gensym )
        \ ( gensym )
        [ = ]
        check-simd-fuzz-case
    ]
}
Fuzz Test: {
    [
        [
            { +vector+ +vector+ -> +vector+ }
            \ uchar-16
            \ fixnum
            3
            load-locals
            -2
            get-local
            vector-word-inputs
            -1
            get-local
            0
            get-local
            random-vector-inputs
            3
            drop-locals
        ]
        [ \ vbitand execute ]
        2
        load-locals
        -1
        get-local
        ( -- inputs )
        call-effect
        simd-fuzz-case
        new
        swap
        >>inputs
        0
        get-local
        >>code
        2
        drop-locals
    ]
    [
        [
            [ { uchar-16 uchar-16 } declare \ vbitand execute ]
            input<sequence
        ]
        \ ( gensym )
        \ ( gensym )
        [ = ]
        check-simd-fuzz-case
    ]
}
Fuzz Test: {
    [
        [
            { +vector+ +scalar+ -> +vector+ }
            \ uchar-16
            \ fixnum
            3
            load-locals
            -2
            get-local
            vector-word-inputs
            -1
            get-local
            0
            get-local
            random-vector-inputs
            3
            drop-locals
        ]
        [ \ vlshift execute ]
        2
        load-locals
        -1
        get-local
        ( -- inputs )
        call-effect
        simd-fuzz-case
        new
        swap
        >>inputs
        0
        get-local
        >>code
        2
        drop-locals
    ]
    [
        [
            [ { uchar-16 fixnum } declare \ vlshift execute ]
            input<sequence
        ]
        \ ( gensym )
        \ ( gensym )
        [ = ]
        check-simd-fuzz-case
    ]
}
Fuzz Test: {
    [
        [
            { +vector+ +vector+ -> +vector+ }
            \ uchar-16
            \ fixnum
            3
            load-locals
            -2
            get-local
            vector-word-inputs
            -1
            get-local
            0
            get-local
            random-vector-inputs
            3
            drop-locals
        ]
        [ \ (vmerge-head) execute ]
        2
        load-locals
        -1
        get-local
        ( -- inputs )
        call-effect
        simd-fuzz-case
        new
        swap
        >>inputs
        0
        get-local
        >>code
        2
        drop-locals
    ]
    [
        [
            [
                { uchar-16 uchar-16 }
                declare
                \ (vmerge-head)
                execute
            ]
            input<sequence
        ]
        \ ( gensym )
        \ ( gensym )
        [ = ]
        check-simd-fuzz-case
    ]
}
Fuzz Test: {
    [
        [
            { +vector+ +vector+ -> +vector+ }
            \ uchar-16
            \ fixnum
            3
            load-locals
            -2
            get-local
            vector-word-inputs
            -1
            get-local
            0
            get-local
            random-vector-inputs
            3
            drop-locals
        ]
        [ \ vunordered? execute ]
        2
        load-locals
        -1
        get-local
        ( -- inputs )
        call-effect
        simd-fuzz-case
        new
        swap
        >>inputs
        0
        get-local
        >>code
        2
        drop-locals
    ]
    [
        [
            [
                { uchar-16 uchar-16 }
                declare
                \ vunordered?
                execute
            ]
            input<sequence
        ]
        \ ( gensym )
        \ ( gensym )
        [ = ]
        check-simd-fuzz-case
    ]
}
Fuzz Test: {
    [
        [
            { +vector+ -> +scalar+ }
            \ uchar-16
            \ fixnum
            3
            load-locals
            -2
            get-local
            vector-word-inputs
            -1
            get-local
            0
            get-local
            random-vector-inputs
            3
            drop-locals
        ]
        [ \ sum execute ]
        2
        load-locals
        -1
        get-local
        ( -- inputs )
        call-effect
        simd-fuzz-case
        new
        swap
        >>inputs
        0
        get-local
        >>code
        2
        drop-locals
    ]
    [
        [
            [ { uchar-16 } declare \ sum execute ]
            input<sequence
        ]
        \ ( gensym )
        \ ( gensym )
        [ = ]
        check-simd-fuzz-case
    ]
}
Fuzz Test: {
    [
        [
            { +vector+ -> +vector+ }
            \ uchar-16
            \ fixnum
            3
            load-locals
            -2
            get-local
            vector-word-inputs
            -1
            get-local
            0
            get-local
            random-vector-inputs
            3
            drop-locals
        ]
        [ \ vround-to-even execute ]
        2
        load-locals
        -1
        get-local
        ( -- inputs )
        call-effect
        simd-fuzz-case
        new
        swap
        >>inputs
        0
        get-local
        >>code
        2
        drop-locals
    ]
    [
        [
            [ { uchar-16 } declare \ vround-to-even execute ]
            input<sequence
        ]
        \ ( gensym )
        \ ( gensym )
        [ = ]
        check-simd-fuzz-case
    ]
}
Fuzz Test: {
    [
        [
            { +vector+ -> +vector+ }
            \ uchar-16
            \ fixnum
            3
            load-locals
            -2
            get-local
            vector-word-inputs
            -1
            get-local
            0
            get-local
            random-vector-inputs
            3
            drop-locals
        ]
        [ \ vctz execute ]
        2
        load-locals
        -1
        get-local
        ( -- inputs )
        call-effect
        simd-fuzz-case
        new
        swap
        >>inputs
        0
        get-local
        >>code
        2
        drop-locals
    ]
    [
        [
            [ { uchar-16 } declare \ vctz execute ]
            input<sequence
        ]
        \ ( gensym )
        \ ( gensym )
        [ = ]
        check-simd-fuzz-case
    ]
}
Fuzz Test: {
    [
        [
            { +vector+ -> +vector+ }
            \ uchar-16
            \ fixnum
            3
            load-locals
            -2
            get-local
            vector-word-inputs
            -1
            get-local
            0
            get-local
            random-vector-inputs
            3
            drop-locals
        ]
        [ \ vfloor execute ]
        2
        load-locals
        -1
        get-local
        ( -- inputs )
        call-effect
        simd-fuzz-case
        new
        swap
        >>inputs
        0
        get-local
        >>code
        2
        drop-locals
    ]
    [
        [
            [ { uchar-16 } declare \ vfloor execute ]
            input<sequence
        ]
        \ ( gensym )
        \ ( gensym )
        [ = ]
        check-simd-fuzz-case
    ]
}
Fuzz Test: {
    [
        [
            { +vector+ +vector+ -> +vector+ }
            \ uchar-16
            \ fixnum
            3
            load-locals
            -2
            get-local
            vector-word-inputs
            -1
            get-local
            0
            get-local
            random-vector-inputs
            3
            drop-locals
        ]
        [ \ v*hs+ execute ]
        2
        load-locals
        -1
        get-local
        ( -- inputs )
        call-effect
        simd-fuzz-case
        new
        swap
        >>inputs
        0
        get-local
        >>code
        2
        drop-locals
    ]
    [
        [
            [ { uchar-16 uchar-16 } declare \ v*hs+ execute ]
            input<sequence
        ]
        \ ( gensym )
        \ ( gensym )
        [ = ]
        check-simd-fuzz-case
    ]
}
Fuzz Test: {
    [
        [
            { +vector+ +vector+ -> +vector+ }
            \ uchar-16
            \ fixnum
            3
            load-locals
            -2
            get-local
            vector-word-inputs
            -1
            get-local
            0
            get-local
            random-vector-inputs
            3
            drop-locals
        ]
        [ \ vbitor execute ]
        2
        load-locals
        -1
        get-local
        ( -- inputs )
        call-effect
        simd-fuzz-case
        new
        swap
        >>inputs
        0
        get-local
        >>code
        2
        drop-locals
    ]
    [
        [
            [ { uchar-16 uchar-16 } declare \ vbitor execute ]
            input<sequence
        ]
        \ ( gensym )
        \ ( gensym )
        [ = ]
        check-simd-fuzz-case
    ]
}
Fuzz Test: {
    [
        [
            { +vector+ +vector+ -> +vector+ }
            \ uchar-16
            \ fixnum
            3
            load-locals
            -2
            get-local
            vector-word-inputs
            -1
            get-local
            0
            get-local
            random-vector-inputs
            3
            drop-locals
        ]
        [ \ v>= execute ]
        2
        load-locals
        -1
        get-local
        ( -- inputs )
        call-effect
        simd-fuzz-case
        new
        swap
        >>inputs
        0
        get-local
        >>code
        2
        drop-locals
    ]
    [
        [
            [ { uchar-16 uchar-16 } declare \ v>= execute ]
            input<sequence
        ]
        \ ( gensym )
        \ ( gensym )
        [ = ]
        check-simd-fuzz-case
    ]
}
Fuzz Test: {
    [
        [
            { +vector+ +vector+ -> +vector+ }
            \ uchar-16
            \ fixnum
            3
            load-locals
            -2
            get-local
            vector-word-inputs
            -1
            get-local
            0
            get-local
            random-vector-inputs
            3
            drop-locals
        ]
        [ \ [v-] execute ]
        2
        load-locals
        -1
        get-local
        ( -- inputs )
        call-effect
        simd-fuzz-case
        new
        swap
        >>inputs
        0
        get-local
        >>code
        2
        drop-locals
    ]
    [
        [
            [ { uchar-16 uchar-16 } declare \ [v-] execute ]
            input<sequence
        ]
        \ ( gensym )
        \ ( gensym )
        [ = ]
        check-simd-fuzz-case
    ]
}
Fuzz Test: {
    [
        [
            { +vector+ +vector+ -> +vector+ }
            \ uchar-16
            \ fixnum
            3
            load-locals
            -2
            get-local
            vector-word-inputs
            -1
            get-local
            0
            get-local
            random-vector-inputs
            3
            drop-locals
        ]
        [ \ vavg execute ]
        2
        load-locals
        -1
        get-local
        ( -- inputs )
        call-effect
        simd-fuzz-case
        new
        swap
        >>inputs
        0
        get-local
        >>code
        2
        drop-locals
    ]
    [
        [
            [ { uchar-16 uchar-16 } declare \ vavg execute ]
            input<sequence
        ]
        \ ( gensym )
        \ ( gensym )
        [ = ]
        check-simd-fuzz-case
    ]
}
Fuzz Test: {
    [
        [
            { +vector+ +vector+ -> +vector+ }
            \ uchar-16
            \ fixnum
            3
            load-locals
            -2
            get-local
            vector-word-inputs
            -1
            get-local
            0
            get-local
            random-vector-inputs
            3
            drop-locals
        ]
        [ \ vbitxor execute ]
        2
        load-locals
        -1
        get-local
        ( -- inputs )
        call-effect
        simd-fuzz-case
        new
        swap
        >>inputs
        0
        get-local
        >>code
        2
        drop-locals
    ]
    [
        [
            [ { uchar-16 uchar-16 } declare \ vbitxor execute ]
            input<sequence
        ]
        \ ( gensym )
        \ ( gensym )
        [ = ]
        check-simd-fuzz-case
    ]
}
Fuzz Test: {
    [
        [
            { +vector+ +vector+ -> +vector+ }
            \ uchar-16
            \ fixnum
            3
            load-locals
            -2
            get-local
            vector-word-inputs
            -1
            get-local
            0
            get-local
            random-vector-inputs
            3
            drop-locals
        ]
        [ \ v= execute ]
        2
        load-locals
        -1
        get-local
        ( -- inputs )
        call-effect
        simd-fuzz-case
        new
        swap
        >>inputs
        0
        get-local
        >>code
        2
        drop-locals
    ]
    [
        [
            [ { uchar-16 uchar-16 } declare \ v= execute ]
            input<sequence
        ]
        \ ( gensym )
        \ ( gensym )
        [ = ]
        check-simd-fuzz-case
    ]
}
Fuzz Test: {
    [
        [
            { +vector+ -> +vector+ }
            \ uchar-16
            \ fixnum
            3
            load-locals
            -2
            get-local
            vector-word-inputs
            -1
            get-local
            0
            get-local
            random-vector-inputs
            3
            drop-locals
        ]
        [ \ vabs execute ]
        2
        load-locals
        -1
        get-local
        ( -- inputs )
        call-effect
        simd-fuzz-case
        new
        swap
        >>inputs
        0
        get-local
        >>code
        2
        drop-locals
    ]
    [
        [
            [ { uchar-16 } declare \ vabs execute ]
            input<sequence
        ]
        \ ( gensym )
        \ ( gensym )
        [ = ]
        check-simd-fuzz-case
    ]
}
Fuzz Test: {
    [
        [
            { +vector+ +vector+ -> +vector+ }
            \ uchar-16
            \ fixnum
            3
            load-locals
            -2
            get-local
            vector-word-inputs
            -1
            get-local
            0
            get-local
            random-vector-inputs
            3
            drop-locals
        ]
        [ \ v* execute ]
        2
        load-locals
        -1
        get-local
        ( -- inputs )
        call-effect
        simd-fuzz-case
        new
        swap
        >>inputs
        0
        get-local
        >>code
        2
        drop-locals
    ]
    [
        [
            [ { uchar-16 uchar-16 } declare \ v* execute ]
            input<sequence
        ]
        \ ( gensym )
        \ ( gensym )
        [ = ]
        check-simd-fuzz-case
    ]
}
Fuzz Test: {
    [
        [
            { +vector+ +vector+ -> +vector+ }
            \ uchar-16
            \ fixnum
            3
            load-locals
            -2
            get-local
            vector-word-inputs
            -1
            get-local
            0
            get-local
            random-vector-inputs
            3
            drop-locals
        ]
        [ \ v< execute ]
        2
        load-locals
        -1
        get-local
        ( -- inputs )
        call-effect
        simd-fuzz-case
        new
        swap
        >>inputs
        0
        get-local
        >>code
        2
        drop-locals
    ]
    [
        [
            [ { uchar-16 uchar-16 } declare \ v< execute ]
            input<sequence
        ]
        \ ( gensym )
        \ ( gensym )
        [ = ]
        check-simd-fuzz-case
    ]
}
Fuzz Test: {
    [
        [
            { +vector+ +scalar+ -> +vector+ }
            \ uchar-16
            \ fixnum
            3
            load-locals
            -2
            get-local
            vector-word-inputs
            -1
            get-local
            0
            get-local
            random-vector-inputs
            3
            drop-locals
        ]
        [ \ v+n execute ]
        2
        load-locals
        -1
        get-local
        ( -- inputs )
        call-effect
        simd-fuzz-case
        new
        swap
        >>inputs
        0
        get-local
        >>code
        2
        drop-locals
    ]
    [
        [
            [ { uchar-16 fixnum } declare \ v+n execute ]
            input<sequence
        ]
        \ ( gensym )
        \ ( gensym )
        [ = ]
        check-simd-fuzz-case
    ]
}
Fuzz Test: {
    [
        [
            { +vector+ +vector+ -> +scalar+ }
            \ uchar-16
            \ fixnum
            3
            load-locals
            -2
            get-local
            vector-word-inputs
            -1
            get-local
            0
            get-local
            random-vector-inputs
            3
            drop-locals
        ]
        [ \ vdot execute ]
        2
        load-locals
        -1
        get-local
        ( -- inputs )
        call-effect
        simd-fuzz-case
        new
        swap
        >>inputs
        0
        get-local
        >>code
        2
        drop-locals
    ]
    [
        [
            [ { uchar-16 uchar-16 } declare \ vdot execute ]
            input<sequence
        ]
        \ ( gensym )
        \ ( gensym )
        [ = ]
        check-simd-fuzz-case
    ]
}
Fuzz Test: {
    [
        [
            { +vector+ +vector+ -> +vector+ }
            \ uchar-16
            \ fixnum
            3
            load-locals
            -2
            get-local
            vector-word-inputs
            -1
            get-local
            0
            get-local
            random-vector-inputs
            3
            drop-locals
        ]
        [ \ v> execute ]
        2
        load-locals
        -1
        get-local
        ( -- inputs )
        call-effect
        simd-fuzz-case
        new
        swap
        >>inputs
        0
        get-local
        >>code
        2
        drop-locals
    ]
    [
        [
            [ { uchar-16 uchar-16 } declare \ v> execute ]
            input<sequence
        ]
        \ ( gensym )
        \ ( gensym )
        [ = ]
        check-simd-fuzz-case
    ]
}
Fuzz Test: {
    [
        [
            { +scalar+ +vector+ -> +vector+ }
            \ uchar-16
            \ fixnum
            3
            load-locals
            -2
            get-local
            vector-word-inputs
            -1
            get-local
            0
            get-local
            random-vector-inputs
            3
            drop-locals
        ]
        [ \ n+v execute ]
        2
        load-locals
        -1
        get-local
        ( -- inputs )
        call-effect
        simd-fuzz-case
        new
        swap
        >>inputs
        0
        get-local
        >>code
        2
        drop-locals
    ]
    [
        [
            [ { fixnum uchar-16 } declare \ n+v execute ]
            input<sequence
        ]
        \ ( gensym )
        \ ( gensym )
        [ = ]
        check-simd-fuzz-case
    ]
}
Fuzz Test: {
    [
        [
            { +vector+ -> +nonnegative+ }
            \ short-8
            \ fixnum
            3
            load-locals
            -2
            get-local
            vector-word-inputs
            -1
            get-local
            0
            get-local
            random-vector-inputs
            3
            drop-locals
        ]
        [ \ norm-sq execute ]
        2
        load-locals
        -1
        get-local
        ( -- inputs )
        call-effect
        simd-fuzz-case
        new
        swap
        >>inputs
        0
        get-local
        >>code
        2
        drop-locals
    ]
    [
        [
            [ { short-8 } declare \ norm-sq execute ]
            input<sequence
        ]
        \ ( gensym )
        \ ( gensym )
        [ = ]
        check-simd-fuzz-case
    ]
}
Fuzz Test: {
    [
        [
            { +vector+ +vector+ -> +vector+ }
            \ short-8
            \ fixnum
            3
            load-locals
            -2
            get-local
            vector-word-inputs
            -1
            get-local
            0
            get-local
            random-vector-inputs
            3
            drop-locals
        ]
        [ \ v- execute ]
        2
        load-locals
        -1
        get-local
        ( -- inputs )
        call-effect
        simd-fuzz-case
        new
        swap
        >>inputs
        0
        get-local
        >>code
        2
        drop-locals
    ]
    [
        [
            [ { short-8 short-8 } declare \ v- execute ]
            input<sequence
        ]
        \ ( gensym )
        \ ( gensym )
        [ = ]
        check-simd-fuzz-case
    ]
}
Fuzz Test: {
    [
        [
            { +vector+ +vector+ -> +vector+ }
            \ short-8
            \ fixnum
            3
            load-locals
            -2
            get-local
            vector-word-inputs
            -1
            get-local
            0
            get-local
            random-vector-inputs
            3
            drop-locals
        ]
        [ \ v+ execute ]
        2
        load-locals
        -1
        get-local
        ( -- inputs )
        call-effect
        simd-fuzz-case
        new
        swap
        >>inputs
        0
        get-local
        >>code
        2
        drop-locals
    ]
    [
        [
            [ { short-8 short-8 } declare \ v+ execute ]
            input<sequence
        ]
        \ ( gensym )
        \ ( gensym )
        [ = ]
        check-simd-fuzz-case
    ]
}
Fuzz Test: {
    [
        [
            { +vector+ -> +vector+ }
            \ short-8
            \ fixnum
            3
            load-locals
            -2
            get-local
            vector-word-inputs
            -1
            get-local
            0
            get-local
            random-vector-inputs
            3
            drop-locals
        ]
        [ \ vclz execute ]
        2
        load-locals
        -1
        get-local
        ( -- inputs )
        call-effect
        simd-fuzz-case
        new
        swap
        >>inputs
        0
        get-local
        >>code
        2
        drop-locals
    ]
    [
        [
            [ { short-8 } declare \ vclz execute ]
            input<sequence
        ]
        \ ( gensym )
        \ ( gensym )
        [ = ]
        check-simd-fuzz-case
    ]
}
Fuzz Test: {
    [
        [
            { +vector+ +vector+ -> +vector+ }
            \ short-8
            \ fixnum
            3
            load-locals
            -2
            get-local
            vector-word-inputs
            -1
            get-local
            0
            get-local
            random-vector-inputs
            3
            drop-locals
        ]
        [ \ vabsdiff execute ]
        2
        load-locals
        -1
        get-local
        ( -- inputs )
        call-effect
        simd-fuzz-case
        new
        swap
        >>inputs
        0
        get-local
        >>code
        2
        drop-locals
    ]
    [
        [
            [ { short-8 short-8 } declare \ vabsdiff execute ]
            input<sequence
        ]
        \ ( gensym )
        \ ( gensym )
        [ = ]
        check-simd-fuzz-case
    ]
}
Fuzz Test: {
    [
        [
            { +vector+ -> +vector+ }
            \ short-8
            \ fixnum
            3
            load-locals
            -2
            get-local
            vector-word-inputs
            -1
            get-local
            0
            get-local
            random-vector-inputs
            3
            drop-locals
        ]
        [ \ vbit-count execute ]
        2
        load-locals
        -1
        get-local
        ( -- inputs )
        call-effect
        simd-fuzz-case
        new
        swap
        >>inputs
        0
        get-local
        >>code
        2
        drop-locals
    ]
    [
        [
            [ { short-8 } declare \ vbit-count execute ]
            input<sequence
        ]
        \ ( gensym )
        \ ( gensym )
        [ = ]
        check-simd-fuzz-case
    ]
}
Fuzz Test: {
    [
        [
            { +vector+ +vector+ -> +vector+ }
            \ short-8
            \ fixnum
            3
            load-locals
            -2
            get-local
            vector-word-inputs
            -1
            get-local
            0
            get-local
            random-vector-inputs
            3
            drop-locals
        ]
        [ \ vmin execute ]
        2
        load-locals
        -1
        get-local
        ( -- inputs )
        call-effect
        simd-fuzz-case
        new
        swap
        >>inputs
        0
        get-local
        >>code
        2
        drop-locals
    ]
    [
        [
            [ { short-8 short-8 } declare \ vmin execute ]
            input<sequence
        ]
        \ ( gensym )
        \ ( gensym )
        [ = ]
        check-simd-fuzz-case
    ]
}
Fuzz Test: {
    [
        [
            { +vector+ -> +vector+ }
            \ short-8
            \ fixnum
            3
            load-locals
            -2
            get-local
            vector-word-inputs
            -1
            get-local
            0
            get-local
            random-vector-inputs
            3
            drop-locals
        ]
        [ \ vround execute ]
        2
        load-locals
        -1
        get-local
        ( -- inputs )
        call-effect
        simd-fuzz-case
        new
        swap
        >>inputs
        0
        get-local
        >>code
        2
        drop-locals
    ]
    [
        [
            [ { short-8 } declare \ vround execute ]
            input<sequence
        ]
        \ ( gensym )
        \ ( gensym )
        [ = ]
        check-simd-fuzz-case
    ]
}
Fuzz Test: {
    [
        [
            { +vector+ +vector+ -> +vector+ }
            \ short-8
            \ fixnum
            3
            load-locals
            -2
            get-local
            vector-word-inputs
            -1
            get-local
            0
            get-local
            random-vector-inputs
            3
            drop-locals
        ]
        [ \ vs- execute ]
        2
        load-locals
        -1
        get-local
        ( -- inputs )
        call-effect
        simd-fuzz-case
        new
        swap
        >>inputs
        0
        get-local
        >>code
        2
        drop-locals
    ]
    [
        [
            [ { short-8 short-8 } declare \ vs- execute ]
            input<sequence
        ]
        \ ( gensym )
        \ ( gensym )
        [ = ]
        check-simd-fuzz-case
    ]
}
Fuzz Test: {
    [
        [
            { +vector+ +vector+ -> +vector+ }
            \ short-8
            \ fixnum
            3
            load-locals
            -2
            get-local
            vector-word-inputs
            -1
            get-local
            0
            get-local
            random-vector-inputs
            3
            drop-locals
        ]
        [ \ vs+ execute ]
        2
        load-locals
        -1
        get-local
        ( -- inputs )
        call-effect
        simd-fuzz-case
        new
        swap
        >>inputs
        0
        get-local
        >>code
        2
        drop-locals
    ]
    [
        [
            [ { short-8 short-8 } declare \ vs+ execute ]
            input<sequence
        ]
        \ ( gensym )
        \ ( gensym )
        [ = ]
        check-simd-fuzz-case
    ]
}
Fuzz Test: {
    [
        [
            { +vector+ +vector+ -> +vector+ }
            \ short-8
            \ fixnum
            3
            load-locals
            -2
            get-local
            vector-word-inputs
            -1
            get-local
            0
            get-local
            random-vector-inputs
            3
            drop-locals
        ]
        [ \ vs* execute ]
        2
        load-locals
        -1
        get-local
        ( -- inputs )
        call-effect
        simd-fuzz-case
        new
        swap
        >>inputs
        0
        get-local
        >>code
        2
        drop-locals
    ]
    [
        [
            [ { short-8 short-8 } declare \ vs* execute ]
            input<sequence
        ]
        \ ( gensym )
        \ ( gensym )
        [ = ]
        check-simd-fuzz-case
    ]
}
Fuzz Test: {
    [
        [
            { +vector+ -> +scalar+ }
            \ short-8
            \ fixnum
            3
            load-locals
            -2
            get-local
            vector-word-inputs
            -1
            get-local
            0
            get-local
            random-vector-inputs
            3
            drop-locals
        ]
        [ \ vmax-element execute ]
        2
        load-locals
        -1
        get-local
        ( -- inputs )
        call-effect
        simd-fuzz-case
        new
        swap
        >>inputs
        0
        get-local
        >>code
        2
        drop-locals
    ]
    [
        [
            [ { short-8 } declare \ vmax-element execute ]
            input<sequence
        ]
        \ ( gensym )
        \ ( gensym )
        [ = ]
        check-simd-fuzz-case
    ]
}
Fuzz Test: {
    [
        [
            { +vector+ +vector+ -> +vector+ }
            \ short-8
            \ fixnum
            3
            load-locals
            -2
            get-local
            vector-word-inputs
            -1
            get-local
            0
            get-local
            random-vector-inputs
            3
            drop-locals
        ]
        [ \ vmax execute ]
        2
        load-locals
        -1
        get-local
        ( -- inputs )
        call-effect
        simd-fuzz-case
        new
        swap
        >>inputs
        0
        get-local
        >>code
        2
        drop-locals
    ]
    [
        [
            [ { short-8 short-8 } declare \ vmax execute ]
            input<sequence
        ]
        \ ( gensym )
        \ ( gensym )
        [ = ]
        check-simd-fuzz-case
    ]
}
Fuzz Test: {
    [
        [
            { +vector+ +vector+ -> +vector+ }
            \ short-8
            \ fixnum
            3
            load-locals
            -2
            get-local
            vector-word-inputs
            -1
            get-local
            0
            get-local
            random-vector-inputs
            3
            drop-locals
        ]
        [ \ v<= execute ]
        2
        load-locals
        -1
        get-local
        ( -- inputs )
        call-effect
        simd-fuzz-case
        new
        swap
        >>inputs
        0
        get-local
        >>code
        2
        drop-locals
    ]
    [
        [
            [ { short-8 short-8 } declare \ v<= execute ]
            input<sequence
        ]
        \ ( gensym )
        \ ( gensym )
        [ = ]
        check-simd-fuzz-case
    ]
}
Fuzz Test: {
    [
        [
            { +scalar+ +vector+ -> +vector+ }
            \ short-8
            \ fixnum
            3
            load-locals
            -2
            get-local
            vector-word-inputs
            -1
            get-local
            0
            get-local
            random-vector-inputs
            3
            drop-locals
        ]
        [ \ n*v execute ]
        2
        load-locals
        -1
        get-local
        ( -- inputs )
        call-effect
        simd-fuzz-case
        new
        swap
        >>inputs
        0
        get-local
        >>code
        2
        drop-locals
    ]
    [
        [
            [ { fixnum short-8 } declare \ n*v execute ]
            input<sequence
        ]
        \ ( gensym )
        \ ( gensym )
        [ = ]
        check-simd-fuzz-case
    ]
}
Fuzz Test: {
    [
        [
            { +vector+ +scalar+ -> +vector+ }
            \ short-8
            \ fixnum
            3
            load-locals
            -2
            get-local
            vector-word-inputs
            -1
            get-local
            0
            get-local
            random-vector-inputs
            3
            drop-locals
        ]
        [ \ v*n execute ]
        2
        load-locals
        -1
        get-local
        ( -- inputs )
        call-effect
        simd-fuzz-case
        new
        swap
        >>inputs
        0
        get-local
        >>code
        2
        drop-locals
    ]
    [
        [
            [ { short-8 fixnum } declare \ v*n execute ]
            input<sequence
        ]
        \ ( gensym )
        \ ( gensym )
        [ = ]
        check-simd-fuzz-case
    ]
}
Fuzz Test: {
    [
        [
            { +vector+ +scalar+ -> +vector+ }
            \ short-8
            \ fixnum
            3
            load-locals
            -2
            get-local
            vector-word-inputs
            -1
            get-local
            0
            get-local
            random-vector-inputs
            3
            drop-locals
        ]
        [ \ vrshift execute ]
        2
        load-locals
        -1
        get-local
        ( -- inputs )
        call-effect
        simd-fuzz-case
        new
        swap
        >>inputs
        0
        get-local
        >>code
        2
        drop-locals
    ]
    [
        [
            [ { short-8 fixnum } declare \ vrshift execute ]
            input<sequence
        ]
        \ ( gensym )
        \ ( gensym )
        [ = ]
        check-simd-fuzz-case
    ]
}
Fuzz Test: {
    [
        [
            { +vector+ +vector+ -> +scalar+ }
            \ short-8
            \ fixnum
            3
            load-locals
            -2
            get-local
            vector-word-inputs
            -1
            get-local
            0
            get-local
            random-vector-inputs
            3
            drop-locals
        ]
        [ \ vsad execute ]
        2
        load-locals
        -1
        get-local
        ( -- inputs )
        call-effect
        simd-fuzz-case
        new
        swap
        >>inputs
        0
        get-local
        >>code
        2
        drop-locals
    ]
    [
        [
            [ { short-8 short-8 } declare \ vsad execute ]
            input<sequence
        ]
        \ ( gensym )
        \ ( gensym )
        [ = ]
        check-simd-fuzz-case
    ]
}
Fuzz Test: {
    [
        [
            { +vector+ +vector+ -> +vector+ }
            \ short-8
            \ fixnum
            3
            load-locals
            -2
            get-local
            vector-word-inputs
            -1
            get-local
            0
            get-local
            random-vector-inputs
            3
            drop-locals
        ]
        [ \ v*high execute ]
        2
        load-locals
        -1
        get-local
        ( -- inputs )
        call-effect
        simd-fuzz-case
        new
        swap
        >>inputs
        0
        get-local
        >>code
        2
        drop-locals
    ]
    [
        [
            [ { short-8 short-8 } declare \ v*high execute ]
            input<sequence
        ]
        \ ( gensym )
        \ ( gensym )
        [ = ]
        check-simd-fuzz-case
    ]
}
Fuzz Test: {
    [
        [
            { +vector+ -> +vector+ }
            \ short-8
            \ fixnum
            3
            load-locals
            -2
            get-local
            vector-word-inputs
            -1
            get-local
            0
            get-local
            random-vector-inputs
            3
            drop-locals
        ]
        [ \ vtruncate execute ]
        2
        load-locals
        -1
        get-local
        ( -- inputs )
        call-effect
        simd-fuzz-case
        new
        swap
        >>inputs
        0
        get-local
        >>code
        2
        drop-locals
    ]
    [
        [
            [ { short-8 } declare \ vtruncate execute ]
            input<sequence
        ]
        \ ( gensym )
        \ ( gensym )
        [ = ]
        check-simd-fuzz-case
    ]
}
Fuzz Test: {
    [
        [
            { +vector+ +vector+ -> +vector+ }
            \ short-8
            \ fixnum
            3
            load-locals
            -2
            get-local
            vector-word-inputs
            -1
            get-local
            0
            get-local
            random-vector-inputs
            3
            drop-locals
        ]
        [ \ vbitandn execute ]
        2
        load-locals
        -1
        get-local
        ( -- inputs )
        call-effect
        simd-fuzz-case
        new
        swap
        >>inputs
        0
        get-local
        >>code
        2
        drop-locals
    ]
    [
        [
            [ { short-8 short-8 } declare \ vbitandn execute ]
            input<sequence
        ]
        \ ( gensym )
        \ ( gensym )
        [ = ]
        check-simd-fuzz-case
    ]
}
Fuzz Test: {
    [
        [
            { +vector+ -> +vector+ }
            \ short-8
            \ fixnum
            3
            load-locals
            -2
            get-local
            vector-word-inputs
            -1
            get-local
            0
            get-local
            random-vector-inputs
            3
            drop-locals
        ]
        [ \ vneg execute ]
        2
        load-locals
        -1
        get-local
        ( -- inputs )
        call-effect
        simd-fuzz-case
        new
        swap
        >>inputs
        0
        get-local
        >>code
        2
        drop-locals
    ]
    [
        [
            [ { short-8 } declare \ vneg execute ]
            input<sequence
        ]
        \ ( gensym )
        \ ( gensym )
        [ = ]
        check-simd-fuzz-case
    ]
}
Fuzz Test: {
    [
        [
            { +scalar+ +vector+ -> +vector+ }
            \ short-8
            \ fixnum
            3
            load-locals
            -2
            get-local
            vector-word-inputs
            -1
            get-local
            0
            get-local
            random-vector-inputs
            3
            drop-locals
        ]
        [ \ n-v execute ]
        2
        load-locals
        -1
        get-local
        ( -- inputs )
        call-effect
        simd-fuzz-case
        new
        swap
        >>inputs
        0
        get-local
        >>code
        2
        drop-locals
    ]
    [
        [
            [ { fixnum short-8 } declare \ n-v execute ]
            input<sequence
        ]
        \ ( gensym )
        \ ( gensym )
        [ = ]
        check-simd-fuzz-case
    ]
}
Fuzz Test: {
    [
        [
            { +vector+ +vector+ -> +vector+ }
            \ short-8
            \ fixnum
            3
            load-locals
            -2
            get-local
            vector-word-inputs
            -1
            get-local
            0
            get-local
            random-vector-inputs
            3
            drop-locals
        ]
        [ \ (vmerge-tail) execute ]
        2
        load-locals
        -1
        get-local
        ( -- inputs )
        call-effect
        simd-fuzz-case
        new
        swap
        >>inputs
        0
        get-local
        >>code
        2
        drop-locals
    ]
    [
        [
            [
                { short-8 short-8 }
                declare
                \ (vmerge-tail)
                execute
            ]
            input<sequence
        ]
        \ ( gensym )
        \ ( gensym )
        [ = ]
        check-simd-fuzz-case
    ]
}
Fuzz Test: {
    [
        [
            { +vector+ +scalar+ -> +vector+ }
            \ short-8
            \ fixnum
            3
            load-locals
            -2
            get-local
            vector-word-inputs
            -1
            get-local
            0
            get-local
            random-vector-inputs
            3
            drop-locals
        ]
        [ \ v-n execute ]
        2
        load-locals
        -1
        get-local
        ( -- inputs )
        call-effect
        simd-fuzz-case
        new
        swap
        >>inputs
        0
        get-local
        >>code
        2
        drop-locals
    ]
    [
        [
            [ { short-8 fixnum } declare \ v-n execute ]
            input<sequence
        ]
        \ ( gensym )
        \ ( gensym )
        [ = ]
        check-simd-fuzz-case
    ]
}
Fuzz Test: {
    [
        [
            { +vector+ +vector+ -> +vector+ }
            \ short-8
            \ fixnum
            3
            load-locals
            -2
            get-local
            vector-word-inputs
            -1
            get-local
            0
            get-local
            random-vector-inputs
            3
            drop-locals
        ]
        [ \ v+- execute ]
        2
        load-locals
        -1
        get-local
        ( -- inputs )
        call-effect
        simd-fuzz-case
        new
        swap
        >>inputs
        0
        get-local
        >>code
        2
        drop-locals
    ]
    [
        [
            [ { short-8 short-8 } declare \ v+- execute ]
            input<sequence
        ]
        \ ( gensym )
        \ ( gensym )
        [ = ]
        check-simd-fuzz-case
    ]
}
Fuzz Test: {
    [
        [
            { +vector+ -> +vector+ }
            \ short-8
            \ fixnum
            3
            load-locals
            -2
            get-local
            vector-word-inputs
            -1
            get-local
            0
            get-local
            random-vector-inputs
            3
            drop-locals
        ]
        [ \ vbitnot execute ]
        2
        load-locals
        -1
        get-local
        ( -- inputs )
        call-effect
        simd-fuzz-case
        new
        swap
        >>inputs
        0
        get-local
        >>code
        2
        drop-locals
    ]
    [
        [
            [ { short-8 } declare \ vbitnot execute ]
            input<sequence
        ]
        \ ( gensym )
        \ ( gensym )
        [ = ]
        check-simd-fuzz-case
    ]
}
Fuzz Test: {
    [
        [
            { +vector+ -> +vector+ }
            \ short-8
            \ fixnum
            3
            load-locals
            -2
            get-local
            vector-word-inputs
            -1
            get-local
            0
            get-local
            random-vector-inputs
            3
            drop-locals
        ]
        [ \ vbit-reverse execute ]
        2
        load-locals
        -1
        get-local
        ( -- inputs )
        call-effect
        simd-fuzz-case
        new
        swap
        >>inputs
        0
        get-local
        >>code
        2
        drop-locals
    ]
    [
        [
            [ { short-8 } declare \ vbit-reverse execute ]
            input<sequence
        ]
        \ ( gensym )
        \ ( gensym )
        [ = ]
        check-simd-fuzz-case
    ]
}
Fuzz Test: {
    [
        [
            { +vector+ -> +vector+ }
            \ short-8
            \ fixnum
            3
            load-locals
            -2
            get-local
            vector-word-inputs
            -1
            get-local
            0
            get-local
            random-vector-inputs
            3
            drop-locals
        ]
        [ \ vceiling execute ]
        2
        load-locals
        -1
        get-local
        ( -- inputs )
        call-effect
        simd-fuzz-case
        new
        swap
        >>inputs
        0
        get-local
        >>code
        2
        drop-locals
    ]
    [
        [
            [ { short-8 } declare \ vceiling execute ]
            input<sequence
        ]
        \ ( gensym )
        \ ( gensym )
        [ = ]
        check-simd-fuzz-case
    ]
}
Fuzz Test: {
    [
        [
            { +vector+ -> +nonnegative+ }
            \ short-8
            \ fixnum
            3
            load-locals
            -2
            get-local
            vector-word-inputs
            -1
            get-local
            0
            get-local
            random-vector-inputs
            3
            drop-locals
        ]
        [ \ norm execute ]
        2
        load-locals
        -1
        get-local
        ( -- inputs )
        call-effect
        simd-fuzz-case
        new
        swap
        >>inputs
        0
        get-local
        >>code
        2
        drop-locals
    ]
    [
        [
            [ { short-8 } declare \ norm execute ]
            input<sequence
        ]
        \ ( gensym )
        \ ( gensym )
        [ = ]
        check-simd-fuzz-case
    ]
}
Fuzz Test: {
    [
        [
            { +vector+ -> +scalar+ }
            \ short-8
            \ fixnum
            3
            load-locals
            -2
            get-local
            vector-word-inputs
            -1
            get-local
            0
            get-local
            random-vector-inputs
            3
            drop-locals
        ]
        [ \ vmin-element execute ]
        2
        load-locals
        -1
        get-local
        ( -- inputs )
        call-effect
        simd-fuzz-case
        new
        swap
        >>inputs
        0
        get-local
        >>code
        2
        drop-locals
    ]
    [
        [
            [ { short-8 } declare \ vmin-element execute ]
            input<sequence
        ]
        \ ( gensym )
        \ ( gensym )
        [ = ]
        check-simd-fuzz-case
    ]
}
Fuzz Test: {
    [
        [
            { +vector+ +vector+ -> +vector+ }
            \ short-8
            \ fixnum
            3
            load-locals
            -2
            get-local
            vector-word-inputs
            -1
            get-local
            0
            get-local
            random-vector-inputs
            3
            drop-locals
        ]
        [ \ vbitand execute ]
        2
        load-locals
        -1
        get-local
        ( -- inputs )
        call-effect
        simd-fuzz-case
        new
        swap
        >>inputs
        0
        get-local
        >>code
        2
        drop-locals
    ]
    [
        [
            [ { short-8 short-8 } declare \ vbitand execute ]
            input<sequence
        ]
        \ ( gensym )
        \ ( gensym )
        [ = ]
        check-simd-fuzz-case
    ]
}
Fuzz Test: {
    [
        [
            { +vector+ +scalar+ -> +vector+ }
            \ short-8
            \ fixnum
            3
            load-locals
            -2
            get-local
            vector-word-inputs
            -1
            get-local
            0
            get-local
            random-vector-inputs
            3
            drop-locals
        ]
        [ \ vlshift execute ]
        2
        load-locals
        -1
        get-local
        ( -- inputs )
        call-effect
        simd-fuzz-case
        new
        swap
        >>inputs
        0
        get-local
        >>code
        2
        drop-locals
    ]
    [
        [
            [ { short-8 fixnum } declare \ vlshift execute ]
            input<sequence
        ]
        \ ( gensym )
        \ ( gensym )
        [ = ]
        check-simd-fuzz-case
    ]
}
Fuzz Test: {
    [
        [
            { +vector+ +vector+ -> +vector+ }
            \ short-8
            \ fixnum
            3
            load-locals
            -2
            get-local
            vector-word-inputs
            -1
            get-local
            0
            get-local
            random-vector-inputs
            3
            drop-locals
        ]
        [ \ (vmerge-head) execute ]
        2
        load-locals
        -1
        get-local
        ( -- inputs )
        call-effect
        simd-fuzz-case
        new
        swap
        >>inputs
        0
        get-local
        >>code
        2
        drop-locals
    ]
    [
        [
            [
                { short-8 short-8 }
                declare
                \ (vmerge-head)
                execute
            ]
            input<sequence
        ]
        \ ( gensym )
        \ ( gensym )
        [ = ]
        check-simd-fuzz-case
    ]
}
Fuzz Test: {
    [
        [
            { +vector+ +vector+ -> +vector+ }
            \ short-8
            \ fixnum
            3
            load-locals
            -2
            get-local
            vector-word-inputs
            -1
            get-local
            0
            get-local
            random-vector-inputs
            3
            drop-locals
        ]
        [ \ vunordered? execute ]
        2
        load-locals
        -1
        get-local
        ( -- inputs )
        call-effect
        simd-fuzz-case
        new
        swap
        >>inputs
        0
        get-local
        >>code
        2
        drop-locals
    ]
    [
        [
            [
                { short-8 short-8 }
                declare
                \ vunordered?
                execute
            ]
            input<sequence
        ]
        \ ( gensym )
        \ ( gensym )
        [ = ]
        check-simd-fuzz-case
    ]
}
Fuzz Test: {
    [
        [
            { +vector+ -> +scalar+ }
            \ short-8
            \ fixnum
            3
            load-locals
            -2
            get-local
            vector-word-inputs
            -1
            get-local
            0
            get-local
            random-vector-inputs
            3
            drop-locals
        ]
        [ \ sum execute ]
        2
        load-locals
        -1
        get-local
        ( -- inputs )
        call-effect
        simd-fuzz-case
        new
        swap
        >>inputs
        0
        get-local
        >>code
        2
        drop-locals
    ]
    [
        [ [ { short-8 } declare \ sum execute ] input<sequence ]
        \ ( gensym )
        \ ( gensym )
        [ = ]
        check-simd-fuzz-case
    ]
}
Fuzz Test: {
    [
        [
            { +vector+ -> +vector+ }
            \ short-8
            \ fixnum
            3
            load-locals
            -2
            get-local
            vector-word-inputs
            -1
            get-local
            0
            get-local
            random-vector-inputs
            3
            drop-locals
        ]
        [ \ vround-to-even execute ]
        2
        load-locals
        -1
        get-local
        ( -- inputs )
        call-effect
        simd-fuzz-case
        new
        swap
        >>inputs
        0
        get-local
        >>code
        2
        drop-locals
    ]
    [
        [
            [ { short-8 } declare \ vround-to-even execute ]
            input<sequence
        ]
        \ ( gensym )
        \ ( gensym )
        [ = ]
        check-simd-fuzz-case
    ]
}
Fuzz Test: {
    [
        [
            { +vector+ -> +vector+ }
            \ short-8
            \ fixnum
            3
            load-locals
            -2
            get-local
            vector-word-inputs
            -1
            get-local
            0
            get-local
            random-vector-inputs
            3
            drop-locals
        ]
        [ \ vctz execute ]
        2
        load-locals
        -1
        get-local
        ( -- inputs )
        call-effect
        simd-fuzz-case
        new
        swap
        >>inputs
        0
        get-local
        >>code
        2
        drop-locals
    ]
    [
        [
            [ { short-8 } declare \ vctz execute ]
            input<sequence
        ]
        \ ( gensym )
        \ ( gensym )
        [ = ]
        check-simd-fuzz-case
    ]
}
Fuzz Test: {
    [
        [
            { +vector+ -> +vector+ }
            \ short-8
            \ fixnum
            3
            load-locals
            -2
            get-local
            vector-word-inputs
            -1
            get-local
            0
            get-local
            random-vector-inputs
            3
            drop-locals
        ]
        [ \ vfloor execute ]
        2
        load-locals
        -1
        get-local
        ( -- inputs )
        call-effect
        simd-fuzz-case
        new
        swap
        >>inputs
        0
        get-local
        >>code
        2
        drop-locals
    ]
    [
        [
            [ { short-8 } declare \ vfloor execute ]
            input<sequence
        ]
        \ ( gensym )
        \ ( gensym )
        [ = ]
        check-simd-fuzz-case
    ]
}
Fuzz Test: {
    [
        [
            { +vector+ +vector+ -> +vector+ }
            \ short-8
            \ fixnum
            3
            load-locals
            -2
            get-local
            vector-word-inputs
            -1
            get-local
            0
            get-local
            random-vector-inputs
            3
            drop-locals
        ]
        [ \ v*hs+ execute ]
        2
        load-locals
        -1
        get-local
        ( -- inputs )
        call-effect
        simd-fuzz-case
        new
        swap
        >>inputs
        0
        get-local
        >>code
        2
        drop-locals
    ]
    [
        [
            [ { short-8 short-8 } declare \ v*hs+ execute ]
            input<sequence
        ]
        \ ( gensym )
        \ ( gensym )
        [ = ]
        check-simd-fuzz-case
    ]
}
Fuzz Test: {
    [
        [
            { +vector+ +vector+ -> +vector+ }
            \ short-8
            \ fixnum
            3
            load-locals
            -2
            get-local
            vector-word-inputs
            -1
            get-local
            0
            get-local
            random-vector-inputs
            3
            drop-locals
        ]
        [ \ vbitor execute ]
        2
        load-locals
        -1
        get-local
        ( -- inputs )
        call-effect
        simd-fuzz-case
        new
        swap
        >>inputs
        0
        get-local
        >>code
        2
        drop-locals
    ]
    [
        [
            [ { short-8 short-8 } declare \ vbitor execute ]
            input<sequence
        ]
        \ ( gensym )
        \ ( gensym )
        [ = ]
        check-simd-fuzz-case
    ]
}
Fuzz Test: {
    [
        [
            { +vector+ +vector+ -> +vector+ }
            \ short-8
            \ fixnum
            3
            load-locals
            -2
            get-local
            vector-word-inputs
            -1
            get-local
            0
            get-local
            random-vector-inputs
            3
            drop-locals
        ]
        [ \ v>= execute ]
        2
        load-locals
        -1
        get-local
        ( -- inputs )
        call-effect
        simd-fuzz-case
        new
        swap
        >>inputs
        0
        get-local
        >>code
        2
        drop-locals
    ]
    [
        [
            [ { short-8 short-8 } declare \ v>= execute ]
            input<sequence
        ]
        \ ( gensym )
        \ ( gensym )
        [ = ]
        check-simd-fuzz-case
    ]
}
Fuzz Test: {
    [
        [
            { +vector+ +vector+ -> +vector+ }
            \ short-8
            \ fixnum
            3
            load-locals
            -2
            get-local
            vector-word-inputs
            -1
            get-local
            0
            get-local
            random-vector-inputs
            3
            drop-locals
        ]
        [ \ [v-] execute ]
        2
        load-locals
        -1
        get-local
        ( -- inputs )
        call-effect
        simd-fuzz-case
        new
        swap
        >>inputs
        0
        get-local
        >>code
        2
        drop-locals
    ]
    [
        [
            [ { short-8 short-8 } declare \ [v-] execute ]
            input<sequence
        ]
        \ ( gensym )
        \ ( gensym )
        [ = ]
        check-simd-fuzz-case
    ]
}
Fuzz Test: {
    [
        [
            { +vector+ +vector+ -> +vector+ }
            \ short-8
            \ fixnum
            3
            load-locals
            -2
            get-local
            vector-word-inputs
            -1
            get-local
            0
            get-local
            random-vector-inputs
            3
            drop-locals
        ]
        [ \ vavg execute ]
        2
        load-locals
        -1
        get-local
        ( -- inputs )
        call-effect
        simd-fuzz-case
        new
        swap
        >>inputs
        0
        get-local
        >>code
        2
        drop-locals
    ]
    [
        [
            [ { short-8 short-8 } declare \ vavg execute ]
            input<sequence
        ]
        \ ( gensym )
        \ ( gensym )
        [ = ]
        check-simd-fuzz-case
    ]
}
Fuzz Test: {
    [
        [
            { +vector+ +vector+ -> +vector+ }
            \ short-8
            \ fixnum
            3
            load-locals
            -2
            get-local
            vector-word-inputs
            -1
            get-local
            0
            get-local
            random-vector-inputs
            3
            drop-locals
        ]
        [ \ vbitxor execute ]
        2
        load-locals
        -1
        get-local
        ( -- inputs )
        call-effect
        simd-fuzz-case
        new
        swap
        >>inputs
        0
        get-local
        >>code
        2
        drop-locals
    ]
    [
        [
            [ { short-8 short-8 } declare \ vbitxor execute ]
            input<sequence
        ]
        \ ( gensym )
        \ ( gensym )
        [ = ]
        check-simd-fuzz-case
    ]
}
Fuzz Test: {
    [
        [
            { +vector+ +vector+ -> +vector+ }
            \ short-8
            \ fixnum
            3
            load-locals
            -2
            get-local
            vector-word-inputs
            -1
            get-local
            0
            get-local
            random-vector-inputs
            3
            drop-locals
        ]
        [ \ v= execute ]
        2
        load-locals
        -1
        get-local
        ( -- inputs )
        call-effect
        simd-fuzz-case
        new
        swap
        >>inputs
        0
        get-local
        >>code
        2
        drop-locals
    ]
    [
        [
            [ { short-8 short-8 } declare \ v= execute ]
            input<sequence
        ]
        \ ( gensym )
        \ ( gensym )
        [ = ]
        check-simd-fuzz-case
    ]
}
Fuzz Test: {
    [
        [
            { +vector+ -> +vector+ }
            \ short-8
            \ fixnum
            3
            load-locals
            -2
            get-local
            vector-word-inputs
            -1
            get-local
            0
            get-local
            random-vector-inputs
            3
            drop-locals
        ]
        [ \ vabs execute ]
        2
        load-locals
        -1
        get-local
        ( -- inputs )
        call-effect
        simd-fuzz-case
        new
        swap
        >>inputs
        0
        get-local
        >>code
        2
        drop-locals
    ]
    [
        [
            [ { short-8 } declare \ vabs execute ]
            input<sequence
        ]
        \ ( gensym )
        \ ( gensym )
        [ = ]
        check-simd-fuzz-case
    ]
}
Fuzz Test: {
    [
        [
            { +vector+ +vector+ -> +vector+ }
            \ short-8
            \ fixnum
            3
            load-locals
            -2
            get-local
            vector-word-inputs
            -1
            get-local
            0
            get-local
            random-vector-inputs
            3
            drop-locals
        ]
        [ \ v* execute ]
        2
        load-locals
        -1
        get-local
        ( -- inputs )
        call-effect
        simd-fuzz-case
        new
        swap
        >>inputs
        0
        get-local
        >>code
        2
        drop-locals
    ]
    [
        [
            [ { short-8 short-8 } declare \ v* execute ]
            input<sequence
        ]
        \ ( gensym )
        \ ( gensym )
        [ = ]
        check-simd-fuzz-case
    ]
}
Fuzz Test: {
    [
        [
            { +vector+ +vector+ -> +vector+ }
            \ short-8
            \ fixnum
            3
            load-locals
            -2
            get-local
            vector-word-inputs
            -1
            get-local
            0
            get-local
            random-vector-inputs
            3
            drop-locals
        ]
        [ \ v< execute ]
        2
        load-locals
        -1
        get-local
        ( -- inputs )
        call-effect
        simd-fuzz-case
        new
        swap
        >>inputs
        0
        get-local
        >>code
        2
        drop-locals
    ]
    [
        [
            [ { short-8 short-8 } declare \ v< execute ]
            input<sequence
        ]
        \ ( gensym )
        \ ( gensym )
        [ = ]
        check-simd-fuzz-case
    ]
}
Fuzz Test: {
    [
        [
            { +vector+ +scalar+ -> +vector+ }
            \ short-8
            \ fixnum
            3
            load-locals
            -2
            get-local
            vector-word-inputs
            -1
            get-local
            0
            get-local
            random-vector-inputs
            3
            drop-locals
        ]
        [ \ v+n execute ]
        2
        load-locals
        -1
        get-local
        ( -- inputs )
        call-effect
        simd-fuzz-case
        new
        swap
        >>inputs
        0
        get-local
        >>code
        2
        drop-locals
    ]
    [
        [
            [ { short-8 fixnum } declare \ v+n execute ]
            input<sequence
        ]
        \ ( gensym )
        \ ( gensym )
        [ = ]
        check-simd-fuzz-case
    ]
}
Fuzz Test: {
    [
        [
            { +vector+ +vector+ -> +scalar+ }
            \ short-8
            \ fixnum
            3
            load-locals
            -2
            get-local
            vector-word-inputs
            -1
            get-local
            0
            get-local
            random-vector-inputs
            3
            drop-locals
        ]
        [ \ vdot execute ]
        2
        load-locals
        -1
        get-local
        ( -- inputs )
        call-effect
        simd-fuzz-case
        new
        swap
        >>inputs
        0
        get-local
        >>code
        2
        drop-locals
    ]
    [
        [
            [ { short-8 short-8 } declare \ vdot execute ]
            input<sequence
        ]
        \ ( gensym )
        \ ( gensym )
        [ = ]
        check-simd-fuzz-case
    ]
}
Fuzz Test: {
    [
        [
            { +vector+ +vector+ -> +vector+ }
            \ short-8
            \ fixnum
            3
            load-locals
            -2
            get-local
            vector-word-inputs
            -1
            get-local
            0
            get-local
            random-vector-inputs
            3
            drop-locals
        ]
        [ \ v> execute ]
        2
        load-locals
        -1
        get-local
        ( -- inputs )
        call-effect
        simd-fuzz-case
        new
        swap
        >>inputs
        0
        get-local
        >>code
        2
        drop-locals
    ]
    [
        [
            [ { short-8 short-8 } declare \ v> execute ]
            input<sequence
        ]
        \ ( gensym )
        \ ( gensym )
        [ = ]
        check-simd-fuzz-case
    ]
}
Fuzz Test: {
    [
        [
            { +scalar+ +vector+ -> +vector+ }
            \ short-8
            \ fixnum
            3
            load-locals
            -2
            get-local
            vector-word-inputs
            -1
            get-local
            0
            get-local
            random-vector-inputs
            3
            drop-locals
        ]
        [ \ n+v execute ]
        2
        load-locals
        -1
        get-local
        ( -- inputs )
        call-effect
        simd-fuzz-case
        new
        swap
        >>inputs
        0
        get-local
        >>code
        2
        drop-locals
    ]
    [
        [
            [ { fixnum short-8 } declare \ n+v execute ]
            input<sequence
        ]
        \ ( gensym )
        \ ( gensym )
        [ = ]
        check-simd-fuzz-case
    ]
}
Fuzz Test: {
    [
        [
            { +vector+ -> +nonnegative+ }
            \ ushort-8
            \ fixnum
            3
            load-locals
            -2
            get-local
            vector-word-inputs
            -1
            get-local
            0
            get-local
            random-vector-inputs
            3
            drop-locals
        ]
        [ \ norm-sq execute ]
        2
        load-locals
        -1
        get-local
        ( -- inputs )
        call-effect
        simd-fuzz-case
        new
        swap
        >>inputs
        0
        get-local
        >>code
        2
        drop-locals
    ]
    [
        [
            [ { ushort-8 } declare \ norm-sq execute ]
            input<sequence
        ]
        \ ( gensym )
        \ ( gensym )
        [ = ]
        check-simd-fuzz-case
    ]
}
Fuzz Test: {
    [
        [
            { +vector+ +vector+ -> +vector+ }
            \ ushort-8
            \ fixnum
            3
            load-locals
            -2
            get-local
            vector-word-inputs
            -1
            get-local
            0
            get-local
            random-vector-inputs
            3
            drop-locals
        ]
        [ \ v- execute ]
        2
        load-locals
        -1
        get-local
        ( -- inputs )
        call-effect
        simd-fuzz-case
        new
        swap
        >>inputs
        0
        get-local
        >>code
        2
        drop-locals
    ]
    [
        [
            [ { ushort-8 ushort-8 } declare \ v- execute ]
            input<sequence
        ]
        \ ( gensym )
        \ ( gensym )
        [ = ]
        check-simd-fuzz-case
    ]
}
Fuzz Test: {
    [
        [
            { +vector+ +vector+ -> +vector+ }
            \ ushort-8
            \ fixnum
            3
            load-locals
            -2
            get-local
            vector-word-inputs
            -1
            get-local
            0
            get-local
            random-vector-inputs
            3
            drop-locals
        ]
        [ \ v+ execute ]
        2
        load-locals
        -1
        get-local
        ( -- inputs )
        call-effect
        simd-fuzz-case
        new
        swap
        >>inputs
        0
        get-local
        >>code
        2
        drop-locals
    ]
    [
        [
            [ { ushort-8 ushort-8 } declare \ v+ execute ]
            input<sequence
        ]
        \ ( gensym )
        \ ( gensym )
        [ = ]
        check-simd-fuzz-case
    ]
}
Fuzz Test: {
    [
        [
            { +vector+ -> +vector+ }
            \ ushort-8
            \ fixnum
            3
            load-locals
            -2
            get-local
            vector-word-inputs
            -1
            get-local
            0
            get-local
            random-vector-inputs
            3
            drop-locals
        ]
        [ \ vclz execute ]
        2
        load-locals
        -1
        get-local
        ( -- inputs )
        call-effect
        simd-fuzz-case
        new
        swap
        >>inputs
        0
        get-local
        >>code
        2
        drop-locals
    ]
    [
        [
            [ { ushort-8 } declare \ vclz execute ]
            input<sequence
        ]
        \ ( gensym )
        \ ( gensym )
        [ = ]
        check-simd-fuzz-case
    ]
}
Fuzz Test: {
    [
        [
            { +vector+ +vector+ -> +vector+ }
            \ ushort-8
            \ fixnum
            3
            load-locals
            -2
            get-local
            vector-word-inputs
            -1
            get-local
            0
            get-local
            random-vector-inputs
            3
            drop-locals
        ]
        [ \ vabsdiff execute ]
        2
        load-locals
        -1
        get-local
        ( -- inputs )
        call-effect
        simd-fuzz-case
        new
        swap
        >>inputs
        0
        get-local
        >>code
        2
        drop-locals
    ]
    [
        [
            [ { ushort-8 ushort-8 } declare \ vabsdiff execute ]
            input<sequence
        ]
        \ ( gensym )
        \ ( gensym )
        [ = ]
        check-simd-fuzz-case
    ]
}
Fuzz Test: {
    [
        [
            { +vector+ -> +vector+ }
            \ ushort-8
            \ fixnum
            3
            load-locals
            -2
            get-local
            vector-word-inputs
            -1
            get-local
            0
            get-local
            random-vector-inputs
            3
            drop-locals
        ]
        [ \ vbit-count execute ]
        2
        load-locals
        -1
        get-local
        ( -- inputs )
        call-effect
        simd-fuzz-case
        new
        swap
        >>inputs
        0
        get-local
        >>code
        2
        drop-locals
    ]
    [
        [
            [ { ushort-8 } declare \ vbit-count execute ]
            input<sequence
        ]
        \ ( gensym )
        \ ( gensym )
        [ = ]
        check-simd-fuzz-case
    ]
}
Fuzz Test: {
    [
        [
            { +vector+ +vector+ -> +vector+ }
            \ ushort-8
            \ fixnum
            3
            load-locals
            -2
            get-local
            vector-word-inputs
            -1
            get-local
            0
            get-local
            random-vector-inputs
            3
            drop-locals
        ]
        [ \ vmin execute ]
        2
        load-locals
        -1
        get-local
        ( -- inputs )
        call-effect
        simd-fuzz-case
        new
        swap
        >>inputs
        0
        get-local
        >>code
        2
        drop-locals
    ]
    [
        [
            [ { ushort-8 ushort-8 } declare \ vmin execute ]
            input<sequence
        ]
        \ ( gensym )
        \ ( gensym )
        [ = ]
        check-simd-fuzz-case
    ]
}
Fuzz Test: {
    [
        [
            { +vector+ -> +vector+ }
            \ ushort-8
            \ fixnum
            3
            load-locals
            -2
            get-local
            vector-word-inputs
            -1
            get-local
            0
            get-local
            random-vector-inputs
            3
            drop-locals
        ]
        [ \ vround execute ]
        2
        load-locals
        -1
        get-local
        ( -- inputs )
        call-effect
        simd-fuzz-case
        new
        swap
        >>inputs
        0
        get-local
        >>code
        2
        drop-locals
    ]
    [
        [
            [ { ushort-8 } declare \ vround execute ]
            input<sequence
        ]
        \ ( gensym )
        \ ( gensym )
        [ = ]
        check-simd-fuzz-case
    ]
}
Fuzz Test: {
    [
        [
            { +vector+ +vector+ -> +vector+ }
            \ ushort-8
            \ fixnum
            3
            load-locals
            -2
            get-local
            vector-word-inputs
            -1
            get-local
            0
            get-local
            random-vector-inputs
            3
            drop-locals
        ]
        [ \ vs- execute ]
        2
        load-locals
        -1
        get-local
        ( -- inputs )
        call-effect
        simd-fuzz-case
        new
        swap
        >>inputs
        0
        get-local
        >>code
        2
        drop-locals
    ]
    [
        [
            [ { ushort-8 ushort-8 } declare \ vs- execute ]
            input<sequence
        ]
        \ ( gensym )
        \ ( gensym )
        [ = ]
        check-simd-fuzz-case
    ]
}
Fuzz Test: {
    [
        [
            { +vector+ +vector+ -> +vector+ }
            \ ushort-8
            \ fixnum
            3
            load-locals
            -2
            get-local
            vector-word-inputs
            -1
            get-local
            0
            get-local
            random-vector-inputs
            3
            drop-locals
        ]
        [ \ vs+ execute ]
        2
        load-locals
        -1
        get-local
        ( -- inputs )
        call-effect
        simd-fuzz-case
        new
        swap
        >>inputs
        0
        get-local
        >>code
        2
        drop-locals
    ]
    [
        [
            [ { ushort-8 ushort-8 } declare \ vs+ execute ]
            input<sequence
        ]
        \ ( gensym )
        \ ( gensym )
        [ = ]
        check-simd-fuzz-case
    ]
}
Fuzz Test: {
    [
        [
            { +vector+ +vector+ -> +vector+ }
            \ ushort-8
            \ fixnum
            3
            load-locals
            -2
            get-local
            vector-word-inputs
            -1
            get-local
            0
            get-local
            random-vector-inputs
            3
            drop-locals
        ]
        [ \ vs* execute ]
        2
        load-locals
        -1
        get-local
        ( -- inputs )
        call-effect
        simd-fuzz-case
        new
        swap
        >>inputs
        0
        get-local
        >>code
        2
        drop-locals
    ]
    [
        [
            [ { ushort-8 ushort-8 } declare \ vs* execute ]
            input<sequence
        ]
        \ ( gensym )
        \ ( gensym )
        [ = ]
        check-simd-fuzz-case
    ]
}
Fuzz Test: {
    [
        [
            { +vector+ -> +scalar+ }
            \ ushort-8
            \ fixnum
            3
            load-locals
            -2
            get-local
            vector-word-inputs
            -1
            get-local
            0
            get-local
            random-vector-inputs
            3
            drop-locals
        ]
        [ \ vmax-element execute ]
        2
        load-locals
        -1
        get-local
        ( -- inputs )
        call-effect
        simd-fuzz-case
        new
        swap
        >>inputs
        0
        get-local
        >>code
        2
        drop-locals
    ]
    [
        [
            [ { ushort-8 } declare \ vmax-element execute ]
            input<sequence
        ]
        \ ( gensym )
        \ ( gensym )
        [ = ]
        check-simd-fuzz-case
    ]
}
Fuzz Test: {
    [
        [
            { +vector+ +vector+ -> +vector+ }
            \ ushort-8
            \ fixnum
            3
            load-locals
            -2
            get-local
            vector-word-inputs
            -1
            get-local
            0
            get-local
            random-vector-inputs
            3
            drop-locals
        ]
        [ \ vmax execute ]
        2
        load-locals
        -1
        get-local
        ( -- inputs )
        call-effect
        simd-fuzz-case
        new
        swap
        >>inputs
        0
        get-local
        >>code
        2
        drop-locals
    ]
    [
        [
            [ { ushort-8 ushort-8 } declare \ vmax execute ]
            input<sequence
        ]
        \ ( gensym )
        \ ( gensym )
        [ = ]
        check-simd-fuzz-case
    ]
}
Fuzz Test: {
    [
        [
            { +vector+ +vector+ -> +vector+ }
            \ ushort-8
            \ fixnum
            3
            load-locals
            -2
            get-local
            vector-word-inputs
            -1
            get-local
            0
            get-local
            random-vector-inputs
            3
            drop-locals
        ]
        [ \ v<= execute ]
        2
        load-locals
        -1
        get-local
        ( -- inputs )
        call-effect
        simd-fuzz-case
        new
        swap
        >>inputs
        0
        get-local
        >>code
        2
        drop-locals
    ]
    [
        [
            [ { ushort-8 ushort-8 } declare \ v<= execute ]
            input<sequence
        ]
        \ ( gensym )
        \ ( gensym )
        [ = ]
        check-simd-fuzz-case
    ]
}
Fuzz Test: {
    [
        [
            { +scalar+ +vector+ -> +vector+ }
            \ ushort-8
            \ fixnum
            3
            load-locals
            -2
            get-local
            vector-word-inputs
            -1
            get-local
            0
            get-local
            random-vector-inputs
            3
            drop-locals
        ]
        [ \ n*v execute ]
        2
        load-locals
        -1
        get-local
        ( -- inputs )
        call-effect
        simd-fuzz-case
        new
        swap
        >>inputs
        0
        get-local
        >>code
        2
        drop-locals
    ]
    [
        [
            [ { fixnum ushort-8 } declare \ n*v execute ]
            input<sequence
        ]
        \ ( gensym )
        \ ( gensym )
        [ = ]
        check-simd-fuzz-case
    ]
}
Fuzz Test: {
    [
        [
            { +vector+ +scalar+ -> +vector+ }
            \ ushort-8
            \ fixnum
            3
            load-locals
            -2
            get-local
            vector-word-inputs
            -1
            get-local
            0
            get-local
            random-vector-inputs
            3
            drop-locals
        ]
        [ \ v*n execute ]
        2
        load-locals
        -1
        get-local
        ( -- inputs )
        call-effect
        simd-fuzz-case
        new
        swap
        >>inputs
        0
        get-local
        >>code
        2
        drop-locals
    ]
    [
        [
            [ { ushort-8 fixnum } declare \ v*n execute ]
            input<sequence
        ]
        \ ( gensym )
        \ ( gensym )
        [ = ]
        check-simd-fuzz-case
    ]
}
Fuzz Test: {
    [
        [
            { +vector+ +scalar+ -> +vector+ }
            \ ushort-8
            \ fixnum
            3
            load-locals
            -2
            get-local
            vector-word-inputs
            -1
            get-local
            0
            get-local
            random-vector-inputs
            3
            drop-locals
        ]
        [ \ vrshift execute ]
        2
        load-locals
        -1
        get-local
        ( -- inputs )
        call-effect
        simd-fuzz-case
        new
        swap
        >>inputs
        0
        get-local
        >>code
        2
        drop-locals
    ]
    [
        [
            [ { ushort-8 fixnum } declare \ vrshift execute ]
            input<sequence
        ]
        \ ( gensym )
        \ ( gensym )
        [ = ]
        check-simd-fuzz-case
    ]
}
Fuzz Test: {
    [
        [
            { +vector+ +vector+ -> +scalar+ }
            \ ushort-8
            \ fixnum
            3
            load-locals
            -2
            get-local
            vector-word-inputs
            -1
            get-local
            0
            get-local
            random-vector-inputs
            3
            drop-locals
        ]
        [ \ vsad execute ]
        2
        load-locals
        -1
        get-local
        ( -- inputs )
        call-effect
        simd-fuzz-case
        new
        swap
        >>inputs
        0
        get-local
        >>code
        2
        drop-locals
    ]
    [
        [
            [ { ushort-8 ushort-8 } declare \ vsad execute ]
            input<sequence
        ]
        \ ( gensym )
        \ ( gensym )
        [ = ]
        check-simd-fuzz-case
    ]
}
Fuzz Test: {
    [
        [
            { +vector+ +vector+ -> +vector+ }
            \ ushort-8
            \ fixnum
            3
            load-locals
            -2
            get-local
            vector-word-inputs
            -1
            get-local
            0
            get-local
            random-vector-inputs
            3
            drop-locals
        ]
        [ \ v*high execute ]
        2
        load-locals
        -1
        get-local
        ( -- inputs )
        call-effect
        simd-fuzz-case
        new
        swap
        >>inputs
        0
        get-local
        >>code
        2
        drop-locals
    ]
    [
        [
            [ { ushort-8 ushort-8 } declare \ v*high execute ]
            input<sequence
        ]
        \ ( gensym )
        \ ( gensym )
        [ = ]
        check-simd-fuzz-case
    ]
}
Fuzz Test: {
    [
        [
            { +vector+ -> +vector+ }
            \ ushort-8
            \ fixnum
            3
            load-locals
            -2
            get-local
            vector-word-inputs
            -1
            get-local
            0
            get-local
            random-vector-inputs
            3
            drop-locals
        ]
        [ \ vtruncate execute ]
        2
        load-locals
        -1
        get-local
        ( -- inputs )
        call-effect
        simd-fuzz-case
        new
        swap
        >>inputs
        0
        get-local
        >>code
        2
        drop-locals
    ]
    [
        [
            [ { ushort-8 } declare \ vtruncate execute ]
            input<sequence
        ]
        \ ( gensym )
        \ ( gensym )
        [ = ]
        check-simd-fuzz-case
    ]
}
Fuzz Test: {
    [
        [
            { +vector+ +vector+ -> +vector+ }
            \ ushort-8
            \ fixnum
            3
            load-locals
            -2
            get-local
            vector-word-inputs
            -1
            get-local
            0
            get-local
            random-vector-inputs
            3
            drop-locals
        ]
        [ \ vbitandn execute ]
        2
        load-locals
        -1
        get-local
        ( -- inputs )
        call-effect
        simd-fuzz-case
        new
        swap
        >>inputs
        0
        get-local
        >>code
        2
        drop-locals
    ]
    [
        [
            [ { ushort-8 ushort-8 } declare \ vbitandn execute ]
            input<sequence
        ]
        \ ( gensym )
        \ ( gensym )
        [ = ]
        check-simd-fuzz-case
    ]
}
Fuzz Test: {
    [
        [
            { +vector+ -> +vector+ }
            \ ushort-8
            \ fixnum
            3
            load-locals
            -2
            get-local
            vector-word-inputs
            -1
            get-local
            0
            get-local
            random-vector-inputs
            3
            drop-locals
        ]
        [ \ vneg execute ]
        2
        load-locals
        -1
        get-local
        ( -- inputs )
        call-effect
        simd-fuzz-case
        new
        swap
        >>inputs
        0
        get-local
        >>code
        2
        drop-locals
    ]
    [
        [
            [ { ushort-8 } declare \ vneg execute ]
            input<sequence
        ]
        \ ( gensym )
        \ ( gensym )
        [ = ]
        check-simd-fuzz-case
    ]
}
Fuzz Test: {
    [
        [
            { +scalar+ +vector+ -> +vector+ }
            \ ushort-8
            \ fixnum
            3
            load-locals
            -2
            get-local
            vector-word-inputs
            -1
            get-local
            0
            get-local
            random-vector-inputs
            3
            drop-locals
        ]
        [ \ n-v execute ]
        2
        load-locals
        -1
        get-local
        ( -- inputs )
        call-effect
        simd-fuzz-case
        new
        swap
        >>inputs
        0
        get-local
        >>code
        2
        drop-locals
    ]
    [
        [
            [ { fixnum ushort-8 } declare \ n-v execute ]
            input<sequence
        ]
        \ ( gensym )
        \ ( gensym )
        [ = ]
        check-simd-fuzz-case
    ]
}
Fuzz Test: {
    [
        [
            { +vector+ +vector+ -> +vector+ }
            \ ushort-8
            \ fixnum
            3
            load-locals
            -2
            get-local
            vector-word-inputs
            -1
            get-local
            0
            get-local
            random-vector-inputs
            3
            drop-locals
        ]
        [ \ (vmerge-tail) execute ]
        2
        load-locals
        -1
        get-local
        ( -- inputs )
        call-effect
        simd-fuzz-case
        new
        swap
        >>inputs
        0
        get-local
        >>code
        2
        drop-locals
    ]
    [
        [
            [
                { ushort-8 ushort-8 }
                declare
                \ (vmerge-tail)
                execute
            ]
            input<sequence
        ]
        \ ( gensym )
        \ ( gensym )
        [ = ]
        check-simd-fuzz-case
    ]
}
Fuzz Test: {
    [
        [
            { +vector+ +scalar+ -> +vector+ }
            \ ushort-8
            \ fixnum
            3
            load-locals
            -2
            get-local
            vector-word-inputs
            -1
            get-local
            0
            get-local
            random-vector-inputs
            3
            drop-locals
        ]
        [ \ v-n execute ]
        2
        load-locals
        -1
        get-local
        ( -- inputs )
        call-effect
        simd-fuzz-case
        new
        swap
        >>inputs
        0
        get-local
        >>code
        2
        drop-locals
    ]
    [
        [
            [ { ushort-8 fixnum } declare \ v-n execute ]
            input<sequence
        ]
        \ ( gensym )
        \ ( gensym )
        [ = ]
        check-simd-fuzz-case
    ]
}
Fuzz Test: {
    [
        [
            { +vector+ +vector+ -> +vector+ }
            \ ushort-8
            \ fixnum
            3
            load-locals
            -2
            get-local
            vector-word-inputs
            -1
            get-local
            0
            get-local
            random-vector-inputs
            3
            drop-locals
        ]
        [ \ v+- execute ]
        2
        load-locals
        -1
        get-local
        ( -- inputs )
        call-effect
        simd-fuzz-case
        new
        swap
        >>inputs
        0
        get-local
        >>code
        2
        drop-locals
    ]
    [
        [
            [ { ushort-8 ushort-8 } declare \ v+- execute ]
            input<sequence
        ]
        \ ( gensym )
        \ ( gensym )
        [ = ]
        check-simd-fuzz-case
    ]
}
Fuzz Test: {
    [
        [
            { +vector+ -> +vector+ }
            \ ushort-8
            \ fixnum
            3
            load-locals
            -2
            get-local
            vector-word-inputs
            -1
            get-local
            0
            get-local
            random-vector-inputs
            3
            drop-locals
        ]
        [ \ vbitnot execute ]
        2
        load-locals
        -1
        get-local
        ( -- inputs )
        call-effect
        simd-fuzz-case
        new
        swap
        >>inputs
        0
        get-local
        >>code
        2
        drop-locals
    ]
    [
        [
            [ { ushort-8 } declare \ vbitnot execute ]
            input<sequence
        ]
        \ ( gensym )
        \ ( gensym )
        [ = ]
        check-simd-fuzz-case
    ]
}
Fuzz Test: {
    [
        [
            { +vector+ -> +vector+ }
            \ ushort-8
            \ fixnum
            3
            load-locals
            -2
            get-local
            vector-word-inputs
            -1
            get-local
            0
            get-local
            random-vector-inputs
            3
            drop-locals
        ]
        [ \ vbit-reverse execute ]
        2
        load-locals
        -1
        get-local
        ( -- inputs )
        call-effect
        simd-fuzz-case
        new
        swap
        >>inputs
        0
        get-local
        >>code
        2
        drop-locals
    ]
    [
        [
            [ { ushort-8 } declare \ vbit-reverse execute ]
            input<sequence
        ]
        \ ( gensym )
        \ ( gensym )
        [ = ]
        check-simd-fuzz-case
    ]
}
Fuzz Test: {
    [
        [
            { +vector+ -> +vector+ }
            \ ushort-8
            \ fixnum
            3
            load-locals
            -2
            get-local
            vector-word-inputs
            -1
            get-local
            0
            get-local
            random-vector-inputs
            3
            drop-locals
        ]
        [ \ vceiling execute ]
        2
        load-locals
        -1
        get-local
        ( -- inputs )
        call-effect
        simd-fuzz-case
        new
        swap
        >>inputs
        0
        get-local
        >>code
        2
        drop-locals
    ]
    [
        [
            [ { ushort-8 } declare \ vceiling execute ]
            input<sequence
        ]
        \ ( gensym )
        \ ( gensym )
        [ = ]
        check-simd-fuzz-case
    ]
}
Fuzz Test: {
    [
        [
            { +vector+ -> +nonnegative+ }
            \ ushort-8
            \ fixnum
            3
            load-locals
            -2
            get-local
            vector-word-inputs
            -1
            get-local
            0
            get-local
            random-vector-inputs
            3
            drop-locals
        ]
        [ \ norm execute ]
        2
        load-locals
        -1
        get-local
        ( -- inputs )
        call-effect
        simd-fuzz-case
        new
        swap
        >>inputs
        0
        get-local
        >>code
        2
        drop-locals
    ]
    [
        [
            [ { ushort-8 } declare \ norm execute ]
            input<sequence
        ]
        \ ( gensym )
        \ ( gensym )
        [ = ]
        check-simd-fuzz-case
    ]
}
Fuzz Test: {
    [
        [
            { +vector+ -> +scalar+ }
            \ ushort-8
            \ fixnum
            3
            load-locals
            -2
            get-local
            vector-word-inputs
            -1
            get-local
            0
            get-local
            random-vector-inputs
            3
            drop-locals
        ]
        [ \ vmin-element execute ]
        2
        load-locals
        -1
        get-local
        ( -- inputs )
        call-effect
        simd-fuzz-case
        new
        swap
        >>inputs
        0
        get-local
        >>code
        2
        drop-locals
    ]
    [
        [
            [ { ushort-8 } declare \ vmin-element execute ]
            input<sequence
        ]
        \ ( gensym )
        \ ( gensym )
        [ = ]
        check-simd-fuzz-case
    ]
}
Fuzz Test: {
    [
        [
            { +vector+ +vector+ -> +vector+ }
            \ ushort-8
            \ fixnum
            3
            load-locals
            -2
            get-local
            vector-word-inputs
            -1
            get-local
            0
            get-local
            random-vector-inputs
            3
            drop-locals
        ]
        [ \ vbitand execute ]
        2
        load-locals
        -1
        get-local
        ( -- inputs )
        call-effect
        simd-fuzz-case
        new
        swap
        >>inputs
        0
        get-local
        >>code
        2
        drop-locals
    ]
    [
        [
            [ { ushort-8 ushort-8 } declare \ vbitand execute ]
            input<sequence
        ]
        \ ( gensym )
        \ ( gensym )
        [ = ]
        check-simd-fuzz-case
    ]
}
Fuzz Test: {
    [
        [
            { +vector+ +scalar+ -> +vector+ }
            \ ushort-8
            \ fixnum
            3
            load-locals
            -2
            get-local
            vector-word-inputs
            -1
            get-local
            0
            get-local
            random-vector-inputs
            3
            drop-locals
        ]
        [ \ vlshift execute ]
        2
        load-locals
        -1
        get-local
        ( -- inputs )
        call-effect
        simd-fuzz-case
        new
        swap
        >>inputs
        0
        get-local
        >>code
        2
        drop-locals
    ]
    [
        [
            [ { ushort-8 fixnum } declare \ vlshift execute ]
            input<sequence
        ]
        \ ( gensym )
        \ ( gensym )
        [ = ]
        check-simd-fuzz-case
    ]
}
Fuzz Test: {
    [
        [
            { +vector+ +vector+ -> +vector+ }
            \ ushort-8
            \ fixnum
            3
            load-locals
            -2
            get-local
            vector-word-inputs
            -1
            get-local
            0
            get-local
            random-vector-inputs
            3
            drop-locals
        ]
        [ \ (vmerge-head) execute ]
        2
        load-locals
        -1
        get-local
        ( -- inputs )
        call-effect
        simd-fuzz-case
        new
        swap
        >>inputs
        0
        get-local
        >>code
        2
        drop-locals
    ]
    [
        [
            [
                { ushort-8 ushort-8 }
                declare
                \ (vmerge-head)
                execute
            ]
            input<sequence
        ]
        \ ( gensym )
        \ ( gensym )
        [ = ]
        check-simd-fuzz-case
    ]
}
Fuzz Test: {
    [
        [
            { +vector+ +vector+ -> +vector+ }
            \ ushort-8
            \ fixnum
            3
            load-locals
            -2
            get-local
            vector-word-inputs
            -1
            get-local
            0
            get-local
            random-vector-inputs
            3
            drop-locals
        ]
        [ \ vunordered? execute ]
        2
        load-locals
        -1
        get-local
        ( -- inputs )
        call-effect
        simd-fuzz-case
        new
        swap
        >>inputs
        0
        get-local
        >>code
        2
        drop-locals
    ]
    [
        [
            [
                { ushort-8 ushort-8 }
                declare
                \ vunordered?
                execute
            ]
            input<sequence
        ]
        \ ( gensym )
        \ ( gensym )
        [ = ]
        check-simd-fuzz-case
    ]
}
Fuzz Test: {
    [
        [
            { +vector+ -> +scalar+ }
            \ ushort-8
            \ fixnum
            3
            load-locals
            -2
            get-local
            vector-word-inputs
            -1
            get-local
            0
            get-local
            random-vector-inputs
            3
            drop-locals
        ]
        [ \ sum execute ]
        2
        load-locals
        -1
        get-local
        ( -- inputs )
        call-effect
        simd-fuzz-case
        new
        swap
        >>inputs
        0
        get-local
        >>code
        2
        drop-locals
    ]
    [
        [
            [ { ushort-8 } declare \ sum execute ]
            input<sequence
        ]
        \ ( gensym )
        \ ( gensym )
        [ = ]
        check-simd-fuzz-case
    ]
}
Fuzz Test: {
    [
        [
            { +vector+ -> +vector+ }
            \ ushort-8
            \ fixnum
            3
            load-locals
            -2
            get-local
            vector-word-inputs
            -1
            get-local
            0
            get-local
            random-vector-inputs
            3
            drop-locals
        ]
        [ \ vround-to-even execute ]
        2
        load-locals
        -1
        get-local
        ( -- inputs )
        call-effect
        simd-fuzz-case
        new
        swap
        >>inputs
        0
        get-local
        >>code
        2
        drop-locals
    ]
    [
        [
            [ { ushort-8 } declare \ vround-to-even execute ]
            input<sequence
        ]
        \ ( gensym )
        \ ( gensym )
        [ = ]
        check-simd-fuzz-case
    ]
}
Fuzz Test: {
    [
        [
            { +vector+ -> +vector+ }
            \ ushort-8
            \ fixnum
            3
            load-locals
            -2
            get-local
            vector-word-inputs
            -1
            get-local
            0
            get-local
            random-vector-inputs
            3
            drop-locals
        ]
        [ \ vctz execute ]
        2
        load-locals
        -1
        get-local
        ( -- inputs )
        call-effect
        simd-fuzz-case
        new
        swap
        >>inputs
        0
        get-local
        >>code
        2
        drop-locals
    ]
    [
        [
            [ { ushort-8 } declare \ vctz execute ]
            input<sequence
        ]
        \ ( gensym )
        \ ( gensym )
        [ = ]
        check-simd-fuzz-case
    ]
}
Fuzz Test: {
    [
        [
            { +vector+ -> +vector+ }
            \ ushort-8
            \ fixnum
            3
            load-locals
            -2
            get-local
            vector-word-inputs
            -1
            get-local
            0
            get-local
            random-vector-inputs
            3
            drop-locals
        ]
        [ \ vfloor execute ]
        2
        load-locals
        -1
        get-local
        ( -- inputs )
        call-effect
        simd-fuzz-case
        new
        swap
        >>inputs
        0
        get-local
        >>code
        2
        drop-locals
    ]
    [
        [
            [ { ushort-8 } declare \ vfloor execute ]
            input<sequence
        ]
        \ ( gensym )
        \ ( gensym )
        [ = ]
        check-simd-fuzz-case
    ]
}
Fuzz Test: {
    [
        [
            { +vector+ +vector+ -> +vector+ }
            \ ushort-8
            \ fixnum
            3
            load-locals
            -2
            get-local
            vector-word-inputs
            -1
            get-local
            0
            get-local
            random-vector-inputs
            3
            drop-locals
        ]
        [ \ v*hs+ execute ]
        2
        load-locals
        -1
        get-local
        ( -- inputs )
        call-effect
        simd-fuzz-case
        new
        swap
        >>inputs
        0
        get-local
        >>code
        2
        drop-locals
    ]
    [
        [
            [ { ushort-8 ushort-8 } declare \ v*hs+ execute ]
            input<sequence
        ]
        \ ( gensym )
        \ ( gensym )
        [ = ]
        check-simd-fuzz-case
    ]
}
Fuzz Test: {
    [
        [
            { +vector+ +vector+ -> +vector+ }
            \ ushort-8
            \ fixnum
            3
            load-locals
            -2
            get-local
            vector-word-inputs
            -1
            get-local
            0
            get-local
            random-vector-inputs
            3
            drop-locals
        ]
        [ \ vbitor execute ]
        2
        load-locals
        -1
        get-local
        ( -- inputs )
        call-effect
        simd-fuzz-case
        new
        swap
        >>inputs
        0
        get-local
        >>code
        2
        drop-locals
    ]
    [
        [
            [ { ushort-8 ushort-8 } declare \ vbitor execute ]
            input<sequence
        ]
        \ ( gensym )
        \ ( gensym )
        [ = ]
        check-simd-fuzz-case
    ]
}
Fuzz Test: {
    [
        [
            { +vector+ +vector+ -> +vector+ }
            \ ushort-8
            \ fixnum
            3
            load-locals
            -2
            get-local
            vector-word-inputs
            -1
            get-local
            0
            get-local
            random-vector-inputs
            3
            drop-locals
        ]
        [ \ v>= execute ]
        2
        load-locals
        -1
        get-local
        ( -- inputs )
        call-effect
        simd-fuzz-case
        new
        swap
        >>inputs
        0
        get-local
        >>code
        2
        drop-locals
    ]
    [
        [
            [ { ushort-8 ushort-8 } declare \ v>= execute ]
            input<sequence
        ]
        \ ( gensym )
        \ ( gensym )
        [ = ]
        check-simd-fuzz-case
    ]
}
Fuzz Test: {
    [
        [
            { +vector+ +vector+ -> +vector+ }
            \ ushort-8
            \ fixnum
            3
            load-locals
            -2
            get-local
            vector-word-inputs
            -1
            get-local
            0
            get-local
            random-vector-inputs
            3
            drop-locals
        ]
        [ \ [v-] execute ]
        2
        load-locals
        -1
        get-local
        ( -- inputs )
        call-effect
        simd-fuzz-case
        new
        swap
        >>inputs
        0
        get-local
        >>code
        2
        drop-locals
    ]
    [
        [
            [ { ushort-8 ushort-8 } declare \ [v-] execute ]
            input<sequence
        ]
        \ ( gensym )
        \ ( gensym )
        [ = ]
        check-simd-fuzz-case
    ]
}
Fuzz Test: {
    [
        [
            { +vector+ +vector+ -> +vector+ }
            \ ushort-8
            \ fixnum
            3
            load-locals
            -2
            get-local
            vector-word-inputs
            -1
            get-local
            0
            get-local
            random-vector-inputs
            3
            drop-locals
        ]
        [ \ vavg execute ]
        2
        load-locals
        -1
        get-local
        ( -- inputs )
        call-effect
        simd-fuzz-case
        new
        swap
        >>inputs
        0
        get-local
        >>code
        2
        drop-locals
    ]
    [
        [
            [ { ushort-8 ushort-8 } declare \ vavg execute ]
            input<sequence
        ]
        \ ( gensym )
        \ ( gensym )
        [ = ]
        check-simd-fuzz-case
    ]
}
Fuzz Test: {
    [
        [
            { +vector+ +vector+ -> +vector+ }
            \ ushort-8
            \ fixnum
            3
            load-locals
            -2
            get-local
            vector-word-inputs
            -1
            get-local
            0
            get-local
            random-vector-inputs
            3
            drop-locals
        ]
        [ \ vbitxor execute ]
        2
        load-locals
        -1
        get-local
        ( -- inputs )
        call-effect
        simd-fuzz-case
        new
        swap
        >>inputs
        0
        get-local
        >>code
        2
        drop-locals
    ]
    [
        [
            [ { ushort-8 ushort-8 } declare \ vbitxor execute ]
            input<sequence
        ]
        \ ( gensym )
        \ ( gensym )
        [ = ]
        check-simd-fuzz-case
    ]
}
Fuzz Test: {
    [
        [
            { +vector+ +vector+ -> +vector+ }
            \ ushort-8
            \ fixnum
            3
            load-locals
            -2
            get-local
            vector-word-inputs
            -1
            get-local
            0
            get-local
            random-vector-inputs
            3
            drop-locals
        ]
        [ \ v= execute ]
        2
        load-locals
        -1
        get-local
        ( -- inputs )
        call-effect
        simd-fuzz-case
        new
        swap
        >>inputs
        0
        get-local
        >>code
        2
        drop-locals
    ]
    [
        [
            [ { ushort-8 ushort-8 } declare \ v= execute ]
            input<sequence
        ]
        \ ( gensym )
        \ ( gensym )
        [ = ]
        check-simd-fuzz-case
    ]
}
Fuzz Test: {
    [
        [
            { +vector+ -> +vector+ }
            \ ushort-8
            \ fixnum
            3
            load-locals
            -2
            get-local
            vector-word-inputs
            -1
            get-local
            0
            get-local
            random-vector-inputs
            3
            drop-locals
        ]
        [ \ vabs execute ]
        2
        load-locals
        -1
        get-local
        ( -- inputs )
        call-effect
        simd-fuzz-case
        new
        swap
        >>inputs
        0
        get-local
        >>code
        2
        drop-locals
    ]
    [
        [
            [ { ushort-8 } declare \ vabs execute ]
            input<sequence
        ]
        \ ( gensym )
        \ ( gensym )
        [ = ]
        check-simd-fuzz-case
    ]
}
Fuzz Test: {
    [
        [
            { +vector+ +vector+ -> +vector+ }
            \ ushort-8
            \ fixnum
            3
            load-locals
            -2
            get-local
            vector-word-inputs
            -1
            get-local
            0
            get-local
            random-vector-inputs
            3
            drop-locals
        ]
        [ \ v* execute ]
        2
        load-locals
        -1
        get-local
        ( -- inputs )
        call-effect
        simd-fuzz-case
        new
        swap
        >>inputs
        0
        get-local
        >>code
        2
        drop-locals
    ]
    [
        [
            [ { ushort-8 ushort-8 } declare \ v* execute ]
            input<sequence
        ]
        \ ( gensym )
        \ ( gensym )
        [ = ]
        check-simd-fuzz-case
    ]
}
Fuzz Test: {
    [
        [
            { +vector+ +vector+ -> +vector+ }
            \ ushort-8
            \ fixnum
            3
            load-locals
            -2
            get-local
            vector-word-inputs
            -1
            get-local
            0
            get-local
            random-vector-inputs
            3
            drop-locals
        ]
        [ \ v< execute ]
        2
        load-locals
        -1
        get-local
        ( -- inputs )
        call-effect
        simd-fuzz-case
        new
        swap
        >>inputs
        0
        get-local
        >>code
        2
        drop-locals
    ]
    [
        [
            [ { ushort-8 ushort-8 } declare \ v< execute ]
            input<sequence
        ]
        \ ( gensym )
        \ ( gensym )
        [ = ]
        check-simd-fuzz-case
    ]
}
Fuzz Test: {
    [
        [
            { +vector+ +scalar+ -> +vector+ }
            \ ushort-8
            \ fixnum
            3
            load-locals
            -2
            get-local
            vector-word-inputs
            -1
            get-local
            0
            get-local
            random-vector-inputs
            3
            drop-locals
        ]
        [ \ v+n execute ]
        2
        load-locals
        -1
        get-local
        ( -- inputs )
        call-effect
        simd-fuzz-case
        new
        swap
        >>inputs
        0
        get-local
        >>code
        2
        drop-locals
    ]
    [
        [
            [ { ushort-8 fixnum } declare \ v+n execute ]
            input<sequence
        ]
        \ ( gensym )
        \ ( gensym )
        [ = ]
        check-simd-fuzz-case
    ]
}
Fuzz Test: {
    [
        [
            { +vector+ +vector+ -> +scalar+ }
            \ ushort-8
            \ fixnum
            3
            load-locals
            -2
            get-local
            vector-word-inputs
            -1
            get-local
            0
            get-local
            random-vector-inputs
            3
            drop-locals
        ]
        [ \ vdot execute ]
        2
        load-locals
        -1
        get-local
        ( -- inputs )
        call-effect
        simd-fuzz-case
        new
        swap
        >>inputs
        0
        get-local
        >>code
        2
        drop-locals
    ]
    [
        [
            [ { ushort-8 ushort-8 } declare \ vdot execute ]
            input<sequence
        ]
        \ ( gensym )
        \ ( gensym )
        [ = ]
        check-simd-fuzz-case
    ]
}
Fuzz Test: {
    [
        [
            { +vector+ +vector+ -> +vector+ }
            \ ushort-8
            \ fixnum
            3
            load-locals
            -2
            get-local
            vector-word-inputs
            -1
            get-local
            0
            get-local
            random-vector-inputs
            3
            drop-locals
        ]
        [ \ v> execute ]
        2
        load-locals
        -1
        get-local
        ( -- inputs )
        call-effect
        simd-fuzz-case
        new
        swap
        >>inputs
        0
        get-local
        >>code
        2
        drop-locals
    ]
    [
        [
            [ { ushort-8 ushort-8 } declare \ v> execute ]
            input<sequence
        ]
        \ ( gensym )
        \ ( gensym )
        [ = ]
        check-simd-fuzz-case
    ]
}
Fuzz Test: {
    [
        [
            { +scalar+ +vector+ -> +vector+ }
            \ ushort-8
            \ fixnum
            3
            load-locals
            -2
            get-local
            vector-word-inputs
            -1
            get-local
            0
            get-local
            random-vector-inputs
            3
            drop-locals
        ]
        [ \ n+v execute ]
        2
        load-locals
        -1
        get-local
        ( -- inputs )
        call-effect
        simd-fuzz-case
        new
        swap
        >>inputs
        0
        get-local
        >>code
        2
        drop-locals
    ]
    [
        [
            [ { fixnum ushort-8 } declare \ n+v execute ]
            input<sequence
        ]
        \ ( gensym )
        \ ( gensym )
        [ = ]
        check-simd-fuzz-case
    ]
}
Fuzz Test: {
    [
        [
            { +vector+ -> +nonnegative+ }
            \ int-4
            \ fixnum
            3
            load-locals
            -2
            get-local
            vector-word-inputs
            -1
            get-local
            0
            get-local
            random-vector-inputs
            3
            drop-locals
        ]
        [ \ norm-sq execute ]
        2
        load-locals
        -1
        get-local
        ( -- inputs )
        call-effect
        simd-fuzz-case
        new
        swap
        >>inputs
        0
        get-local
        >>code
        2
        drop-locals
    ]
    [
        [
            [ { int-4 } declare \ norm-sq execute ]
            input<sequence
        ]
        \ ( gensym )
        \ ( gensym )
        [ = ]
        check-simd-fuzz-case
    ]
}
Fuzz Test: {
    [
        [
            { +vector+ +vector+ -> +vector+ }
            \ int-4
            \ fixnum
            3
            load-locals
            -2
            get-local
            vector-word-inputs
            -1
            get-local
            0
            get-local
            random-vector-inputs
            3
            drop-locals
        ]
        [ \ v- execute ]
        2
        load-locals
        -1
        get-local
        ( -- inputs )
        call-effect
        simd-fuzz-case
        new
        swap
        >>inputs
        0
        get-local
        >>code
        2
        drop-locals
    ]
    [
        [
            [ { int-4 int-4 } declare \ v- execute ]
            input<sequence
        ]
        \ ( gensym )
        \ ( gensym )
        [ = ]
        check-simd-fuzz-case
    ]
}
Fuzz Test: {
    [
        [
            { +vector+ +vector+ -> +vector+ }
            \ int-4
            \ fixnum
            3
            load-locals
            -2
            get-local
            vector-word-inputs
            -1
            get-local
            0
            get-local
            random-vector-inputs
            3
            drop-locals
        ]
        [ \ v+ execute ]
        2
        load-locals
        -1
        get-local
        ( -- inputs )
        call-effect
        simd-fuzz-case
        new
        swap
        >>inputs
        0
        get-local
        >>code
        2
        drop-locals
    ]
    [
        [
            [ { int-4 int-4 } declare \ v+ execute ]
            input<sequence
        ]
        \ ( gensym )
        \ ( gensym )
        [ = ]
        check-simd-fuzz-case
    ]
}
Fuzz Test: {
    [
        [
            { +vector+ -> +vector+ }
            \ int-4
            \ fixnum
            3
            load-locals
            -2
            get-local
            vector-word-inputs
            -1
            get-local
            0
            get-local
            random-vector-inputs
            3
            drop-locals
        ]
        [ \ vclz execute ]
        2
        load-locals
        -1
        get-local
        ( -- inputs )
        call-effect
        simd-fuzz-case
        new
        swap
        >>inputs
        0
        get-local
        >>code
        2
        drop-locals
    ]
    [
        [ [ { int-4 } declare \ vclz execute ] input<sequence ]
        \ ( gensym )
        \ ( gensym )
        [ = ]
        check-simd-fuzz-case
    ]
}
Fuzz Test: {
    [
        [
            { +vector+ +vector+ -> +vector+ }
            \ int-4
            \ fixnum
            3
            load-locals
            -2
            get-local
            vector-word-inputs
            -1
            get-local
            0
            get-local
            random-vector-inputs
            3
            drop-locals
        ]
        [ \ vabsdiff execute ]
        2
        load-locals
        -1
        get-local
        ( -- inputs )
        call-effect
        simd-fuzz-case
        new
        swap
        >>inputs
        0
        get-local
        >>code
        2
        drop-locals
    ]
    [
        [
            [ { int-4 int-4 } declare \ vabsdiff execute ]
            input<sequence
        ]
        \ ( gensym )
        \ ( gensym )
        [ = ]
        check-simd-fuzz-case
    ]
}
Fuzz Test: {
    [
        [
            { +vector+ -> +vector+ }
            \ int-4
            \ fixnum
            3
            load-locals
            -2
            get-local
            vector-word-inputs
            -1
            get-local
            0
            get-local
            random-vector-inputs
            3
            drop-locals
        ]
        [ \ vbit-count execute ]
        2
        load-locals
        -1
        get-local
        ( -- inputs )
        call-effect
        simd-fuzz-case
        new
        swap
        >>inputs
        0
        get-local
        >>code
        2
        drop-locals
    ]
    [
        [
            [ { int-4 } declare \ vbit-count execute ]
            input<sequence
        ]
        \ ( gensym )
        \ ( gensym )
        [ = ]
        check-simd-fuzz-case
    ]
}
Fuzz Test: {
    [
        [
            { +vector+ +vector+ -> +vector+ }
            \ int-4
            \ fixnum
            3
            load-locals
            -2
            get-local
            vector-word-inputs
            -1
            get-local
            0
            get-local
            random-vector-inputs
            3
            drop-locals
        ]
        [ \ vmin execute ]
        2
        load-locals
        -1
        get-local
        ( -- inputs )
        call-effect
        simd-fuzz-case
        new
        swap
        >>inputs
        0
        get-local
        >>code
        2
        drop-locals
    ]
    [
        [
            [ { int-4 int-4 } declare \ vmin execute ]
            input<sequence
        ]
        \ ( gensym )
        \ ( gensym )
        [ = ]
        check-simd-fuzz-case
    ]
}
Fuzz Test: {
    [
        [
            { +vector+ -> +vector+ }
            \ int-4
            \ fixnum
            3
            load-locals
            -2
            get-local
            vector-word-inputs
            -1
            get-local
            0
            get-local
            random-vector-inputs
            3
            drop-locals
        ]
        [ \ vround execute ]
        2
        load-locals
        -1
        get-local
        ( -- inputs )
        call-effect
        simd-fuzz-case
        new
        swap
        >>inputs
        0
        get-local
        >>code
        2
        drop-locals
    ]
    [
        [
            [ { int-4 } declare \ vround execute ]
            input<sequence
        ]
        \ ( gensym )
        \ ( gensym )
        [ = ]
        check-simd-fuzz-case
    ]
}
Fuzz Test: {
    [
        [
            { +vector+ +vector+ -> +vector+ }
            \ int-4
            \ fixnum
            3
            load-locals
            -2
            get-local
            vector-word-inputs
            -1
            get-local
            0
            get-local
            random-vector-inputs
            3
            drop-locals
        ]
        [ \ vs- execute ]
        2
        load-locals
        -1
        get-local
        ( -- inputs )
        call-effect
        simd-fuzz-case
        new
        swap
        >>inputs
        0
        get-local
        >>code
        2
        drop-locals
    ]
    [
        [
            [ { int-4 int-4 } declare \ vs- execute ]
            input<sequence
        ]
        \ ( gensym )
        \ ( gensym )
        [ = ]
        check-simd-fuzz-case
    ]
}
Fuzz Test: {
    [
        [
            { +vector+ +vector+ -> +vector+ }
            \ int-4
            \ fixnum
            3
            load-locals
            -2
            get-local
            vector-word-inputs
            -1
            get-local
            0
            get-local
            random-vector-inputs
            3
            drop-locals
        ]
        [ \ vs+ execute ]
        2
        load-locals
        -1
        get-local
        ( -- inputs )
        call-effect
        simd-fuzz-case
        new
        swap
        >>inputs
        0
        get-local
        >>code
        2
        drop-locals
    ]
    [
        [
            [ { int-4 int-4 } declare \ vs+ execute ]
            input<sequence
        ]
        \ ( gensym )
        \ ( gensym )
        [ = ]
        check-simd-fuzz-case
    ]
}
Fuzz Test: {
    [
        [
            { +vector+ +vector+ -> +vector+ }
            \ int-4
            \ fixnum
            3
            load-locals
            -2
            get-local
            vector-word-inputs
            -1
            get-local
            0
            get-local
            random-vector-inputs
            3
            drop-locals
        ]
        [ \ vs* execute ]
        2
        load-locals
        -1
        get-local
        ( -- inputs )
        call-effect
        simd-fuzz-case
        new
        swap
        >>inputs
        0
        get-local
        >>code
        2
        drop-locals
    ]
    [
        [
            [ { int-4 int-4 } declare \ vs* execute ]
            input<sequence
        ]
        \ ( gensym )
        \ ( gensym )
        [ = ]
        check-simd-fuzz-case
    ]
}
Fuzz Test: {
    [
        [
            { +vector+ -> +scalar+ }
            \ int-4
            \ fixnum
            3
            load-locals
            -2
            get-local
            vector-word-inputs
            -1
            get-local
            0
            get-local
            random-vector-inputs
            3
            drop-locals
        ]
        [ \ vmax-element execute ]
        2
        load-locals
        -1
        get-local
        ( -- inputs )
        call-effect
        simd-fuzz-case
        new
        swap
        >>inputs
        0
        get-local
        >>code
        2
        drop-locals
    ]
    [
        [
            [ { int-4 } declare \ vmax-element execute ]
            input<sequence
        ]
        \ ( gensym )
        \ ( gensym )
        [ = ]
        check-simd-fuzz-case
    ]
}
Fuzz Test: {
    [
        [
            { +vector+ +vector+ -> +vector+ }
            \ int-4
            \ fixnum
            3
            load-locals
            -2
            get-local
            vector-word-inputs
            -1
            get-local
            0
            get-local
            random-vector-inputs
            3
            drop-locals
        ]
        [ \ vmax execute ]
        2
        load-locals
        -1
        get-local
        ( -- inputs )
        call-effect
        simd-fuzz-case
        new
        swap
        >>inputs
        0
        get-local
        >>code
        2
        drop-locals
    ]
    [
        [
            [ { int-4 int-4 } declare \ vmax execute ]
            input<sequence
        ]
        \ ( gensym )
        \ ( gensym )
        [ = ]
        check-simd-fuzz-case
    ]
}
Fuzz Test: {
    [
        [
            { +vector+ +vector+ -> +vector+ }
            \ int-4
            \ fixnum
            3
            load-locals
            -2
            get-local
            vector-word-inputs
            -1
            get-local
            0
            get-local
            random-vector-inputs
            3
            drop-locals
        ]
        [ \ v<= execute ]
        2
        load-locals
        -1
        get-local
        ( -- inputs )
        call-effect
        simd-fuzz-case
        new
        swap
        >>inputs
        0
        get-local
        >>code
        2
        drop-locals
    ]
    [
        [
            [ { int-4 int-4 } declare \ v<= execute ]
            input<sequence
        ]
        \ ( gensym )
        \ ( gensym )
        [ = ]
        check-simd-fuzz-case
    ]
}
Fuzz Test: {
    [
        [
            { +scalar+ +vector+ -> +vector+ }
            \ int-4
            \ fixnum
            3
            load-locals
            -2
            get-local
            vector-word-inputs
            -1
            get-local
            0
            get-local
            random-vector-inputs
            3
            drop-locals
        ]
        [ \ n*v execute ]
        2
        load-locals
        -1
        get-local
        ( -- inputs )
        call-effect
        simd-fuzz-case
        new
        swap
        >>inputs
        0
        get-local
        >>code
        2
        drop-locals
    ]
    [
        [
            [ { fixnum int-4 } declare \ n*v execute ]
            input<sequence
        ]
        \ ( gensym )
        \ ( gensym )
        [ = ]
        check-simd-fuzz-case
    ]
}
Fuzz Test: {
    [
        [
            { +vector+ +scalar+ -> +vector+ }
            \ int-4
            \ fixnum
            3
            load-locals
            -2
            get-local
            vector-word-inputs
            -1
            get-local
            0
            get-local
            random-vector-inputs
            3
            drop-locals
        ]
        [ \ v*n execute ]
        2
        load-locals
        -1
        get-local
        ( -- inputs )
        call-effect
        simd-fuzz-case
        new
        swap
        >>inputs
        0
        get-local
        >>code
        2
        drop-locals
    ]
    [
        [
            [ { int-4 fixnum } declare \ v*n execute ]
            input<sequence
        ]
        \ ( gensym )
        \ ( gensym )
        [ = ]
        check-simd-fuzz-case
    ]
}
Fuzz Test: {
    [
        [
            { +vector+ +scalar+ -> +vector+ }
            \ int-4
            \ fixnum
            3
            load-locals
            -2
            get-local
            vector-word-inputs
            -1
            get-local
            0
            get-local
            random-vector-inputs
            3
            drop-locals
        ]
        [ \ vrshift execute ]
        2
        load-locals
        -1
        get-local
        ( -- inputs )
        call-effect
        simd-fuzz-case
        new
        swap
        >>inputs
        0
        get-local
        >>code
        2
        drop-locals
    ]
    [
        [
            [ { int-4 fixnum } declare \ vrshift execute ]
            input<sequence
        ]
        \ ( gensym )
        \ ( gensym )
        [ = ]
        check-simd-fuzz-case
    ]
}
Fuzz Test: {
    [
        [
            { +vector+ +vector+ -> +scalar+ }
            \ int-4
            \ fixnum
            3
            load-locals
            -2
            get-local
            vector-word-inputs
            -1
            get-local
            0
            get-local
            random-vector-inputs
            3
            drop-locals
        ]
        [ \ vsad execute ]
        2
        load-locals
        -1
        get-local
        ( -- inputs )
        call-effect
        simd-fuzz-case
        new
        swap
        >>inputs
        0
        get-local
        >>code
        2
        drop-locals
    ]
    [
        [
            [ { int-4 int-4 } declare \ vsad execute ]
            input<sequence
        ]
        \ ( gensym )
        \ ( gensym )
        [ = ]
        check-simd-fuzz-case
    ]
}
Fuzz Test: {
    [
        [
            { +vector+ +vector+ -> +vector+ }
            \ int-4
            \ fixnum
            3
            load-locals
            -2
            get-local
            vector-word-inputs
            -1
            get-local
            0
            get-local
            random-vector-inputs
            3
            drop-locals
        ]
        [ \ v*high execute ]
        2
        load-locals
        -1
        get-local
        ( -- inputs )
        call-effect
        simd-fuzz-case
        new
        swap
        >>inputs
        0
        get-local
        >>code
        2
        drop-locals
    ]
    [
        [
            [ { int-4 int-4 } declare \ v*high execute ]
            input<sequence
        ]
        \ ( gensym )
        \ ( gensym )
        [ = ]
        check-simd-fuzz-case
    ]
}
Fuzz Test: {
    [
        [
            { +vector+ -> +vector+ }
            \ int-4
            \ fixnum
            3
            load-locals
            -2
            get-local
            vector-word-inputs
            -1
            get-local
            0
            get-local
            random-vector-inputs
            3
            drop-locals
        ]
        [ \ vtruncate execute ]
        2
        load-locals
        -1
        get-local
        ( -- inputs )
        call-effect
        simd-fuzz-case
        new
        swap
        >>inputs
        0
        get-local
        >>code
        2
        drop-locals
    ]
    [
        [
            [ { int-4 } declare \ vtruncate execute ]
            input<sequence
        ]
        \ ( gensym )
        \ ( gensym )
        [ = ]
        check-simd-fuzz-case
    ]
}
Fuzz Test: {
    [
        [
            { +vector+ +vector+ -> +vector+ }
            \ int-4
            \ fixnum
            3
            load-locals
            -2
            get-local
            vector-word-inputs
            -1
            get-local
            0
            get-local
            random-vector-inputs
            3
            drop-locals
        ]
        [ \ vbitandn execute ]
        2
        load-locals
        -1
        get-local
        ( -- inputs )
        call-effect
        simd-fuzz-case
        new
        swap
        >>inputs
        0
        get-local
        >>code
        2
        drop-locals
    ]
    [
        [
            [ { int-4 int-4 } declare \ vbitandn execute ]
            input<sequence
        ]
        \ ( gensym )
        \ ( gensym )
        [ = ]
        check-simd-fuzz-case
    ]
}
Fuzz Test: {
    [
        [
            { +vector+ -> +vector+ }
            \ int-4
            \ fixnum
            3
            load-locals
            -2
            get-local
            vector-word-inputs
            -1
            get-local
            0
            get-local
            random-vector-inputs
            3
            drop-locals
        ]
        [ \ vneg execute ]
        2
        load-locals
        -1
        get-local
        ( -- inputs )
        call-effect
        simd-fuzz-case
        new
        swap
        >>inputs
        0
        get-local
        >>code
        2
        drop-locals
    ]
    [
        [ [ { int-4 } declare \ vneg execute ] input<sequence ]
        \ ( gensym )
        \ ( gensym )
        [ = ]
        check-simd-fuzz-case
    ]
}
Fuzz Test: {
    [
        [
            { +scalar+ +vector+ -> +vector+ }
            \ int-4
            \ fixnum
            3
            load-locals
            -2
            get-local
            vector-word-inputs
            -1
            get-local
            0
            get-local
            random-vector-inputs
            3
            drop-locals
        ]
        [ \ n-v execute ]
        2
        load-locals
        -1
        get-local
        ( -- inputs )
        call-effect
        simd-fuzz-case
        new
        swap
        >>inputs
        0
        get-local
        >>code
        2
        drop-locals
    ]
    [
        [
            [ { fixnum int-4 } declare \ n-v execute ]
            input<sequence
        ]
        \ ( gensym )
        \ ( gensym )
        [ = ]
        check-simd-fuzz-case
    ]
}
Fuzz Test: {
    [
        [
            { +vector+ +vector+ -> +vector+ }
            \ int-4
            \ fixnum
            3
            load-locals
            -2
            get-local
            vector-word-inputs
            -1
            get-local
            0
            get-local
            random-vector-inputs
            3
            drop-locals
        ]
        [ \ (vmerge-tail) execute ]
        2
        load-locals
        -1
        get-local
        ( -- inputs )
        call-effect
        simd-fuzz-case
        new
        swap
        >>inputs
        0
        get-local
        >>code
        2
        drop-locals
    ]
    [
        [
            [ { int-4 int-4 } declare \ (vmerge-tail) execute ]
            input<sequence
        ]
        \ ( gensym )
        \ ( gensym )
        [ = ]
        check-simd-fuzz-case
    ]
}
Fuzz Test: {
    [
        [
            { +vector+ +scalar+ -> +vector+ }
            \ int-4
            \ fixnum
            3
            load-locals
            -2
            get-local
            vector-word-inputs
            -1
            get-local
            0
            get-local
            random-vector-inputs
            3
            drop-locals
        ]
        [ \ v-n execute ]
        2
        load-locals
        -1
        get-local
        ( -- inputs )
        call-effect
        simd-fuzz-case
        new
        swap
        >>inputs
        0
        get-local
        >>code
        2
        drop-locals
    ]
    [
        [
            [ { int-4 fixnum } declare \ v-n execute ]
            input<sequence
        ]
        \ ( gensym )
        \ ( gensym )
        [ = ]
        check-simd-fuzz-case
    ]
}
Fuzz Test: {
    [
        [
            { +vector+ +vector+ -> +vector+ }
            \ int-4
            \ fixnum
            3
            load-locals
            -2
            get-local
            vector-word-inputs
            -1
            get-local
            0
            get-local
            random-vector-inputs
            3
            drop-locals
        ]
        [ \ v+- execute ]
        2
        load-locals
        -1
        get-local
        ( -- inputs )
        call-effect
        simd-fuzz-case
        new
        swap
        >>inputs
        0
        get-local
        >>code
        2
        drop-locals
    ]
    [
        [
            [ { int-4 int-4 } declare \ v+- execute ]
            input<sequence
        ]
        \ ( gensym )
        \ ( gensym )
        [ = ]
        check-simd-fuzz-case
    ]
}
Fuzz Test: {
    [
        [
            { +vector+ -> +vector+ }
            \ int-4
            \ fixnum
            3
            load-locals
            -2
            get-local
            vector-word-inputs
            -1
            get-local
            0
            get-local
            random-vector-inputs
            3
            drop-locals
        ]
        [ \ vbitnot execute ]
        2
        load-locals
        -1
        get-local
        ( -- inputs )
        call-effect
        simd-fuzz-case
        new
        swap
        >>inputs
        0
        get-local
        >>code
        2
        drop-locals
    ]
    [
        [
            [ { int-4 } declare \ vbitnot execute ]
            input<sequence
        ]
        \ ( gensym )
        \ ( gensym )
        [ = ]
        check-simd-fuzz-case
    ]
}
Fuzz Test: {
    [
        [
            { +vector+ -> +vector+ }
            \ int-4
            \ fixnum
            3
            load-locals
            -2
            get-local
            vector-word-inputs
            -1
            get-local
            0
            get-local
            random-vector-inputs
            3
            drop-locals
        ]
        [ \ vbit-reverse execute ]
        2
        load-locals
        -1
        get-local
        ( -- inputs )
        call-effect
        simd-fuzz-case
        new
        swap
        >>inputs
        0
        get-local
        >>code
        2
        drop-locals
    ]
    [
        [
            [ { int-4 } declare \ vbit-reverse execute ]
            input<sequence
        ]
        \ ( gensym )
        \ ( gensym )
        [ = ]
        check-simd-fuzz-case
    ]
}
Fuzz Test: {
    [
        [
            { +vector+ -> +vector+ }
            \ int-4
            \ fixnum
            3
            load-locals
            -2
            get-local
            vector-word-inputs
            -1
            get-local
            0
            get-local
            random-vector-inputs
            3
            drop-locals
        ]
        [ \ vceiling execute ]
        2
        load-locals
        -1
        get-local
        ( -- inputs )
        call-effect
        simd-fuzz-case
        new
        swap
        >>inputs
        0
        get-local
        >>code
        2
        drop-locals
    ]
    [
        [
            [ { int-4 } declare \ vceiling execute ]
            input<sequence
        ]
        \ ( gensym )
        \ ( gensym )
        [ = ]
        check-simd-fuzz-case
    ]
}
Fuzz Test: {
    [
        [
            { +vector+ -> +nonnegative+ }
            \ int-4
            \ fixnum
            3
            load-locals
            -2
            get-local
            vector-word-inputs
            -1
            get-local
            0
            get-local
            random-vector-inputs
            3
            drop-locals
        ]
        [ \ norm execute ]
        2
        load-locals
        -1
        get-local
        ( -- inputs )
        call-effect
        simd-fuzz-case
        new
        swap
        >>inputs
        0
        get-local
        >>code
        2
        drop-locals
    ]
    [
        [ [ { int-4 } declare \ norm execute ] input<sequence ]
        \ ( gensym )
        \ ( gensym )
        [ = ]
        check-simd-fuzz-case
    ]
}
Fuzz Test: {
    [
        [
            { +vector+ -> +scalar+ }
            \ int-4
            \ fixnum
            3
            load-locals
            -2
            get-local
            vector-word-inputs
            -1
            get-local
            0
            get-local
            random-vector-inputs
            3
            drop-locals
        ]
        [ \ vmin-element execute ]
        2
        load-locals
        -1
        get-local
        ( -- inputs )
        call-effect
        simd-fuzz-case
        new
        swap
        >>inputs
        0
        get-local
        >>code
        2
        drop-locals
    ]
    [
        [
            [ { int-4 } declare \ vmin-element execute ]
            input<sequence
        ]
        \ ( gensym )
        \ ( gensym )
        [ = ]
        check-simd-fuzz-case
    ]
}
Fuzz Test: {
    [
        [
            { +vector+ +vector+ -> +vector+ }
            \ int-4
            \ fixnum
            3
            load-locals
            -2
            get-local
            vector-word-inputs
            -1
            get-local
            0
            get-local
            random-vector-inputs
            3
            drop-locals
        ]
        [ \ vbitand execute ]
        2
        load-locals
        -1
        get-local
        ( -- inputs )
        call-effect
        simd-fuzz-case
        new
        swap
        >>inputs
        0
        get-local
        >>code
        2
        drop-locals
    ]
    [
        [
            [ { int-4 int-4 } declare \ vbitand execute ]
            input<sequence
        ]
        \ ( gensym )
        \ ( gensym )
        [ = ]
        check-simd-fuzz-case
    ]
}
Fuzz Test: {
    [
        [
            { +vector+ +scalar+ -> +vector+ }
            \ int-4
            \ fixnum
            3
            load-locals
            -2
            get-local
            vector-word-inputs
            -1
            get-local
            0
            get-local
            random-vector-inputs
            3
            drop-locals
        ]
        [ \ vlshift execute ]
        2
        load-locals
        -1
        get-local
        ( -- inputs )
        call-effect
        simd-fuzz-case
        new
        swap
        >>inputs
        0
        get-local
        >>code
        2
        drop-locals
    ]
    [
        [
            [ { int-4 fixnum } declare \ vlshift execute ]
            input<sequence
        ]
        \ ( gensym )
        \ ( gensym )
        [ = ]
        check-simd-fuzz-case
    ]
}
Fuzz Test: {
    [
        [
            { +vector+ +vector+ -> +vector+ }
            \ int-4
            \ fixnum
            3
            load-locals
            -2
            get-local
            vector-word-inputs
            -1
            get-local
            0
            get-local
            random-vector-inputs
            3
            drop-locals
        ]
        [ \ (vmerge-head) execute ]
        2
        load-locals
        -1
        get-local
        ( -- inputs )
        call-effect
        simd-fuzz-case
        new
        swap
        >>inputs
        0
        get-local
        >>code
        2
        drop-locals
    ]
    [
        [
            [ { int-4 int-4 } declare \ (vmerge-head) execute ]
            input<sequence
        ]
        \ ( gensym )
        \ ( gensym )
        [ = ]
        check-simd-fuzz-case
    ]
}
Fuzz Test: {
    [
        [
            { +vector+ +vector+ -> +vector+ }
            \ int-4
            \ fixnum
            3
            load-locals
            -2
            get-local
            vector-word-inputs
            -1
            get-local
            0
            get-local
            random-vector-inputs
            3
            drop-locals
        ]
        [ \ vunordered? execute ]
        2
        load-locals
        -1
        get-local
        ( -- inputs )
        call-effect
        simd-fuzz-case
        new
        swap
        >>inputs
        0
        get-local
        >>code
        2
        drop-locals
    ]
    [
        [
            [ { int-4 int-4 } declare \ vunordered? execute ]
            input<sequence
        ]
        \ ( gensym )
        \ ( gensym )
        [ = ]
        check-simd-fuzz-case
    ]
}
Fuzz Test: {
    [
        [
            { +vector+ -> +scalar+ }
            \ int-4
            \ fixnum
            3
            load-locals
            -2
            get-local
            vector-word-inputs
            -1
            get-local
            0
            get-local
            random-vector-inputs
            3
            drop-locals
        ]
        [ \ sum execute ]
        2
        load-locals
        -1
        get-local
        ( -- inputs )
        call-effect
        simd-fuzz-case
        new
        swap
        >>inputs
        0
        get-local
        >>code
        2
        drop-locals
    ]
    [
        [ [ { int-4 } declare \ sum execute ] input<sequence ]
        \ ( gensym )
        \ ( gensym )
        [ = ]
        check-simd-fuzz-case
    ]
}
Fuzz Test: {
    [
        [
            { +vector+ -> +vector+ }
            \ int-4
            \ fixnum
            3
            load-locals
            -2
            get-local
            vector-word-inputs
            -1
            get-local
            0
            get-local
            random-vector-inputs
            3
            drop-locals
        ]
        [ \ vround-to-even execute ]
        2
        load-locals
        -1
        get-local
        ( -- inputs )
        call-effect
        simd-fuzz-case
        new
        swap
        >>inputs
        0
        get-local
        >>code
        2
        drop-locals
    ]
    [
        [
            [ { int-4 } declare \ vround-to-even execute ]
            input<sequence
        ]
        \ ( gensym )
        \ ( gensym )
        [ = ]
        check-simd-fuzz-case
    ]
}
Fuzz Test: {
    [
        [
            { +vector+ -> +vector+ }
            \ int-4
            \ fixnum
            3
            load-locals
            -2
            get-local
            vector-word-inputs
            -1
            get-local
            0
            get-local
            random-vector-inputs
            3
            drop-locals
        ]
        [ \ vctz execute ]
        2
        load-locals
        -1
        get-local
        ( -- inputs )
        call-effect
        simd-fuzz-case
        new
        swap
        >>inputs
        0
        get-local
        >>code
        2
        drop-locals
    ]
    [
        [ [ { int-4 } declare \ vctz execute ] input<sequence ]
        \ ( gensym )
        \ ( gensym )
        [ = ]
        check-simd-fuzz-case
    ]
}
Fuzz Test: {
    [
        [
            { +vector+ -> +vector+ }
            \ int-4
            \ fixnum
            3
            load-locals
            -2
            get-local
            vector-word-inputs
            -1
            get-local
            0
            get-local
            random-vector-inputs
            3
            drop-locals
        ]
        [ \ vfloor execute ]
        2
        load-locals
        -1
        get-local
        ( -- inputs )
        call-effect
        simd-fuzz-case
        new
        swap
        >>inputs
        0
        get-local
        >>code
        2
        drop-locals
    ]
    [
        [
            [ { int-4 } declare \ vfloor execute ]
            input<sequence
        ]
        \ ( gensym )
        \ ( gensym )
        [ = ]
        check-simd-fuzz-case
    ]
}
Fuzz Test: {
    [
        [
            { +vector+ +vector+ -> +vector+ }
            \ int-4
            \ fixnum
            3
            load-locals
            -2
            get-local
            vector-word-inputs
            -1
            get-local
            0
            get-local
            random-vector-inputs
            3
            drop-locals
        ]
        [ \ v*hs+ execute ]
        2
        load-locals
        -1
        get-local
        ( -- inputs )
        call-effect
        simd-fuzz-case
        new
        swap
        >>inputs
        0
        get-local
        >>code
        2
        drop-locals
    ]
    [
        [
            [ { int-4 int-4 } declare \ v*hs+ execute ]
            input<sequence
        ]
        \ ( gensym )
        \ ( gensym )
        [ = ]
        check-simd-fuzz-case
    ]
}
Fuzz Test: {
    [
        [
            { +vector+ +vector+ -> +vector+ }
            \ int-4
            \ fixnum
            3
            load-locals
            -2
            get-local
            vector-word-inputs
            -1
            get-local
            0
            get-local
            random-vector-inputs
            3
            drop-locals
        ]
        [ \ vbitor execute ]
        2
        load-locals
        -1
        get-local
        ( -- inputs )
        call-effect
        simd-fuzz-case
        new
        swap
        >>inputs
        0
        get-local
        >>code
        2
        drop-locals
    ]
    [
        [
            [ { int-4 int-4 } declare \ vbitor execute ]
            input<sequence
        ]
        \ ( gensym )
        \ ( gensym )
        [ = ]
        check-simd-fuzz-case
    ]
}
Fuzz Test: {
    [
        [
            { +vector+ +vector+ -> +vector+ }
            \ int-4
            \ fixnum
            3
            load-locals
            -2
            get-local
            vector-word-inputs
            -1
            get-local
            0
            get-local
            random-vector-inputs
            3
            drop-locals
        ]
        [ \ v>= execute ]
        2
        load-locals
        -1
        get-local
        ( -- inputs )
        call-effect
        simd-fuzz-case
        new
        swap
        >>inputs
        0
        get-local
        >>code
        2
        drop-locals
    ]
    [
        [
            [ { int-4 int-4 } declare \ v>= execute ]
            input<sequence
        ]
        \ ( gensym )
        \ ( gensym )
        [ = ]
        check-simd-fuzz-case
    ]
}
Fuzz Test: {
    [
        [
            { +vector+ +vector+ -> +vector+ }
            \ int-4
            \ fixnum
            3
            load-locals
            -2
            get-local
            vector-word-inputs
            -1
            get-local
            0
            get-local
            random-vector-inputs
            3
            drop-locals
        ]
        [ \ [v-] execute ]
        2
        load-locals
        -1
        get-local
        ( -- inputs )
        call-effect
        simd-fuzz-case
        new
        swap
        >>inputs
        0
        get-local
        >>code
        2
        drop-locals
    ]
    [
        [
            [ { int-4 int-4 } declare \ [v-] execute ]
            input<sequence
        ]
        \ ( gensym )
        \ ( gensym )
        [ = ]
        check-simd-fuzz-case
    ]
}
Fuzz Test: {
    [
        [
            { +vector+ +vector+ -> +vector+ }
            \ int-4
            \ fixnum
            3
            load-locals
            -2
            get-local
            vector-word-inputs
            -1
            get-local
            0
            get-local
            random-vector-inputs
            3
            drop-locals
        ]
        [ \ vavg execute ]
        2
        load-locals
        -1
        get-local
        ( -- inputs )
        call-effect
        simd-fuzz-case
        new
        swap
        >>inputs
        0
        get-local
        >>code
        2
        drop-locals
    ]
    [
        [
            [ { int-4 int-4 } declare \ vavg execute ]
            input<sequence
        ]
        \ ( gensym )
        \ ( gensym )
        [ = ]
        check-simd-fuzz-case
    ]
}
Fuzz Test: {
    [
        [
            { +vector+ +vector+ -> +vector+ }
            \ int-4
            \ fixnum
            3
            load-locals
            -2
            get-local
            vector-word-inputs
            -1
            get-local
            0
            get-local
            random-vector-inputs
            3
            drop-locals
        ]
        [ \ vbitxor execute ]
        2
        load-locals
        -1
        get-local
        ( -- inputs )
        call-effect
        simd-fuzz-case
        new
        swap
        >>inputs
        0
        get-local
        >>code
        2
        drop-locals
    ]
    [
        [
            [ { int-4 int-4 } declare \ vbitxor execute ]
            input<sequence
        ]
        \ ( gensym )
        \ ( gensym )
        [ = ]
        check-simd-fuzz-case
    ]
}
Fuzz Test: {
    [
        [
            { +vector+ +vector+ -> +vector+ }
            \ int-4
            \ fixnum
            3
            load-locals
            -2
            get-local
            vector-word-inputs
            -1
            get-local
            0
            get-local
            random-vector-inputs
            3
            drop-locals
        ]
        [ \ v= execute ]
        2
        load-locals
        -1
        get-local
        ( -- inputs )
        call-effect
        simd-fuzz-case
        new
        swap
        >>inputs
        0
        get-local
        >>code
        2
        drop-locals
    ]
    [
        [
            [ { int-4 int-4 } declare \ v= execute ]
            input<sequence
        ]
        \ ( gensym )
        \ ( gensym )
        [ = ]
        check-simd-fuzz-case
    ]
}
Fuzz Test: {
    [
        [
            { +vector+ -> +vector+ }
            \ int-4
            \ fixnum
            3
            load-locals
            -2
            get-local
            vector-word-inputs
            -1
            get-local
            0
            get-local
            random-vector-inputs
            3
            drop-locals
        ]
        [ \ vabs execute ]
        2
        load-locals
        -1
        get-local
        ( -- inputs )
        call-effect
        simd-fuzz-case
        new
        swap
        >>inputs
        0
        get-local
        >>code
        2
        drop-locals
    ]
    [
        [ [ { int-4 } declare \ vabs execute ] input<sequence ]
        \ ( gensym )
        \ ( gensym )
        [ = ]
        check-simd-fuzz-case
    ]
}
Fuzz Test: {
    [
        [
            { +vector+ +vector+ -> +vector+ }
            \ int-4
            \ fixnum
            3
            load-locals
            -2
            get-local
            vector-word-inputs
            -1
            get-local
            0
            get-local
            random-vector-inputs
            3
            drop-locals
        ]
        [ \ v* execute ]
        2
        load-locals
        -1
        get-local
        ( -- inputs )
        call-effect
        simd-fuzz-case
        new
        swap
        >>inputs
        0
        get-local
        >>code
        2
        drop-locals
    ]
    [
        [
            [ { int-4 int-4 } declare \ v* execute ]
            input<sequence
        ]
        \ ( gensym )
        \ ( gensym )
        [ = ]
        check-simd-fuzz-case
    ]
}
Fuzz Test: {
    [
        [
            { +vector+ +vector+ -> +vector+ }
            \ int-4
            \ fixnum
            3
            load-locals
            -2
            get-local
            vector-word-inputs
            -1
            get-local
            0
            get-local
            random-vector-inputs
            3
            drop-locals
        ]
        [ \ v< execute ]
        2
        load-locals
        -1
        get-local
        ( -- inputs )
        call-effect
        simd-fuzz-case
        new
        swap
        >>inputs
        0
        get-local
        >>code
        2
        drop-locals
    ]
    [
        [
            [ { int-4 int-4 } declare \ v< execute ]
            input<sequence
        ]
        \ ( gensym )
        \ ( gensym )
        [ = ]
        check-simd-fuzz-case
    ]
}
Fuzz Test: {
    [
        [
            { +vector+ +scalar+ -> +vector+ }
            \ int-4
            \ fixnum
            3
            load-locals
            -2
            get-local
            vector-word-inputs
            -1
            get-local
            0
            get-local
            random-vector-inputs
            3
            drop-locals
        ]
        [ \ v+n execute ]
        2
        load-locals
        -1
        get-local
        ( -- inputs )
        call-effect
        simd-fuzz-case
        new
        swap
        >>inputs
        0
        get-local
        >>code
        2
        drop-locals
    ]
    [
        [
            [ { int-4 fixnum } declare \ v+n execute ]
            input<sequence
        ]
        \ ( gensym )
        \ ( gensym )
        [ = ]
        check-simd-fuzz-case
    ]
}
Fuzz Test: {
    [
        [
            { +vector+ +vector+ -> +scalar+ }
            \ int-4
            \ fixnum
            3
            load-locals
            -2
            get-local
            vector-word-inputs
            -1
            get-local
            0
            get-local
            random-vector-inputs
            3
            drop-locals
        ]
        [ \ vdot execute ]
        2
        load-locals
        -1
        get-local
        ( -- inputs )
        call-effect
        simd-fuzz-case
        new
        swap
        >>inputs
        0
        get-local
        >>code
        2
        drop-locals
    ]
    [
        [
            [ { int-4 int-4 } declare \ vdot execute ]
            input<sequence
        ]
        \ ( gensym )
        \ ( gensym )
        [ = ]
        check-simd-fuzz-case
    ]
}
Fuzz Test: {
    [
        [
            { +vector+ +vector+ -> +vector+ }
            \ int-4
            \ fixnum
            3
            load-locals
            -2
            get-local
            vector-word-inputs
            -1
            get-local
            0
            get-local
            random-vector-inputs
            3
            drop-locals
        ]
        [ \ v> execute ]
        2
        load-locals
        -1
        get-local
        ( -- inputs )
        call-effect
        simd-fuzz-case
        new
        swap
        >>inputs
        0
        get-local
        >>code
        2
        drop-locals
    ]
    [
        [
            [ { int-4 int-4 } declare \ v> execute ]
            input<sequence
        ]
        \ ( gensym )
        \ ( gensym )
        [ = ]
        check-simd-fuzz-case
    ]
}
Fuzz Test: {
    [
        [
            { +scalar+ +vector+ -> +vector+ }
            \ int-4
            \ fixnum
            3
            load-locals
            -2
            get-local
            vector-word-inputs
            -1
            get-local
            0
            get-local
            random-vector-inputs
            3
            drop-locals
        ]
        [ \ n+v execute ]
        2
        load-locals
        -1
        get-local
        ( -- inputs )
        call-effect
        simd-fuzz-case
        new
        swap
        >>inputs
        0
        get-local
        >>code
        2
        drop-locals
    ]
    [
        [
            [ { fixnum int-4 } declare \ n+v execute ]
            input<sequence
        ]
        \ ( gensym )
        \ ( gensym )
        [ = ]
        check-simd-fuzz-case
    ]
}
Fuzz Test: {
    [
        [
            { +vector+ -> +nonnegative+ }
            \ uint-4
            \ fixnum
            3
            load-locals
            -2
            get-local
            vector-word-inputs
            -1
            get-local
            0
            get-local
            random-vector-inputs
            3
            drop-locals
        ]
        [ \ norm-sq execute ]
        2
        load-locals
        -1
        get-local
        ( -- inputs )
        call-effect
        simd-fuzz-case
        new
        swap
        >>inputs
        0
        get-local
        >>code
        2
        drop-locals
    ]
    [
        [
            [ { uint-4 } declare \ norm-sq execute ]
            input<sequence
        ]
        \ ( gensym )
        \ ( gensym )
        [ = ]
        check-simd-fuzz-case
    ]
}
Fuzz Test: {
    [
        [
            { +vector+ +vector+ -> +vector+ }
            \ uint-4
            \ fixnum
            3
            load-locals
            -2
            get-local
            vector-word-inputs
            -1
            get-local
            0
            get-local
            random-vector-inputs
            3
            drop-locals
        ]
        [ \ v- execute ]
        2
        load-locals
        -1
        get-local
        ( -- inputs )
        call-effect
        simd-fuzz-case
        new
        swap
        >>inputs
        0
        get-local
        >>code
        2
        drop-locals
    ]
    [
        [
            [ { uint-4 uint-4 } declare \ v- execute ]
            input<sequence
        ]
        \ ( gensym )
        \ ( gensym )
        [ = ]
        check-simd-fuzz-case
    ]
}
Fuzz Test: {
    [
        [
            { +vector+ +vector+ -> +vector+ }
            \ uint-4
            \ fixnum
            3
            load-locals
            -2
            get-local
            vector-word-inputs
            -1
            get-local
            0
            get-local
            random-vector-inputs
            3
            drop-locals
        ]
        [ \ v+ execute ]
        2
        load-locals
        -1
        get-local
        ( -- inputs )
        call-effect
        simd-fuzz-case
        new
        swap
        >>inputs
        0
        get-local
        >>code
        2
        drop-locals
    ]
    [
        [
            [ { uint-4 uint-4 } declare \ v+ execute ]
            input<sequence
        ]
        \ ( gensym )
        \ ( gensym )
        [ = ]
        check-simd-fuzz-case
    ]
}
Fuzz Test: {
    [
        [
            { +vector+ -> +vector+ }
            \ uint-4
            \ fixnum
            3
            load-locals
            -2
            get-local
            vector-word-inputs
            -1
            get-local
            0
            get-local
            random-vector-inputs
            3
            drop-locals
        ]
        [ \ vclz execute ]
        2
        load-locals
        -1
        get-local
        ( -- inputs )
        call-effect
        simd-fuzz-case
        new
        swap
        >>inputs
        0
        get-local
        >>code
        2
        drop-locals
    ]
    [
        [ [ { uint-4 } declare \ vclz execute ] input<sequence ]
        \ ( gensym )
        \ ( gensym )
        [ = ]
        check-simd-fuzz-case
    ]
}
Fuzz Test: {
    [
        [
            { +vector+ +vector+ -> +vector+ }
            \ uint-4
            \ fixnum
            3
            load-locals
            -2
            get-local
            vector-word-inputs
            -1
            get-local
            0
            get-local
            random-vector-inputs
            3
            drop-locals
        ]
        [ \ vabsdiff execute ]
        2
        load-locals
        -1
        get-local
        ( -- inputs )
        call-effect
        simd-fuzz-case
        new
        swap
        >>inputs
        0
        get-local
        >>code
        2
        drop-locals
    ]
    [
        [
            [ { uint-4 uint-4 } declare \ vabsdiff execute ]
            input<sequence
        ]
        \ ( gensym )
        \ ( gensym )
        [ = ]
        check-simd-fuzz-case
    ]
}
Fuzz Test: {
    [
        [
            { +vector+ -> +vector+ }
            \ uint-4
            \ fixnum
            3
            load-locals
            -2
            get-local
            vector-word-inputs
            -1
            get-local
            0
            get-local
            random-vector-inputs
            3
            drop-locals
        ]
        [ \ vbit-count execute ]
        2
        load-locals
        -1
        get-local
        ( -- inputs )
        call-effect
        simd-fuzz-case
        new
        swap
        >>inputs
        0
        get-local
        >>code
        2
        drop-locals
    ]
    [
        [
            [ { uint-4 } declare \ vbit-count execute ]
            input<sequence
        ]
        \ ( gensym )
        \ ( gensym )
        [ = ]
        check-simd-fuzz-case
    ]
}
Fuzz Test: {
    [
        [
            { +vector+ +vector+ -> +vector+ }
            \ uint-4
            \ fixnum
            3
            load-locals
            -2
            get-local
            vector-word-inputs
            -1
            get-local
            0
            get-local
            random-vector-inputs
            3
            drop-locals
        ]
        [ \ vmin execute ]
        2
        load-locals
        -1
        get-local
        ( -- inputs )
        call-effect
        simd-fuzz-case
        new
        swap
        >>inputs
        0
        get-local
        >>code
        2
        drop-locals
    ]
    [
        [
            [ { uint-4 uint-4 } declare \ vmin execute ]
            input<sequence
        ]
        \ ( gensym )
        \ ( gensym )
        [ = ]
        check-simd-fuzz-case
    ]
}
Fuzz Test: {
    [
        [
            { +vector+ -> +vector+ }
            \ uint-4
            \ fixnum
            3
            load-locals
            -2
            get-local
            vector-word-inputs
            -1
            get-local
            0
            get-local
            random-vector-inputs
            3
            drop-locals
        ]
        [ \ vround execute ]
        2
        load-locals
        -1
        get-local
        ( -- inputs )
        call-effect
        simd-fuzz-case
        new
        swap
        >>inputs
        0
        get-local
        >>code
        2
        drop-locals
    ]
    [
        [
            [ { uint-4 } declare \ vround execute ]
            input<sequence
        ]
        \ ( gensym )
        \ ( gensym )
        [ = ]
        check-simd-fuzz-case
    ]
}
Fuzz Test: {
    [
        [
            { +vector+ +vector+ -> +vector+ }
            \ uint-4
            \ fixnum
            3
            load-locals
            -2
            get-local
            vector-word-inputs
            -1
            get-local
            0
            get-local
            random-vector-inputs
            3
            drop-locals
        ]
        [ \ vs- execute ]
        2
        load-locals
        -1
        get-local
        ( -- inputs )
        call-effect
        simd-fuzz-case
        new
        swap
        >>inputs
        0
        get-local
        >>code
        2
        drop-locals
    ]
    [
        [
            [ { uint-4 uint-4 } declare \ vs- execute ]
            input<sequence
        ]
        \ ( gensym )
        \ ( gensym )
        [ = ]
        check-simd-fuzz-case
    ]
}
Fuzz Test: {
    [
        [
            { +vector+ +vector+ -> +vector+ }
            \ uint-4
            \ fixnum
            3
            load-locals
            -2
            get-local
            vector-word-inputs
            -1
            get-local
            0
            get-local
            random-vector-inputs
            3
            drop-locals
        ]
        [ \ vs+ execute ]
        2
        load-locals
        -1
        get-local
        ( -- inputs )
        call-effect
        simd-fuzz-case
        new
        swap
        >>inputs
        0
        get-local
        >>code
        2
        drop-locals
    ]
    [
        [
            [ { uint-4 uint-4 } declare \ vs+ execute ]
            input<sequence
        ]
        \ ( gensym )
        \ ( gensym )
        [ = ]
        check-simd-fuzz-case
    ]
}
Fuzz Test: {
    [
        [
            { +vector+ +vector+ -> +vector+ }
            \ uint-4
            \ fixnum
            3
            load-locals
            -2
            get-local
            vector-word-inputs
            -1
            get-local
            0
            get-local
            random-vector-inputs
            3
            drop-locals
        ]
        [ \ vs* execute ]
        2
        load-locals
        -1
        get-local
        ( -- inputs )
        call-effect
        simd-fuzz-case
        new
        swap
        >>inputs
        0
        get-local
        >>code
        2
        drop-locals
    ]
    [
        [
            [ { uint-4 uint-4 } declare \ vs* execute ]
            input<sequence
        ]
        \ ( gensym )
        \ ( gensym )
        [ = ]
        check-simd-fuzz-case
    ]
}
Fuzz Test: {
    [
        [
            { +vector+ -> +scalar+ }
            \ uint-4
            \ fixnum
            3
            load-locals
            -2
            get-local
            vector-word-inputs
            -1
            get-local
            0
            get-local
            random-vector-inputs
            3
            drop-locals
        ]
        [ \ vmax-element execute ]
        2
        load-locals
        -1
        get-local
        ( -- inputs )
        call-effect
        simd-fuzz-case
        new
        swap
        >>inputs
        0
        get-local
        >>code
        2
        drop-locals
    ]
    [
        [
            [ { uint-4 } declare \ vmax-element execute ]
            input<sequence
        ]
        \ ( gensym )
        \ ( gensym )
        [ = ]
        check-simd-fuzz-case
    ]
}
Fuzz Test: {
    [
        [
            { +vector+ +vector+ -> +vector+ }
            \ uint-4
            \ fixnum
            3
            load-locals
            -2
            get-local
            vector-word-inputs
            -1
            get-local
            0
            get-local
            random-vector-inputs
            3
            drop-locals
        ]
        [ \ vmax execute ]
        2
        load-locals
        -1
        get-local
        ( -- inputs )
        call-effect
        simd-fuzz-case
        new
        swap
        >>inputs
        0
        get-local
        >>code
        2
        drop-locals
    ]
    [
        [
            [ { uint-4 uint-4 } declare \ vmax execute ]
            input<sequence
        ]
        \ ( gensym )
        \ ( gensym )
        [ = ]
        check-simd-fuzz-case
    ]
}
Fuzz Test: {
    [
        [
            { +vector+ +vector+ -> +vector+ }
            \ uint-4
            \ fixnum
            3
            load-locals
            -2
            get-local
            vector-word-inputs
            -1
            get-local
            0
            get-local
            random-vector-inputs
            3
            drop-locals
        ]
        [ \ v<= execute ]
        2
        load-locals
        -1
        get-local
        ( -- inputs )
        call-effect
        simd-fuzz-case
        new
        swap
        >>inputs
        0
        get-local
        >>code
        2
        drop-locals
    ]
    [
        [
            [ { uint-4 uint-4 } declare \ v<= execute ]
            input<sequence
        ]
        \ ( gensym )
        \ ( gensym )
        [ = ]
        check-simd-fuzz-case
    ]
}
Fuzz Test: {
    [
        [
            { +scalar+ +vector+ -> +vector+ }
            \ uint-4
            \ fixnum
            3
            load-locals
            -2
            get-local
            vector-word-inputs
            -1
            get-local
            0
            get-local
            random-vector-inputs
            3
            drop-locals
        ]
        [ \ n*v execute ]
        2
        load-locals
        -1
        get-local
        ( -- inputs )
        call-effect
        simd-fuzz-case
        new
        swap
        >>inputs
        0
        get-local
        >>code
        2
        drop-locals
    ]
    [
        [
            [ { fixnum uint-4 } declare \ n*v execute ]
            input<sequence
        ]
        \ ( gensym )
        \ ( gensym )
        [ = ]
        check-simd-fuzz-case
    ]
}
Fuzz Test: {
    [
        [
            { +vector+ +scalar+ -> +vector+ }
            \ uint-4
            \ fixnum
            3
            load-locals
            -2
            get-local
            vector-word-inputs
            -1
            get-local
            0
            get-local
            random-vector-inputs
            3
            drop-locals
        ]
        [ \ v*n execute ]
        2
        load-locals
        -1
        get-local
        ( -- inputs )
        call-effect
        simd-fuzz-case
        new
        swap
        >>inputs
        0
        get-local
        >>code
        2
        drop-locals
    ]
    [
        [
            [ { uint-4 fixnum } declare \ v*n execute ]
            input<sequence
        ]
        \ ( gensym )
        \ ( gensym )
        [ = ]
        check-simd-fuzz-case
    ]
}
Fuzz Test: {
    [
        [
            { +vector+ +scalar+ -> +vector+ }
            \ uint-4
            \ fixnum
            3
            load-locals
            -2
            get-local
            vector-word-inputs
            -1
            get-local
            0
            get-local
            random-vector-inputs
            3
            drop-locals
        ]
        [ \ vrshift execute ]
        2
        load-locals
        -1
        get-local
        ( -- inputs )
        call-effect
        simd-fuzz-case
        new
        swap
        >>inputs
        0
        get-local
        >>code
        2
        drop-locals
    ]
    [
        [
            [ { uint-4 fixnum } declare \ vrshift execute ]
            input<sequence
        ]
        \ ( gensym )
        \ ( gensym )
        [ = ]
        check-simd-fuzz-case
    ]
}
Fuzz Test: {
    [
        [
            { +vector+ +vector+ -> +scalar+ }
            \ uint-4
            \ fixnum
            3
            load-locals
            -2
            get-local
            vector-word-inputs
            -1
            get-local
            0
            get-local
            random-vector-inputs
            3
            drop-locals
        ]
        [ \ vsad execute ]
        2
        load-locals
        -1
        get-local
        ( -- inputs )
        call-effect
        simd-fuzz-case
        new
        swap
        >>inputs
        0
        get-local
        >>code
        2
        drop-locals
    ]
    [
        [
            [ { uint-4 uint-4 } declare \ vsad execute ]
            input<sequence
        ]
        \ ( gensym )
        \ ( gensym )
        [ = ]
        check-simd-fuzz-case
    ]
}
Fuzz Test: {
    [
        [
            { +vector+ +vector+ -> +vector+ }
            \ uint-4
            \ fixnum
            3
            load-locals
            -2
            get-local
            vector-word-inputs
            -1
            get-local
            0
            get-local
            random-vector-inputs
            3
            drop-locals
        ]
        [ \ v*high execute ]
        2
        load-locals
        -1
        get-local
        ( -- inputs )
        call-effect
        simd-fuzz-case
        new
        swap
        >>inputs
        0
        get-local
        >>code
        2
        drop-locals
    ]
    [
        [
            [ { uint-4 uint-4 } declare \ v*high execute ]
            input<sequence
        ]
        \ ( gensym )
        \ ( gensym )
        [ = ]
        check-simd-fuzz-case
    ]
}
Fuzz Test: {
    [
        [
            { +vector+ -> +vector+ }
            \ uint-4
            \ fixnum
            3
            load-locals
            -2
            get-local
            vector-word-inputs
            -1
            get-local
            0
            get-local
            random-vector-inputs
            3
            drop-locals
        ]
        [ \ vtruncate execute ]
        2
        load-locals
        -1
        get-local
        ( -- inputs )
        call-effect
        simd-fuzz-case
        new
        swap
        >>inputs
        0
        get-local
        >>code
        2
        drop-locals
    ]
    [
        [
            [ { uint-4 } declare \ vtruncate execute ]
            input<sequence
        ]
        \ ( gensym )
        \ ( gensym )
        [ = ]
        check-simd-fuzz-case
    ]
}
Fuzz Test: {
    [
        [
            { +vector+ +vector+ -> +vector+ }
            \ uint-4
            \ fixnum
            3
            load-locals
            -2
            get-local
            vector-word-inputs
            -1
            get-local
            0
            get-local
            random-vector-inputs
            3
            drop-locals
        ]
        [ \ vbitandn execute ]
        2
        load-locals
        -1
        get-local
        ( -- inputs )
        call-effect
        simd-fuzz-case
        new
        swap
        >>inputs
        0
        get-local
        >>code
        2
        drop-locals
    ]
    [
        [
            [ { uint-4 uint-4 } declare \ vbitandn execute ]
            input<sequence
        ]
        \ ( gensym )
        \ ( gensym )
        [ = ]
        check-simd-fuzz-case
    ]
}
Fuzz Test: {
    [
        [
            { +vector+ -> +vector+ }
            \ uint-4
            \ fixnum
            3
            load-locals
            -2
            get-local
            vector-word-inputs
            -1
            get-local
            0
            get-local
            random-vector-inputs
            3
            drop-locals
        ]
        [ \ vneg execute ]
        2
        load-locals
        -1
        get-local
        ( -- inputs )
        call-effect
        simd-fuzz-case
        new
        swap
        >>inputs
        0
        get-local
        >>code
        2
        drop-locals
    ]
    [
        [ [ { uint-4 } declare \ vneg execute ] input<sequence ]
        \ ( gensym )
        \ ( gensym )
        [ = ]
        check-simd-fuzz-case
    ]
}
Fuzz Test: {
    [
        [
            { +scalar+ +vector+ -> +vector+ }
            \ uint-4
            \ fixnum
            3
            load-locals
            -2
            get-local
            vector-word-inputs
            -1
            get-local
            0
            get-local
            random-vector-inputs
            3
            drop-locals
        ]
        [ \ n-v execute ]
        2
        load-locals
        -1
        get-local
        ( -- inputs )
        call-effect
        simd-fuzz-case
        new
        swap
        >>inputs
        0
        get-local
        >>code
        2
        drop-locals
    ]
    [
        [
            [ { fixnum uint-4 } declare \ n-v execute ]
            input<sequence
        ]
        \ ( gensym )
        \ ( gensym )
        [ = ]
        check-simd-fuzz-case
    ]
}
Fuzz Test: {
    [
        [
            { +vector+ +vector+ -> +vector+ }
            \ uint-4
            \ fixnum
            3
            load-locals
            -2
            get-local
            vector-word-inputs
            -1
            get-local
            0
            get-local
            random-vector-inputs
            3
            drop-locals
        ]
        [ \ (vmerge-tail) execute ]
        2
        load-locals
        -1
        get-local
        ( -- inputs )
        call-effect
        simd-fuzz-case
        new
        swap
        >>inputs
        0
        get-local
        >>code
        2
        drop-locals
    ]
    [
        [
            [
                { uint-4 uint-4 }
                declare
                \ (vmerge-tail)
                execute
            ]
            input<sequence
        ]
        \ ( gensym )
        \ ( gensym )
        [ = ]
        check-simd-fuzz-case
    ]
}
Fuzz Test: {
    [
        [
            { +vector+ +scalar+ -> +vector+ }
            \ uint-4
            \ fixnum
            3
            load-locals
            -2
            get-local
            vector-word-inputs
            -1
            get-local
            0
            get-local
            random-vector-inputs
            3
            drop-locals
        ]
        [ \ v-n execute ]
        2
        load-locals
        -1
        get-local
        ( -- inputs )
        call-effect
        simd-fuzz-case
        new
        swap
        >>inputs
        0
        get-local
        >>code
        2
        drop-locals
    ]
    [
        [
            [ { uint-4 fixnum } declare \ v-n execute ]
            input<sequence
        ]
        \ ( gensym )
        \ ( gensym )
        [ = ]
        check-simd-fuzz-case
    ]
}
Fuzz Test: {
    [
        [
            { +vector+ +vector+ -> +vector+ }
            \ uint-4
            \ fixnum
            3
            load-locals
            -2
            get-local
            vector-word-inputs
            -1
            get-local
            0
            get-local
            random-vector-inputs
            3
            drop-locals
        ]
        [ \ v+- execute ]
        2
        load-locals
        -1
        get-local
        ( -- inputs )
        call-effect
        simd-fuzz-case
        new
        swap
        >>inputs
        0
        get-local
        >>code
        2
        drop-locals
    ]
    [
        [
            [ { uint-4 uint-4 } declare \ v+- execute ]
            input<sequence
        ]
        \ ( gensym )
        \ ( gensym )
        [ = ]
        check-simd-fuzz-case
    ]
}
Fuzz Test: {
    [
        [
            { +vector+ -> +vector+ }
            \ uint-4
            \ fixnum
            3
            load-locals
            -2
            get-local
            vector-word-inputs
            -1
            get-local
            0
            get-local
            random-vector-inputs
            3
            drop-locals
        ]
        [ \ vbitnot execute ]
        2
        load-locals
        -1
        get-local
        ( -- inputs )
        call-effect
        simd-fuzz-case
        new
        swap
        >>inputs
        0
        get-local
        >>code
        2
        drop-locals
    ]
    [
        [
            [ { uint-4 } declare \ vbitnot execute ]
            input<sequence
        ]
        \ ( gensym )
        \ ( gensym )
        [ = ]
        check-simd-fuzz-case
    ]
}
Fuzz Test: {
    [
        [
            { +vector+ -> +vector+ }
            \ uint-4
            \ fixnum
            3
            load-locals
            -2
            get-local
            vector-word-inputs
            -1
            get-local
            0
            get-local
            random-vector-inputs
            3
            drop-locals
        ]
        [ \ vbit-reverse execute ]
        2
        load-locals
        -1
        get-local
        ( -- inputs )
        call-effect
        simd-fuzz-case
        new
        swap
        >>inputs
        0
        get-local
        >>code
        2
        drop-locals
    ]
    [
        [
            [ { uint-4 } declare \ vbit-reverse execute ]
            input<sequence
        ]
        \ ( gensym )
        \ ( gensym )
        [ = ]
        check-simd-fuzz-case
    ]
}
Fuzz Test: {
    [
        [
            { +vector+ -> +vector+ }
            \ uint-4
            \ fixnum
            3
            load-locals
            -2
            get-local
            vector-word-inputs
            -1
            get-local
            0
            get-local
            random-vector-inputs
            3
            drop-locals
        ]
        [ \ vceiling execute ]
        2
        load-locals
        -1
        get-local
        ( -- inputs )
        call-effect
        simd-fuzz-case
        new
        swap
        >>inputs
        0
        get-local
        >>code
        2
        drop-locals
    ]
    [
        [
            [ { uint-4 } declare \ vceiling execute ]
            input<sequence
        ]
        \ ( gensym )
        \ ( gensym )
        [ = ]
        check-simd-fuzz-case
    ]
}
Fuzz Test: {
    [
        [
            { +vector+ -> +nonnegative+ }
            \ uint-4
            \ fixnum
            3
            load-locals
            -2
            get-local
            vector-word-inputs
            -1
            get-local
            0
            get-local
            random-vector-inputs
            3
            drop-locals
        ]
        [ \ norm execute ]
        2
        load-locals
        -1
        get-local
        ( -- inputs )
        call-effect
        simd-fuzz-case
        new
        swap
        >>inputs
        0
        get-local
        >>code
        2
        drop-locals
    ]
    [
        [ [ { uint-4 } declare \ norm execute ] input<sequence ]
        \ ( gensym )
        \ ( gensym )
        [ = ]
        check-simd-fuzz-case
    ]
}
Fuzz Test: {
    [
        [
            { +vector+ -> +scalar+ }
            \ uint-4
            \ fixnum
            3
            load-locals
            -2
            get-local
            vector-word-inputs
            -1
            get-local
            0
            get-local
            random-vector-inputs
            3
            drop-locals
        ]
        [ \ vmin-element execute ]
        2
        load-locals
        -1
        get-local
        ( -- inputs )
        call-effect
        simd-fuzz-case
        new
        swap
        >>inputs
        0
        get-local
        >>code
        2
        drop-locals
    ]
    [
        [
            [ { uint-4 } declare \ vmin-element execute ]
            input<sequence
        ]
        \ ( gensym )
        \ ( gensym )
        [ = ]
        check-simd-fuzz-case
    ]
}
Fuzz Test: {
    [
        [
            { +vector+ +vector+ -> +vector+ }
            \ uint-4
            \ fixnum
            3
            load-locals
            -2
            get-local
            vector-word-inputs
            -1
            get-local
            0
            get-local
            random-vector-inputs
            3
            drop-locals
        ]
        [ \ vbitand execute ]
        2
        load-locals
        -1
        get-local
        ( -- inputs )
        call-effect
        simd-fuzz-case
        new
        swap
        >>inputs
        0
        get-local
        >>code
        2
        drop-locals
    ]
    [
        [
            [ { uint-4 uint-4 } declare \ vbitand execute ]
            input<sequence
        ]
        \ ( gensym )
        \ ( gensym )
        [ = ]
        check-simd-fuzz-case
    ]
}
Fuzz Test: {
    [
        [
            { +vector+ +scalar+ -> +vector+ }
            \ uint-4
            \ fixnum
            3
            load-locals
            -2
            get-local
            vector-word-inputs
            -1
            get-local
            0
            get-local
            random-vector-inputs
            3
            drop-locals
        ]
        [ \ vlshift execute ]
        2
        load-locals
        -1
        get-local
        ( -- inputs )
        call-effect
        simd-fuzz-case
        new
        swap
        >>inputs
        0
        get-local
        >>code
        2
        drop-locals
    ]
    [
        [
            [ { uint-4 fixnum } declare \ vlshift execute ]
            input<sequence
        ]
        \ ( gensym )
        \ ( gensym )
        [ = ]
        check-simd-fuzz-case
    ]
}
Fuzz Test: {
    [
        [
            { +vector+ +vector+ -> +vector+ }
            \ uint-4
            \ fixnum
            3
            load-locals
            -2
            get-local
            vector-word-inputs
            -1
            get-local
            0
            get-local
            random-vector-inputs
            3
            drop-locals
        ]
        [ \ (vmerge-head) execute ]
        2
        load-locals
        -1
        get-local
        ( -- inputs )
        call-effect
        simd-fuzz-case
        new
        swap
        >>inputs
        0
        get-local
        >>code
        2
        drop-locals
    ]
    [
        [
            [
                { uint-4 uint-4 }
                declare
                \ (vmerge-head)
                execute
            ]
            input<sequence
        ]
        \ ( gensym )
        \ ( gensym )
        [ = ]
        check-simd-fuzz-case
    ]
}
Fuzz Test: {
    [
        [
            { +vector+ +vector+ -> +vector+ }
            \ uint-4
            \ fixnum
            3
            load-locals
            -2
            get-local
            vector-word-inputs
            -1
            get-local
            0
            get-local
            random-vector-inputs
            3
            drop-locals
        ]
        [ \ vunordered? execute ]
        2
        load-locals
        -1
        get-local
        ( -- inputs )
        call-effect
        simd-fuzz-case
        new
        swap
        >>inputs
        0
        get-local
        >>code
        2
        drop-locals
    ]
    [
        [
            [ { uint-4 uint-4 } declare \ vunordered? execute ]
            input<sequence
        ]
        \ ( gensym )
        \ ( gensym )
        [ = ]
        check-simd-fuzz-case
    ]
}
Fuzz Test: {
    [
        [
            { +vector+ -> +scalar+ }
            \ uint-4
            \ fixnum
            3
            load-locals
            -2
            get-local
            vector-word-inputs
            -1
            get-local
            0
            get-local
            random-vector-inputs
            3
            drop-locals
        ]
        [ \ sum execute ]
        2
        load-locals
        -1
        get-local
        ( -- inputs )
        call-effect
        simd-fuzz-case
        new
        swap
        >>inputs
        0
        get-local
        >>code
        2
        drop-locals
    ]
    [
        [ [ { uint-4 } declare \ sum execute ] input<sequence ]
        \ ( gensym )
        \ ( gensym )
        [ = ]
        check-simd-fuzz-case
    ]
}
Fuzz Test: {
    [
        [
            { +vector+ -> +vector+ }
            \ uint-4
            \ fixnum
            3
            load-locals
            -2
            get-local
            vector-word-inputs
            -1
            get-local
            0
            get-local
            random-vector-inputs
            3
            drop-locals
        ]
        [ \ vround-to-even execute ]
        2
        load-locals
        -1
        get-local
        ( -- inputs )
        call-effect
        simd-fuzz-case
        new
        swap
        >>inputs
        0
        get-local
        >>code
        2
        drop-locals
    ]
    [
        [
            [ { uint-4 } declare \ vround-to-even execute ]
            input<sequence
        ]
        \ ( gensym )
        \ ( gensym )
        [ = ]
        check-simd-fuzz-case
    ]
}
Fuzz Test: {
    [
        [
            { +vector+ -> +vector+ }
            \ uint-4
            \ fixnum
            3
            load-locals
            -2
            get-local
            vector-word-inputs
            -1
            get-local
            0
            get-local
            random-vector-inputs
            3
            drop-locals
        ]
        [ \ vctz execute ]
        2
        load-locals
        -1
        get-local
        ( -- inputs )
        call-effect
        simd-fuzz-case
        new
        swap
        >>inputs
        0
        get-local
        >>code
        2
        drop-locals
    ]
    [
        [ [ { uint-4 } declare \ vctz execute ] input<sequence ]
        \ ( gensym )
        \ ( gensym )
        [ = ]
        check-simd-fuzz-case
    ]
}
Fuzz Test: {
    [
        [
            { +vector+ -> +vector+ }
            \ uint-4
            \ fixnum
            3
            load-locals
            -2
            get-local
            vector-word-inputs
            -1
            get-local
            0
            get-local
            random-vector-inputs
            3
            drop-locals
        ]
        [ \ vfloor execute ]
        2
        load-locals
        -1
        get-local
        ( -- inputs )
        call-effect
        simd-fuzz-case
        new
        swap
        >>inputs
        0
        get-local
        >>code
        2
        drop-locals
    ]
    [
        [
            [ { uint-4 } declare \ vfloor execute ]
            input<sequence
        ]
        \ ( gensym )
        \ ( gensym )
        [ = ]
        check-simd-fuzz-case
    ]
}
Fuzz Test: {
    [
        [
            { +vector+ +vector+ -> +vector+ }
            \ uint-4
            \ fixnum
            3
            load-locals
            -2
            get-local
            vector-word-inputs
            -1
            get-local
            0
            get-local
            random-vector-inputs
            3
            drop-locals
        ]
        [ \ v*hs+ execute ]
        2
        load-locals
        -1
        get-local
        ( -- inputs )
        call-effect
        simd-fuzz-case
        new
        swap
        >>inputs
        0
        get-local
        >>code
        2
        drop-locals
    ]
    [
        [
            [ { uint-4 uint-4 } declare \ v*hs+ execute ]
            input<sequence
        ]
        \ ( gensym )
        \ ( gensym )
        [ = ]
        check-simd-fuzz-case
    ]
}
Fuzz Test: {
    [
        [
            { +vector+ +vector+ -> +vector+ }
            \ uint-4
            \ fixnum
            3
            load-locals
            -2
            get-local
            vector-word-inputs
            -1
            get-local
            0
            get-local
            random-vector-inputs
            3
            drop-locals
        ]
        [ \ vbitor execute ]
        2
        load-locals
        -1
        get-local
        ( -- inputs )
        call-effect
        simd-fuzz-case
        new
        swap
        >>inputs
        0
        get-local
        >>code
        2
        drop-locals
    ]
    [
        [
            [ { uint-4 uint-4 } declare \ vbitor execute ]
            input<sequence
        ]
        \ ( gensym )
        \ ( gensym )
        [ = ]
        check-simd-fuzz-case
    ]
}
Fuzz Test: {
    [
        [
            { +vector+ +vector+ -> +vector+ }
            \ uint-4
            \ fixnum
            3
            load-locals
            -2
            get-local
            vector-word-inputs
            -1
            get-local
            0
            get-local
            random-vector-inputs
            3
            drop-locals
        ]
        [ \ v>= execute ]
        2
        load-locals
        -1
        get-local
        ( -- inputs )
        call-effect
        simd-fuzz-case
        new
        swap
        >>inputs
        0
        get-local
        >>code
        2
        drop-locals
    ]
    [
        [
            [ { uint-4 uint-4 } declare \ v>= execute ]
            input<sequence
        ]
        \ ( gensym )
        \ ( gensym )
        [ = ]
        check-simd-fuzz-case
    ]
}
Fuzz Test: {
    [
        [
            { +vector+ +vector+ -> +vector+ }
            \ uint-4
            \ fixnum
            3
            load-locals
            -2
            get-local
            vector-word-inputs
            -1
            get-local
            0
            get-local
            random-vector-inputs
            3
            drop-locals
        ]
        [ \ [v-] execute ]
        2
        load-locals
        -1
        get-local
        ( -- inputs )
        call-effect
        simd-fuzz-case
        new
        swap
        >>inputs
        0
        get-local
        >>code
        2
        drop-locals
    ]
    [
        [
            [ { uint-4 uint-4 } declare \ [v-] execute ]
            input<sequence
        ]
        \ ( gensym )
        \ ( gensym )
        [ = ]
        check-simd-fuzz-case
    ]
}
Fuzz Test: {
    [
        [
            { +vector+ +vector+ -> +vector+ }
            \ uint-4
            \ fixnum
            3
            load-locals
            -2
            get-local
            vector-word-inputs
            -1
            get-local
            0
            get-local
            random-vector-inputs
            3
            drop-locals
        ]
        [ \ vavg execute ]
        2
        load-locals
        -1
        get-local
        ( -- inputs )
        call-effect
        simd-fuzz-case
        new
        swap
        >>inputs
        0
        get-local
        >>code
        2
        drop-locals
    ]
    [
        [
            [ { uint-4 uint-4 } declare \ vavg execute ]
            input<sequence
        ]
        \ ( gensym )
        \ ( gensym )
        [ = ]
        check-simd-fuzz-case
    ]
}
Fuzz Test: {
    [
        [
            { +vector+ +vector+ -> +vector+ }
            \ uint-4
            \ fixnum
            3
            load-locals
            -2
            get-local
            vector-word-inputs
            -1
            get-local
            0
            get-local
            random-vector-inputs
            3
            drop-locals
        ]
        [ \ vbitxor execute ]
        2
        load-locals
        -1
        get-local
        ( -- inputs )
        call-effect
        simd-fuzz-case
        new
        swap
        >>inputs
        0
        get-local
        >>code
        2
        drop-locals
    ]
    [
        [
            [ { uint-4 uint-4 } declare \ vbitxor execute ]
            input<sequence
        ]
        \ ( gensym )
        \ ( gensym )
        [ = ]
        check-simd-fuzz-case
    ]
}
Fuzz Test: {
    [
        [
            { +vector+ +vector+ -> +vector+ }
            \ uint-4
            \ fixnum
            3
            load-locals
            -2
            get-local
            vector-word-inputs
            -1
            get-local
            0
            get-local
            random-vector-inputs
            3
            drop-locals
        ]
        [ \ v= execute ]
        2
        load-locals
        -1
        get-local
        ( -- inputs )
        call-effect
        simd-fuzz-case
        new
        swap
        >>inputs
        0
        get-local
        >>code
        2
        drop-locals
    ]
    [
        [
            [ { uint-4 uint-4 } declare \ v= execute ]
            input<sequence
        ]
        \ ( gensym )
        \ ( gensym )
        [ = ]
        check-simd-fuzz-case
    ]
}
Fuzz Test: {
    [
        [
            { +vector+ -> +vector+ }
            \ uint-4
            \ fixnum
            3
            load-locals
            -2
            get-local
            vector-word-inputs
            -1
            get-local
            0
            get-local
            random-vector-inputs
            3
            drop-locals
        ]
        [ \ vabs execute ]
        2
        load-locals
        -1
        get-local
        ( -- inputs )
        call-effect
        simd-fuzz-case
        new
        swap
        >>inputs
        0
        get-local
        >>code
        2
        drop-locals
    ]
    [
        [ [ { uint-4 } declare \ vabs execute ] input<sequence ]
        \ ( gensym )
        \ ( gensym )
        [ = ]
        check-simd-fuzz-case
    ]
}
Fuzz Test: {
    [
        [
            { +vector+ +vector+ -> +vector+ }
            \ uint-4
            \ fixnum
            3
            load-locals
            -2
            get-local
            vector-word-inputs
            -1
            get-local
            0
            get-local
            random-vector-inputs
            3
            drop-locals
        ]
        [ \ v* execute ]
        2
        load-locals
        -1
        get-local
        ( -- inputs )
        call-effect
        simd-fuzz-case
        new
        swap
        >>inputs
        0
        get-local
        >>code
        2
        drop-locals
    ]
    [
        [
            [ { uint-4 uint-4 } declare \ v* execute ]
            input<sequence
        ]
        \ ( gensym )
        \ ( gensym )
        [ = ]
        check-simd-fuzz-case
    ]
}
Fuzz Test: {
    [
        [
            { +vector+ +vector+ -> +vector+ }
            \ uint-4
            \ fixnum
            3
            load-locals
            -2
            get-local
            vector-word-inputs
            -1
            get-local
            0
            get-local
            random-vector-inputs
            3
            drop-locals
        ]
        [ \ v< execute ]
        2
        load-locals
        -1
        get-local
        ( -- inputs )
        call-effect
        simd-fuzz-case
        new
        swap
        >>inputs
        0
        get-local
        >>code
        2
        drop-locals
    ]
    [
        [
            [ { uint-4 uint-4 } declare \ v< execute ]
            input<sequence
        ]
        \ ( gensym )
        \ ( gensym )
        [ = ]
        check-simd-fuzz-case
    ]
}
Fuzz Test: {
    [
        [
            { +vector+ +scalar+ -> +vector+ }
            \ uint-4
            \ fixnum
            3
            load-locals
            -2
            get-local
            vector-word-inputs
            -1
            get-local
            0
            get-local
            random-vector-inputs
            3
            drop-locals
        ]
        [ \ v+n execute ]
        2
        load-locals
        -1
        get-local
        ( -- inputs )
        call-effect
        simd-fuzz-case
        new
        swap
        >>inputs
        0
        get-local
        >>code
        2
        drop-locals
    ]
    [
        [
            [ { uint-4 fixnum } declare \ v+n execute ]
            input<sequence
        ]
        \ ( gensym )
        \ ( gensym )
        [ = ]
        check-simd-fuzz-case
    ]
}
Fuzz Test: {
    [
        [
            { +vector+ +vector+ -> +scalar+ }
            \ uint-4
            \ fixnum
            3
            load-locals
            -2
            get-local
            vector-word-inputs
            -1
            get-local
            0
            get-local
            random-vector-inputs
            3
            drop-locals
        ]
        [ \ vdot execute ]
        2
        load-locals
        -1
        get-local
        ( -- inputs )
        call-effect
        simd-fuzz-case
        new
        swap
        >>inputs
        0
        get-local
        >>code
        2
        drop-locals
    ]
    [
        [
            [ { uint-4 uint-4 } declare \ vdot execute ]
            input<sequence
        ]
        \ ( gensym )
        \ ( gensym )
        [ = ]
        check-simd-fuzz-case
    ]
}
Fuzz Test: {
    [
        [
            { +vector+ +vector+ -> +vector+ }
            \ uint-4
            \ fixnum
            3
            load-locals
            -2
            get-local
            vector-word-inputs
            -1
            get-local
            0
            get-local
            random-vector-inputs
            3
            drop-locals
        ]
        [ \ v> execute ]
        2
        load-locals
        -1
        get-local
        ( -- inputs )
        call-effect
        simd-fuzz-case
        new
        swap
        >>inputs
        0
        get-local
        >>code
        2
        drop-locals
    ]
    [
        [
            [ { uint-4 uint-4 } declare \ v> execute ]
            input<sequence
        ]
        \ ( gensym )
        \ ( gensym )
        [ = ]
        check-simd-fuzz-case
    ]
}
Fuzz Test: {
    [
        [
            { +scalar+ +vector+ -> +vector+ }
            \ uint-4
            \ fixnum
            3
            load-locals
            -2
            get-local
            vector-word-inputs
            -1
            get-local
            0
            get-local
            random-vector-inputs
            3
            drop-locals
        ]
        [ \ n+v execute ]
        2
        load-locals
        -1
        get-local
        ( -- inputs )
        call-effect
        simd-fuzz-case
        new
        swap
        >>inputs
        0
        get-local
        >>code
        2
        drop-locals
    ]
    [
        [
            [ { fixnum uint-4 } declare \ n+v execute ]
            input<sequence
        ]
        \ ( gensym )
        \ ( gensym )
        [ = ]
        check-simd-fuzz-case
    ]
}
Fuzz Test: {
    [
        [
            { +vector+ -> +nonnegative+ }
            \ longlong-2
            \ fixnum
            3
            load-locals
            -2
            get-local
            vector-word-inputs
            -1
            get-local
            0
            get-local
            random-vector-inputs
            3
            drop-locals
        ]
        [ \ norm-sq execute ]
        2
        load-locals
        -1
        get-local
        ( -- inputs )
        call-effect
        simd-fuzz-case
        new
        swap
        >>inputs
        0
        get-local
        >>code
        2
        drop-locals
    ]
    [
        [
            [ { longlong-2 } declare \ norm-sq execute ]
            input<sequence
        ]
        \ ( gensym )
        \ ( gensym )
        [ = ]
        check-simd-fuzz-case
    ]
}
Fuzz Test: {
    [
        [
            { +vector+ +vector+ -> +vector+ }
            \ longlong-2
            \ fixnum
            3
            load-locals
            -2
            get-local
            vector-word-inputs
            -1
            get-local
            0
            get-local
            random-vector-inputs
            3
            drop-locals
        ]
        [ \ v- execute ]
        2
        load-locals
        -1
        get-local
        ( -- inputs )
        call-effect
        simd-fuzz-case
        new
        swap
        >>inputs
        0
        get-local
        >>code
        2
        drop-locals
    ]
    [
        [
            [ { longlong-2 longlong-2 } declare \ v- execute ]
            input<sequence
        ]
        \ ( gensym )
        \ ( gensym )
        [ = ]
        check-simd-fuzz-case
    ]
}
Fuzz Test: {
    [
        [
            { +vector+ +vector+ -> +vector+ }
            \ longlong-2
            \ fixnum
            3
            load-locals
            -2
            get-local
            vector-word-inputs
            -1
            get-local
            0
            get-local
            random-vector-inputs
            3
            drop-locals
        ]
        [ \ v+ execute ]
        2
        load-locals
        -1
        get-local
        ( -- inputs )
        call-effect
        simd-fuzz-case
        new
        swap
        >>inputs
        0
        get-local
        >>code
        2
        drop-locals
    ]
    [
        [
            [ { longlong-2 longlong-2 } declare \ v+ execute ]
            input<sequence
        ]
        \ ( gensym )
        \ ( gensym )
        [ = ]
        check-simd-fuzz-case
    ]
}
Fuzz Test: {
    [
        [
            { +vector+ -> +vector+ }
            \ longlong-2
            \ fixnum
            3
            load-locals
            -2
            get-local
            vector-word-inputs
            -1
            get-local
            0
            get-local
            random-vector-inputs
            3
            drop-locals
        ]
        [ \ vclz execute ]
        2
        load-locals
        -1
        get-local
        ( -- inputs )
        call-effect
        simd-fuzz-case
        new
        swap
        >>inputs
        0
        get-local
        >>code
        2
        drop-locals
    ]
    [
        [
            [ { longlong-2 } declare \ vclz execute ]
            input<sequence
        ]
        \ ( gensym )
        \ ( gensym )
        [ = ]
        check-simd-fuzz-case
    ]
}
Fuzz Test: {
    [
        [
            { +vector+ +vector+ -> +vector+ }
            \ longlong-2
            \ fixnum
            3
            load-locals
            -2
            get-local
            vector-word-inputs
            -1
            get-local
            0
            get-local
            random-vector-inputs
            3
            drop-locals
        ]
        [ \ vabsdiff execute ]
        2
        load-locals
        -1
        get-local
        ( -- inputs )
        call-effect
        simd-fuzz-case
        new
        swap
        >>inputs
        0
        get-local
        >>code
        2
        drop-locals
    ]
    [
        [
            [
                { longlong-2 longlong-2 }
                declare
                \ vabsdiff
                execute
            ]
            input<sequence
        ]
        \ ( gensym )
        \ ( gensym )
        [ = ]
        check-simd-fuzz-case
    ]
}
Fuzz Test: {
    [
        [
            { +vector+ -> +vector+ }
            \ longlong-2
            \ fixnum
            3
            load-locals
            -2
            get-local
            vector-word-inputs
            -1
            get-local
            0
            get-local
            random-vector-inputs
            3
            drop-locals
        ]
        [ \ vbit-count execute ]
        2
        load-locals
        -1
        get-local
        ( -- inputs )
        call-effect
        simd-fuzz-case
        new
        swap
        >>inputs
        0
        get-local
        >>code
        2
        drop-locals
    ]
    [
        [
            [ { longlong-2 } declare \ vbit-count execute ]
            input<sequence
        ]
        \ ( gensym )
        \ ( gensym )
        [ = ]
        check-simd-fuzz-case
    ]
}
Fuzz Test: {
    [
        [
            { +vector+ +vector+ -> +vector+ }
            \ longlong-2
            \ fixnum
            3
            load-locals
            -2
            get-local
            vector-word-inputs
            -1
            get-local
            0
            get-local
            random-vector-inputs
            3
            drop-locals
        ]
        [ \ vmin execute ]
        2
        load-locals
        -1
        get-local
        ( -- inputs )
        call-effect
        simd-fuzz-case
        new
        swap
        >>inputs
        0
        get-local
        >>code
        2
        drop-locals
    ]
    [
        [
            [ { longlong-2 longlong-2 } declare \ vmin execute ]
            input<sequence
        ]
        \ ( gensym )
        \ ( gensym )
        [ = ]
        check-simd-fuzz-case
    ]
}
Fuzz Test: {
    [
        [
            { +vector+ -> +vector+ }
            \ longlong-2
            \ fixnum
            3
            load-locals
            -2
            get-local
            vector-word-inputs
            -1
            get-local
            0
            get-local
            random-vector-inputs
            3
            drop-locals
        ]
        [ \ vround execute ]
        2
        load-locals
        -1
        get-local
        ( -- inputs )
        call-effect
        simd-fuzz-case
        new
        swap
        >>inputs
        0
        get-local
        >>code
        2
        drop-locals
    ]
    [
        [
            [ { longlong-2 } declare \ vround execute ]
            input<sequence
        ]
        \ ( gensym )
        \ ( gensym )
        [ = ]
        check-simd-fuzz-case
    ]
}
Fuzz Test: {
    [
        [
            { +vector+ +vector+ -> +vector+ }
            \ longlong-2
            \ fixnum
            3
            load-locals
            -2
            get-local
            vector-word-inputs
            -1
            get-local
            0
            get-local
            random-vector-inputs
            3
            drop-locals
        ]
        [ \ vs- execute ]
        2
        load-locals
        -1
        get-local
        ( -- inputs )
        call-effect
        simd-fuzz-case
        new
        swap
        >>inputs
        0
        get-local
        >>code
        2
        drop-locals
    ]
    [
        [
            [ { longlong-2 longlong-2 } declare \ vs- execute ]
            input<sequence
        ]
        \ ( gensym )
        \ ( gensym )
        [ = ]
        check-simd-fuzz-case
    ]
}
Fuzz Test: {
    [
        [
            { +vector+ +vector+ -> +vector+ }
            \ longlong-2
            \ fixnum
            3
            load-locals
            -2
            get-local
            vector-word-inputs
            -1
            get-local
            0
            get-local
            random-vector-inputs
            3
            drop-locals
        ]
        [ \ vs+ execute ]
        2
        load-locals
        -1
        get-local
        ( -- inputs )
        call-effect
        simd-fuzz-case
        new
        swap
        >>inputs
        0
        get-local
        >>code
        2
        drop-locals
    ]
    [
        [
            [ { longlong-2 longlong-2 } declare \ vs+ execute ]
            input<sequence
        ]
        \ ( gensym )
        \ ( gensym )
        [ = ]
        check-simd-fuzz-case
    ]
}
Fuzz Test: {
    [
        [
            { +vector+ +vector+ -> +vector+ }
            \ longlong-2
            \ fixnum
            3
            load-locals
            -2
            get-local
            vector-word-inputs
            -1
            get-local
            0
            get-local
            random-vector-inputs
            3
            drop-locals
        ]
        [ \ vs* execute ]
        2
        load-locals
        -1
        get-local
        ( -- inputs )
        call-effect
        simd-fuzz-case
        new
        swap
        >>inputs
        0
        get-local
        >>code
        2
        drop-locals
    ]
    [
        [
            [ { longlong-2 longlong-2 } declare \ vs* execute ]
            input<sequence
        ]
        \ ( gensym )
        \ ( gensym )
        [ = ]
        check-simd-fuzz-case
    ]
}
Fuzz Test: {
    [
        [
            { +vector+ -> +scalar+ }
            \ longlong-2
            \ fixnum
            3
            load-locals
            -2
            get-local
            vector-word-inputs
            -1
            get-local
            0
            get-local
            random-vector-inputs
            3
            drop-locals
        ]
        [ \ vmax-element execute ]
        2
        load-locals
        -1
        get-local
        ( -- inputs )
        call-effect
        simd-fuzz-case
        new
        swap
        >>inputs
        0
        get-local
        >>code
        2
        drop-locals
    ]
    [
        [
            [ { longlong-2 } declare \ vmax-element execute ]
            input<sequence
        ]
        \ ( gensym )
        \ ( gensym )
        [ = ]
        check-simd-fuzz-case
    ]
}
Fuzz Test: {
    [
        [
            { +vector+ +vector+ -> +vector+ }
            \ longlong-2
            \ fixnum
            3
            load-locals
            -2
            get-local
            vector-word-inputs
            -1
            get-local
            0
            get-local
            random-vector-inputs
            3
            drop-locals
        ]
        [ \ vmax execute ]
        2
        load-locals
        -1
        get-local
        ( -- inputs )
        call-effect
        simd-fuzz-case
        new
        swap
        >>inputs
        0
        get-local
        >>code
        2
        drop-locals
    ]
    [
        [
            [ { longlong-2 longlong-2 } declare \ vmax execute ]
            input<sequence
        ]
        \ ( gensym )
        \ ( gensym )
        [ = ]
        check-simd-fuzz-case
    ]
}
Fuzz Test: {
    [
        [
            { +vector+ +vector+ -> +vector+ }
            \ longlong-2
            \ fixnum
            3
            load-locals
            -2
            get-local
            vector-word-inputs
            -1
            get-local
            0
            get-local
            random-vector-inputs
            3
            drop-locals
        ]
        [ \ v<= execute ]
        2
        load-locals
        -1
        get-local
        ( -- inputs )
        call-effect
        simd-fuzz-case
        new
        swap
        >>inputs
        0
        get-local
        >>code
        2
        drop-locals
    ]
    [
        [
            [ { longlong-2 longlong-2 } declare \ v<= execute ]
            input<sequence
        ]
        \ ( gensym )
        \ ( gensym )
        [ = ]
        check-simd-fuzz-case
    ]
}
Fuzz Test: {
    [
        [
            { +scalar+ +vector+ -> +vector+ }
            \ longlong-2
            \ fixnum
            3
            load-locals
            -2
            get-local
            vector-word-inputs
            -1
            get-local
            0
            get-local
            random-vector-inputs
            3
            drop-locals
        ]
        [ \ n*v execute ]
        2
        load-locals
        -1
        get-local
        ( -- inputs )
        call-effect
        simd-fuzz-case
        new
        swap
        >>inputs
        0
        get-local
        >>code
        2
        drop-locals
    ]
    [
        [
            [ { fixnum longlong-2 } declare \ n*v execute ]
            input<sequence
        ]
        \ ( gensym )
        \ ( gensym )
        [ = ]
        check-simd-fuzz-case
    ]
}
Fuzz Test: {
    [
        [
            { +vector+ +scalar+ -> +vector+ }
            \ longlong-2
            \ fixnum
            3
            load-locals
            -2
            get-local
            vector-word-inputs
            -1
            get-local
            0
            get-local
            random-vector-inputs
            3
            drop-locals
        ]
        [ \ v*n execute ]
        2
        load-locals
        -1
        get-local
        ( -- inputs )
        call-effect
        simd-fuzz-case
        new
        swap
        >>inputs
        0
        get-local
        >>code
        2
        drop-locals
    ]
    [
        [
            [ { longlong-2 fixnum } declare \ v*n execute ]
            input<sequence
        ]
        \ ( gensym )
        \ ( gensym )
        [ = ]
        check-simd-fuzz-case
    ]
}
Fuzz Test: {
    [
        [
            { +vector+ +scalar+ -> +vector+ }
            \ longlong-2
            \ fixnum
            3
            load-locals
            -2
            get-local
            vector-word-inputs
            -1
            get-local
            0
            get-local
            random-vector-inputs
            3
            drop-locals
        ]
        [ \ vrshift execute ]
        2
        load-locals
        -1
        get-local
        ( -- inputs )
        call-effect
        simd-fuzz-case
        new
        swap
        >>inputs
        0
        get-local
        >>code
        2
        drop-locals
    ]
    [
        [
            [ { longlong-2 fixnum } declare \ vrshift execute ]
            input<sequence
        ]
        \ ( gensym )
        \ ( gensym )
        [ = ]
        check-simd-fuzz-case
    ]
}
Fuzz Test: {
    [
        [
            { +vector+ +vector+ -> +scalar+ }
            \ longlong-2
            \ fixnum
            3
            load-locals
            -2
            get-local
            vector-word-inputs
            -1
            get-local
            0
            get-local
            random-vector-inputs
            3
            drop-locals
        ]
        [ \ vsad execute ]
        2
        load-locals
        -1
        get-local
        ( -- inputs )
        call-effect
        simd-fuzz-case
        new
        swap
        >>inputs
        0
        get-local
        >>code
        2
        drop-locals
    ]
    [
        [
            [ { longlong-2 longlong-2 } declare \ vsad execute ]
            input<sequence
        ]
        \ ( gensym )
        \ ( gensym )
        [ = ]
        check-simd-fuzz-case
    ]
}
Fuzz Test: {
    [
        [
            { +vector+ +vector+ -> +vector+ }
            \ longlong-2
            \ fixnum
            3
            load-locals
            -2
            get-local
            vector-word-inputs
            -1
            get-local
            0
            get-local
            random-vector-inputs
            3
            drop-locals
        ]
        [ \ v*high execute ]
        2
        load-locals
        -1
        get-local
        ( -- inputs )
        call-effect
        simd-fuzz-case
        new
        swap
        >>inputs
        0
        get-local
        >>code
        2
        drop-locals
    ]
    [
        [
            [
                { longlong-2 longlong-2 }
                declare
                \ v*high
                execute
            ]
            input<sequence
        ]
        \ ( gensym )
        \ ( gensym )
        [ = ]
        check-simd-fuzz-case
    ]
}
Fuzz Test: {
    [
        [
            { +vector+ -> +vector+ }
            \ longlong-2
            \ fixnum
            3
            load-locals
            -2
            get-local
            vector-word-inputs
            -1
            get-local
            0
            get-local
            random-vector-inputs
            3
            drop-locals
        ]
        [ \ vtruncate execute ]
        2
        load-locals
        -1
        get-local
        ( -- inputs )
        call-effect
        simd-fuzz-case
        new
        swap
        >>inputs
        0
        get-local
        >>code
        2
        drop-locals
    ]
    [
        [
            [ { longlong-2 } declare \ vtruncate execute ]
            input<sequence
        ]
        \ ( gensym )
        \ ( gensym )
        [ = ]
        check-simd-fuzz-case
    ]
}
Fuzz Test: {
    [
        [
            { +vector+ +vector+ -> +vector+ }
            \ longlong-2
            \ fixnum
            3
            load-locals
            -2
            get-local
            vector-word-inputs
            -1
            get-local
            0
            get-local
            random-vector-inputs
            3
            drop-locals
        ]
        [ \ vbitandn execute ]
        2
        load-locals
        -1
        get-local
        ( -- inputs )
        call-effect
        simd-fuzz-case
        new
        swap
        >>inputs
        0
        get-local
        >>code
        2
        drop-locals
    ]
    [
        [
            [
                { longlong-2 longlong-2 }
                declare
                \ vbitandn
                execute
            ]
            input<sequence
        ]
        \ ( gensym )
        \ ( gensym )
        [ = ]
        check-simd-fuzz-case
    ]
}
Fuzz Test: {
    [
        [
            { +vector+ -> +vector+ }
            \ longlong-2
            \ fixnum
            3
            load-locals
            -2
            get-local
            vector-word-inputs
            -1
            get-local
            0
            get-local
            random-vector-inputs
            3
            drop-locals
        ]
        [ \ vneg execute ]
        2
        load-locals
        -1
        get-local
        ( -- inputs )
        call-effect
        simd-fuzz-case
        new
        swap
        >>inputs
        0
        get-local
        >>code
        2
        drop-locals
    ]
    [
        [
            [ { longlong-2 } declare \ vneg execute ]
            input<sequence
        ]
        \ ( gensym )
        \ ( gensym )
        [ = ]
        check-simd-fuzz-case
    ]
}
Fuzz Test: {
    [
        [
            { +scalar+ +vector+ -> +vector+ }
            \ longlong-2
            \ fixnum
            3
            load-locals
            -2
            get-local
            vector-word-inputs
            -1
            get-local
            0
            get-local
            random-vector-inputs
            3
            drop-locals
        ]
        [ \ n-v execute ]
        2
        load-locals
        -1
        get-local
        ( -- inputs )
        call-effect
        simd-fuzz-case
        new
        swap
        >>inputs
        0
        get-local
        >>code
        2
        drop-locals
    ]
    [
        [
            [ { fixnum longlong-2 } declare \ n-v execute ]
            input<sequence
        ]
        \ ( gensym )
        \ ( gensym )
        [ = ]
        check-simd-fuzz-case
    ]
}
Fuzz Test: {
    [
        [
            { +vector+ +vector+ -> +vector+ }
            \ longlong-2
            \ fixnum
            3
            load-locals
            -2
            get-local
            vector-word-inputs
            -1
            get-local
            0
            get-local
            random-vector-inputs
            3
            drop-locals
        ]
        [ \ (vmerge-tail) execute ]
        2
        load-locals
        -1
        get-local
        ( -- inputs )
        call-effect
        simd-fuzz-case
        new
        swap
        >>inputs
        0
        get-local
        >>code
        2
        drop-locals
    ]
    [
        [
            [
                { longlong-2 longlong-2 }
                declare
                \ (vmerge-tail)
                execute
            ]
            input<sequence
        ]
        \ ( gensym )
        \ ( gensym )
        [ = ]
        check-simd-fuzz-case
    ]
}
Fuzz Test: {
    [
        [
            { +vector+ +scalar+ -> +vector+ }
            \ longlong-2
            \ fixnum
            3
            load-locals
            -2
            get-local
            vector-word-inputs
            -1
            get-local
            0
            get-local
            random-vector-inputs
            3
            drop-locals
        ]
        [ \ v-n execute ]
        2
        load-locals
        -1
        get-local
        ( -- inputs )
        call-effect
        simd-fuzz-case
        new
        swap
        >>inputs
        0
        get-local
        >>code
        2
        drop-locals
    ]
    [
        [
            [ { longlong-2 fixnum } declare \ v-n execute ]
            input<sequence
        ]
        \ ( gensym )
        \ ( gensym )
        [ = ]
        check-simd-fuzz-case
    ]
}
Fuzz Test: {
    [
        [
            { +vector+ +vector+ -> +vector+ }
            \ longlong-2
            \ fixnum
            3
            load-locals
            -2
            get-local
            vector-word-inputs
            -1
            get-local
            0
            get-local
            random-vector-inputs
            3
            drop-locals
        ]
        [ \ v+- execute ]
        2
        load-locals
        -1
        get-local
        ( -- inputs )
        call-effect
        simd-fuzz-case
        new
        swap
        >>inputs
        0
        get-local
        >>code
        2
        drop-locals
    ]
    [
        [
            [ { longlong-2 longlong-2 } declare \ v+- execute ]
            input<sequence
        ]
        \ ( gensym )
        \ ( gensym )
        [ = ]
        check-simd-fuzz-case
    ]
}
Fuzz Test: {
    [
        [
            { +vector+ -> +vector+ }
            \ longlong-2
            \ fixnum
            3
            load-locals
            -2
            get-local
            vector-word-inputs
            -1
            get-local
            0
            get-local
            random-vector-inputs
            3
            drop-locals
        ]
        [ \ vbitnot execute ]
        2
        load-locals
        -1
        get-local
        ( -- inputs )
        call-effect
        simd-fuzz-case
        new
        swap
        >>inputs
        0
        get-local
        >>code
        2
        drop-locals
    ]
    [
        [
            [ { longlong-2 } declare \ vbitnot execute ]
            input<sequence
        ]
        \ ( gensym )
        \ ( gensym )
        [ = ]
        check-simd-fuzz-case
    ]
}
Fuzz Test: {
    [
        [
            { +vector+ -> +vector+ }
            \ longlong-2
            \ fixnum
            3
            load-locals
            -2
            get-local
            vector-word-inputs
            -1
            get-local
            0
            get-local
            random-vector-inputs
            3
            drop-locals
        ]
        [ \ vbit-reverse execute ]
        2
        load-locals
        -1
        get-local
        ( -- inputs )
        call-effect
        simd-fuzz-case
        new
        swap
        >>inputs
        0
        get-local
        >>code
        2
        drop-locals
    ]
    [
        [
            [ { longlong-2 } declare \ vbit-reverse execute ]
            input<sequence
        ]
        \ ( gensym )
        \ ( gensym )
        [ = ]
        check-simd-fuzz-case
    ]
}
Fuzz Test: {
    [
        [
            { +vector+ -> +vector+ }
            \ longlong-2
            \ fixnum
            3
            load-locals
            -2
            get-local
            vector-word-inputs
            -1
            get-local
            0
            get-local
            random-vector-inputs
            3
            drop-locals
        ]
        [ \ vceiling execute ]
        2
        load-locals
        -1
        get-local
        ( -- inputs )
        call-effect
        simd-fuzz-case
        new
        swap
        >>inputs
        0
        get-local
        >>code
        2
        drop-locals
    ]
    [
        [
            [ { longlong-2 } declare \ vceiling execute ]
            input<sequence
        ]
        \ ( gensym )
        \ ( gensym )
        [ = ]
        check-simd-fuzz-case
    ]
}
Fuzz Test: {
    [
        [
            { +vector+ -> +nonnegative+ }
            \ longlong-2
            \ fixnum
            3
            load-locals
            -2
            get-local
            vector-word-inputs
            -1
            get-local
            0
            get-local
            random-vector-inputs
            3
            drop-locals
        ]
        [ \ norm execute ]
        2
        load-locals
        -1
        get-local
        ( -- inputs )
        call-effect
        simd-fuzz-case
        new
        swap
        >>inputs
        0
        get-local
        >>code
        2
        drop-locals
    ]
    [
        [
            [ { longlong-2 } declare \ norm execute ]
            input<sequence
        ]
        \ ( gensym )
        \ ( gensym )
        [ = ]
        check-simd-fuzz-case
    ]
}
Fuzz Test: {
    [
        [
            { +vector+ -> +scalar+ }
            \ longlong-2
            \ fixnum
            3
            load-locals
            -2
            get-local
            vector-word-inputs
            -1
            get-local
            0
            get-local
            random-vector-inputs
            3
            drop-locals
        ]
        [ \ vmin-element execute ]
        2
        load-locals
        -1
        get-local
        ( -- inputs )
        call-effect
        simd-fuzz-case
        new
        swap
        >>inputs
        0
        get-local
        >>code
        2
        drop-locals
    ]
    [
        [
            [ { longlong-2 } declare \ vmin-element execute ]
            input<sequence
        ]
        \ ( gensym )
        \ ( gensym )
        [ = ]
        check-simd-fuzz-case
    ]
}
Fuzz Test: {
    [
        [
            { +vector+ +vector+ -> +vector+ }
            \ longlong-2
            \ fixnum
            3
            load-locals
            -2
            get-local
            vector-word-inputs
            -1
            get-local
            0
            get-local
            random-vector-inputs
            3
            drop-locals
        ]
        [ \ vbitand execute ]
        2
        load-locals
        -1
        get-local
        ( -- inputs )
        call-effect
        simd-fuzz-case
        new
        swap
        >>inputs
        0
        get-local
        >>code
        2
        drop-locals
    ]
    [
        [
            [
                { longlong-2 longlong-2 }
                declare
                \ vbitand
                execute
            ]
            input<sequence
        ]
        \ ( gensym )
        \ ( gensym )
        [ = ]
        check-simd-fuzz-case
    ]
}
Fuzz Test: {
    [
        [
            { +vector+ +scalar+ -> +vector+ }
            \ longlong-2
            \ fixnum
            3
            load-locals
            -2
            get-local
            vector-word-inputs
            -1
            get-local
            0
            get-local
            random-vector-inputs
            3
            drop-locals
        ]
        [ \ vlshift execute ]
        2
        load-locals
        -1
        get-local
        ( -- inputs )
        call-effect
        simd-fuzz-case
        new
        swap
        >>inputs
        0
        get-local
        >>code
        2
        drop-locals
    ]
    [
        [
            [ { longlong-2 fixnum } declare \ vlshift execute ]
            input<sequence
        ]
        \ ( gensym )
        \ ( gensym )
        [ = ]
        check-simd-fuzz-case
    ]
}
Fuzz Test: {
    [
        [
            { +vector+ +vector+ -> +vector+ }
            \ longlong-2
            \ fixnum
            3
            load-locals
            -2
            get-local
            vector-word-inputs
            -1
            get-local
            0
            get-local
            random-vector-inputs
            3
            drop-locals
        ]
        [ \ (vmerge-head) execute ]
        2
        load-locals
        -1
        get-local
        ( -- inputs )
        call-effect
        simd-fuzz-case
        new
        swap
        >>inputs
        0
        get-local
        >>code
        2
        drop-locals
    ]
    [
        [
            [
                { longlong-2 longlong-2 }
                declare
                \ (vmerge-head)
                execute
            ]
            input<sequence
        ]
        \ ( gensym )
        \ ( gensym )
        [ = ]
        check-simd-fuzz-case
    ]
}
Fuzz Test: {
    [
        [
            { +vector+ +vector+ -> +vector+ }
            \ longlong-2
            \ fixnum
            3
            load-locals
            -2
            get-local
            vector-word-inputs
            -1
            get-local
            0
            get-local
            random-vector-inputs
            3
            drop-locals
        ]
        [ \ vunordered? execute ]
        2
        load-locals
        -1
        get-local
        ( -- inputs )
        call-effect
        simd-fuzz-case
        new
        swap
        >>inputs
        0
        get-local
        >>code
        2
        drop-locals
    ]
    [
        [
            [
                { longlong-2 longlong-2 }
                declare
                \ vunordered?
                execute
            ]
            input<sequence
        ]
        \ ( gensym )
        \ ( gensym )
        [ = ]
        check-simd-fuzz-case
    ]
}
Fuzz Test: {
    [
        [
            { +vector+ -> +scalar+ }
            \ longlong-2
            \ fixnum
            3
            load-locals
            -2
            get-local
            vector-word-inputs
            -1
            get-local
            0
            get-local
            random-vector-inputs
            3
            drop-locals
        ]
        [ \ sum execute ]
        2
        load-locals
        -1
        get-local
        ( -- inputs )
        call-effect
        simd-fuzz-case
        new
        swap
        >>inputs
        0
        get-local
        >>code
        2
        drop-locals
    ]
    [
        [
            [ { longlong-2 } declare \ sum execute ]
            input<sequence
        ]
        \ ( gensym )
        \ ( gensym )
        [ = ]
        check-simd-fuzz-case
    ]
}
Fuzz Test: {
    [
        [
            { +vector+ -> +vector+ }
            \ longlong-2
            \ fixnum
            3
            load-locals
            -2
            get-local
            vector-word-inputs
            -1
            get-local
            0
            get-local
            random-vector-inputs
            3
            drop-locals
        ]
        [ \ vround-to-even execute ]
        2
        load-locals
        -1
        get-local
        ( -- inputs )
        call-effect
        simd-fuzz-case
        new
        swap
        >>inputs
        0
        get-local
        >>code
        2
        drop-locals
    ]
    [
        [
            [ { longlong-2 } declare \ vround-to-even execute ]
            input<sequence
        ]
        \ ( gensym )
        \ ( gensym )
        [ = ]
        check-simd-fuzz-case
    ]
}
Fuzz Test: {
    [
        [
            { +vector+ -> +vector+ }
            \ longlong-2
            \ fixnum
            3
            load-locals
            -2
            get-local
            vector-word-inputs
            -1
            get-local
            0
            get-local
            random-vector-inputs
            3
            drop-locals
        ]
        [ \ vctz execute ]
        2
        load-locals
        -1
        get-local
        ( -- inputs )
        call-effect
        simd-fuzz-case
        new
        swap
        >>inputs
        0
        get-local
        >>code
        2
        drop-locals
    ]
    [
        [
            [ { longlong-2 } declare \ vctz execute ]
            input<sequence
        ]
        \ ( gensym )
        \ ( gensym )
        [ = ]
        check-simd-fuzz-case
    ]
}
Fuzz Test: {
    [
        [
            { +vector+ -> +vector+ }
            \ longlong-2
            \ fixnum
            3
            load-locals
            -2
            get-local
            vector-word-inputs
            -1
            get-local
            0
            get-local
            random-vector-inputs
            3
            drop-locals
        ]
        [ \ vfloor execute ]
        2
        load-locals
        -1
        get-local
        ( -- inputs )
        call-effect
        simd-fuzz-case
        new
        swap
        >>inputs
        0
        get-local
        >>code
        2
        drop-locals
    ]
    [
        [
            [ { longlong-2 } declare \ vfloor execute ]
            input<sequence
        ]
        \ ( gensym )
        \ ( gensym )
        [ = ]
        check-simd-fuzz-case
    ]
}
Fuzz Test: {
    [
        [
            { +vector+ +vector+ -> +vector+ }
            \ longlong-2
            \ fixnum
            3
            load-locals
            -2
            get-local
            vector-word-inputs
            -1
            get-local
            0
            get-local
            random-vector-inputs
            3
            drop-locals
        ]
        [ \ v*hs+ execute ]
        2
        load-locals
        -1
        get-local
        ( -- inputs )
        call-effect
        simd-fuzz-case
        new
        swap
        >>inputs
        0
        get-local
        >>code
        2
        drop-locals
    ]
    [
        [
            [
                { longlong-2 longlong-2 }
                declare
                \ v*hs+
                execute
            ]
            input<sequence
        ]
        \ ( gensym )
        \ ( gensym )
        [ = ]
        check-simd-fuzz-case
    ]
}
Fuzz Test: {
    [
        [
            { +vector+ +vector+ -> +vector+ }
            \ longlong-2
            \ fixnum
            3
            load-locals
            -2
            get-local
            vector-word-inputs
            -1
            get-local
            0
            get-local
            random-vector-inputs
            3
            drop-locals
        ]
        [ \ vbitor execute ]
        2
        load-locals
        -1
        get-local
        ( -- inputs )
        call-effect
        simd-fuzz-case
        new
        swap
        >>inputs
        0
        get-local
        >>code
        2
        drop-locals
    ]
    [
        [
            [
                { longlong-2 longlong-2 }
                declare
                \ vbitor
                execute
            ]
            input<sequence
        ]
        \ ( gensym )
        \ ( gensym )
        [ = ]
        check-simd-fuzz-case
    ]
}
Fuzz Test: {
    [
        [
            { +vector+ +vector+ -> +vector+ }
            \ longlong-2
            \ fixnum
            3
            load-locals
            -2
            get-local
            vector-word-inputs
            -1
            get-local
            0
            get-local
            random-vector-inputs
            3
            drop-locals
        ]
        [ \ v>= execute ]
        2
        load-locals
        -1
        get-local
        ( -- inputs )
        call-effect
        simd-fuzz-case
        new
        swap
        >>inputs
        0
        get-local
        >>code
        2
        drop-locals
    ]
    [
        [
            [ { longlong-2 longlong-2 } declare \ v>= execute ]
            input<sequence
        ]
        \ ( gensym )
        \ ( gensym )
        [ = ]
        check-simd-fuzz-case
    ]
}
Fuzz Test: {
    [
        [
            { +vector+ +vector+ -> +vector+ }
            \ longlong-2
            \ fixnum
            3
            load-locals
            -2
            get-local
            vector-word-inputs
            -1
            get-local
            0
            get-local
            random-vector-inputs
            3
            drop-locals
        ]
        [ \ [v-] execute ]
        2
        load-locals
        -1
        get-local
        ( -- inputs )
        call-effect
        simd-fuzz-case
        new
        swap
        >>inputs
        0
        get-local
        >>code
        2
        drop-locals
    ]
    [
        [
            [ { longlong-2 longlong-2 } declare \ [v-] execute ]
            input<sequence
        ]
        \ ( gensym )
        \ ( gensym )
        [ = ]
        check-simd-fuzz-case
    ]
}
Fuzz Test: {
    [
        [
            { +vector+ +vector+ -> +vector+ }
            \ longlong-2
            \ fixnum
            3
            load-locals
            -2
            get-local
            vector-word-inputs
            -1
            get-local
            0
            get-local
            random-vector-inputs
            3
            drop-locals
        ]
        [ \ vavg execute ]
        2
        load-locals
        -1
        get-local
        ( -- inputs )
        call-effect
        simd-fuzz-case
        new
        swap
        >>inputs
        0
        get-local
        >>code
        2
        drop-locals
    ]
    [
        [
            [ { longlong-2 longlong-2 } declare \ vavg execute ]
            input<sequence
        ]
        \ ( gensym )
        \ ( gensym )
        [ = ]
        check-simd-fuzz-case
    ]
}
Fuzz Test: {
    [
        [
            { +vector+ +vector+ -> +vector+ }
            \ longlong-2
            \ fixnum
            3
            load-locals
            -2
            get-local
            vector-word-inputs
            -1
            get-local
            0
            get-local
            random-vector-inputs
            3
            drop-locals
        ]
        [ \ vbitxor execute ]
        2
        load-locals
        -1
        get-local
        ( -- inputs )
        call-effect
        simd-fuzz-case
        new
        swap
        >>inputs
        0
        get-local
        >>code
        2
        drop-locals
    ]
    [
        [
            [
                { longlong-2 longlong-2 }
                declare
                \ vbitxor
                execute
            ]
            input<sequence
        ]
        \ ( gensym )
        \ ( gensym )
        [ = ]
        check-simd-fuzz-case
    ]
}
Fuzz Test: {
    [
        [
            { +vector+ +vector+ -> +vector+ }
            \ longlong-2
            \ fixnum
            3
            load-locals
            -2
            get-local
            vector-word-inputs
            -1
            get-local
            0
            get-local
            random-vector-inputs
            3
            drop-locals
        ]
        [ \ v= execute ]
        2
        load-locals
        -1
        get-local
        ( -- inputs )
        call-effect
        simd-fuzz-case
        new
        swap
        >>inputs
        0
        get-local
        >>code
        2
        drop-locals
    ]
    [
        [
            [ { longlong-2 longlong-2 } declare \ v= execute ]
            input<sequence
        ]
        \ ( gensym )
        \ ( gensym )
        [ = ]
        check-simd-fuzz-case
    ]
}
Fuzz Test: {
    [
        [
            { +vector+ -> +vector+ }
            \ longlong-2
            \ fixnum
            3
            load-locals
            -2
            get-local
            vector-word-inputs
            -1
            get-local
            0
            get-local
            random-vector-inputs
            3
            drop-locals
        ]
        [ \ vabs execute ]
        2
        load-locals
        -1
        get-local
        ( -- inputs )
        call-effect
        simd-fuzz-case
        new
        swap
        >>inputs
        0
        get-local
        >>code
        2
        drop-locals
    ]
    [
        [
            [ { longlong-2 } declare \ vabs execute ]
            input<sequence
        ]
        \ ( gensym )
        \ ( gensym )
        [ = ]
        check-simd-fuzz-case
    ]
}
Fuzz Test: {
    [
        [
            { +vector+ +vector+ -> +vector+ }
            \ longlong-2
            \ fixnum
            3
            load-locals
            -2
            get-local
            vector-word-inputs
            -1
            get-local
            0
            get-local
            random-vector-inputs
            3
            drop-locals
        ]
        [ \ v* execute ]
        2
        load-locals
        -1
        get-local
        ( -- inputs )
        call-effect
        simd-fuzz-case
        new
        swap
        >>inputs
        0
        get-local
        >>code
        2
        drop-locals
    ]
    [
        [
            [ { longlong-2 longlong-2 } declare \ v* execute ]
            input<sequence
        ]
        \ ( gensym )
        \ ( gensym )
        [ = ]
        check-simd-fuzz-case
    ]
}
Fuzz Test: {
    [
        [
            { +vector+ +vector+ -> +vector+ }
            \ longlong-2
            \ fixnum
            3
            load-locals
            -2
            get-local
            vector-word-inputs
            -1
            get-local
            0
            get-local
            random-vector-inputs
            3
            drop-locals
        ]
        [ \ v< execute ]
        2
        load-locals
        -1
        get-local
        ( -- inputs )
        call-effect
        simd-fuzz-case
        new
        swap
        >>inputs
        0
        get-local
        >>code
        2
        drop-locals
    ]
    [
        [
            [ { longlong-2 longlong-2 } declare \ v< execute ]
            input<sequence
        ]
        \ ( gensym )
        \ ( gensym )
        [ = ]
        check-simd-fuzz-case
    ]
}
Fuzz Test: {
    [
        [
            { +vector+ +scalar+ -> +vector+ }
            \ longlong-2
            \ fixnum
            3
            load-locals
            -2
            get-local
            vector-word-inputs
            -1
            get-local
            0
            get-local
            random-vector-inputs
            3
            drop-locals
        ]
        [ \ v+n execute ]
        2
        load-locals
        -1
        get-local
        ( -- inputs )
        call-effect
        simd-fuzz-case
        new
        swap
        >>inputs
        0
        get-local
        >>code
        2
        drop-locals
    ]
    [
        [
            [ { longlong-2 fixnum } declare \ v+n execute ]
            input<sequence
        ]
        \ ( gensym )
        \ ( gensym )
        [ = ]
        check-simd-fuzz-case
    ]
}
Fuzz Test: {
    [
        [
            { +vector+ +vector+ -> +scalar+ }
            \ longlong-2
            \ fixnum
            3
            load-locals
            -2
            get-local
            vector-word-inputs
            -1
            get-local
            0
            get-local
            random-vector-inputs
            3
            drop-locals
        ]
        [ \ vdot execute ]
        2
        load-locals
        -1
        get-local
        ( -- inputs )
        call-effect
        simd-fuzz-case
        new
        swap
        >>inputs
        0
        get-local
        >>code
        2
        drop-locals
    ]
    [
        [
            [ { longlong-2 longlong-2 } declare \ vdot execute ]
            input<sequence
        ]
        \ ( gensym )
        \ ( gensym )
        [ = ]
        check-simd-fuzz-case
    ]
}
Fuzz Test: {
    [
        [
            { +vector+ +vector+ -> +vector+ }
            \ longlong-2
            \ fixnum
            3
            load-locals
            -2
            get-local
            vector-word-inputs
            -1
            get-local
            0
            get-local
            random-vector-inputs
            3
            drop-locals
        ]
        [ \ v> execute ]
        2
        load-locals
        -1
        get-local
        ( -- inputs )
        call-effect
        simd-fuzz-case
        new
        swap
        >>inputs
        0
        get-local
        >>code
        2
        drop-locals
    ]
    [
        [
            [ { longlong-2 longlong-2 } declare \ v> execute ]
            input<sequence
        ]
        \ ( gensym )
        \ ( gensym )
        [ = ]
        check-simd-fuzz-case
    ]
}
Fuzz Test: {
    [
        [
            { +scalar+ +vector+ -> +vector+ }
            \ longlong-2
            \ fixnum
            3
            load-locals
            -2
            get-local
            vector-word-inputs
            -1
            get-local
            0
            get-local
            random-vector-inputs
            3
            drop-locals
        ]
        [ \ n+v execute ]
        2
        load-locals
        -1
        get-local
        ( -- inputs )
        call-effect
        simd-fuzz-case
        new
        swap
        >>inputs
        0
        get-local
        >>code
        2
        drop-locals
    ]
    [
        [
            [ { fixnum longlong-2 } declare \ n+v execute ]
            input<sequence
        ]
        \ ( gensym )
        \ ( gensym )
        [ = ]
        check-simd-fuzz-case
    ]
}
Fuzz Test: {
    [
        [
            { +vector+ -> +nonnegative+ }
            \ ulonglong-2
            \ fixnum
            3
            load-locals
            -2
            get-local
            vector-word-inputs
            -1
            get-local
            0
            get-local
            random-vector-inputs
            3
            drop-locals
        ]
        [ \ norm-sq execute ]
        2
        load-locals
        -1
        get-local
        ( -- inputs )
        call-effect
        simd-fuzz-case
        new
        swap
        >>inputs
        0
        get-local
        >>code
        2
        drop-locals
    ]
    [
        [
            [ { ulonglong-2 } declare \ norm-sq execute ]
            input<sequence
        ]
        \ ( gensym )
        \ ( gensym )
        [ = ]
        check-simd-fuzz-case
    ]
}
Fuzz Test: {
    [
        [
            { +vector+ +vector+ -> +vector+ }
            \ ulonglong-2
            \ fixnum
            3
            load-locals
            -2
            get-local
            vector-word-inputs
            -1
            get-local
            0
            get-local
            random-vector-inputs
            3
            drop-locals
        ]
        [ \ v- execute ]
        2
        load-locals
        -1
        get-local
        ( -- inputs )
        call-effect
        simd-fuzz-case
        new
        swap
        >>inputs
        0
        get-local
        >>code
        2
        drop-locals
    ]
    [
        [
            [ { ulonglong-2 ulonglong-2 } declare \ v- execute ]
            input<sequence
        ]
        \ ( gensym )
        \ ( gensym )
        [ = ]
        check-simd-fuzz-case
    ]
}
Fuzz Test: {
    [
        [
            { +vector+ +vector+ -> +vector+ }
            \ ulonglong-2
            \ fixnum
            3
            load-locals
            -2
            get-local
            vector-word-inputs
            -1
            get-local
            0
            get-local
            random-vector-inputs
            3
            drop-locals
        ]
        [ \ v+ execute ]
        2
        load-locals
        -1
        get-local
        ( -- inputs )
        call-effect
        simd-fuzz-case
        new
        swap
        >>inputs
        0
        get-local
        >>code
        2
        drop-locals
    ]
    [
        [
            [ { ulonglong-2 ulonglong-2 } declare \ v+ execute ]
            input<sequence
        ]
        \ ( gensym )
        \ ( gensym )
        [ = ]
        check-simd-fuzz-case
    ]
}
Fuzz Test: {
    [
        [
            { +vector+ -> +vector+ }
            \ ulonglong-2
            \ fixnum
            3
            load-locals
            -2
            get-local
            vector-word-inputs
            -1
            get-local
            0
            get-local
            random-vector-inputs
            3
            drop-locals
        ]
        [ \ vclz execute ]
        2
        load-locals
        -1
        get-local
        ( -- inputs )
        call-effect
        simd-fuzz-case
        new
        swap
        >>inputs
        0
        get-local
        >>code
        2
        drop-locals
    ]
    [
        [
            [ { ulonglong-2 } declare \ vclz execute ]
            input<sequence
        ]
        \ ( gensym )
        \ ( gensym )
        [ = ]
        check-simd-fuzz-case
    ]
}
Fuzz Test: {
    [
        [
            { +vector+ +vector+ -> +vector+ }
            \ ulonglong-2
            \ fixnum
            3
            load-locals
            -2
            get-local
            vector-word-inputs
            -1
            get-local
            0
            get-local
            random-vector-inputs
            3
            drop-locals
        ]
        [ \ vabsdiff execute ]
        2
        load-locals
        -1
        get-local
        ( -- inputs )
        call-effect
        simd-fuzz-case
        new
        swap
        >>inputs
        0
        get-local
        >>code
        2
        drop-locals
    ]
    [
        [
            [
                { ulonglong-2 ulonglong-2 }
                declare
                \ vabsdiff
                execute
            ]
            input<sequence
        ]
        \ ( gensym )
        \ ( gensym )
        [ = ]
        check-simd-fuzz-case
    ]
}
Fuzz Test: {
    [
        [
            { +vector+ -> +vector+ }
            \ ulonglong-2
            \ fixnum
            3
            load-locals
            -2
            get-local
            vector-word-inputs
            -1
            get-local
            0
            get-local
            random-vector-inputs
            3
            drop-locals
        ]
        [ \ vbit-count execute ]
        2
        load-locals
        -1
        get-local
        ( -- inputs )
        call-effect
        simd-fuzz-case
        new
        swap
        >>inputs
        0
        get-local
        >>code
        2
        drop-locals
    ]
    [
        [
            [ { ulonglong-2 } declare \ vbit-count execute ]
            input<sequence
        ]
        \ ( gensym )
        \ ( gensym )
        [ = ]
        check-simd-fuzz-case
    ]
}
Fuzz Test: {
    [
        [
            { +vector+ +vector+ -> +vector+ }
            \ ulonglong-2
            \ fixnum
            3
            load-locals
            -2
            get-local
            vector-word-inputs
            -1
            get-local
            0
            get-local
            random-vector-inputs
            3
            drop-locals
        ]
        [ \ vmin execute ]
        2
        load-locals
        -1
        get-local
        ( -- inputs )
        call-effect
        simd-fuzz-case
        new
        swap
        >>inputs
        0
        get-local
        >>code
        2
        drop-locals
    ]
    [
        [
            [
                { ulonglong-2 ulonglong-2 }
                declare
                \ vmin
                execute
            ]
            input<sequence
        ]
        \ ( gensym )
        \ ( gensym )
        [ = ]
        check-simd-fuzz-case
    ]
}
Fuzz Test: {
    [
        [
            { +vector+ -> +vector+ }
            \ ulonglong-2
            \ fixnum
            3
            load-locals
            -2
            get-local
            vector-word-inputs
            -1
            get-local
            0
            get-local
            random-vector-inputs
            3
            drop-locals
        ]
        [ \ vround execute ]
        2
        load-locals
        -1
        get-local
        ( -- inputs )
        call-effect
        simd-fuzz-case
        new
        swap
        >>inputs
        0
        get-local
        >>code
        2
        drop-locals
    ]
    [
        [
            [ { ulonglong-2 } declare \ vround execute ]
            input<sequence
        ]
        \ ( gensym )
        \ ( gensym )
        [ = ]
        check-simd-fuzz-case
    ]
}
Fuzz Test: {
    [
        [
            { +vector+ +vector+ -> +vector+ }
            \ ulonglong-2
            \ fixnum
            3
            load-locals
            -2
            get-local
            vector-word-inputs
            -1
            get-local
            0
            get-local
            random-vector-inputs
            3
            drop-locals
        ]
        [ \ vs- execute ]
        2
        load-locals
        -1
        get-local
        ( -- inputs )
        call-effect
        simd-fuzz-case
        new
        swap
        >>inputs
        0
        get-local
        >>code
        2
        drop-locals
    ]
    [
        [
            [
                { ulonglong-2 ulonglong-2 }
                declare
                \ vs-
                execute
            ]
            input<sequence
        ]
        \ ( gensym )
        \ ( gensym )
        [ = ]
        check-simd-fuzz-case
    ]
}
Fuzz Test: {
    [
        [
            { +vector+ +vector+ -> +vector+ }
            \ ulonglong-2
            \ fixnum
            3
            load-locals
            -2
            get-local
            vector-word-inputs
            -1
            get-local
            0
            get-local
            random-vector-inputs
            3
            drop-locals
        ]
        [ \ vs+ execute ]
        2
        load-locals
        -1
        get-local
        ( -- inputs )
        call-effect
        simd-fuzz-case
        new
        swap
        >>inputs
        0
        get-local
        >>code
        2
        drop-locals
    ]
    [
        [
            [
                { ulonglong-2 ulonglong-2 }
                declare
                \ vs+
                execute
            ]
            input<sequence
        ]
        \ ( gensym )
        \ ( gensym )
        [ = ]
        check-simd-fuzz-case
    ]
}
Fuzz Test: {
    [
        [
            { +vector+ +vector+ -> +vector+ }
            \ ulonglong-2
            \ fixnum
            3
            load-locals
            -2
            get-local
            vector-word-inputs
            -1
            get-local
            0
            get-local
            random-vector-inputs
            3
            drop-locals
        ]
        [ \ vs* execute ]
        2
        load-locals
        -1
        get-local
        ( -- inputs )
        call-effect
        simd-fuzz-case
        new
        swap
        >>inputs
        0
        get-local
        >>code
        2
        drop-locals
    ]
    [
        [
            [
                { ulonglong-2 ulonglong-2 }
                declare
                \ vs*
                execute
            ]
            input<sequence
        ]
        \ ( gensym )
        \ ( gensym )
        [ = ]
        check-simd-fuzz-case
    ]
}
Fuzz Test: {
    [
        [
            { +vector+ -> +scalar+ }
            \ ulonglong-2
            \ fixnum
            3
            load-locals
            -2
            get-local
            vector-word-inputs
            -1
            get-local
            0
            get-local
            random-vector-inputs
            3
            drop-locals
        ]
        [ \ vmax-element execute ]
        2
        load-locals
        -1
        get-local
        ( -- inputs )
        call-effect
        simd-fuzz-case
        new
        swap
        >>inputs
        0
        get-local
        >>code
        2
        drop-locals
    ]
    [
        [
            [ { ulonglong-2 } declare \ vmax-element execute ]
            input<sequence
        ]
        \ ( gensym )
        \ ( gensym )
        [ = ]
        check-simd-fuzz-case
    ]
}
Fuzz Test: {
    [
        [
            { +vector+ +vector+ -> +vector+ }
            \ ulonglong-2
            \ fixnum
            3
            load-locals
            -2
            get-local
            vector-word-inputs
            -1
            get-local
            0
            get-local
            random-vector-inputs
            3
            drop-locals
        ]
        [ \ vmax execute ]
        2
        load-locals
        -1
        get-local
        ( -- inputs )
        call-effect
        simd-fuzz-case
        new
        swap
        >>inputs
        0
        get-local
        >>code
        2
        drop-locals
    ]
    [
        [
            [
                { ulonglong-2 ulonglong-2 }
                declare
                \ vmax
                execute
            ]
            input<sequence
        ]
        \ ( gensym )
        \ ( gensym )
        [ = ]
        check-simd-fuzz-case
    ]
}
Fuzz Test: {
    [
        [
            { +vector+ +vector+ -> +vector+ }
            \ ulonglong-2
            \ fixnum
            3
            load-locals
            -2
            get-local
            vector-word-inputs
            -1
            get-local
            0
            get-local
            random-vector-inputs
            3
            drop-locals
        ]
        [ \ v<= execute ]
        2
        load-locals
        -1
        get-local
        ( -- inputs )
        call-effect
        simd-fuzz-case
        new
        swap
        >>inputs
        0
        get-local
        >>code
        2
        drop-locals
    ]
    [
        [
            [
                { ulonglong-2 ulonglong-2 }
                declare
                \ v<=
                execute
            ]
            input<sequence
        ]
        \ ( gensym )
        \ ( gensym )
        [ = ]
        check-simd-fuzz-case
    ]
}
Fuzz Test: {
    [
        [
            { +scalar+ +vector+ -> +vector+ }
            \ ulonglong-2
            \ fixnum
            3
            load-locals
            -2
            get-local
            vector-word-inputs
            -1
            get-local
            0
            get-local
            random-vector-inputs
            3
            drop-locals
        ]
        [ \ n*v execute ]
        2
        load-locals
        -1
        get-local
        ( -- inputs )
        call-effect
        simd-fuzz-case
        new
        swap
        >>inputs
        0
        get-local
        >>code
        2
        drop-locals
    ]
    [
        [
            [ { fixnum ulonglong-2 } declare \ n*v execute ]
            input<sequence
        ]
        \ ( gensym )
        \ ( gensym )
        [ = ]
        check-simd-fuzz-case
    ]
}
Fuzz Test: {
    [
        [
            { +vector+ +scalar+ -> +vector+ }
            \ ulonglong-2
            \ fixnum
            3
            load-locals
            -2
            get-local
            vector-word-inputs
            -1
            get-local
            0
            get-local
            random-vector-inputs
            3
            drop-locals
        ]
        [ \ v*n execute ]
        2
        load-locals
        -1
        get-local
        ( -- inputs )
        call-effect
        simd-fuzz-case
        new
        swap
        >>inputs
        0
        get-local
        >>code
        2
        drop-locals
    ]
    [
        [
            [ { ulonglong-2 fixnum } declare \ v*n execute ]
            input<sequence
        ]
        \ ( gensym )
        \ ( gensym )
        [ = ]
        check-simd-fuzz-case
    ]
}
Fuzz Test: {
    [
        [
            { +vector+ +scalar+ -> +vector+ }
            \ ulonglong-2
            \ fixnum
            3
            load-locals
            -2
            get-local
            vector-word-inputs
            -1
            get-local
            0
            get-local
            random-vector-inputs
            3
            drop-locals
        ]
        [ \ vrshift execute ]
        2
        load-locals
        -1
        get-local
        ( -- inputs )
        call-effect
        simd-fuzz-case
        new
        swap
        >>inputs
        0
        get-local
        >>code
        2
        drop-locals
    ]
    [
        [
            [ { ulonglong-2 fixnum } declare \ vrshift execute ]
            input<sequence
        ]
        \ ( gensym )
        \ ( gensym )
        [ = ]
        check-simd-fuzz-case
    ]
}
Fuzz Test: {
    [
        [
            { +vector+ +vector+ -> +scalar+ }
            \ ulonglong-2
            \ fixnum
            3
            load-locals
            -2
            get-local
            vector-word-inputs
            -1
            get-local
            0
            get-local
            random-vector-inputs
            3
            drop-locals
        ]
        [ \ vsad execute ]
        2
        load-locals
        -1
        get-local
        ( -- inputs )
        call-effect
        simd-fuzz-case
        new
        swap
        >>inputs
        0
        get-local
        >>code
        2
        drop-locals
    ]
    [
        [
            [
                { ulonglong-2 ulonglong-2 }
                declare
                \ vsad
                execute
            ]
            input<sequence
        ]
        \ ( gensym )
        \ ( gensym )
        [ = ]
        check-simd-fuzz-case
    ]
}
Fuzz Test: {
    [
        [
            { +vector+ +vector+ -> +vector+ }
            \ ulonglong-2
            \ fixnum
            3
            load-locals
            -2
            get-local
            vector-word-inputs
            -1
            get-local
            0
            get-local
            random-vector-inputs
            3
            drop-locals
        ]
        [ \ v*high execute ]
        2
        load-locals
        -1
        get-local
        ( -- inputs )
        call-effect
        simd-fuzz-case
        new
        swap
        >>inputs
        0
        get-local
        >>code
        2
        drop-locals
    ]
    [
        [
            [
                { ulonglong-2 ulonglong-2 }
                declare
                \ v*high
                execute
            ]
            input<sequence
        ]
        \ ( gensym )
        \ ( gensym )
        [ = ]
        check-simd-fuzz-case
    ]
}
Fuzz Test: {
    [
        [
            { +vector+ -> +vector+ }
            \ ulonglong-2
            \ fixnum
            3
            load-locals
            -2
            get-local
            vector-word-inputs
            -1
            get-local
            0
            get-local
            random-vector-inputs
            3
            drop-locals
        ]
        [ \ vtruncate execute ]
        2
        load-locals
        -1
        get-local
        ( -- inputs )
        call-effect
        simd-fuzz-case
        new
        swap
        >>inputs
        0
        get-local
        >>code
        2
        drop-locals
    ]
    [
        [
            [ { ulonglong-2 } declare \ vtruncate execute ]
            input<sequence
        ]
        \ ( gensym )
        \ ( gensym )
        [ = ]
        check-simd-fuzz-case
    ]
}
Fuzz Test: {
    [
        [
            { +vector+ +vector+ -> +vector+ }
            \ ulonglong-2
            \ fixnum
            3
            load-locals
            -2
            get-local
            vector-word-inputs
            -1
            get-local
            0
            get-local
            random-vector-inputs
            3
            drop-locals
        ]
        [ \ vbitandn execute ]
        2
        load-locals
        -1
        get-local
        ( -- inputs )
        call-effect
        simd-fuzz-case
        new
        swap
        >>inputs
        0
        get-local
        >>code
        2
        drop-locals
    ]
    [
        [
            [
                { ulonglong-2 ulonglong-2 }
                declare
                \ vbitandn
                execute
            ]
            input<sequence
        ]
        \ ( gensym )
        \ ( gensym )
        [ = ]
        check-simd-fuzz-case
    ]
}
Fuzz Test: {
    [
        [
            { +vector+ -> +vector+ }
            \ ulonglong-2
            \ fixnum
            3
            load-locals
            -2
            get-local
            vector-word-inputs
            -1
            get-local
            0
            get-local
            random-vector-inputs
            3
            drop-locals
        ]
        [ \ vneg execute ]
        2
        load-locals
        -1
        get-local
        ( -- inputs )
        call-effect
        simd-fuzz-case
        new
        swap
        >>inputs
        0
        get-local
        >>code
        2
        drop-locals
    ]
    [
        [
            [ { ulonglong-2 } declare \ vneg execute ]
            input<sequence
        ]
        \ ( gensym )
        \ ( gensym )
        [ = ]
        check-simd-fuzz-case
    ]
}
Fuzz Test: {
    [
        [
            { +scalar+ +vector+ -> +vector+ }
            \ ulonglong-2
            \ fixnum
            3
            load-locals
            -2
            get-local
            vector-word-inputs
            -1
            get-local
            0
            get-local
            random-vector-inputs
            3
            drop-locals
        ]
        [ \ n-v execute ]
        2
        load-locals
        -1
        get-local
        ( -- inputs )
        call-effect
        simd-fuzz-case
        new
        swap
        >>inputs
        0
        get-local
        >>code
        2
        drop-locals
    ]
    [
        [
            [ { fixnum ulonglong-2 } declare \ n-v execute ]
            input<sequence
        ]
        \ ( gensym )
        \ ( gensym )
        [ = ]
        check-simd-fuzz-case
    ]
}
Fuzz Test: {
    [
        [
            { +vector+ +vector+ -> +vector+ }
            \ ulonglong-2
            \ fixnum
            3
            load-locals
            -2
            get-local
            vector-word-inputs
            -1
            get-local
            0
            get-local
            random-vector-inputs
            3
            drop-locals
        ]
        [ \ (vmerge-tail) execute ]
        2
        load-locals
        -1
        get-local
        ( -- inputs )
        call-effect
        simd-fuzz-case
        new
        swap
        >>inputs
        0
        get-local
        >>code
        2
        drop-locals
    ]
    [
        [
            [
                { ulonglong-2 ulonglong-2 }
                declare
                \ (vmerge-tail)
                execute
            ]
            input<sequence
        ]
        \ ( gensym )
        \ ( gensym )
        [ = ]
        check-simd-fuzz-case
    ]
}
Fuzz Test: {
    [
        [
            { +vector+ +scalar+ -> +vector+ }
            \ ulonglong-2
            \ fixnum
            3
            load-locals
            -2
            get-local
            vector-word-inputs
            -1
            get-local
            0
            get-local
            random-vector-inputs
            3
            drop-locals
        ]
        [ \ v-n execute ]
        2
        load-locals
        -1
        get-local
        ( -- inputs )
        call-effect
        simd-fuzz-case
        new
        swap
        >>inputs
        0
        get-local
        >>code
        2
        drop-locals
    ]
    [
        [
            [ { ulonglong-2 fixnum } declare \ v-n execute ]
            input<sequence
        ]
        \ ( gensym )
        \ ( gensym )
        [ = ]
        check-simd-fuzz-case
    ]
}
Fuzz Test: {
    [
        [
            { +vector+ +vector+ -> +vector+ }
            \ ulonglong-2
            \ fixnum
            3
            load-locals
            -2
            get-local
            vector-word-inputs
            -1
            get-local
            0
            get-local
            random-vector-inputs
            3
            drop-locals
        ]
        [ \ v+- execute ]
        2
        load-locals
        -1
        get-local
        ( -- inputs )
        call-effect
        simd-fuzz-case
        new
        swap
        >>inputs
        0
        get-local
        >>code
        2
        drop-locals
    ]
    [
        [
            [
                { ulonglong-2 ulonglong-2 }
                declare
                \ v+-
                execute
            ]
            input<sequence
        ]
        \ ( gensym )
        \ ( gensym )
        [ = ]
        check-simd-fuzz-case
    ]
}
Fuzz Test: {
    [
        [
            { +vector+ -> +vector+ }
            \ ulonglong-2
            \ fixnum
            3
            load-locals
            -2
            get-local
            vector-word-inputs
            -1
            get-local
            0
            get-local
            random-vector-inputs
            3
            drop-locals
        ]
        [ \ vbitnot execute ]
        2
        load-locals
        -1
        get-local
        ( -- inputs )
        call-effect
        simd-fuzz-case
        new
        swap
        >>inputs
        0
        get-local
        >>code
        2
        drop-locals
    ]
    [
        [
            [ { ulonglong-2 } declare \ vbitnot execute ]
            input<sequence
        ]
        \ ( gensym )
        \ ( gensym )
        [ = ]
        check-simd-fuzz-case
    ]
}
Fuzz Test: {
    [
        [
            { +vector+ -> +vector+ }
            \ ulonglong-2
            \ fixnum
            3
            load-locals
            -2
            get-local
            vector-word-inputs
            -1
            get-local
            0
            get-local
            random-vector-inputs
            3
            drop-locals
        ]
        [ \ vbit-reverse execute ]
        2
        load-locals
        -1
        get-local
        ( -- inputs )
        call-effect
        simd-fuzz-case
        new
        swap
        >>inputs
        0
        get-local
        >>code
        2
        drop-locals
    ]
    [
        [
            [ { ulonglong-2 } declare \ vbit-reverse execute ]
            input<sequence
        ]
        \ ( gensym )
        \ ( gensym )
        [ = ]
        check-simd-fuzz-case
    ]
}
Fuzz Test: {
    [
        [
            { +vector+ -> +vector+ }
            \ ulonglong-2
            \ fixnum
            3
            load-locals
            -2
            get-local
            vector-word-inputs
            -1
            get-local
            0
            get-local
            random-vector-inputs
            3
            drop-locals
        ]
        [ \ vceiling execute ]
        2
        load-locals
        -1
        get-local
        ( -- inputs )
        call-effect
        simd-fuzz-case
        new
        swap
        >>inputs
        0
        get-local
        >>code
        2
        drop-locals
    ]
    [
        [
            [ { ulonglong-2 } declare \ vceiling execute ]
            input<sequence
        ]
        \ ( gensym )
        \ ( gensym )
        [ = ]
        check-simd-fuzz-case
    ]
}
Fuzz Test: {
    [
        [
            { +vector+ -> +nonnegative+ }
            \ ulonglong-2
            \ fixnum
            3
            load-locals
            -2
            get-local
            vector-word-inputs
            -1
            get-local
            0
            get-local
            random-vector-inputs
            3
            drop-locals
        ]
        [ \ norm execute ]
        2
        load-locals
        -1
        get-local
        ( -- inputs )
        call-effect
        simd-fuzz-case
        new
        swap
        >>inputs
        0
        get-local
        >>code
        2
        drop-locals
    ]
    [
        [
            [ { ulonglong-2 } declare \ norm execute ]
            input<sequence
        ]
        \ ( gensym )
        \ ( gensym )
        [ = ]
        check-simd-fuzz-case
    ]
}
Fuzz Test: {
    [
        [
            { +vector+ -> +scalar+ }
            \ ulonglong-2
            \ fixnum
            3
            load-locals
            -2
            get-local
            vector-word-inputs
            -1
            get-local
            0
            get-local
            random-vector-inputs
            3
            drop-locals
        ]
        [ \ vmin-element execute ]
        2
        load-locals
        -1
        get-local
        ( -- inputs )
        call-effect
        simd-fuzz-case
        new
        swap
        >>inputs
        0
        get-local
        >>code
        2
        drop-locals
    ]
    [
        [
            [ { ulonglong-2 } declare \ vmin-element execute ]
            input<sequence
        ]
        \ ( gensym )
        \ ( gensym )
        [ = ]
        check-simd-fuzz-case
    ]
}
Fuzz Test: {
    [
        [
            { +vector+ +vector+ -> +vector+ }
            \ ulonglong-2
            \ fixnum
            3
            load-locals
            -2
            get-local
            vector-word-inputs
            -1
            get-local
            0
            get-local
            random-vector-inputs
            3
            drop-locals
        ]
        [ \ vbitand execute ]
        2
        load-locals
        -1
        get-local
        ( -- inputs )
        call-effect
        simd-fuzz-case
        new
        swap
        >>inputs
        0
        get-local
        >>code
        2
        drop-locals
    ]
    [
        [
            [
                { ulonglong-2 ulonglong-2 }
                declare
                \ vbitand
                execute
            ]
            input<sequence
        ]
        \ ( gensym )
        \ ( gensym )
        [ = ]
        check-simd-fuzz-case
    ]
}
Fuzz Test: {
    [
        [
            { +vector+ +scalar+ -> +vector+ }
            \ ulonglong-2
            \ fixnum
            3
            load-locals
            -2
            get-local
            vector-word-inputs
            -1
            get-local
            0
            get-local
            random-vector-inputs
            3
            drop-locals
        ]
        [ \ vlshift execute ]
        2
        load-locals
        -1
        get-local
        ( -- inputs )
        call-effect
        simd-fuzz-case
        new
        swap
        >>inputs
        0
        get-local
        >>code
        2
        drop-locals
    ]
    [
        [
            [ { ulonglong-2 fixnum } declare \ vlshift execute ]
            input<sequence
        ]
        \ ( gensym )
        \ ( gensym )
        [ = ]
        check-simd-fuzz-case
    ]
}
Fuzz Test: {
    [
        [
            { +vector+ +vector+ -> +vector+ }
            \ ulonglong-2
            \ fixnum
            3
            load-locals
            -2
            get-local
            vector-word-inputs
            -1
            get-local
            0
            get-local
            random-vector-inputs
            3
            drop-locals
        ]
        [ \ (vmerge-head) execute ]
        2
        load-locals
        -1
        get-local
        ( -- inputs )
        call-effect
        simd-fuzz-case
        new
        swap
        >>inputs
        0
        get-local
        >>code
        2
        drop-locals
    ]
    [
        [
            [
                { ulonglong-2 ulonglong-2 }
                declare
                \ (vmerge-head)
                execute
            ]
            input<sequence
        ]
        \ ( gensym )
        \ ( gensym )
        [ = ]
        check-simd-fuzz-case
    ]
}
Fuzz Test: {
    [
        [
            { +vector+ +vector+ -> +vector+ }
            \ ulonglong-2
            \ fixnum
            3
            load-locals
            -2
            get-local
            vector-word-inputs
            -1
            get-local
            0
            get-local
            random-vector-inputs
            3
            drop-locals
        ]
        [ \ vunordered? execute ]
        2
        load-locals
        -1
        get-local
        ( -- inputs )
        call-effect
        simd-fuzz-case
        new
        swap
        >>inputs
        0
        get-local
        >>code
        2
        drop-locals
    ]
    [
        [
            [
                { ulonglong-2 ulonglong-2 }
                declare
                \ vunordered?
                execute
            ]
            input<sequence
        ]
        \ ( gensym )
        \ ( gensym )
        [ = ]
        check-simd-fuzz-case
    ]
}
Fuzz Test: {
    [
        [
            { +vector+ -> +scalar+ }
            \ ulonglong-2
            \ fixnum
            3
            load-locals
            -2
            get-local
            vector-word-inputs
            -1
            get-local
            0
            get-local
            random-vector-inputs
            3
            drop-locals
        ]
        [ \ sum execute ]
        2
        load-locals
        -1
        get-local
        ( -- inputs )
        call-effect
        simd-fuzz-case
        new
        swap
        >>inputs
        0
        get-local
        >>code
        2
        drop-locals
    ]
    [
        [
            [ { ulonglong-2 } declare \ sum execute ]
            input<sequence
        ]
        \ ( gensym )
        \ ( gensym )
        [ = ]
        check-simd-fuzz-case
    ]
}
Fuzz Test: {
    [
        [
            { +vector+ -> +vector+ }
            \ ulonglong-2
            \ fixnum
            3
            load-locals
            -2
            get-local
            vector-word-inputs
            -1
            get-local
            0
            get-local
            random-vector-inputs
            3
            drop-locals
        ]
        [ \ vround-to-even execute ]
        2
        load-locals
        -1
        get-local
        ( -- inputs )
        call-effect
        simd-fuzz-case
        new
        swap
        >>inputs
        0
        get-local
        >>code
        2
        drop-locals
    ]
    [
        [
            [ { ulonglong-2 } declare \ vround-to-even execute ]
            input<sequence
        ]
        \ ( gensym )
        \ ( gensym )
        [ = ]
        check-simd-fuzz-case
    ]
}
Fuzz Test: {
    [
        [
            { +vector+ -> +vector+ }
            \ ulonglong-2
            \ fixnum
            3
            load-locals
            -2
            get-local
            vector-word-inputs
            -1
            get-local
            0
            get-local
            random-vector-inputs
            3
            drop-locals
        ]
        [ \ vctz execute ]
        2
        load-locals
        -1
        get-local
        ( -- inputs )
        call-effect
        simd-fuzz-case
        new
        swap
        >>inputs
        0
        get-local
        >>code
        2
        drop-locals
    ]
    [
        [
            [ { ulonglong-2 } declare \ vctz execute ]
            input<sequence
        ]
        \ ( gensym )
        \ ( gensym )
        [ = ]
        check-simd-fuzz-case
    ]
}
Fuzz Test: {
    [
        [
            { +vector+ -> +vector+ }
            \ ulonglong-2
            \ fixnum
            3
            load-locals
            -2
            get-local
            vector-word-inputs
            -1
            get-local
            0
            get-local
            random-vector-inputs
            3
            drop-locals
        ]
        [ \ vfloor execute ]
        2
        load-locals
        -1
        get-local
        ( -- inputs )
        call-effect
        simd-fuzz-case
        new
        swap
        >>inputs
        0
        get-local
        >>code
        2
        drop-locals
    ]
    [
        [
            [ { ulonglong-2 } declare \ vfloor execute ]
            input<sequence
        ]
        \ ( gensym )
        \ ( gensym )
        [ = ]
        check-simd-fuzz-case
    ]
}
Fuzz Test: {
    [
        [
            { +vector+ +vector+ -> +vector+ }
            \ ulonglong-2
            \ fixnum
            3
            load-locals
            -2
            get-local
            vector-word-inputs
            -1
            get-local
            0
            get-local
            random-vector-inputs
            3
            drop-locals
        ]
        [ \ v*hs+ execute ]
        2
        load-locals
        -1
        get-local
        ( -- inputs )
        call-effect
        simd-fuzz-case
        new
        swap
        >>inputs
        0
        get-local
        >>code
        2
        drop-locals
    ]
    [
        [
            [
                { ulonglong-2 ulonglong-2 }
                declare
                \ v*hs+
                execute
            ]
            input<sequence
        ]
        \ ( gensym )
        \ ( gensym )
        [ = ]
        check-simd-fuzz-case
    ]
}
Fuzz Test: {
    [
        [
            { +vector+ +vector+ -> +vector+ }
            \ ulonglong-2
            \ fixnum
            3
            load-locals
            -2
            get-local
            vector-word-inputs
            -1
            get-local
            0
            get-local
            random-vector-inputs
            3
            drop-locals
        ]
        [ \ vbitor execute ]
        2
        load-locals
        -1
        get-local
        ( -- inputs )
        call-effect
        simd-fuzz-case
        new
        swap
        >>inputs
        0
        get-local
        >>code
        2
        drop-locals
    ]
    [
        [
            [
                { ulonglong-2 ulonglong-2 }
                declare
                \ vbitor
                execute
            ]
            input<sequence
        ]
        \ ( gensym )
        \ ( gensym )
        [ = ]
        check-simd-fuzz-case
    ]
}
Fuzz Test: {
    [
        [
            { +vector+ +vector+ -> +vector+ }
            \ ulonglong-2
            \ fixnum
            3
            load-locals
            -2
            get-local
            vector-word-inputs
            -1
            get-local
            0
            get-local
            random-vector-inputs
            3
            drop-locals
        ]
        [ \ v>= execute ]
        2
        load-locals
        -1
        get-local
        ( -- inputs )
        call-effect
        simd-fuzz-case
        new
        swap
        >>inputs
        0
        get-local
        >>code
        2
        drop-locals
    ]
    [
        [
            [
                { ulonglong-2 ulonglong-2 }
                declare
                \ v>=
                execute
            ]
            input<sequence
        ]
        \ ( gensym )
        \ ( gensym )
        [ = ]
        check-simd-fuzz-case
    ]
}
Fuzz Test: {
    [
        [
            { +vector+ +vector+ -> +vector+ }
            \ ulonglong-2
            \ fixnum
            3
            load-locals
            -2
            get-local
            vector-word-inputs
            -1
            get-local
            0
            get-local
            random-vector-inputs
            3
            drop-locals
        ]
        [ \ [v-] execute ]
        2
        load-locals
        -1
        get-local
        ( -- inputs )
        call-effect
        simd-fuzz-case
        new
        swap
        >>inputs
        0
        get-local
        >>code
        2
        drop-locals
    ]
    [
        [
            [
                { ulonglong-2 ulonglong-2 }
                declare
                \ [v-]
                execute
            ]
            input<sequence
        ]
        \ ( gensym )
        \ ( gensym )
        [ = ]
        check-simd-fuzz-case
    ]
}
Fuzz Test: {
    [
        [
            { +vector+ +vector+ -> +vector+ }
            \ ulonglong-2
            \ fixnum
            3
            load-locals
            -2
            get-local
            vector-word-inputs
            -1
            get-local
            0
            get-local
            random-vector-inputs
            3
            drop-locals
        ]
        [ \ vavg execute ]
        2
        load-locals
        -1
        get-local
        ( -- inputs )
        call-effect
        simd-fuzz-case
        new
        swap
        >>inputs
        0
        get-local
        >>code
        2
        drop-locals
    ]
    [
        [
            [
                { ulonglong-2 ulonglong-2 }
                declare
                \ vavg
                execute
            ]
            input<sequence
        ]
        \ ( gensym )
        \ ( gensym )
        [ = ]
        check-simd-fuzz-case
    ]
}
Fuzz Test: {
    [
        [
            { +vector+ +vector+ -> +vector+ }
            \ ulonglong-2
            \ fixnum
            3
            load-locals
            -2
            get-local
            vector-word-inputs
            -1
            get-local
            0
            get-local
            random-vector-inputs
            3
            drop-locals
        ]
        [ \ vbitxor execute ]
        2
        load-locals
        -1
        get-local
        ( -- inputs )
        call-effect
        simd-fuzz-case
        new
        swap
        >>inputs
        0
        get-local
        >>code
        2
        drop-locals
    ]
    [
        [
            [
                { ulonglong-2 ulonglong-2 }
                declare
                \ vbitxor
                execute
            ]
            input<sequence
        ]
        \ ( gensym )
        \ ( gensym )
        [ = ]
        check-simd-fuzz-case
    ]
}
Fuzz Test: {
    [
        [
            { +vector+ +vector+ -> +vector+ }
            \ ulonglong-2
            \ fixnum
            3
            load-locals
            -2
            get-local
            vector-word-inputs
            -1
            get-local
            0
            get-local
            random-vector-inputs
            3
            drop-locals
        ]
        [ \ v= execute ]
        2
        load-locals
        -1
        get-local
        ( -- inputs )
        call-effect
        simd-fuzz-case
        new
        swap
        >>inputs
        0
        get-local
        >>code
        2
        drop-locals
    ]
    [
        [
            [ { ulonglong-2 ulonglong-2 } declare \ v= execute ]
            input<sequence
        ]
        \ ( gensym )
        \ ( gensym )
        [ = ]
        check-simd-fuzz-case
    ]
}
Fuzz Test: {
    [
        [
            { +vector+ -> +vector+ }
            \ ulonglong-2
            \ fixnum
            3
            load-locals
            -2
            get-local
            vector-word-inputs
            -1
            get-local
            0
            get-local
            random-vector-inputs
            3
            drop-locals
        ]
        [ \ vabs execute ]
        2
        load-locals
        -1
        get-local
        ( -- inputs )
        call-effect
        simd-fuzz-case
        new
        swap
        >>inputs
        0
        get-local
        >>code
        2
        drop-locals
    ]
    [
        [
            [ { ulonglong-2 } declare \ vabs execute ]
            input<sequence
        ]
        \ ( gensym )
        \ ( gensym )
        [ = ]
        check-simd-fuzz-case
    ]
}
Fuzz Test: {
    [
        [
            { +vector+ +vector+ -> +vector+ }
            \ ulonglong-2
            \ fixnum
            3
            load-locals
            -2
            get-local
            vector-word-inputs
            -1
            get-local
            0
            get-local
            random-vector-inputs
            3
            drop-locals
        ]
        [ \ v* execute ]
        2
        load-locals
        -1
        get-local
        ( -- inputs )
        call-effect
        simd-fuzz-case
        new
        swap
        >>inputs
        0
        get-local
        >>code
        2
        drop-locals
    ]
    [
        [
            [ { ulonglong-2 ulonglong-2 } declare \ v* execute ]
            input<sequence
        ]
        \ ( gensym )
        \ ( gensym )
        [ = ]
        check-simd-fuzz-case
    ]
}
Fuzz Test: {
    [
        [
            { +vector+ +vector+ -> +vector+ }
            \ ulonglong-2
            \ fixnum
            3
            load-locals
            -2
            get-local
            vector-word-inputs
            -1
            get-local
            0
            get-local
            random-vector-inputs
            3
            drop-locals
        ]
        [ \ v< execute ]
        2
        load-locals
        -1
        get-local
        ( -- inputs )
        call-effect
        simd-fuzz-case
        new
        swap
        >>inputs
        0
        get-local
        >>code
        2
        drop-locals
    ]
    [
        [
            [ { ulonglong-2 ulonglong-2 } declare \ v< execute ]
            input<sequence
        ]
        \ ( gensym )
        \ ( gensym )
        [ = ]
        check-simd-fuzz-case
    ]
}
Fuzz Test: {
    [
        [
            { +vector+ +scalar+ -> +vector+ }
            \ ulonglong-2
            \ fixnum
            3
            load-locals
            -2
            get-local
            vector-word-inputs
            -1
            get-local
            0
            get-local
            random-vector-inputs
            3
            drop-locals
        ]
        [ \ v+n execute ]
        2
        load-locals
        -1
        get-local
        ( -- inputs )
        call-effect
        simd-fuzz-case
        new
        swap
        >>inputs
        0
        get-local
        >>code
        2
        drop-locals
    ]
    [
        [
            [ { ulonglong-2 fixnum } declare \ v+n execute ]
            input<sequence
        ]
        \ ( gensym )
        \ ( gensym )
        [ = ]
        check-simd-fuzz-case
    ]
}
Fuzz Test: {
    [
        [
            { +vector+ +vector+ -> +scalar+ }
            \ ulonglong-2
            \ fixnum
            3
            load-locals
            -2
            get-local
            vector-word-inputs
            -1
            get-local
            0
            get-local
            random-vector-inputs
            3
            drop-locals
        ]
        [ \ vdot execute ]
        2
        load-locals
        -1
        get-local
        ( -- inputs )
        call-effect
        simd-fuzz-case
        new
        swap
        >>inputs
        0
        get-local
        >>code
        2
        drop-locals
    ]
    [
        [
            [
                { ulonglong-2 ulonglong-2 }
                declare
                \ vdot
                execute
            ]
            input<sequence
        ]
        \ ( gensym )
        \ ( gensym )
        [ = ]
        check-simd-fuzz-case
    ]
}
Fuzz Test: {
    [
        [
            { +vector+ +vector+ -> +vector+ }
            \ ulonglong-2
            \ fixnum
            3
            load-locals
            -2
            get-local
            vector-word-inputs
            -1
            get-local
            0
            get-local
            random-vector-inputs
            3
            drop-locals
        ]
        [ \ v> execute ]
        2
        load-locals
        -1
        get-local
        ( -- inputs )
        call-effect
        simd-fuzz-case
        new
        swap
        >>inputs
        0
        get-local
        >>code
        2
        drop-locals
    ]
    [
        [
            [ { ulonglong-2 ulonglong-2 } declare \ v> execute ]
            input<sequence
        ]
        \ ( gensym )
        \ ( gensym )
        [ = ]
        check-simd-fuzz-case
    ]
}
Fuzz Test: {
    [
        [
            { +scalar+ +vector+ -> +vector+ }
            \ ulonglong-2
            \ fixnum
            3
            load-locals
            -2
            get-local
            vector-word-inputs
            -1
            get-local
            0
            get-local
            random-vector-inputs
            3
            drop-locals
        ]
        [ \ n+v execute ]
        2
        load-locals
        -1
        get-local
        ( -- inputs )
        call-effect
        simd-fuzz-case
        new
        swap
        >>inputs
        0
        get-local
        >>code
        2
        drop-locals
    ]
    [
        [
            [ { fixnum ulonglong-2 } declare \ n+v execute ]
            input<sequence
        ]
        \ ( gensym )
        \ ( gensym )
        [ = ]
        check-simd-fuzz-case
    ]
}
Fuzz Test: {
    [
        [
            { +vector+ -> +nonnegative+ }
            \ float-4
            \ float
            3
            load-locals
            -2
            get-local
            vector-word-inputs
            -1
            get-local
            0
            get-local
            random-vector-inputs
            3
            drop-locals
        ]
        [ \ norm-sq execute ]
        2
        load-locals
        -1
        get-local
        ( -- inputs )
        call-effect
        simd-fuzz-case
        new
        swap
        >>inputs
        0
        get-local
        >>code
        2
        drop-locals
    ]
    [
        [
            [ { float-4 } declare \ norm-sq execute ]
            input<sequence
        ]
        \ ( gensym )
        \ ( gensym )
        [ approx= ]
        check-simd-fuzz-case
    ]
}
Fuzz Test: {
    [
        [
            { +vector+ +vector+ -> +vector+ }
            \ float-4
            \ float
            3
            load-locals
            -2
            get-local
            vector-word-inputs
            -1
            get-local
            0
            get-local
            random-vector-inputs
            3
            drop-locals
        ]
        [ \ v/ execute ]
        2
        load-locals
        -1
        get-local
        ( -- inputs )
        call-effect
        simd-fuzz-case
        new
        swap
        >>inputs
        0
        get-local
        >>code
        2
        drop-locals
    ]
    [
        [
            [ { float-4 float-4 } declare \ v/ execute ]
            input<sequence
        ]
        \ ( gensym )
        \ ( gensym )
        [ approx= ]
        check-simd-fuzz-case
    ]
}
Fuzz Test: {
    [
        [
            { +vector+ +vector+ -> +vector+ }
            \ float-4
            \ float
            3
            load-locals
            -2
            get-local
            vector-word-inputs
            -1
            get-local
            0
            get-local
            random-vector-inputs
            3
            drop-locals
        ]
        [ \ v- execute ]
        2
        load-locals
        -1
        get-local
        ( -- inputs )
        call-effect
        simd-fuzz-case
        new
        swap
        >>inputs
        0
        get-local
        >>code
        2
        drop-locals
    ]
    [
        [
            [ { float-4 float-4 } declare \ v- execute ]
            input<sequence
        ]
        \ ( gensym )
        \ ( gensym )
        [ approx= ]
        check-simd-fuzz-case
    ]
}
Fuzz Test: {
    [
        [
            { +vector+ +vector+ -> +vector+ }
            \ float-4
            \ float
            3
            load-locals
            -2
            get-local
            vector-word-inputs
            -1
            get-local
            0
            get-local
            random-vector-inputs
            3
            drop-locals
        ]
        [ \ v+ execute ]
        2
        load-locals
        -1
        get-local
        ( -- inputs )
        call-effect
        simd-fuzz-case
        new
        swap
        >>inputs
        0
        get-local
        >>code
        2
        drop-locals
    ]
    [
        [
            [ { float-4 float-4 } declare \ v+ execute ]
            input<sequence
        ]
        \ ( gensym )
        \ ( gensym )
        [ approx= ]
        check-simd-fuzz-case
    ]
}
Fuzz Test: {
    [
        [
            { +vector+ +vector+ -> +vector+ }
            \ float-4
            \ float
            3
            load-locals
            -2
            get-local
            vector-word-inputs
            -1
            get-local
            0
            get-local
            random-vector-inputs
            3
            drop-locals
        ]
        [ \ vmin execute ]
        2
        load-locals
        -1
        get-local
        ( -- inputs )
        call-effect
        simd-fuzz-case
        new
        swap
        >>inputs
        0
        get-local
        >>code
        2
        drop-locals
    ]
    [
        [
            [ { float-4 float-4 } declare \ vmin execute ]
            input<sequence
        ]
        \ ( gensym )
        \ ( gensym )
        [ approx= ]
        check-simd-fuzz-case
    ]
}
Fuzz Test: {
    [
        [
            { +vector+ -> +vector+ }
            \ float-4
            \ float
            3
            load-locals
            -2
            get-local
            vector-word-inputs
            -1
            get-local
            0
            get-local
            random-vector-inputs
            3
            drop-locals
        ]
        [ \ vround execute ]
        2
        load-locals
        -1
        get-local
        ( -- inputs )
        call-effect
        simd-fuzz-case
        new
        swap
        >>inputs
        0
        get-local
        >>code
        2
        drop-locals
    ]
    [
        [
            [ { float-4 } declare \ vround execute ]
            input<sequence
        ]
        \ ( gensym )
        \ ( gensym )
        [ approx= ]
        check-simd-fuzz-case
    ]
}
Fuzz Test: {
    [
        [
            { +vector+ +vector+ -> +vector+ }
            \ float-4
            \ float
            3
            load-locals
            -2
            get-local
            vector-word-inputs
            -1
            get-local
            0
            get-local
            random-vector-inputs
            3
            drop-locals
        ]
        [ \ vs- execute ]
        2
        load-locals
        -1
        get-local
        ( -- inputs )
        call-effect
        simd-fuzz-case
        new
        swap
        >>inputs
        0
        get-local
        >>code
        2
        drop-locals
    ]
    [
        [
            [ { float-4 float-4 } declare \ vs- execute ]
            input<sequence
        ]
        \ ( gensym )
        \ ( gensym )
        [ approx= ]
        check-simd-fuzz-case
    ]
}
Fuzz Test: {
    [
        [
            { +vector+ +vector+ -> +vector+ }
            \ float-4
            \ float
            3
            load-locals
            -2
            get-local
            vector-word-inputs
            -1
            get-local
            0
            get-local
            random-vector-inputs
            3
            drop-locals
        ]
        [ \ vs+ execute ]
        2
        load-locals
        -1
        get-local
        ( -- inputs )
        call-effect
        simd-fuzz-case
        new
        swap
        >>inputs
        0
        get-local
        >>code
        2
        drop-locals
    ]
    [
        [
            [ { float-4 float-4 } declare \ vs+ execute ]
            input<sequence
        ]
        \ ( gensym )
        \ ( gensym )
        [ approx= ]
        check-simd-fuzz-case
    ]
}
Fuzz Test: {
    [
        [
            { +vector+ -> +vector+ }
            \ float-4
            \ float
            3
            load-locals
            -2
            get-local
            vector-word-inputs
            -1
            get-local
            0
            get-local
            random-vector-inputs
            3
            drop-locals
        ]
        [ \ vsqrt execute ]
        2
        load-locals
        -1
        get-local
        ( -- inputs )
        call-effect
        simd-fuzz-case
        new
        swap
        >>inputs
        0
        get-local
        >>code
        2
        drop-locals
    ]
    [
        [
            [ { float-4 } declare \ vsqrt execute ]
            input<sequence
        ]
        \ ( gensym )
        \ ( gensym )
        [ approx= ]
        check-simd-fuzz-case
    ]
}
Fuzz Test: {
    [
        [
            { +vector+ +vector+ -> +vector+ }
            \ float-4
            \ float
            3
            load-locals
            -2
            get-local
            vector-word-inputs
            -1
            get-local
            0
            get-local
            random-vector-inputs
            3
            drop-locals
        ]
        [ \ vs* execute ]
        2
        load-locals
        -1
        get-local
        ( -- inputs )
        call-effect
        simd-fuzz-case
        new
        swap
        >>inputs
        0
        get-local
        >>code
        2
        drop-locals
    ]
    [
        [
            [ { float-4 float-4 } declare \ vs* execute ]
            input<sequence
        ]
        \ ( gensym )
        \ ( gensym )
        [ approx= ]
        check-simd-fuzz-case
    ]
}
Fuzz Test: {
    [
        [
            { +vector+ -> +scalar+ }
            \ float-4
            \ float
            3
            load-locals
            -2
            get-local
            vector-word-inputs
            -1
            get-local
            0
            get-local
            random-vector-inputs
            3
            drop-locals
        ]
        [ \ vmax-element execute ]
        2
        load-locals
        -1
        get-local
        ( -- inputs )
        call-effect
        simd-fuzz-case
        new
        swap
        >>inputs
        0
        get-local
        >>code
        2
        drop-locals
    ]
    [
        [
            [ { float-4 } declare \ vmax-element execute ]
            input<sequence
        ]
        \ ( gensym )
        \ ( gensym )
        [ approx= ]
        check-simd-fuzz-case
    ]
}
Fuzz Test: {
    [
        [
            { +vector+ +vector+ -> +vector+ }
            \ float-4
            \ float
            3
            load-locals
            -2
            get-local
            vector-word-inputs
            -1
            get-local
            0
            get-local
            random-vector-inputs
            3
            drop-locals
        ]
        [ \ vmax execute ]
        2
        load-locals
        -1
        get-local
        ( -- inputs )
        call-effect
        simd-fuzz-case
        new
        swap
        >>inputs
        0
        get-local
        >>code
        2
        drop-locals
    ]
    [
        [
            [ { float-4 float-4 } declare \ vmax execute ]
            input<sequence
        ]
        \ ( gensym )
        \ ( gensym )
        [ approx= ]
        check-simd-fuzz-case
    ]
}
Fuzz Test: {
    [
        [
            { +vector+ +vector+ -> +vector+ }
            \ float-4
            \ float
            3
            load-locals
            -2
            get-local
            vector-word-inputs
            -1
            get-local
            0
            get-local
            random-vector-inputs
            3
            drop-locals
        ]
        [ \ v<= execute ]
        2
        load-locals
        -1
        get-local
        ( -- inputs )
        call-effect
        simd-fuzz-case
        new
        swap
        >>inputs
        0
        get-local
        >>code
        2
        drop-locals
    ]
    [
        [
            [ { float-4 float-4 } declare \ v<= execute ]
            input<sequence
        ]
        \ ( gensym )
        \ ( gensym )
        [ approx= ]
        check-simd-fuzz-case
    ]
}
Fuzz Test: {
    [
        [
            { +scalar+ +vector+ -> +vector+ }
            \ float-4
            \ float
            3
            load-locals
            -2
            get-local
            vector-word-inputs
            -1
            get-local
            0
            get-local
            random-vector-inputs
            3
            drop-locals
        ]
        [ \ n*v execute ]
        2
        load-locals
        -1
        get-local
        ( -- inputs )
        call-effect
        simd-fuzz-case
        new
        swap
        >>inputs
        0
        get-local
        >>code
        2
        drop-locals
    ]
    [
        [
            [ { float float-4 } declare \ n*v execute ]
            input<sequence
        ]
        \ ( gensym )
        \ ( gensym )
        [ approx= ]
        check-simd-fuzz-case
    ]
}
Fuzz Test: {
    [
        [
            { +vector+ +scalar+ -> +vector+ }
            \ float-4
            \ float
            3
            load-locals
            -2
            get-local
            vector-word-inputs
            -1
            get-local
            0
            get-local
            random-vector-inputs
            3
            drop-locals
        ]
        [ \ v*n execute ]
        2
        load-locals
        -1
        get-local
        ( -- inputs )
        call-effect
        simd-fuzz-case
        new
        swap
        >>inputs
        0
        get-local
        >>code
        2
        drop-locals
    ]
    [
        [
            [ { float-4 float } declare \ v*n execute ]
            input<sequence
        ]
        \ ( gensym )
        \ ( gensym )
        [ approx= ]
        check-simd-fuzz-case
    ]
}
Fuzz Test: {
    [
        [
            { +vector+ +vector+ -> +scalar+ }
            \ float-4
            \ float
            3
            load-locals
            -2
            get-local
            vector-word-inputs
            -1
            get-local
            0
            get-local
            random-vector-inputs
            3
            drop-locals
        ]
        [ \ vsad execute ]
        2
        load-locals
        -1
        get-local
        ( -- inputs )
        call-effect
        simd-fuzz-case
        new
        swap
        >>inputs
        0
        get-local
        >>code
        2
        drop-locals
    ]
    [
        [
            [ { float-4 float-4 } declare \ vsad execute ]
            input<sequence
        ]
        \ ( gensym )
        \ ( gensym )
        [ approx= ]
        check-simd-fuzz-case
    ]
}
Fuzz Test: {
    [
        [
            { +vector+ -> +vector+ }
            \ float-4
            \ float
            3
            load-locals
            -2
            get-local
            vector-word-inputs
            -1
            get-local
            0
            get-local
            random-vector-inputs
            3
            drop-locals
        ]
        [ \ vtruncate execute ]
        2
        load-locals
        -1
        get-local
        ( -- inputs )
        call-effect
        simd-fuzz-case
        new
        swap
        >>inputs
        0
        get-local
        >>code
        2
        drop-locals
    ]
    [
        [
            [ { float-4 } declare \ vtruncate execute ]
            input<sequence
        ]
        \ ( gensym )
        \ ( gensym )
        [ approx= ]
        check-simd-fuzz-case
    ]
}
Fuzz Test: {
    [
        [
            { +vector+ +vector+ -> +vector+ }
            \ float-4
            \ float
            3
            load-locals
            -2
            get-local
            vector-word-inputs
            -1
            get-local
            0
            get-local
            random-vector-inputs
            3
            drop-locals
        ]
        [ \ vbitandn execute ]
        2
        load-locals
        -1
        get-local
        ( -- inputs )
        call-effect
        simd-fuzz-case
        new
        swap
        >>inputs
        0
        get-local
        >>code
        2
        drop-locals
    ]
    [
        [
            [ { float-4 float-4 } declare \ vbitandn execute ]
            input<sequence
        ]
        \ ( gensym )
        \ ( gensym )
        [ approx= ]
        check-simd-fuzz-case
    ]
}
Fuzz Test: {
    [
        [
            { +vector+ -> +vector+ }
            \ float-4
            \ float
            3
            load-locals
            -2
            get-local
            vector-word-inputs
            -1
            get-local
            0
            get-local
            random-vector-inputs
            3
            drop-locals
        ]
        [ \ vneg execute ]
        2
        load-locals
        -1
        get-local
        ( -- inputs )
        call-effect
        simd-fuzz-case
        new
        swap
        >>inputs
        0
        get-local
        >>code
        2
        drop-locals
    ]
    [
        [
            [ { float-4 } declare \ vneg execute ]
            input<sequence
        ]
        \ ( gensym )
        \ ( gensym )
        [ approx= ]
        check-simd-fuzz-case
    ]
}
Fuzz Test: {
    [
        [
            { +scalar+ +vector+ -> +vector+ }
            \ float-4
            \ float
            3
            load-locals
            -2
            get-local
            vector-word-inputs
            -1
            get-local
            0
            get-local
            random-vector-inputs
            3
            drop-locals
        ]
        [ \ n-v execute ]
        2
        load-locals
        -1
        get-local
        ( -- inputs )
        call-effect
        simd-fuzz-case
        new
        swap
        >>inputs
        0
        get-local
        >>code
        2
        drop-locals
    ]
    [
        [
            [ { float float-4 } declare \ n-v execute ]
            input<sequence
        ]
        \ ( gensym )
        \ ( gensym )
        [ approx= ]
        check-simd-fuzz-case
    ]
}
Fuzz Test: {
    [
        [
            { +vector+ +vector+ -> +vector+ }
            \ float-4
            \ float
            3
            load-locals
            -2
            get-local
            vector-word-inputs
            -1
            get-local
            0
            get-local
            random-vector-inputs
            3
            drop-locals
        ]
        [ \ (vmerge-tail) execute ]
        2
        load-locals
        -1
        get-local
        ( -- inputs )
        call-effect
        simd-fuzz-case
        new
        swap
        >>inputs
        0
        get-local
        >>code
        2
        drop-locals
    ]
    [
        [
            [
                { float-4 float-4 }
                declare
                \ (vmerge-tail)
                execute
            ]
            input<sequence
        ]
        \ ( gensym )
        \ ( gensym )
        [ approx= ]
        check-simd-fuzz-case
    ]
}
Fuzz Test: {
    [
        [
            { +vector+ +scalar+ -> +vector+ }
            \ float-4
            \ float
            3
            load-locals
            -2
            get-local
            vector-word-inputs
            -1
            get-local
            0
            get-local
            random-vector-inputs
            3
            drop-locals
        ]
        [ \ v-n execute ]
        2
        load-locals
        -1
        get-local
        ( -- inputs )
        call-effect
        simd-fuzz-case
        new
        swap
        >>inputs
        0
        get-local
        >>code
        2
        drop-locals
    ]
    [
        [
            [ { float-4 float } declare \ v-n execute ]
            input<sequence
        ]
        \ ( gensym )
        \ ( gensym )
        [ approx= ]
        check-simd-fuzz-case
    ]
}
Fuzz Test: {
    [
        [
            { +vector+ +vector+ -> +vector+ }
            \ float-4
            \ float
            3
            load-locals
            -2
            get-local
            vector-word-inputs
            -1
            get-local
            0
            get-local
            random-vector-inputs
            3
            drop-locals
        ]
        [ \ v+- execute ]
        2
        load-locals
        -1
        get-local
        ( -- inputs )
        call-effect
        simd-fuzz-case
        new
        swap
        >>inputs
        0
        get-local
        >>code
        2
        drop-locals
    ]
    [
        [
            [ { float-4 float-4 } declare \ v+- execute ]
            input<sequence
        ]
        \ ( gensym )
        \ ( gensym )
        [ approx= ]
        check-simd-fuzz-case
    ]
}
Fuzz Test: {
    [
        [
            { +vector+ -> +vector+ }
            \ float-4
            \ float
            3
            load-locals
            -2
            get-local
            vector-word-inputs
            -1
            get-local
            0
            get-local
            random-vector-inputs
            3
            drop-locals
        ]
        [ \ vbitnot execute ]
        2
        load-locals
        -1
        get-local
        ( -- inputs )
        call-effect
        simd-fuzz-case
        new
        swap
        >>inputs
        0
        get-local
        >>code
        2
        drop-locals
    ]
    [
        [
            [ { float-4 } declare \ vbitnot execute ]
            input<sequence
        ]
        \ ( gensym )
        \ ( gensym )
        [ approx= ]
        check-simd-fuzz-case
    ]
}
Fuzz Test: {
    [
        [
            { +vector+ -> +vector+ }
            \ float-4
            \ float
            3
            load-locals
            -2
            get-local
            vector-word-inputs
            -1
            get-local
            0
            get-local
            random-vector-inputs
            3
            drop-locals
        ]
        [ \ vceiling execute ]
        2
        load-locals
        -1
        get-local
        ( -- inputs )
        call-effect
        simd-fuzz-case
        new
        swap
        >>inputs
        0
        get-local
        >>code
        2
        drop-locals
    ]
    [
        [
            [ { float-4 } declare \ vceiling execute ]
            input<sequence
        ]
        \ ( gensym )
        \ ( gensym )
        [ approx= ]
        check-simd-fuzz-case
    ]
}
Fuzz Test: {
    [
        [
            { +vector+ -> +nonnegative+ }
            \ float-4
            \ float
            3
            load-locals
            -2
            get-local
            vector-word-inputs
            -1
            get-local
            0
            get-local
            random-vector-inputs
            3
            drop-locals
        ]
        [ \ norm execute ]
        2
        load-locals
        -1
        get-local
        ( -- inputs )
        call-effect
        simd-fuzz-case
        new
        swap
        >>inputs
        0
        get-local
        >>code
        2
        drop-locals
    ]
    [
        [
            [ { float-4 } declare \ norm execute ]
            input<sequence
        ]
        \ ( gensym )
        \ ( gensym )
        [ approx= ]
        check-simd-fuzz-case
    ]
}
Fuzz Test: {
    [
        [
            { +vector+ -> +scalar+ }
            \ float-4
            \ float
            3
            load-locals
            -2
            get-local
            vector-word-inputs
            -1
            get-local
            0
            get-local
            random-vector-inputs
            3
            drop-locals
        ]
        [ \ vmin-element execute ]
        2
        load-locals
        -1
        get-local
        ( -- inputs )
        call-effect
        simd-fuzz-case
        new
        swap
        >>inputs
        0
        get-local
        >>code
        2
        drop-locals
    ]
    [
        [
            [ { float-4 } declare \ vmin-element execute ]
            input<sequence
        ]
        \ ( gensym )
        \ ( gensym )
        [ approx= ]
        check-simd-fuzz-case
    ]
}
Fuzz Test: {
    [
        [
            { +vector+ +vector+ -> +vector+ }
            \ float-4
            \ float
            3
            load-locals
            -2
            get-local
            vector-word-inputs
            -1
            get-local
            0
            get-local
            random-vector-inputs
            3
            drop-locals
        ]
        [ \ vbitand execute ]
        2
        load-locals
        -1
        get-local
        ( -- inputs )
        call-effect
        simd-fuzz-case
        new
        swap
        >>inputs
        0
        get-local
        >>code
        2
        drop-locals
    ]
    [
        [
            [ { float-4 float-4 } declare \ vbitand execute ]
            input<sequence
        ]
        \ ( gensym )
        \ ( gensym )
        [ approx= ]
        check-simd-fuzz-case
    ]
}
Fuzz Test: {
    [
        [
            { +vector+ +vector+ -> +nonnegative+ }
            \ float-4
            \ float
            3
            load-locals
            -2
            get-local
            vector-word-inputs
            -1
            get-local
            0
            get-local
            random-vector-inputs
            3
            drop-locals
        ]
        [ \ distance execute ]
        2
        load-locals
        -1
        get-local
        ( -- inputs )
        call-effect
        simd-fuzz-case
        new
        swap
        >>inputs
        0
        get-local
        >>code
        2
        drop-locals
    ]
    [
        [
            [ { float-4 float-4 } declare \ distance execute ]
            input<sequence
        ]
        \ ( gensym )
        \ ( gensym )
        [ approx= ]
        check-simd-fuzz-case
    ]
}
Fuzz Test: {
    [
        [
            { +vector+ +vector+ -> +vector+ }
            \ float-4
            \ float
            3
            load-locals
            -2
            get-local
            vector-word-inputs
            -1
            get-local
            0
            get-local
            random-vector-inputs
            3
            drop-locals
        ]
        [ \ (vmerge-head) execute ]
        2
        load-locals
        -1
        get-local
        ( -- inputs )
        call-effect
        simd-fuzz-case
        new
        swap
        >>inputs
        0
        get-local
        >>code
        2
        drop-locals
    ]
    [
        [
            [
                { float-4 float-4 }
                declare
                \ (vmerge-head)
                execute
            ]
            input<sequence
        ]
        \ ( gensym )
        \ ( gensym )
        [ approx= ]
        check-simd-fuzz-case
    ]
}
Fuzz Test: {
    [
        [
            { +vector+ +vector+ -> +vector+ }
            \ float-4
            \ float
            3
            load-locals
            -2
            get-local
            vector-word-inputs
            -1
            get-local
            0
            get-local
            random-vector-inputs
            3
            drop-locals
        ]
        [ \ vunordered? execute ]
        2
        load-locals
        -1
        get-local
        ( -- inputs )
        call-effect
        simd-fuzz-case
        new
        swap
        >>inputs
        0
        get-local
        >>code
        2
        drop-locals
    ]
    [
        [
            [
                { float-4 float-4 }
                declare
                \ vunordered?
                execute
            ]
            input<sequence
        ]
        \ ( gensym )
        \ ( gensym )
        [ approx= ]
        check-simd-fuzz-case
    ]
}
Fuzz Test: {
    [
        [
            { +vector+ -> +scalar+ }
            \ float-4
            \ float
            3
            load-locals
            -2
            get-local
            vector-word-inputs
            -1
            get-local
            0
            get-local
            random-vector-inputs
            3
            drop-locals
        ]
        [ \ sum execute ]
        2
        load-locals
        -1
        get-local
        ( -- inputs )
        call-effect
        simd-fuzz-case
        new
        swap
        >>inputs
        0
        get-local
        >>code
        2
        drop-locals
    ]
    [
        [ [ { float-4 } declare \ sum execute ] input<sequence ]
        \ ( gensym )
        \ ( gensym )
        [ approx= ]
        check-simd-fuzz-case
    ]
}
Fuzz Test: {
    [
        [
            { +vector+ -> +vector+ }
            \ float-4
            \ float
            3
            load-locals
            -2
            get-local
            vector-word-inputs
            -1
            get-local
            0
            get-local
            random-vector-inputs
            3
            drop-locals
        ]
        [ \ vround-to-even execute ]
        2
        load-locals
        -1
        get-local
        ( -- inputs )
        call-effect
        simd-fuzz-case
        new
        swap
        >>inputs
        0
        get-local
        >>code
        2
        drop-locals
    ]
    [
        [
            [ { float-4 } declare \ vround-to-even execute ]
            input<sequence
        ]
        \ ( gensym )
        \ ( gensym )
        [ approx= ]
        check-simd-fuzz-case
    ]
}
Fuzz Test: {
    [
        [
            { +vector+ -> +vector+ }
            \ float-4
            \ float
            3
            load-locals
            -2
            get-local
            vector-word-inputs
            -1
            get-local
            0
            get-local
            random-vector-inputs
            3
            drop-locals
        ]
        [ \ vfloor execute ]
        2
        load-locals
        -1
        get-local
        ( -- inputs )
        call-effect
        simd-fuzz-case
        new
        swap
        >>inputs
        0
        get-local
        >>code
        2
        drop-locals
    ]
    [
        [
            [ { float-4 } declare \ vfloor execute ]
            input<sequence
        ]
        \ ( gensym )
        \ ( gensym )
        [ approx= ]
        check-simd-fuzz-case
    ]
}
Fuzz Test: {
    [
        [
            { +vector+ +vector+ +vector+ -> +vector+ }
            \ float-4
            \ float
            3
            load-locals
            -2
            get-local
            vector-word-inputs
            -1
            get-local
            0
            get-local
            random-vector-inputs
            3
            drop-locals
        ]
        [ \ vfma execute ]
        2
        load-locals
        -1
        get-local
        ( -- inputs )
        call-effect
        simd-fuzz-case
        new
        swap
        >>inputs
        0
        get-local
        >>code
        2
        drop-locals
    ]
    [
        [
            [
                { float-4 float-4 float-4 }
                declare
                \ vfma
                execute
            ]
            input<sequence
        ]
        \ ( gensym )
        \ ( gensym )
        [ approx= ]
        check-simd-fuzz-case
    ]
}
Fuzz Test: {
    [
        [
            { +vector+ +vector+ -> +vector+ }
            \ float-4
            \ float
            3
            load-locals
            -2
            get-local
            vector-word-inputs
            -1
            get-local
            0
            get-local
            random-vector-inputs
            3
            drop-locals
        ]
        [ \ vbitor execute ]
        2
        load-locals
        -1
        get-local
        ( -- inputs )
        call-effect
        simd-fuzz-case
        new
        swap
        >>inputs
        0
        get-local
        >>code
        2
        drop-locals
    ]
    [
        [
            [ { float-4 float-4 } declare \ vbitor execute ]
            input<sequence
        ]
        \ ( gensym )
        \ ( gensym )
        [ approx= ]
        check-simd-fuzz-case
    ]
}
Fuzz Test: {
    [
        [
            { +vector+ +vector+ -> +vector+ }
            \ float-4
            \ float
            3
            load-locals
            -2
            get-local
            vector-word-inputs
            -1
            get-local
            0
            get-local
            random-vector-inputs
            3
            drop-locals
        ]
        [ \ v>= execute ]
        2
        load-locals
        -1
        get-local
        ( -- inputs )
        call-effect
        simd-fuzz-case
        new
        swap
        >>inputs
        0
        get-local
        >>code
        2
        drop-locals
    ]
    [
        [
            [ { float-4 float-4 } declare \ v>= execute ]
            input<sequence
        ]
        \ ( gensym )
        \ ( gensym )
        [ approx= ]
        check-simd-fuzz-case
    ]
}
Fuzz Test: {
    [
        [
            { +vector+ +vector+ -> +vector+ }
            \ float-4
            \ float
            3
            load-locals
            -2
            get-local
            vector-word-inputs
            -1
            get-local
            0
            get-local
            random-vector-inputs
            3
            drop-locals
        ]
        [ \ [v-] execute ]
        2
        load-locals
        -1
        get-local
        ( -- inputs )
        call-effect
        simd-fuzz-case
        new
        swap
        >>inputs
        0
        get-local
        >>code
        2
        drop-locals
    ]
    [
        [
            [ { float-4 float-4 } declare \ [v-] execute ]
            input<sequence
        ]
        \ ( gensym )
        \ ( gensym )
        [ approx= ]
        check-simd-fuzz-case
    ]
}
Fuzz Test: {
    [
        [
            { +vector+ -> +vector+ }
            \ float-4
            \ float
            3
            load-locals
            -2
            get-local
            vector-word-inputs
            -1
            get-local
            0
            get-local
            random-vector-inputs
            3
            drop-locals
        ]
        [ \ normalize execute ]
        2
        load-locals
        -1
        get-local
        ( -- inputs )
        call-effect
        simd-fuzz-case
        new
        swap
        >>inputs
        0
        get-local
        >>code
        2
        drop-locals
    ]
    [
        [
            [ { float-4 } declare \ normalize execute ]
            input<sequence
        ]
        \ ( gensym )
        \ ( gensym )
        [ approx= ]
        check-simd-fuzz-case
    ]
}
Fuzz Test: {
    [
        [
            { +vector+ +vector+ -> +vector+ }
            \ float-4
            \ float
            3
            load-locals
            -2
            get-local
            vector-word-inputs
            -1
            get-local
            0
            get-local
            random-vector-inputs
            3
            drop-locals
        ]
        [ \ vavg execute ]
        2
        load-locals
        -1
        get-local
        ( -- inputs )
        call-effect
        simd-fuzz-case
        new
        swap
        >>inputs
        0
        get-local
        >>code
        2
        drop-locals
    ]
    [
        [
            [ { float-4 float-4 } declare \ vavg execute ]
            input<sequence
        ]
        \ ( gensym )
        \ ( gensym )
        [ approx= ]
        check-simd-fuzz-case
    ]
}
Fuzz Test: {
    [
        [
            { +vector+ +vector+ -> +vector+ }
            \ float-4
            \ float
            3
            load-locals
            -2
            get-local
            vector-word-inputs
            -1
            get-local
            0
            get-local
            random-vector-inputs
            3
            drop-locals
        ]
        [ \ vbitxor execute ]
        2
        load-locals
        -1
        get-local
        ( -- inputs )
        call-effect
        simd-fuzz-case
        new
        swap
        >>inputs
        0
        get-local
        >>code
        2
        drop-locals
    ]
    [
        [
            [ { float-4 float-4 } declare \ vbitxor execute ]
            input<sequence
        ]
        \ ( gensym )
        \ ( gensym )
        [ approx= ]
        check-simd-fuzz-case
    ]
}
Fuzz Test: {
    [
        [
            { +scalar+ +vector+ -> +vector+ }
            \ float-4
            \ float
            3
            load-locals
            -2
            get-local
            vector-word-inputs
            -1
            get-local
            0
            get-local
            random-vector-inputs
            3
            drop-locals
        ]
        [ \ n/v execute ]
        2
        load-locals
        -1
        get-local
        ( -- inputs )
        call-effect
        simd-fuzz-case
        new
        swap
        >>inputs
        0
        get-local
        >>code
        2
        drop-locals
    ]
    [
        [
            [ { float float-4 } declare \ n/v execute ]
            input<sequence
        ]
        \ ( gensym )
        \ ( gensym )
        [ approx= ]
        check-simd-fuzz-case
    ]
}
Fuzz Test: {
    [
        [
            { +vector+ +vector+ -> +vector+ }
            \ float-4
            \ float
            3
            load-locals
            -2
            get-local
            vector-word-inputs
            -1
            get-local
            0
            get-local
            random-vector-inputs
            3
            drop-locals
        ]
        [ \ v= execute ]
        2
        load-locals
        -1
        get-local
        ( -- inputs )
        call-effect
        simd-fuzz-case
        new
        swap
        >>inputs
        0
        get-local
        >>code
        2
        drop-locals
    ]
    [
        [
            [ { float-4 float-4 } declare \ v= execute ]
            input<sequence
        ]
        \ ( gensym )
        \ ( gensym )
        [ approx= ]
        check-simd-fuzz-case
    ]
}
Fuzz Test: {
    [
        [
            { +vector+ -> +vector+ }
            \ float-4
            \ float
            3
            load-locals
            -2
            get-local
            vector-word-inputs
            -1
            get-local
            0
            get-local
            random-vector-inputs
            3
            drop-locals
        ]
        [ \ vabs execute ]
        2
        load-locals
        -1
        get-local
        ( -- inputs )
        call-effect
        simd-fuzz-case
        new
        swap
        >>inputs
        0
        get-local
        >>code
        2
        drop-locals
    ]
    [
        [
            [ { float-4 } declare \ vabs execute ]
            input<sequence
        ]
        \ ( gensym )
        \ ( gensym )
        [ approx= ]
        check-simd-fuzz-case
    ]
}
Fuzz Test: {
    [
        [
            { +vector+ +vector+ -> +vector+ }
            \ float-4
            \ float
            3
            load-locals
            -2
            get-local
            vector-word-inputs
            -1
            get-local
            0
            get-local
            random-vector-inputs
            3
            drop-locals
        ]
        [ \ v* execute ]
        2
        load-locals
        -1
        get-local
        ( -- inputs )
        call-effect
        simd-fuzz-case
        new
        swap
        >>inputs
        0
        get-local
        >>code
        2
        drop-locals
    ]
    [
        [
            [ { float-4 float-4 } declare \ v* execute ]
            input<sequence
        ]
        \ ( gensym )
        \ ( gensym )
        [ approx= ]
        check-simd-fuzz-case
    ]
}
Fuzz Test: {
    [
        [
            { +vector+ +vector+ -> +vector+ }
            \ float-4
            \ float
            3
            load-locals
            -2
            get-local
            vector-word-inputs
            -1
            get-local
            0
            get-local
            random-vector-inputs
            3
            drop-locals
        ]
        [ \ v< execute ]
        2
        load-locals
        -1
        get-local
        ( -- inputs )
        call-effect
        simd-fuzz-case
        new
        swap
        >>inputs
        0
        get-local
        >>code
        2
        drop-locals
    ]
    [
        [
            [ { float-4 float-4 } declare \ v< execute ]
            input<sequence
        ]
        \ ( gensym )
        \ ( gensym )
        [ approx= ]
        check-simd-fuzz-case
    ]
}
Fuzz Test: {
    [
        [
            { +vector+ +scalar+ -> +vector+ }
            \ float-4
            \ float
            3
            load-locals
            -2
            get-local
            vector-word-inputs
            -1
            get-local
            0
            get-local
            random-vector-inputs
            3
            drop-locals
        ]
        [ \ v+n execute ]
        2
        load-locals
        -1
        get-local
        ( -- inputs )
        call-effect
        simd-fuzz-case
        new
        swap
        >>inputs
        0
        get-local
        >>code
        2
        drop-locals
    ]
    [
        [
            [ { float-4 float } declare \ v+n execute ]
            input<sequence
        ]
        \ ( gensym )
        \ ( gensym )
        [ approx= ]
        check-simd-fuzz-case
    ]
}
Fuzz Test: {
    [
        [
            { +vector+ +vector+ -> +scalar+ }
            \ float-4
            \ float
            3
            load-locals
            -2
            get-local
            vector-word-inputs
            -1
            get-local
            0
            get-local
            random-vector-inputs
            3
            drop-locals
        ]
        [ \ vdot execute ]
        2
        load-locals
        -1
        get-local
        ( -- inputs )
        call-effect
        simd-fuzz-case
        new
        swap
        >>inputs
        0
        get-local
        >>code
        2
        drop-locals
    ]
    [
        [
            [ { float-4 float-4 } declare \ vdot execute ]
            input<sequence
        ]
        \ ( gensym )
        \ ( gensym )
        [ approx= ]
        check-simd-fuzz-case
    ]
}
Fuzz Test: {
    [
        [
            { +vector+ +scalar+ -> +vector+ }
            \ float-4
            \ float
            3
            load-locals
            -2
            get-local
            vector-word-inputs
            -1
            get-local
            0
            get-local
            random-vector-inputs
            3
            drop-locals
        ]
        [ \ v/n execute ]
        2
        load-locals
        -1
        get-local
        ( -- inputs )
        call-effect
        simd-fuzz-case
        new
        swap
        >>inputs
        0
        get-local
        >>code
        2
        drop-locals
    ]
    [
        [
            [ { float-4 float } declare \ v/n execute ]
            input<sequence
        ]
        \ ( gensym )
        \ ( gensym )
        [ approx= ]
        check-simd-fuzz-case
    ]
}
Fuzz Test: {
    [
        [
            { +vector+ +vector+ -> +vector+ }
            \ float-4
            \ float
            3
            load-locals
            -2
            get-local
            vector-word-inputs
            -1
            get-local
            0
            get-local
            random-vector-inputs
            3
            drop-locals
        ]
        [ \ v> execute ]
        2
        load-locals
        -1
        get-local
        ( -- inputs )
        call-effect
        simd-fuzz-case
        new
        swap
        >>inputs
        0
        get-local
        >>code
        2
        drop-locals
    ]
    [
        [
            [ { float-4 float-4 } declare \ v> execute ]
            input<sequence
        ]
        \ ( gensym )
        \ ( gensym )
        [ approx= ]
        check-simd-fuzz-case
    ]
}
Fuzz Test: {
    [
        [
            { +scalar+ +vector+ -> +vector+ }
            \ float-4
            \ float
            3
            load-locals
            -2
            get-local
            vector-word-inputs
            -1
            get-local
            0
            get-local
            random-vector-inputs
            3
            drop-locals
        ]
        [ \ n+v execute ]
        2
        load-locals
        -1
        get-local
        ( -- inputs )
        call-effect
        simd-fuzz-case
        new
        swap
        >>inputs
        0
        get-local
        >>code
        2
        drop-locals
    ]
    [
        [
            [ { float float-4 } declare \ n+v execute ]
            input<sequence
        ]
        \ ( gensym )
        \ ( gensym )
        [ approx= ]
        check-simd-fuzz-case
    ]
}
Fuzz Test: {
    [
        [
            { +vector+ -> +nonnegative+ }
            \ double-2
            \ float
            3
            load-locals
            -2
            get-local
            vector-word-inputs
            -1
            get-local
            0
            get-local
            random-vector-inputs
            3
            drop-locals
        ]
        [ \ norm-sq execute ]
        2
        load-locals
        -1
        get-local
        ( -- inputs )
        call-effect
        simd-fuzz-case
        new
        swap
        >>inputs
        0
        get-local
        >>code
        2
        drop-locals
    ]
    [
        [
            [ { double-2 } declare \ norm-sq execute ]
            input<sequence
        ]
        \ ( gensym )
        \ ( gensym )
        [ exact= ]
        check-simd-fuzz-case
    ]
}
Fuzz Test: {
    [
        [
            { +vector+ +vector+ -> +vector+ }
            \ double-2
            \ float
            3
            load-locals
            -2
            get-local
            vector-word-inputs
            -1
            get-local
            0
            get-local
            random-vector-inputs
            3
            drop-locals
        ]
        [ \ v/ execute ]
        2
        load-locals
        -1
        get-local
        ( -- inputs )
        call-effect
        simd-fuzz-case
        new
        swap
        >>inputs
        0
        get-local
        >>code
        2
        drop-locals
    ]
    [
        [
            [ { double-2 double-2 } declare \ v/ execute ]
            input<sequence
        ]
        \ ( gensym )
        \ ( gensym )
        [ exact= ]
        check-simd-fuzz-case
    ]
}
Fuzz Test: {
    [
        [
            { +vector+ +vector+ -> +vector+ }
            \ double-2
            \ float
            3
            load-locals
            -2
            get-local
            vector-word-inputs
            -1
            get-local
            0
            get-local
            random-vector-inputs
            3
            drop-locals
        ]
        [ \ v- execute ]
        2
        load-locals
        -1
        get-local
        ( -- inputs )
        call-effect
        simd-fuzz-case
        new
        swap
        >>inputs
        0
        get-local
        >>code
        2
        drop-locals
    ]
    [
        [
            [ { double-2 double-2 } declare \ v- execute ]
            input<sequence
        ]
        \ ( gensym )
        \ ( gensym )
        [ exact= ]
        check-simd-fuzz-case
    ]
}
Fuzz Test: {
    [
        [
            { +vector+ +vector+ -> +vector+ }
            \ double-2
            \ float
            3
            load-locals
            -2
            get-local
            vector-word-inputs
            -1
            get-local
            0
            get-local
            random-vector-inputs
            3
            drop-locals
        ]
        [ \ v+ execute ]
        2
        load-locals
        -1
        get-local
        ( -- inputs )
        call-effect
        simd-fuzz-case
        new
        swap
        >>inputs
        0
        get-local
        >>code
        2
        drop-locals
    ]
    [
        [
            [ { double-2 double-2 } declare \ v+ execute ]
            input<sequence
        ]
        \ ( gensym )
        \ ( gensym )
        [ exact= ]
        check-simd-fuzz-case
    ]
}
Fuzz Test: {
    [
        [
            { +vector+ +vector+ -> +vector+ }
            \ double-2
            \ float
            3
            load-locals
            -2
            get-local
            vector-word-inputs
            -1
            get-local
            0
            get-local
            random-vector-inputs
            3
            drop-locals
        ]
        [ \ vmin execute ]
        2
        load-locals
        -1
        get-local
        ( -- inputs )
        call-effect
        simd-fuzz-case
        new
        swap
        >>inputs
        0
        get-local
        >>code
        2
        drop-locals
    ]
    [
        [
            [ { double-2 double-2 } declare \ vmin execute ]
            input<sequence
        ]
        \ ( gensym )
        \ ( gensym )
        [ exact= ]
        check-simd-fuzz-case
    ]
}
Fuzz Test: {
    [
        [
            { +vector+ -> +vector+ }
            \ double-2
            \ float
            3
            load-locals
            -2
            get-local
            vector-word-inputs
            -1
            get-local
            0
            get-local
            random-vector-inputs
            3
            drop-locals
        ]
        [ \ vround execute ]
        2
        load-locals
        -1
        get-local
        ( -- inputs )
        call-effect
        simd-fuzz-case
        new
        swap
        >>inputs
        0
        get-local
        >>code
        2
        drop-locals
    ]
    [
        [
            [ { double-2 } declare \ vround execute ]
            input<sequence
        ]
        \ ( gensym )
        \ ( gensym )
        [ exact= ]
        check-simd-fuzz-case
    ]
}
Fuzz Test: {
    [
        [
            { +vector+ +vector+ -> +vector+ }
            \ double-2
            \ float
            3
            load-locals
            -2
            get-local
            vector-word-inputs
            -1
            get-local
            0
            get-local
            random-vector-inputs
            3
            drop-locals
        ]
        [ \ vs- execute ]
        2
        load-locals
        -1
        get-local
        ( -- inputs )
        call-effect
        simd-fuzz-case
        new
        swap
        >>inputs
        0
        get-local
        >>code
        2
        drop-locals
    ]
    [
        [
            [ { double-2 double-2 } declare \ vs- execute ]
            input<sequence
        ]
        \ ( gensym )
        \ ( gensym )
        [ exact= ]
        check-simd-fuzz-case
    ]
}
Fuzz Test: {
    [
        [
            { +vector+ +vector+ -> +vector+ }
            \ double-2
            \ float
            3
            load-locals
            -2
            get-local
            vector-word-inputs
            -1
            get-local
            0
            get-local
            random-vector-inputs
            3
            drop-locals
        ]
        [ \ vs+ execute ]
        2
        load-locals
        -1
        get-local
        ( -- inputs )
        call-effect
        simd-fuzz-case
        new
        swap
        >>inputs
        0
        get-local
        >>code
        2
        drop-locals
    ]
    [
        [
            [ { double-2 double-2 } declare \ vs+ execute ]
            input<sequence
        ]
        \ ( gensym )
        \ ( gensym )
        [ exact= ]
        check-simd-fuzz-case
    ]
}
Fuzz Test: {
    [
        [
            { +vector+ -> +vector+ }
            \ double-2
            \ float
            3
            load-locals
            -2
            get-local
            vector-word-inputs
            -1
            get-local
            0
            get-local
            random-vector-inputs
            3
            drop-locals
        ]
        [ \ vsqrt execute ]
        2
        load-locals
        -1
        get-local
        ( -- inputs )
        call-effect
        simd-fuzz-case
        new
        swap
        >>inputs
        0
        get-local
        >>code
        2
        drop-locals
    ]
    [
        [
            [ { double-2 } declare \ vsqrt execute ]
            input<sequence
        ]
        \ ( gensym )
        \ ( gensym )
        [ exact= ]
        check-simd-fuzz-case
    ]
}
Fuzz Test: {
    [
        [
            { +vector+ +vector+ -> +vector+ }
            \ double-2
            \ float
            3
            load-locals
            -2
            get-local
            vector-word-inputs
            -1
            get-local
            0
            get-local
            random-vector-inputs
            3
            drop-locals
        ]
        [ \ vs* execute ]
        2
        load-locals
        -1
        get-local
        ( -- inputs )
        call-effect
        simd-fuzz-case
        new
        swap
        >>inputs
        0
        get-local
        >>code
        2
        drop-locals
    ]
    [
        [
            [ { double-2 double-2 } declare \ vs* execute ]
            input<sequence
        ]
        \ ( gensym )
        \ ( gensym )
        [ exact= ]
        check-simd-fuzz-case
    ]
}
Fuzz Test: {
    [
        [
            { +vector+ -> +scalar+ }
            \ double-2
            \ float
            3
            load-locals
            -2
            get-local
            vector-word-inputs
            -1
            get-local
            0
            get-local
            random-vector-inputs
            3
            drop-locals
        ]
        [ \ vmax-element execute ]
        2
        load-locals
        -1
        get-local
        ( -- inputs )
        call-effect
        simd-fuzz-case
        new
        swap
        >>inputs
        0
        get-local
        >>code
        2
        drop-locals
    ]
    [
        [
            [ { double-2 } declare \ vmax-element execute ]
            input<sequence
        ]
        \ ( gensym )
        \ ( gensym )
        [ exact= ]
        check-simd-fuzz-case
    ]
}
Fuzz Test: {
    [
        [
            { +vector+ +vector+ -> +vector+ }
            \ double-2
            \ float
            3
            load-locals
            -2
            get-local
            vector-word-inputs
            -1
            get-local
            0
            get-local
            random-vector-inputs
            3
            drop-locals
        ]
        [ \ vmax execute ]
        2
        load-locals
        -1
        get-local
        ( -- inputs )
        call-effect
        simd-fuzz-case
        new
        swap
        >>inputs
        0
        get-local
        >>code
        2
        drop-locals
    ]
    [
        [
            [ { double-2 double-2 } declare \ vmax execute ]
            input<sequence
        ]
        \ ( gensym )
        \ ( gensym )
        [ exact= ]
        check-simd-fuzz-case
    ]
}
Fuzz Test: {
    [
        [
            { +vector+ +vector+ -> +vector+ }
            \ double-2
            \ float
            3
            load-locals
            -2
            get-local
            vector-word-inputs
            -1
            get-local
            0
            get-local
            random-vector-inputs
            3
            drop-locals
        ]
        [ \ v<= execute ]
        2
        load-locals
        -1
        get-local
        ( -- inputs )
        call-effect
        simd-fuzz-case
        new
        swap
        >>inputs
        0
        get-local
        >>code
        2
        drop-locals
    ]
    [
        [
            [ { double-2 double-2 } declare \ v<= execute ]
            input<sequence
        ]
        \ ( gensym )
        \ ( gensym )
        [ exact= ]
        check-simd-fuzz-case
    ]
}
Fuzz Test: {
    [
        [
            { +scalar+ +vector+ -> +vector+ }
            \ double-2
            \ float
            3
            load-locals
            -2
            get-local
            vector-word-inputs
            -1
            get-local
            0
            get-local
            random-vector-inputs
            3
            drop-locals
        ]
        [ \ n*v execute ]
        2
        load-locals
        -1
        get-local
        ( -- inputs )
        call-effect
        simd-fuzz-case
        new
        swap
        >>inputs
        0
        get-local
        >>code
        2
        drop-locals
    ]
    [
        [
            [ { float double-2 } declare \ n*v execute ]
            input<sequence
        ]
        \ ( gensym )
        \ ( gensym )
        [ exact= ]
        check-simd-fuzz-case
    ]
}
Fuzz Test: {
    [
        [
            { +vector+ +scalar+ -> +vector+ }
            \ double-2
            \ float
            3
            load-locals
            -2
            get-local
            vector-word-inputs
            -1
            get-local
            0
            get-local
            random-vector-inputs
            3
            drop-locals
        ]
        [ \ v*n execute ]
        2
        load-locals
        -1
        get-local
        ( -- inputs )
        call-effect
        simd-fuzz-case
        new
        swap
        >>inputs
        0
        get-local
        >>code
        2
        drop-locals
    ]
    [
        [
            [ { double-2 float } declare \ v*n execute ]
            input<sequence
        ]
        \ ( gensym )
        \ ( gensym )
        [ exact= ]
        check-simd-fuzz-case
    ]
}
Fuzz Test: {
    [
        [
            { +vector+ +vector+ -> +scalar+ }
            \ double-2
            \ float
            3
            load-locals
            -2
            get-local
            vector-word-inputs
            -1
            get-local
            0
            get-local
            random-vector-inputs
            3
            drop-locals
        ]
        [ \ vsad execute ]
        2
        load-locals
        -1
        get-local
        ( -- inputs )
        call-effect
        simd-fuzz-case
        new
        swap
        >>inputs
        0
        get-local
        >>code
        2
        drop-locals
    ]
    [
        [
            [ { double-2 double-2 } declare \ vsad execute ]
            input<sequence
        ]
        \ ( gensym )
        \ ( gensym )
        [ exact= ]
        check-simd-fuzz-case
    ]
}
Fuzz Test: {
    [
        [
            { +vector+ -> +vector+ }
            \ double-2
            \ float
            3
            load-locals
            -2
            get-local
            vector-word-inputs
            -1
            get-local
            0
            get-local
            random-vector-inputs
            3
            drop-locals
        ]
        [ \ vtruncate execute ]
        2
        load-locals
        -1
        get-local
        ( -- inputs )
        call-effect
        simd-fuzz-case
        new
        swap
        >>inputs
        0
        get-local
        >>code
        2
        drop-locals
    ]
    [
        [
            [ { double-2 } declare \ vtruncate execute ]
            input<sequence
        ]
        \ ( gensym )
        \ ( gensym )
        [ exact= ]
        check-simd-fuzz-case
    ]
}
Fuzz Test: {
    [
        [
            { +vector+ +vector+ -> +vector+ }
            \ double-2
            \ float
            3
            load-locals
            -2
            get-local
            vector-word-inputs
            -1
            get-local
            0
            get-local
            random-vector-inputs
            3
            drop-locals
        ]
        [ \ vbitandn execute ]
        2
        load-locals
        -1
        get-local
        ( -- inputs )
        call-effect
        simd-fuzz-case
        new
        swap
        >>inputs
        0
        get-local
        >>code
        2
        drop-locals
    ]
    [
        [
            [ { double-2 double-2 } declare \ vbitandn execute ]
            input<sequence
        ]
        \ ( gensym )
        \ ( gensym )
        [ exact= ]
        check-simd-fuzz-case
    ]
}
Fuzz Test: {
    [
        [
            { +vector+ -> +vector+ }
            \ double-2
            \ float
            3
            load-locals
            -2
            get-local
            vector-word-inputs
            -1
            get-local
            0
            get-local
            random-vector-inputs
            3
            drop-locals
        ]
        [ \ vneg execute ]
        2
        load-locals
        -1
        get-local
        ( -- inputs )
        call-effect
        simd-fuzz-case
        new
        swap
        >>inputs
        0
        get-local
        >>code
        2
        drop-locals
    ]
    [
        [
            [ { double-2 } declare \ vneg execute ]
            input<sequence
        ]
        \ ( gensym )
        \ ( gensym )
        [ exact= ]
        check-simd-fuzz-case
    ]
}
Fuzz Test: {
    [
        [
            { +scalar+ +vector+ -> +vector+ }
            \ double-2
            \ float
            3
            load-locals
            -2
            get-local
            vector-word-inputs
            -1
            get-local
            0
            get-local
            random-vector-inputs
            3
            drop-locals
        ]
        [ \ n-v execute ]
        2
        load-locals
        -1
        get-local
        ( -- inputs )
        call-effect
        simd-fuzz-case
        new
        swap
        >>inputs
        0
        get-local
        >>code
        2
        drop-locals
    ]
    [
        [
            [ { float double-2 } declare \ n-v execute ]
            input<sequence
        ]
        \ ( gensym )
        \ ( gensym )
        [ exact= ]
        check-simd-fuzz-case
    ]
}
Fuzz Test: {
    [
        [
            { +vector+ +vector+ -> +vector+ }
            \ double-2
            \ float
            3
            load-locals
            -2
            get-local
            vector-word-inputs
            -1
            get-local
            0
            get-local
            random-vector-inputs
            3
            drop-locals
        ]
        [ \ (vmerge-tail) execute ]
        2
        load-locals
        -1
        get-local
        ( -- inputs )
        call-effect
        simd-fuzz-case
        new
        swap
        >>inputs
        0
        get-local
        >>code
        2
        drop-locals
    ]
    [
        [
            [
                { double-2 double-2 }
                declare
                \ (vmerge-tail)
                execute
            ]
            input<sequence
        ]
        \ ( gensym )
        \ ( gensym )
        [ exact= ]
        check-simd-fuzz-case
    ]
}
Fuzz Test: {
    [
        [
            { +vector+ +scalar+ -> +vector+ }
            \ double-2
            \ float
            3
            load-locals
            -2
            get-local
            vector-word-inputs
            -1
            get-local
            0
            get-local
            random-vector-inputs
            3
            drop-locals
        ]
        [ \ v-n execute ]
        2
        load-locals
        -1
        get-local
        ( -- inputs )
        call-effect
        simd-fuzz-case
        new
        swap
        >>inputs
        0
        get-local
        >>code
        2
        drop-locals
    ]
    [
        [
            [ { double-2 float } declare \ v-n execute ]
            input<sequence
        ]
        \ ( gensym )
        \ ( gensym )
        [ exact= ]
        check-simd-fuzz-case
    ]
}
Fuzz Test: {
    [
        [
            { +vector+ +vector+ -> +vector+ }
            \ double-2
            \ float
            3
            load-locals
            -2
            get-local
            vector-word-inputs
            -1
            get-local
            0
            get-local
            random-vector-inputs
            3
            drop-locals
        ]
        [ \ v+- execute ]
        2
        load-locals
        -1
        get-local
        ( -- inputs )
        call-effect
        simd-fuzz-case
        new
        swap
        >>inputs
        0
        get-local
        >>code
        2
        drop-locals
    ]
    [
        [
            [ { double-2 double-2 } declare \ v+- execute ]
            input<sequence
        ]
        \ ( gensym )
        \ ( gensym )
        [ exact= ]
        check-simd-fuzz-case
    ]
}
Fuzz Test: {
    [
        [
            { +vector+ -> +vector+ }
            \ double-2
            \ float
            3
            load-locals
            -2
            get-local
            vector-word-inputs
            -1
            get-local
            0
            get-local
            random-vector-inputs
            3
            drop-locals
        ]
        [ \ vbitnot execute ]
        2
        load-locals
        -1
        get-local
        ( -- inputs )
        call-effect
        simd-fuzz-case
        new
        swap
        >>inputs
        0
        get-local
        >>code
        2
        drop-locals
    ]
    [
        [
            [ { double-2 } declare \ vbitnot execute ]
            input<sequence
        ]
        \ ( gensym )
        \ ( gensym )
        [ exact= ]
        check-simd-fuzz-case
    ]
}
Fuzz Test: {
    [
        [
            { +vector+ -> +vector+ }
            \ double-2
            \ float
            3
            load-locals
            -2
            get-local
            vector-word-inputs
            -1
            get-local
            0
            get-local
            random-vector-inputs
            3
            drop-locals
        ]
        [ \ vceiling execute ]
        2
        load-locals
        -1
        get-local
        ( -- inputs )
        call-effect
        simd-fuzz-case
        new
        swap
        >>inputs
        0
        get-local
        >>code
        2
        drop-locals
    ]
    [
        [
            [ { double-2 } declare \ vceiling execute ]
            input<sequence
        ]
        \ ( gensym )
        \ ( gensym )
        [ exact= ]
        check-simd-fuzz-case
    ]
}
Fuzz Test: {
    [
        [
            { +vector+ -> +nonnegative+ }
            \ double-2
            \ float
            3
            load-locals
            -2
            get-local
            vector-word-inputs
            -1
            get-local
            0
            get-local
            random-vector-inputs
            3
            drop-locals
        ]
        [ \ norm execute ]
        2
        load-locals
        -1
        get-local
        ( -- inputs )
        call-effect
        simd-fuzz-case
        new
        swap
        >>inputs
        0
        get-local
        >>code
        2
        drop-locals
    ]
    [
        [
            [ { double-2 } declare \ norm execute ]
            input<sequence
        ]
        \ ( gensym )
        \ ( gensym )
        [ exact= ]
        check-simd-fuzz-case
    ]
}
Fuzz Test: {
    [
        [
            { +vector+ -> +scalar+ }
            \ double-2
            \ float
            3
            load-locals
            -2
            get-local
            vector-word-inputs
            -1
            get-local
            0
            get-local
            random-vector-inputs
            3
            drop-locals
        ]
        [ \ vmin-element execute ]
        2
        load-locals
        -1
        get-local
        ( -- inputs )
        call-effect
        simd-fuzz-case
        new
        swap
        >>inputs
        0
        get-local
        >>code
        2
        drop-locals
    ]
    [
        [
            [ { double-2 } declare \ vmin-element execute ]
            input<sequence
        ]
        \ ( gensym )
        \ ( gensym )
        [ exact= ]
        check-simd-fuzz-case
    ]
}
Fuzz Test: {
    [
        [
            { +vector+ +vector+ -> +vector+ }
            \ double-2
            \ float
            3
            load-locals
            -2
            get-local
            vector-word-inputs
            -1
            get-local
            0
            get-local
            random-vector-inputs
            3
            drop-locals
        ]
        [ \ vbitand execute ]
        2
        load-locals
        -1
        get-local
        ( -- inputs )
        call-effect
        simd-fuzz-case
        new
        swap
        >>inputs
        0
        get-local
        >>code
        2
        drop-locals
    ]
    [
        [
            [ { double-2 double-2 } declare \ vbitand execute ]
            input<sequence
        ]
        \ ( gensym )
        \ ( gensym )
        [ exact= ]
        check-simd-fuzz-case
    ]
}
Fuzz Test: {
    [
        [
            { +vector+ +vector+ -> +nonnegative+ }
            \ double-2
            \ float
            3
            load-locals
            -2
            get-local
            vector-word-inputs
            -1
            get-local
            0
            get-local
            random-vector-inputs
            3
            drop-locals
        ]
        [ \ distance execute ]
        2
        load-locals
        -1
        get-local
        ( -- inputs )
        call-effect
        simd-fuzz-case
        new
        swap
        >>inputs
        0
        get-local
        >>code
        2
        drop-locals
    ]
    [
        [
            [ { double-2 double-2 } declare \ distance execute ]
            input<sequence
        ]
        \ ( gensym )
        \ ( gensym )
        [ exact= ]
        check-simd-fuzz-case
    ]
}
Fuzz Test: {
    [
        [
            { +vector+ +vector+ -> +vector+ }
            \ double-2
            \ float
            3
            load-locals
            -2
            get-local
            vector-word-inputs
            -1
            get-local
            0
            get-local
            random-vector-inputs
            3
            drop-locals
        ]
        [ \ (vmerge-head) execute ]
        2
        load-locals
        -1
        get-local
        ( -- inputs )
        call-effect
        simd-fuzz-case
        new
        swap
        >>inputs
        0
        get-local
        >>code
        2
        drop-locals
    ]
    [
        [
            [
                { double-2 double-2 }
                declare
                \ (vmerge-head)
                execute
            ]
            input<sequence
        ]
        \ ( gensym )
        \ ( gensym )
        [ exact= ]
        check-simd-fuzz-case
    ]
}
Fuzz Test: {
    [
        [
            { +vector+ +vector+ -> +vector+ }
            \ double-2
            \ float
            3
            load-locals
            -2
            get-local
            vector-word-inputs
            -1
            get-local
            0
            get-local
            random-vector-inputs
            3
            drop-locals
        ]
        [ \ vunordered? execute ]
        2
        load-locals
        -1
        get-local
        ( -- inputs )
        call-effect
        simd-fuzz-case
        new
        swap
        >>inputs
        0
        get-local
        >>code
        2
        drop-locals
    ]
    [
        [
            [
                { double-2 double-2 }
                declare
                \ vunordered?
                execute
            ]
            input<sequence
        ]
        \ ( gensym )
        \ ( gensym )
        [ exact= ]
        check-simd-fuzz-case
    ]
}
Fuzz Test: {
    [
        [
            { +vector+ -> +scalar+ }
            \ double-2
            \ float
            3
            load-locals
            -2
            get-local
            vector-word-inputs
            -1
            get-local
            0
            get-local
            random-vector-inputs
            3
            drop-locals
        ]
        [ \ sum execute ]
        2
        load-locals
        -1
        get-local
        ( -- inputs )
        call-effect
        simd-fuzz-case
        new
        swap
        >>inputs
        0
        get-local
        >>code
        2
        drop-locals
    ]
    [
        [
            [ { double-2 } declare \ sum execute ]
            input<sequence
        ]
        \ ( gensym )
        \ ( gensym )
        [ exact= ]
        check-simd-fuzz-case
    ]
}
Fuzz Test: {
    [
        [
            { +vector+ -> +vector+ }
            \ double-2
            \ float
            3
            load-locals
            -2
            get-local
            vector-word-inputs
            -1
            get-local
            0
            get-local
            random-vector-inputs
            3
            drop-locals
        ]
        [ \ vround-to-even execute ]
        2
        load-locals
        -1
        get-local
        ( -- inputs )
        call-effect
        simd-fuzz-case
        new
        swap
        >>inputs
        0
        get-local
        >>code
        2
        drop-locals
    ]
    [
        [
            [ { double-2 } declare \ vround-to-even execute ]
            input<sequence
        ]
        \ ( gensym )
        \ ( gensym )
        [ exact= ]
        check-simd-fuzz-case
    ]
}
Fuzz Test: {
    [
        [
            { +vector+ -> +vector+ }
            \ double-2
            \ float
            3
            load-locals
            -2
            get-local
            vector-word-inputs
            -1
            get-local
            0
            get-local
            random-vector-inputs
            3
            drop-locals
        ]
        [ \ vfloor execute ]
        2
        load-locals
        -1
        get-local
        ( -- inputs )
        call-effect
        simd-fuzz-case
        new
        swap
        >>inputs
        0
        get-local
        >>code
        2
        drop-locals
    ]
    [
        [
            [ { double-2 } declare \ vfloor execute ]
            input<sequence
        ]
        \ ( gensym )
        \ ( gensym )
        [ exact= ]
        check-simd-fuzz-case
    ]
}
Fuzz Test: {
    [
        [
            { +vector+ +vector+ +vector+ -> +vector+ }
            \ double-2
            \ float
            3
            load-locals
            -2
            get-local
            vector-word-inputs
            -1
            get-local
            0
            get-local
            random-vector-inputs
            3
            drop-locals
        ]
        [ \ vfma execute ]
        2
        load-locals
        -1
        get-local
        ( -- inputs )
        call-effect
        simd-fuzz-case
        new
        swap
        >>inputs
        0
        get-local
        >>code
        2
        drop-locals
    ]
    [
        [
            [
                { double-2 double-2 double-2 }
                declare
                \ vfma
                execute
            ]
            input<sequence
        ]
        \ ( gensym )
        \ ( gensym )
        [ exact= ]
        check-simd-fuzz-case
    ]
}
Fuzz Test: {
    [
        [
            { +vector+ +vector+ -> +vector+ }
            \ double-2
            \ float
            3
            load-locals
            -2
            get-local
            vector-word-inputs
            -1
            get-local
            0
            get-local
            random-vector-inputs
            3
            drop-locals
        ]
        [ \ vbitor execute ]
        2
        load-locals
        -1
        get-local
        ( -- inputs )
        call-effect
        simd-fuzz-case
        new
        swap
        >>inputs
        0
        get-local
        >>code
        2
        drop-locals
    ]
    [
        [
            [ { double-2 double-2 } declare \ vbitor execute ]
            input<sequence
        ]
        \ ( gensym )
        \ ( gensym )
        [ exact= ]
        check-simd-fuzz-case
    ]
}
Fuzz Test: {
    [
        [
            { +vector+ +vector+ -> +vector+ }
            \ double-2
            \ float
            3
            load-locals
            -2
            get-local
            vector-word-inputs
            -1
            get-local
            0
            get-local
            random-vector-inputs
            3
            drop-locals
        ]
        [ \ v>= execute ]
        2
        load-locals
        -1
        get-local
        ( -- inputs )
        call-effect
        simd-fuzz-case
        new
        swap
        >>inputs
        0
        get-local
        >>code
        2
        drop-locals
    ]
    [
        [
            [ { double-2 double-2 } declare \ v>= execute ]
            input<sequence
        ]
        \ ( gensym )
        \ ( gensym )
        [ exact= ]
        check-simd-fuzz-case
    ]
}
Fuzz Test: {
    [
        [
            { +vector+ +vector+ -> +vector+ }
            \ double-2
            \ float
            3
            load-locals
            -2
            get-local
            vector-word-inputs
            -1
            get-local
            0
            get-local
            random-vector-inputs
            3
            drop-locals
        ]
        [ \ [v-] execute ]
        2
        load-locals
        -1
        get-local
        ( -- inputs )
        call-effect
        simd-fuzz-case
        new
        swap
        >>inputs
        0
        get-local
        >>code
        2
        drop-locals
    ]
    [
        [
            [ { double-2 double-2 } declare \ [v-] execute ]
            input<sequence
        ]
        \ ( gensym )
        \ ( gensym )
        [ exact= ]
        check-simd-fuzz-case
    ]
}
Fuzz Test: {
    [
        [
            { +vector+ -> +vector+ }
            \ double-2
            \ float
            3
            load-locals
            -2
            get-local
            vector-word-inputs
            -1
            get-local
            0
            get-local
            random-vector-inputs
            3
            drop-locals
        ]
        [ \ normalize execute ]
        2
        load-locals
        -1
        get-local
        ( -- inputs )
        call-effect
        simd-fuzz-case
        new
        swap
        >>inputs
        0
        get-local
        >>code
        2
        drop-locals
    ]
    [
        [
            [ { double-2 } declare \ normalize execute ]
            input<sequence
        ]
        \ ( gensym )
        \ ( gensym )
        [ exact= ]
        check-simd-fuzz-case
    ]
}
Fuzz Test: {
    [
        [
            { +vector+ +vector+ -> +vector+ }
            \ double-2
            \ float
            3
            load-locals
            -2
            get-local
            vector-word-inputs
            -1
            get-local
            0
            get-local
            random-vector-inputs
            3
            drop-locals
        ]
        [ \ vavg execute ]
        2
        load-locals
        -1
        get-local
        ( -- inputs )
        call-effect
        simd-fuzz-case
        new
        swap
        >>inputs
        0
        get-local
        >>code
        2
        drop-locals
    ]
    [
        [
            [ { double-2 double-2 } declare \ vavg execute ]
            input<sequence
        ]
        \ ( gensym )
        \ ( gensym )
        [ exact= ]
        check-simd-fuzz-case
    ]
}
Fuzz Test: {
    [
        [
            { +vector+ +vector+ -> +vector+ }
            \ double-2
            \ float
            3
            load-locals
            -2
            get-local
            vector-word-inputs
            -1
            get-local
            0
            get-local
            random-vector-inputs
            3
            drop-locals
        ]
        [ \ vbitxor execute ]
        2
        load-locals
        -1
        get-local
        ( -- inputs )
        call-effect
        simd-fuzz-case
        new
        swap
        >>inputs
        0
        get-local
        >>code
        2
        drop-locals
    ]
    [
        [
            [ { double-2 double-2 } declare \ vbitxor execute ]
            input<sequence
        ]
        \ ( gensym )
        \ ( gensym )
        [ exact= ]
        check-simd-fuzz-case
    ]
}
Fuzz Test: {
    [
        [
            { +scalar+ +vector+ -> +vector+ }
            \ double-2
            \ float
            3
            load-locals
            -2
            get-local
            vector-word-inputs
            -1
            get-local
            0
            get-local
            random-vector-inputs
            3
            drop-locals
        ]
        [ \ n/v execute ]
        2
        load-locals
        -1
        get-local
        ( -- inputs )
        call-effect
        simd-fuzz-case
        new
        swap
        >>inputs
        0
        get-local
        >>code
        2
        drop-locals
    ]
    [
        [
            [ { float double-2 } declare \ n/v execute ]
            input<sequence
        ]
        \ ( gensym )
        \ ( gensym )
        [ exact= ]
        check-simd-fuzz-case
    ]
}
Fuzz Test: {
    [
        [
            { +vector+ +vector+ -> +vector+ }
            \ double-2
            \ float
            3
            load-locals
            -2
            get-local
            vector-word-inputs
            -1
            get-local
            0
            get-local
            random-vector-inputs
            3
            drop-locals
        ]
        [ \ v= execute ]
        2
        load-locals
        -1
        get-local
        ( -- inputs )
        call-effect
        simd-fuzz-case
        new
        swap
        >>inputs
        0
        get-local
        >>code
        2
        drop-locals
    ]
    [
        [
            [ { double-2 double-2 } declare \ v= execute ]
            input<sequence
        ]
        \ ( gensym )
        \ ( gensym )
        [ exact= ]
        check-simd-fuzz-case
    ]
}
Fuzz Test: {
    [
        [
            { +vector+ -> +vector+ }
            \ double-2
            \ float
            3
            load-locals
            -2
            get-local
            vector-word-inputs
            -1
            get-local
            0
            get-local
            random-vector-inputs
            3
            drop-locals
        ]
        [ \ vabs execute ]
        2
        load-locals
        -1
        get-local
        ( -- inputs )
        call-effect
        simd-fuzz-case
        new
        swap
        >>inputs
        0
        get-local
        >>code
        2
        drop-locals
    ]
    [
        [
            [ { double-2 } declare \ vabs execute ]
            input<sequence
        ]
        \ ( gensym )
        \ ( gensym )
        [ exact= ]
        check-simd-fuzz-case
    ]
}
Fuzz Test: {
    [
        [
            { +vector+ +vector+ -> +vector+ }
            \ double-2
            \ float
            3
            load-locals
            -2
            get-local
            vector-word-inputs
            -1
            get-local
            0
            get-local
            random-vector-inputs
            3
            drop-locals
        ]
        [ \ v* execute ]
        2
        load-locals
        -1
        get-local
        ( -- inputs )
        call-effect
        simd-fuzz-case
        new
        swap
        >>inputs
        0
        get-local
        >>code
        2
        drop-locals
    ]
    [
        [
            [ { double-2 double-2 } declare \ v* execute ]
            input<sequence
        ]
        \ ( gensym )
        \ ( gensym )
        [ exact= ]
        check-simd-fuzz-case
    ]
}
Fuzz Test: {
    [
        [
            { +vector+ +vector+ -> +vector+ }
            \ double-2
            \ float
            3
            load-locals
            -2
            get-local
            vector-word-inputs
            -1
            get-local
            0
            get-local
            random-vector-inputs
            3
            drop-locals
        ]
        [ \ v< execute ]
        2
        load-locals
        -1
        get-local
        ( -- inputs )
        call-effect
        simd-fuzz-case
        new
        swap
        >>inputs
        0
        get-local
        >>code
        2
        drop-locals
    ]
    [
        [
            [ { double-2 double-2 } declare \ v< execute ]
            input<sequence
        ]
        \ ( gensym )
        \ ( gensym )
        [ exact= ]
        check-simd-fuzz-case
    ]
}
Fuzz Test: {
    [
        [
            { +vector+ +scalar+ -> +vector+ }
            \ double-2
            \ float
            3
            load-locals
            -2
            get-local
            vector-word-inputs
            -1
            get-local
            0
            get-local
            random-vector-inputs
            3
            drop-locals
        ]
        [ \ v+n execute ]
        2
        load-locals
        -1
        get-local
        ( -- inputs )
        call-effect
        simd-fuzz-case
        new
        swap
        >>inputs
        0
        get-local
        >>code
        2
        drop-locals
    ]
    [
        [
            [ { double-2 float } declare \ v+n execute ]
            input<sequence
        ]
        \ ( gensym )
        \ ( gensym )
        [ exact= ]
        check-simd-fuzz-case
    ]
}
Fuzz Test: {
    [
        [
            { +vector+ +vector+ -> +scalar+ }
            \ double-2
            \ float
            3
            load-locals
            -2
            get-local
            vector-word-inputs
            -1
            get-local
            0
            get-local
            random-vector-inputs
            3
            drop-locals
        ]
        [ \ vdot execute ]
        2
        load-locals
        -1
        get-local
        ( -- inputs )
        call-effect
        simd-fuzz-case
        new
        swap
        >>inputs
        0
        get-local
        >>code
        2
        drop-locals
    ]
    [
        [
            [ { double-2 double-2 } declare \ vdot execute ]
            input<sequence
        ]
        \ ( gensym )
        \ ( gensym )
        [ exact= ]
        check-simd-fuzz-case
    ]
}
Fuzz Test: {
    [
        [
            { +vector+ +scalar+ -> +vector+ }
            \ double-2
            \ float
            3
            load-locals
            -2
            get-local
            vector-word-inputs
            -1
            get-local
            0
            get-local
            random-vector-inputs
            3
            drop-locals
        ]
        [ \ v/n execute ]
        2
        load-locals
        -1
        get-local
        ( -- inputs )
        call-effect
        simd-fuzz-case
        new
        swap
        >>inputs
        0
        get-local
        >>code
        2
        drop-locals
    ]
    [
        [
            [ { double-2 float } declare \ v/n execute ]
            input<sequence
        ]
        \ ( gensym )
        \ ( gensym )
        [ exact= ]
        check-simd-fuzz-case
    ]
}
Fuzz Test: {
    [
        [
            { +vector+ +vector+ -> +vector+ }
            \ double-2
            \ float
            3
            load-locals
            -2
            get-local
            vector-word-inputs
            -1
            get-local
            0
            get-local
            random-vector-inputs
            3
            drop-locals
        ]
        [ \ v> execute ]
        2
        load-locals
        -1
        get-local
        ( -- inputs )
        call-effect
        simd-fuzz-case
        new
        swap
        >>inputs
        0
        get-local
        >>code
        2
        drop-locals
    ]
    [
        [
            [ { double-2 double-2 } declare \ v> execute ]
            input<sequence
        ]
        \ ( gensym )
        \ ( gensym )
        [ exact= ]
        check-simd-fuzz-case
    ]
}
Fuzz Test: {
    [
        [
            { +scalar+ +vector+ -> +vector+ }
            \ double-2
            \ float
            3
            load-locals
            -2
            get-local
            vector-word-inputs
            -1
            get-local
            0
            get-local
            random-vector-inputs
            3
            drop-locals
        ]
        [ \ n+v execute ]
        2
        load-locals
        -1
        get-local
        ( -- inputs )
        call-effect
        simd-fuzz-case
        new
        swap
        >>inputs
        0
        get-local
        >>code
        2
        drop-locals
    ]
    [
        [
            [ { float double-2 } declare \ n+v execute ]
            input<sequence
        ]
        \ ( gensym )
        \ ( gensym )
        [ exact= ]
        check-simd-fuzz-case
    ]
}
== Checking boolean operations
Fuzz Test: {
    [
        [
            \ vand
            \ char-16
            \ fixnum
            3
            load-locals
            -2
            get-local
            vector-words
            at
            vector-word-inputs
            -1
            get-local
            0
            get-local
            random-boolean-inputs
            3
            drop-locals
        ]
        [ \ vand execute ]
        2
        load-locals
        -1
        get-local
        ( -- inputs )
        call-effect
        simd-fuzz-case
        new
        swap
        >>inputs
        0
        get-local
        >>code
        2
        drop-locals
    ]
    [
        [
            [ { char-16 char-16 } declare \ vand execute ]
            input<sequence
        ]
        \ ( gensym )
        \ ( gensym )
        [ = ]
        check-simd-fuzz-case
    ]
}
Fuzz Test: {
    [
        [
            \ vandn
            \ char-16
            \ fixnum
            3
            load-locals
            -2
            get-local
            vector-words
            at
            vector-word-inputs
            -1
            get-local
            0
            get-local
            random-boolean-inputs
            3
            drop-locals
        ]
        [ \ vandn execute ]
        2
        load-locals
        -1
        get-local
        ( -- inputs )
        call-effect
        simd-fuzz-case
        new
        swap
        >>inputs
        0
        get-local
        >>code
        2
        drop-locals
    ]
    [
        [
            [ { char-16 char-16 } declare \ vandn execute ]
            input<sequence
        ]
        \ ( gensym )
        \ ( gensym )
        [ = ]
        check-simd-fuzz-case
    ]
}
Fuzz Test: {
    [
        [
            \ vor
            \ char-16
            \ fixnum
            3
            load-locals
            -2
            get-local
            vector-words
            at
            vector-word-inputs
            -1
            get-local
            0
            get-local
            random-boolean-inputs
            3
            drop-locals
        ]
        [ \ vor execute ]
        2
        load-locals
        -1
        get-local
        ( -- inputs )
        call-effect
        simd-fuzz-case
        new
        swap
        >>inputs
        0
        get-local
        >>code
        2
        drop-locals
    ]
    [
        [
            [ { char-16 char-16 } declare \ vor execute ]
            input<sequence
        ]
        \ ( gensym )
        \ ( gensym )
        [ = ]
        check-simd-fuzz-case
    ]
}
Fuzz Test: {
    [
        [
            \ vxor
            \ char-16
            \ fixnum
            3
            load-locals
            -2
            get-local
            vector-words
            at
            vector-word-inputs
            -1
            get-local
            0
            get-local
            random-boolean-inputs
            3
            drop-locals
        ]
        [ \ vxor execute ]
        2
        load-locals
        -1
        get-local
        ( -- inputs )
        call-effect
        simd-fuzz-case
        new
        swap
        >>inputs
        0
        get-local
        >>code
        2
        drop-locals
    ]
    [
        [
            [ { char-16 char-16 } declare \ vxor execute ]
            input<sequence
        ]
        \ ( gensym )
        \ ( gensym )
        [ = ]
        check-simd-fuzz-case
    ]
}
Fuzz Test: {
    [
        [
            \ vnot
            \ char-16
            \ fixnum
            3
            load-locals
            -2
            get-local
            vector-words
            at
            vector-word-inputs
            -1
            get-local
            0
            get-local
            random-boolean-inputs
            3
            drop-locals
        ]
        [ \ vnot execute ]
        2
        load-locals
        -1
        get-local
        ( -- inputs )
        call-effect
        simd-fuzz-case
        new
        swap
        >>inputs
        0
        get-local
        >>code
        2
        drop-locals
    ]
    [
        [
            [ { char-16 } declare \ vnot execute ]
            input<sequence
        ]
        \ ( gensym )
        \ ( gensym )
        [ = ]
        check-simd-fuzz-case
    ]
}
Fuzz Test: {
    [
        [
            \ vcount
            \ char-16
            \ fixnum
            3
            load-locals
            -2
            get-local
            vector-words
            at
            vector-word-inputs
            -1
            get-local
            0
            get-local
            random-boolean-inputs
            3
            drop-locals
        ]
        [ \ vcount execute ]
        2
        load-locals
        -1
        get-local
        ( -- inputs )
        call-effect
        simd-fuzz-case
        new
        swap
        >>inputs
        0
        get-local
        >>code
        2
        drop-locals
    ]
    [
        [
            [ { char-16 } declare \ vcount execute ]
            input<sequence
        ]
        \ ( gensym )
        \ ( gensym )
        [ = ]
        check-simd-fuzz-case
    ]
}
Fuzz Test: {
    [
        [
            \ vand
            \ uchar-16
            \ fixnum
            3
            load-locals
            -2
            get-local
            vector-words
            at
            vector-word-inputs
            -1
            get-local
            0
            get-local
            random-boolean-inputs
            3
            drop-locals
        ]
        [ \ vand execute ]
        2
        load-locals
        -1
        get-local
        ( -- inputs )
        call-effect
        simd-fuzz-case
        new
        swap
        >>inputs
        0
        get-local
        >>code
        2
        drop-locals
    ]
    [
        [
            [ { uchar-16 uchar-16 } declare \ vand execute ]
            input<sequence
        ]
        \ ( gensym )
        \ ( gensym )
        [ = ]
        check-simd-fuzz-case
    ]
}
Fuzz Test: {
    [
        [
            \ vandn
            \ uchar-16
            \ fixnum
            3
            load-locals
            -2
            get-local
            vector-words
            at
            vector-word-inputs
            -1
            get-local
            0
            get-local
            random-boolean-inputs
            3
            drop-locals
        ]
        [ \ vandn execute ]
        2
        load-locals
        -1
        get-local
        ( -- inputs )
        call-effect
        simd-fuzz-case
        new
        swap
        >>inputs
        0
        get-local
        >>code
        2
        drop-locals
    ]
    [
        [
            [ { uchar-16 uchar-16 } declare \ vandn execute ]
            input<sequence
        ]
        \ ( gensym )
        \ ( gensym )
        [ = ]
        check-simd-fuzz-case
    ]
}
Fuzz Test: {
    [
        [
            \ vor
            \ uchar-16
            \ fixnum
            3
            load-locals
            -2
            get-local
            vector-words
            at
            vector-word-inputs
            -1
            get-local
            0
            get-local
            random-boolean-inputs
            3
            drop-locals
        ]
        [ \ vor execute ]
        2
        load-locals
        -1
        get-local
        ( -- inputs )
        call-effect
        simd-fuzz-case
        new
        swap
        >>inputs
        0
        get-local
        >>code
        2
        drop-locals
    ]
    [
        [
            [ { uchar-16 uchar-16 } declare \ vor execute ]
            input<sequence
        ]
        \ ( gensym )
        \ ( gensym )
        [ = ]
        check-simd-fuzz-case
    ]
}
Fuzz Test: {
    [
        [
            \ vxor
            \ uchar-16
            \ fixnum
            3
            load-locals
            -2
            get-local
            vector-words
            at
            vector-word-inputs
            -1
            get-local
            0
            get-local
            random-boolean-inputs
            3
            drop-locals
        ]
        [ \ vxor execute ]
        2
        load-locals
        -1
        get-local
        ( -- inputs )
        call-effect
        simd-fuzz-case
        new
        swap
        >>inputs
        0
        get-local
        >>code
        2
        drop-locals
    ]
    [
        [
            [ { uchar-16 uchar-16 } declare \ vxor execute ]
            input<sequence
        ]
        \ ( gensym )
        \ ( gensym )
        [ = ]
        check-simd-fuzz-case
    ]
}
Fuzz Test: {
    [
        [
            \ vnot
            \ uchar-16
            \ fixnum
            3
            load-locals
            -2
            get-local
            vector-words
            at
            vector-word-inputs
            -1
            get-local
            0
            get-local
            random-boolean-inputs
            3
            drop-locals
        ]
        [ \ vnot execute ]
        2
        load-locals
        -1
        get-local
        ( -- inputs )
        call-effect
        simd-fuzz-case
        new
        swap
        >>inputs
        0
        get-local
        >>code
        2
        drop-locals
    ]
    [
        [
            [ { uchar-16 } declare \ vnot execute ]
            input<sequence
        ]
        \ ( gensym )
        \ ( gensym )
        [ = ]
        check-simd-fuzz-case
    ]
}
Fuzz Test: {
    [
        [
            \ vcount
            \ uchar-16
            \ fixnum
            3
            load-locals
            -2
            get-local
            vector-words
            at
            vector-word-inputs
            -1
            get-local
            0
            get-local
            random-boolean-inputs
            3
            drop-locals
        ]
        [ \ vcount execute ]
        2
        load-locals
        -1
        get-local
        ( -- inputs )
        call-effect
        simd-fuzz-case
        new
        swap
        >>inputs
        0
        get-local
        >>code
        2
        drop-locals
    ]
    [
        [
            [ { uchar-16 } declare \ vcount execute ]
            input<sequence
        ]
        \ ( gensym )
        \ ( gensym )
        [ = ]
        check-simd-fuzz-case
    ]
}
Fuzz Test: {
    [
        [
            \ vand
            \ short-8
            \ fixnum
            3
            load-locals
            -2
            get-local
            vector-words
            at
            vector-word-inputs
            -1
            get-local
            0
            get-local
            random-boolean-inputs
            3
            drop-locals
        ]
        [ \ vand execute ]
        2
        load-locals
        -1
        get-local
        ( -- inputs )
        call-effect
        simd-fuzz-case
        new
        swap
        >>inputs
        0
        get-local
        >>code
        2
        drop-locals
    ]
    [
        [
            [ { short-8 short-8 } declare \ vand execute ]
            input<sequence
        ]
        \ ( gensym )
        \ ( gensym )
        [ = ]
        check-simd-fuzz-case
    ]
}
Fuzz Test: {
    [
        [
            \ vandn
            \ short-8
            \ fixnum
            3
            load-locals
            -2
            get-local
            vector-words
            at
            vector-word-inputs
            -1
            get-local
            0
            get-local
            random-boolean-inputs
            3
            drop-locals
        ]
        [ \ vandn execute ]
        2
        load-locals
        -1
        get-local
        ( -- inputs )
        call-effect
        simd-fuzz-case
        new
        swap
        >>inputs
        0
        get-local
        >>code
        2
        drop-locals
    ]
    [
        [
            [ { short-8 short-8 } declare \ vandn execute ]
            input<sequence
        ]
        \ ( gensym )
        \ ( gensym )
        [ = ]
        check-simd-fuzz-case
    ]
}
Fuzz Test: {
    [
        [
            \ vor
            \ short-8
            \ fixnum
            3
            load-locals
            -2
            get-local
            vector-words
            at
            vector-word-inputs
            -1
            get-local
            0
            get-local
            random-boolean-inputs
            3
            drop-locals
        ]
        [ \ vor execute ]
        2
        load-locals
        -1
        get-local
        ( -- inputs )
        call-effect
        simd-fuzz-case
        new
        swap
        >>inputs
        0
        get-local
        >>code
        2
        drop-locals
    ]
    [
        [
            [ { short-8 short-8 } declare \ vor execute ]
            input<sequence
        ]
        \ ( gensym )
        \ ( gensym )
        [ = ]
        check-simd-fuzz-case
    ]
}
Fuzz Test: {
    [
        [
            \ vxor
            \ short-8
            \ fixnum
            3
            load-locals
            -2
            get-local
            vector-words
            at
            vector-word-inputs
            -1
            get-local
            0
            get-local
            random-boolean-inputs
            3
            drop-locals
        ]
        [ \ vxor execute ]
        2
        load-locals
        -1
        get-local
        ( -- inputs )
        call-effect
        simd-fuzz-case
        new
        swap
        >>inputs
        0
        get-local
        >>code
        2
        drop-locals
    ]
    [
        [
            [ { short-8 short-8 } declare \ vxor execute ]
            input<sequence
        ]
        \ ( gensym )
        \ ( gensym )
        [ = ]
        check-simd-fuzz-case
    ]
}
Fuzz Test: {
    [
        [
            \ vnot
            \ short-8
            \ fixnum
            3
            load-locals
            -2
            get-local
            vector-words
            at
            vector-word-inputs
            -1
            get-local
            0
            get-local
            random-boolean-inputs
            3
            drop-locals
        ]
        [ \ vnot execute ]
        2
        load-locals
        -1
        get-local
        ( -- inputs )
        call-effect
        simd-fuzz-case
        new
        swap
        >>inputs
        0
        get-local
        >>code
        2
        drop-locals
    ]
    [
        [
            [ { short-8 } declare \ vnot execute ]
            input<sequence
        ]
        \ ( gensym )
        \ ( gensym )
        [ = ]
        check-simd-fuzz-case
    ]
}
Fuzz Test: {
    [
        [
            \ vcount
            \ short-8
            \ fixnum
            3
            load-locals
            -2
            get-local
            vector-words
            at
            vector-word-inputs
            -1
            get-local
            0
            get-local
            random-boolean-inputs
            3
            drop-locals
        ]
        [ \ vcount execute ]
        2
        load-locals
        -1
        get-local
        ( -- inputs )
        call-effect
        simd-fuzz-case
        new
        swap
        >>inputs
        0
        get-local
        >>code
        2
        drop-locals
    ]
    [
        [
            [ { short-8 } declare \ vcount execute ]
            input<sequence
        ]
        \ ( gensym )
        \ ( gensym )
        [ = ]
        check-simd-fuzz-case
    ]
}
Fuzz Test: {
    [
        [
            \ vand
            \ ushort-8
            \ fixnum
            3
            load-locals
            -2
            get-local
            vector-words
            at
            vector-word-inputs
            -1
            get-local
            0
            get-local
            random-boolean-inputs
            3
            drop-locals
        ]
        [ \ vand execute ]
        2
        load-locals
        -1
        get-local
        ( -- inputs )
        call-effect
        simd-fuzz-case
        new
        swap
        >>inputs
        0
        get-local
        >>code
        2
        drop-locals
    ]
    [
        [
            [ { ushort-8 ushort-8 } declare \ vand execute ]
            input<sequence
        ]
        \ ( gensym )
        \ ( gensym )
        [ = ]
        check-simd-fuzz-case
    ]
}
Fuzz Test: {
    [
        [
            \ vandn
            \ ushort-8
            \ fixnum
            3
            load-locals
            -2
            get-local
            vector-words
            at
            vector-word-inputs
            -1
            get-local
            0
            get-local
            random-boolean-inputs
            3
            drop-locals
        ]
        [ \ vandn execute ]
        2
        load-locals
        -1
        get-local
        ( -- inputs )
        call-effect
        simd-fuzz-case
        new
        swap
        >>inputs
        0
        get-local
        >>code
        2
        drop-locals
    ]
    [
        [
            [ { ushort-8 ushort-8 } declare \ vandn execute ]
            input<sequence
        ]
        \ ( gensym )
        \ ( gensym )
        [ = ]
        check-simd-fuzz-case
    ]
}
Fuzz Test: {
    [
        [
            \ vor
            \ ushort-8
            \ fixnum
            3
            load-locals
            -2
            get-local
            vector-words
            at
            vector-word-inputs
            -1
            get-local
            0
            get-local
            random-boolean-inputs
            3
            drop-locals
        ]
        [ \ vor execute ]
        2
        load-locals
        -1
        get-local
        ( -- inputs )
        call-effect
        simd-fuzz-case
        new
        swap
        >>inputs
        0
        get-local
        >>code
        2
        drop-locals
    ]
    [
        [
            [ { ushort-8 ushort-8 } declare \ vor execute ]
            input<sequence
        ]
        \ ( gensym )
        \ ( gensym )
        [ = ]
        check-simd-fuzz-case
    ]
}
Fuzz Test: {
    [
        [
            \ vxor
            \ ushort-8
            \ fixnum
            3
            load-locals
            -2
            get-local
            vector-words
            at
            vector-word-inputs
            -1
            get-local
            0
            get-local
            random-boolean-inputs
            3
            drop-locals
        ]
        [ \ vxor execute ]
        2
        load-locals
        -1
        get-local
        ( -- inputs )
        call-effect
        simd-fuzz-case
        new
        swap
        >>inputs
        0
        get-local
        >>code
        2
        drop-locals
    ]
    [
        [
            [ { ushort-8 ushort-8 } declare \ vxor execute ]
            input<sequence
        ]
        \ ( gensym )
        \ ( gensym )
        [ = ]
        check-simd-fuzz-case
    ]
}
Fuzz Test: {
    [
        [
            \ vnot
            \ ushort-8
            \ fixnum
            3
            load-locals
            -2
            get-local
            vector-words
            at
            vector-word-inputs
            -1
            get-local
            0
            get-local
            random-boolean-inputs
            3
            drop-locals
        ]
        [ \ vnot execute ]
        2
        load-locals
        -1
        get-local
        ( -- inputs )
        call-effect
        simd-fuzz-case
        new
        swap
        >>inputs
        0
        get-local
        >>code
        2
        drop-locals
    ]
    [
        [
            [ { ushort-8 } declare \ vnot execute ]
            input<sequence
        ]
        \ ( gensym )
        \ ( gensym )
        [ = ]
        check-simd-fuzz-case
    ]
}
Fuzz Test: {
    [
        [
            \ vcount
            \ ushort-8
            \ fixnum
            3
            load-locals
            -2
            get-local
            vector-words
            at
            vector-word-inputs
            -1
            get-local
            0
            get-local
            random-boolean-inputs
            3
            drop-locals
        ]
        [ \ vcount execute ]
        2
        load-locals
        -1
        get-local
        ( -- inputs )
        call-effect
        simd-fuzz-case
        new
        swap
        >>inputs
        0
        get-local
        >>code
        2
        drop-locals
    ]
    [
        [
            [ { ushort-8 } declare \ vcount execute ]
            input<sequence
        ]
        \ ( gensym )
        \ ( gensym )
        [ = ]
        check-simd-fuzz-case
    ]
}
Fuzz Test: {
    [
        [
            \ vand
            \ int-4
            \ fixnum
            3
            load-locals
            -2
            get-local
            vector-words
            at
            vector-word-inputs
            -1
            get-local
            0
            get-local
            random-boolean-inputs
            3
            drop-locals
        ]
        [ \ vand execute ]
        2
        load-locals
        -1
        get-local
        ( -- inputs )
        call-effect
        simd-fuzz-case
        new
        swap
        >>inputs
        0
        get-local
        >>code
        2
        drop-locals
    ]
    [
        [
            [ { int-4 int-4 } declare \ vand execute ]
            input<sequence
        ]
        \ ( gensym )
        \ ( gensym )
        [ = ]
        check-simd-fuzz-case
    ]
}
Fuzz Test: {
    [
        [
            \ vandn
            \ int-4
            \ fixnum
            3
            load-locals
            -2
            get-local
            vector-words
            at
            vector-word-inputs
            -1
            get-local
            0
            get-local
            random-boolean-inputs
            3
            drop-locals
        ]
        [ \ vandn execute ]
        2
        load-locals
        -1
        get-local
        ( -- inputs )
        call-effect
        simd-fuzz-case
        new
        swap
        >>inputs
        0
        get-local
        >>code
        2
        drop-locals
    ]
    [
        [
            [ { int-4 int-4 } declare \ vandn execute ]
            input<sequence
        ]
        \ ( gensym )
        \ ( gensym )
        [ = ]
        check-simd-fuzz-case
    ]
}
Fuzz Test: {
    [
        [
            \ vor
            \ int-4
            \ fixnum
            3
            load-locals
            -2
            get-local
            vector-words
            at
            vector-word-inputs
            -1
            get-local
            0
            get-local
            random-boolean-inputs
            3
            drop-locals
        ]
        [ \ vor execute ]
        2
        load-locals
        -1
        get-local
        ( -- inputs )
        call-effect
        simd-fuzz-case
        new
        swap
        >>inputs
        0
        get-local
        >>code
        2
        drop-locals
    ]
    [
        [
            [ { int-4 int-4 } declare \ vor execute ]
            input<sequence
        ]
        \ ( gensym )
        \ ( gensym )
        [ = ]
        check-simd-fuzz-case
    ]
}
Fuzz Test: {
    [
        [
            \ vxor
            \ int-4
            \ fixnum
            3
            load-locals
            -2
            get-local
            vector-words
            at
            vector-word-inputs
            -1
            get-local
            0
            get-local
            random-boolean-inputs
            3
            drop-locals
        ]
        [ \ vxor execute ]
        2
        load-locals
        -1
        get-local
        ( -- inputs )
        call-effect
        simd-fuzz-case
        new
        swap
        >>inputs
        0
        get-local
        >>code
        2
        drop-locals
    ]
    [
        [
            [ { int-4 int-4 } declare \ vxor execute ]
            input<sequence
        ]
        \ ( gensym )
        \ ( gensym )
        [ = ]
        check-simd-fuzz-case
    ]
}
Fuzz Test: {
    [
        [
            \ vnot
            \ int-4
            \ fixnum
            3
            load-locals
            -2
            get-local
            vector-words
            at
            vector-word-inputs
            -1
            get-local
            0
            get-local
            random-boolean-inputs
            3
            drop-locals
        ]
        [ \ vnot execute ]
        2
        load-locals
        -1
        get-local
        ( -- inputs )
        call-effect
        simd-fuzz-case
        new
        swap
        >>inputs
        0
        get-local
        >>code
        2
        drop-locals
    ]
    [
        [ [ { int-4 } declare \ vnot execute ] input<sequence ]
        \ ( gensym )
        \ ( gensym )
        [ = ]
        check-simd-fuzz-case
    ]
}
Fuzz Test: {
    [
        [
            \ vcount
            \ int-4
            \ fixnum
            3
            load-locals
            -2
            get-local
            vector-words
            at
            vector-word-inputs
            -1
            get-local
            0
            get-local
            random-boolean-inputs
            3
            drop-locals
        ]
        [ \ vcount execute ]
        2
        load-locals
        -1
        get-local
        ( -- inputs )
        call-effect
        simd-fuzz-case
        new
        swap
        >>inputs
        0
        get-local
        >>code
        2
        drop-locals
    ]
    [
        [
            [ { int-4 } declare \ vcount execute ]
            input<sequence
        ]
        \ ( gensym )
        \ ( gensym )
        [ = ]
        check-simd-fuzz-case
    ]
}
Fuzz Test: {
    [
        [
            \ vand
            \ uint-4
            \ fixnum
            3
            load-locals
            -2
            get-local
            vector-words
            at
            vector-word-inputs
            -1
            get-local
            0
            get-local
            random-boolean-inputs
            3
            drop-locals
        ]
        [ \ vand execute ]
        2
        load-locals
        -1
        get-local
        ( -- inputs )
        call-effect
        simd-fuzz-case
        new
        swap
        >>inputs
        0
        get-local
        >>code
        2
        drop-locals
    ]
    [
        [
            [ { uint-4 uint-4 } declare \ vand execute ]
            input<sequence
        ]
        \ ( gensym )
        \ ( gensym )
        [ = ]
        check-simd-fuzz-case
    ]
}
Fuzz Test: {
    [
        [
            \ vandn
            \ uint-4
            \ fixnum
            3
            load-locals
            -2
            get-local
            vector-words
            at
            vector-word-inputs
            -1
            get-local
            0
            get-local
            random-boolean-inputs
            3
            drop-locals
        ]
        [ \ vandn execute ]
        2
        load-locals
        -1
        get-local
        ( -- inputs )
        call-effect
        simd-fuzz-case
        new
        swap
        >>inputs
        0
        get-local
        >>code
        2
        drop-locals
    ]
    [
        [
            [ { uint-4 uint-4 } declare \ vandn execute ]
            input<sequence
        ]
        \ ( gensym )
        \ ( gensym )
        [ = ]
        check-simd-fuzz-case
    ]
}
Fuzz Test: {
    [
        [
            \ vor
            \ uint-4
            \ fixnum
            3
            load-locals
            -2
            get-local
            vector-words
            at
            vector-word-inputs
            -1
            get-local
            0
            get-local
            random-boolean-inputs
            3
            drop-locals
        ]
        [ \ vor execute ]
        2
        load-locals
        -1
        get-local
        ( -- inputs )
        call-effect
        simd-fuzz-case
        new
        swap
        >>inputs
        0
        get-local
        >>code
        2
        drop-locals
    ]
    [
        [
            [ { uint-4 uint-4 } declare \ vor execute ]
            input<sequence
        ]
        \ ( gensym )
        \ ( gensym )
        [ = ]
        check-simd-fuzz-case
    ]
}
Fuzz Test: {
    [
        [
            \ vxor
            \ uint-4
            \ fixnum
            3
            load-locals
            -2
            get-local
            vector-words
            at
            vector-word-inputs
            -1
            get-local
            0
            get-local
            random-boolean-inputs
            3
            drop-locals
        ]
        [ \ vxor execute ]
        2
        load-locals
        -1
        get-local
        ( -- inputs )
        call-effect
        simd-fuzz-case
        new
        swap
        >>inputs
        0
        get-local
        >>code
        2
        drop-locals
    ]
    [
        [
            [ { uint-4 uint-4 } declare \ vxor execute ]
            input<sequence
        ]
        \ ( gensym )
        \ ( gensym )
        [ = ]
        check-simd-fuzz-case
    ]
}
Fuzz Test: {
    [
        [
            \ vnot
            \ uint-4
            \ fixnum
            3
            load-locals
            -2
            get-local
            vector-words
            at
            vector-word-inputs
            -1
            get-local
            0
            get-local
            random-boolean-inputs
            3
            drop-locals
        ]
        [ \ vnot execute ]
        2
        load-locals
        -1
        get-local
        ( -- inputs )
        call-effect
        simd-fuzz-case
        new
        swap
        >>inputs
        0
        get-local
        >>code
        2
        drop-locals
    ]
    [
        [ [ { uint-4 } declare \ vnot execute ] input<sequence ]
        \ ( gensym )
        \ ( gensym )
        [ = ]
        check-simd-fuzz-case
    ]
}
Fuzz Test: {
    [
        [
            \ vcount
            \ uint-4
            \ fixnum
            3
            load-locals
            -2
            get-local
            vector-words
            at
            vector-word-inputs
            -1
            get-local
            0
            get-local
            random-boolean-inputs
            3
            drop-locals
        ]
        [ \ vcount execute ]
        2
        load-locals
        -1
        get-local
        ( -- inputs )
        call-effect
        simd-fuzz-case
        new
        swap
        >>inputs
        0
        get-local
        >>code
        2
        drop-locals
    ]
    [
        [
            [ { uint-4 } declare \ vcount execute ]
            input<sequence
        ]
        \ ( gensym )
        \ ( gensym )
        [ = ]
        check-simd-fuzz-case
    ]
}
Fuzz Test: {
    [
        [
            \ vand
            \ longlong-2
            \ fixnum
            3
            load-locals
            -2
            get-local
            vector-words
            at
            vector-word-inputs
            -1
            get-local
            0
            get-local
            random-boolean-inputs
            3
            drop-locals
        ]
        [ \ vand execute ]
        2
        load-locals
        -1
        get-local
        ( -- inputs )
        call-effect
        simd-fuzz-case
        new
        swap
        >>inputs
        0
        get-local
        >>code
        2
        drop-locals
    ]
    [
        [
            [ { longlong-2 longlong-2 } declare \ vand execute ]
            input<sequence
        ]
        \ ( gensym )
        \ ( gensym )
        [ = ]
        check-simd-fuzz-case
    ]
}
Fuzz Test: {
    [
        [
            \ vandn
            \ longlong-2
            \ fixnum
            3
            load-locals
            -2
            get-local
            vector-words
            at
            vector-word-inputs
            -1
            get-local
            0
            get-local
            random-boolean-inputs
            3
            drop-locals
        ]
        [ \ vandn execute ]
        2
        load-locals
        -1
        get-local
        ( -- inputs )
        call-effect
        simd-fuzz-case
        new
        swap
        >>inputs
        0
        get-local
        >>code
        2
        drop-locals
    ]
    [
        [
            [
                { longlong-2 longlong-2 }
                declare
                \ vandn
                execute
            ]
            input<sequence
        ]
        \ ( gensym )
        \ ( gensym )
        [ = ]
        check-simd-fuzz-case
    ]
}
Fuzz Test: {
    [
        [
            \ vor
            \ longlong-2
            \ fixnum
            3
            load-locals
            -2
            get-local
            vector-words
            at
            vector-word-inputs
            -1
            get-local
            0
            get-local
            random-boolean-inputs
            3
            drop-locals
        ]
        [ \ vor execute ]
        2
        load-locals
        -1
        get-local
        ( -- inputs )
        call-effect
        simd-fuzz-case
        new
        swap
        >>inputs
        0
        get-local
        >>code
        2
        drop-locals
    ]
    [
        [
            [ { longlong-2 longlong-2 } declare \ vor execute ]
            input<sequence
        ]
        \ ( gensym )
        \ ( gensym )
        [ = ]
        check-simd-fuzz-case
    ]
}
Fuzz Test: {
    [
        [
            \ vxor
            \ longlong-2
            \ fixnum
            3
            load-locals
            -2
            get-local
            vector-words
            at
            vector-word-inputs
            -1
            get-local
            0
            get-local
            random-boolean-inputs
            3
            drop-locals
        ]
        [ \ vxor execute ]
        2
        load-locals
        -1
        get-local
        ( -- inputs )
        call-effect
        simd-fuzz-case
        new
        swap
        >>inputs
        0
        get-local
        >>code
        2
        drop-locals
    ]
    [
        [
            [ { longlong-2 longlong-2 } declare \ vxor execute ]
            input<sequence
        ]
        \ ( gensym )
        \ ( gensym )
        [ = ]
        check-simd-fuzz-case
    ]
}
Fuzz Test: {
    [
        [
            \ vnot
            \ longlong-2
            \ fixnum
            3
            load-locals
            -2
            get-local
            vector-words
            at
            vector-word-inputs
            -1
            get-local
            0
            get-local
            random-boolean-inputs
            3
            drop-locals
        ]
        [ \ vnot execute ]
        2
        load-locals
        -1
        get-local
        ( -- inputs )
        call-effect
        simd-fuzz-case
        new
        swap
        >>inputs
        0
        get-local
        >>code
        2
        drop-locals
    ]
    [
        [
            [ { longlong-2 } declare \ vnot execute ]
            input<sequence
        ]
        \ ( gensym )
        \ ( gensym )
        [ = ]
        check-simd-fuzz-case
    ]
}
Fuzz Test: {
    [
        [
            \ vcount
            \ longlong-2
            \ fixnum
            3
            load-locals
            -2
            get-local
            vector-words
            at
            vector-word-inputs
            -1
            get-local
            0
            get-local
            random-boolean-inputs
            3
            drop-locals
        ]
        [ \ vcount execute ]
        2
        load-locals
        -1
        get-local
        ( -- inputs )
        call-effect
        simd-fuzz-case
        new
        swap
        >>inputs
        0
        get-local
        >>code
        2
        drop-locals
    ]
    [
        [
            [ { longlong-2 } declare \ vcount execute ]
            input<sequence
        ]
        \ ( gensym )
        \ ( gensym )
        [ = ]
        check-simd-fuzz-case
    ]
}
Fuzz Test: {
    [
        [
            \ vand
            \ ulonglong-2
            \ fixnum
            3
            load-locals
            -2
            get-local
            vector-words
            at
            vector-word-inputs
            -1
            get-local
            0
            get-local
            random-boolean-inputs
            3
            drop-locals
        ]
        [ \ vand execute ]
        2
        load-locals
        -1
        get-local
        ( -- inputs )
        call-effect
        simd-fuzz-case
        new
        swap
        >>inputs
        0
        get-local
        >>code
        2
        drop-locals
    ]
    [
        [
            [
                { ulonglong-2 ulonglong-2 }
                declare
                \ vand
                execute
            ]
            input<sequence
        ]
        \ ( gensym )
        \ ( gensym )
        [ = ]
        check-simd-fuzz-case
    ]
}
Fuzz Test: {
    [
        [
            \ vandn
            \ ulonglong-2
            \ fixnum
            3
            load-locals
            -2
            get-local
            vector-words
            at
            vector-word-inputs
            -1
            get-local
            0
            get-local
            random-boolean-inputs
            3
            drop-locals
        ]
        [ \ vandn execute ]
        2
        load-locals
        -1
        get-local
        ( -- inputs )
        call-effect
        simd-fuzz-case
        new
        swap
        >>inputs
        0
        get-local
        >>code
        2
        drop-locals
    ]
    [
        [
            [
                { ulonglong-2 ulonglong-2 }
                declare
                \ vandn
                execute
            ]
            input<sequence
        ]
        \ ( gensym )
        \ ( gensym )
        [ = ]
        check-simd-fuzz-case
    ]
}
Fuzz Test: {
    [
        [
            \ vor
            \ ulonglong-2
            \ fixnum
            3
            load-locals
            -2
            get-local
            vector-words
            at
            vector-word-inputs
            -1
            get-local
            0
            get-local
            random-boolean-inputs
            3
            drop-locals
        ]
        [ \ vor execute ]
        2
        load-locals
        -1
        get-local
        ( -- inputs )
        call-effect
        simd-fuzz-case
        new
        swap
        >>inputs
        0
        get-local
        >>code
        2
        drop-locals
    ]
    [
        [
            [
                { ulonglong-2 ulonglong-2 }
                declare
                \ vor
                execute
            ]
            input<sequence
        ]
        \ ( gensym )
        \ ( gensym )
        [ = ]
        check-simd-fuzz-case
    ]
}
Fuzz Test: {
    [
        [
            \ vxor
            \ ulonglong-2
            \ fixnum
            3
            load-locals
            -2
            get-local
            vector-words
            at
            vector-word-inputs
            -1
            get-local
            0
            get-local
            random-boolean-inputs
            3
            drop-locals
        ]
        [ \ vxor execute ]
        2
        load-locals
        -1
        get-local
        ( -- inputs )
        call-effect
        simd-fuzz-case
        new
        swap
        >>inputs
        0
        get-local
        >>code
        2
        drop-locals
    ]
    [
        [
            [
                { ulonglong-2 ulonglong-2 }
                declare
                \ vxor
                execute
            ]
            input<sequence
        ]
        \ ( gensym )
        \ ( gensym )
        [ = ]
        check-simd-fuzz-case
    ]
}
Fuzz Test: {
    [
        [
            \ vnot
            \ ulonglong-2
            \ fixnum
            3
            load-locals
            -2
            get-local
            vector-words
            at
            vector-word-inputs
            -1
            get-local
            0
            get-local
            random-boolean-inputs
            3
            drop-locals
        ]
        [ \ vnot execute ]
        2
        load-locals
        -1
        get-local
        ( -- inputs )
        call-effect
        simd-fuzz-case
        new
        swap
        >>inputs
        0
        get-local
        >>code
        2
        drop-locals
    ]
    [
        [
            [ { ulonglong-2 } declare \ vnot execute ]
            input<sequence
        ]
        \ ( gensym )
        \ ( gensym )
        [ = ]
        check-simd-fuzz-case
    ]
}
Fuzz Test: {
    [
        [
            \ vcount
            \ ulonglong-2
            \ fixnum
            3
            load-locals
            -2
            get-local
            vector-words
            at
            vector-word-inputs
            -1
            get-local
            0
            get-local
            random-boolean-inputs
            3
            drop-locals
        ]
        [ \ vcount execute ]
        2
        load-locals
        -1
        get-local
        ( -- inputs )
        call-effect
        simd-fuzz-case
        new
        swap
        >>inputs
        0
        get-local
        >>code
        2
        drop-locals
    ]
    [
        [
            [ { ulonglong-2 } declare \ vcount execute ]
            input<sequence
        ]
        \ ( gensym )
        \ ( gensym )
        [ = ]
        check-simd-fuzz-case
    ]
}
Fuzz Test: {
    [
        [
            \ vand
            \ float-4
            \ float
            3
            load-locals
            -2
            get-local
            vector-words
            at
            vector-word-inputs
            -1
            get-local
            0
            get-local
            random-boolean-inputs
            3
            drop-locals
        ]
        [ \ vand execute ]
        2
        load-locals
        -1
        get-local
        ( -- inputs )
        call-effect
        simd-fuzz-case
        new
        swap
        >>inputs
        0
        get-local
        >>code
        2
        drop-locals
    ]
    [
        [
            [ { float-4 float-4 } declare \ vand execute ]
            input<sequence
        ]
        \ ( gensym )
        \ ( gensym )
        [ approx= ]
        check-simd-fuzz-case
    ]
}
Fuzz Test: {
    [
        [
            \ vandn
            \ float-4
            \ float
            3
            load-locals
            -2
            get-local
            vector-words
            at
            vector-word-inputs
            -1
            get-local
            0
            get-local
            random-boolean-inputs
            3
            drop-locals
        ]
        [ \ vandn execute ]
        2
        load-locals
        -1
        get-local
        ( -- inputs )
        call-effect
        simd-fuzz-case
        new
        swap
        >>inputs
        0
        get-local
        >>code
        2
        drop-locals
    ]
    [
        [
            [ { float-4 float-4 } declare \ vandn execute ]
            input<sequence
        ]
        \ ( gensym )
        \ ( gensym )
        [ approx= ]
        check-simd-fuzz-case
    ]
}
Fuzz Test: {
    [
        [
            \ vor
            \ float-4
            \ float
            3
            load-locals
            -2
            get-local
            vector-words
            at
            vector-word-inputs
            -1
            get-local
            0
            get-local
            random-boolean-inputs
            3
            drop-locals
        ]
        [ \ vor execute ]
        2
        load-locals
        -1
        get-local
        ( -- inputs )
        call-effect
        simd-fuzz-case
        new
        swap
        >>inputs
        0
        get-local
        >>code
        2
        drop-locals
    ]
    [
        [
            [ { float-4 float-4 } declare \ vor execute ]
            input<sequence
        ]
        \ ( gensym )
        \ ( gensym )
        [ approx= ]
        check-simd-fuzz-case
    ]
}
Fuzz Test: {
    [
        [
            \ vxor
            \ float-4
            \ float
            3
            load-locals
            -2
            get-local
            vector-words
            at
            vector-word-inputs
            -1
            get-local
            0
            get-local
            random-boolean-inputs
            3
            drop-locals
        ]
        [ \ vxor execute ]
        2
        load-locals
        -1
        get-local
        ( -- inputs )
        call-effect
        simd-fuzz-case
        new
        swap
        >>inputs
        0
        get-local
        >>code
        2
        drop-locals
    ]
    [
        [
            [ { float-4 float-4 } declare \ vxor execute ]
            input<sequence
        ]
        \ ( gensym )
        \ ( gensym )
        [ approx= ]
        check-simd-fuzz-case
    ]
}
Fuzz Test: {
    [
        [
            \ vnot
            \ float-4
            \ float
            3
            load-locals
            -2
            get-local
            vector-words
            at
            vector-word-inputs
            -1
            get-local
            0
            get-local
            random-boolean-inputs
            3
            drop-locals
        ]
        [ \ vnot execute ]
        2
        load-locals
        -1
        get-local
        ( -- inputs )
        call-effect
        simd-fuzz-case
        new
        swap
        >>inputs
        0
        get-local
        >>code
        2
        drop-locals
    ]
    [
        [
            [ { float-4 } declare \ vnot execute ]
            input<sequence
        ]
        \ ( gensym )
        \ ( gensym )
        [ approx= ]
        check-simd-fuzz-case
    ]
}
Fuzz Test: {
    [
        [
            \ vcount
            \ float-4
            \ float
            3
            load-locals
            -2
            get-local
            vector-words
            at
            vector-word-inputs
            -1
            get-local
            0
            get-local
            random-boolean-inputs
            3
            drop-locals
        ]
        [ \ vcount execute ]
        2
        load-locals
        -1
        get-local
        ( -- inputs )
        call-effect
        simd-fuzz-case
        new
        swap
        >>inputs
        0
        get-local
        >>code
        2
        drop-locals
    ]
    [
        [
            [ { float-4 } declare \ vcount execute ]
            input<sequence
        ]
        \ ( gensym )
        \ ( gensym )
        [ approx= ]
        check-simd-fuzz-case
    ]
}
Fuzz Test: {
    [
        [
            \ vand
            \ double-2
            \ float
            3
            load-locals
            -2
            get-local
            vector-words
            at
            vector-word-inputs
            -1
            get-local
            0
            get-local
            random-boolean-inputs
            3
            drop-locals
        ]
        [ \ vand execute ]
        2
        load-locals
        -1
        get-local
        ( -- inputs )
        call-effect
        simd-fuzz-case
        new
        swap
        >>inputs
        0
        get-local
        >>code
        2
        drop-locals
    ]
    [
        [
            [ { double-2 double-2 } declare \ vand execute ]
            input<sequence
        ]
        \ ( gensym )
        \ ( gensym )
        [ exact= ]
        check-simd-fuzz-case
    ]
}
Fuzz Test: {
    [
        [
            \ vandn
            \ double-2
            \ float
            3
            load-locals
            -2
            get-local
            vector-words
            at
            vector-word-inputs
            -1
            get-local
            0
            get-local
            random-boolean-inputs
            3
            drop-locals
        ]
        [ \ vandn execute ]
        2
        load-locals
        -1
        get-local
        ( -- inputs )
        call-effect
        simd-fuzz-case
        new
        swap
        >>inputs
        0
        get-local
        >>code
        2
        drop-locals
    ]
    [
        [
            [ { double-2 double-2 } declare \ vandn execute ]
            input<sequence
        ]
        \ ( gensym )
        \ ( gensym )
        [ exact= ]
        check-simd-fuzz-case
    ]
}
Fuzz Test: {
    [
        [
            \ vor
            \ double-2
            \ float
            3
            load-locals
            -2
            get-local
            vector-words
            at
            vector-word-inputs
            -1
            get-local
            0
            get-local
            random-boolean-inputs
            3
            drop-locals
        ]
        [ \ vor execute ]
        2
        load-locals
        -1
        get-local
        ( -- inputs )
        call-effect
        simd-fuzz-case
        new
        swap
        >>inputs
        0
        get-local
        >>code
        2
        drop-locals
    ]
    [
        [
            [ { double-2 double-2 } declare \ vor execute ]
            input<sequence
        ]
        \ ( gensym )
        \ ( gensym )
        [ exact= ]
        check-simd-fuzz-case
    ]
}
Fuzz Test: {
    [
        [
            \ vxor
            \ double-2
            \ float
            3
            load-locals
            -2
            get-local
            vector-words
            at
            vector-word-inputs
            -1
            get-local
            0
            get-local
            random-boolean-inputs
            3
            drop-locals
        ]
        [ \ vxor execute ]
        2
        load-locals
        -1
        get-local
        ( -- inputs )
        call-effect
        simd-fuzz-case
        new
        swap
        >>inputs
        0
        get-local
        >>code
        2
        drop-locals
    ]
    [
        [
            [ { double-2 double-2 } declare \ vxor execute ]
            input<sequence
        ]
        \ ( gensym )
        \ ( gensym )
        [ exact= ]
        check-simd-fuzz-case
    ]
}
Fuzz Test: {
    [
        [
            \ vnot
            \ double-2
            \ float
            3
            load-locals
            -2
            get-local
            vector-words
            at
            vector-word-inputs
            -1
            get-local
            0
            get-local
            random-boolean-inputs
            3
            drop-locals
        ]
        [ \ vnot execute ]
        2
        load-locals
        -1
        get-local
        ( -- inputs )
        call-effect
        simd-fuzz-case
        new
        swap
        >>inputs
        0
        get-local
        >>code
        2
        drop-locals
    ]
    [
        [
            [ { double-2 } declare \ vnot execute ]
            input<sequence
        ]
        \ ( gensym )
        \ ( gensym )
        [ exact= ]
        check-simd-fuzz-case
    ]
}
Fuzz Test: {
    [
        [
            \ vcount
            \ double-2
            \ float
            3
            load-locals
            -2
            get-local
            vector-words
            at
            vector-word-inputs
            -1
            get-local
            0
            get-local
            random-boolean-inputs
            3
            drop-locals
        ]
        [ \ vcount execute ]
        2
        load-locals
        -1
        get-local
        ( -- inputs )
        call-effect
        simd-fuzz-case
        new
        swap
        >>inputs
        0
        get-local
        >>code
        2
        drop-locals
    ]
    [
        [
            [ { double-2 } declare \ vcount execute ]
            input<sequence
        ]
        \ ( gensym )
        \ ( gensym )
        [ exact= ]
        check-simd-fuzz-case
    ]
}
== Checking vector blend
Unit Test: {
    { char-16{ 0 1 22 33 4 5 6 77 8 99 110 121 12 -113 14 15 } }
    [
        char-16{ -1 -1 0 0 -1 -1 -1 0 -1 0 0 0 -1 0 -1 -1 }
        char-16{ 0 1 2 3 4 5 6 7 8 9 10 11 12 13 14 15 } 
        char-16{
            0
            11
            22
            33
            44
            55
            66
            77
            88
            99
            110
            121
            -124
            -113
            -102
            -91
        } v?
    ]
}
Unit Test: {
    { char-16{ 0 1 22 33 4 5 6 77 8 99 110 121 12 -113 14 15 } }
    [
        char-16{ -1 -1 0 0 -1 -1 -1 0 -1 0 0 0 -1 0 -1 -1 }
        char-16{ 0 1 2 3 4 5 6 7 8 9 10 11 12 13 14 15 } 
        char-16{
            0
            11
            22
            33
            44
            55
            66
            77
            88
            99
            110
            121
            -124
            -113
            -102
            -91
        } [ { char-16 char-16 char-16 } declare v? ]
        compile-call
    ]
}
Unit Test: {
    { int-4{ 1 22 33 4 } }
    [
        int-4{ -1 0 0 -1 } int-4{ 1 2 3 4 } int-4{ 11 22 33 44 }
        v?
    ]
}
Unit Test: {
    { int-4{ 1 22 33 4 } }
    [
        int-4{ -1 0 0 -1 } int-4{ 1 2 3 4 } int-4{ 11 22 33 44 }
        [ { int-4 int-4 int-4 } declare v? ] compile-call
    ]
}
Unit Test: {
    { float-4{ 1.0 22.0 33.0 4.0 } }
    [
        float-4{ NAN: -20000000 0.0 0.0 NAN: -20000000 }
        float-4{ 1.0 2.0 3.0 4.0 }
        float-4{ 11.0 22.0 33.0 44.0 } v?
    ]
}
Unit Test: {
    { float-4{ 1.0 22.0 33.0 4.0 } }
    [
        float-4{ NAN: -20000000 0.0 0.0 NAN: -20000000 }
        float-4{ 1.0 2.0 3.0 4.0 }
        float-4{ 11.0 22.0 33.0 44.0 }
        [ { float-4 float-4 float-4 } declare v? ] compile-call
    ]
}
== Checking shifts and permutations
Unit Test: {
    { char-16{ 0 1 2 4 8 1 2 4 8 1 2 4 8 1 2 4 } }
    [ char-16{ 1 2 4 8 1 2 4 8 1 2 4 8 1 2 4 8 } 1 hlshift ]
}
Unit Test: {
    { char-16{ 0 1 2 4 8 1 2 4 8 1 2 4 8 1 2 4 } }
    [
        char-16{ 1 2 4 8 1 2 4 8 1 2 4 8 1 2 4 8 }
        [ { char-16 } declare 1 hlshift ] compile-call
    ]
}
Unit Test: {
    { char-16{ 0 1 2 4 8 1 2 4 8 1 2 4 8 1 2 4 } }
    [
        char-16{ 1 2 4 8 1 2 4 8 1 2 4 8 1 2 4 8 }
        [ { char-16 } declare 1 >bignum hlshift ] compile-call
    ]
}
Unit Test: {
    { char-16{ 0 1 2 4 8 1 2 4 8 1 2 4 8 1 2 4 } }
    [
        char-16{ 1 2 4 8 1 2 4 8 1 2 4 8 1 2 4 8 } 1
        [ { char-16 fixnum } declare hlshift ] compile-call
    ]
}
Unit Test: {
    { char-16{ 2 4 8 1 2 4 8 1 2 4 8 1 2 4 8 0 } }
    [ char-16{ 1 2 4 8 1 2 4 8 1 2 4 8 1 2 4 8 } 1 hrshift ]
}
Unit Test: {
    { char-16{ 2 4 8 1 2 4 8 1 2 4 8 1 2 4 8 0 } }
    [
        char-16{ 1 2 4 8 1 2 4 8 1 2 4 8 1 2 4 8 }
        [ { char-16 } declare 1 hrshift ] compile-call
    ]
}
Unit Test: {
    { char-16{ 2 4 8 1 2 4 8 1 2 4 8 1 2 4 8 0 } }
    [
        char-16{ 1 2 4 8 1 2 4 8 1 2 4 8 1 2 4 8 }
        [ { char-16 } declare 1 >bignum hrshift ] compile-call
    ]
}
Unit Test: {
    { char-16{ 2 4 8 1 2 4 8 1 2 4 8 1 2 4 8 0 } }
    [
        char-16{ 1 2 4 8 1 2 4 8 1 2 4 8 1 2 4 8 } 1
        [ { char-16 fixnum } declare hrshift ] compile-call
    ]
}
Unit Test: { { int-4{ 4 8 12 16 } } [ int-4{ 1 2 3 4 } 2 vlshift ] }
Unit Test: {
    { int-4{ 4 8 12 16 } }
    [
        int-4{ 1 2 3 4 } 2
        [ { int-4 fixnum } declare vlshift ] compile-call
    ]
}
Unit Test: {
    { int-4{ 4 8 12 16 } }
    [
        int-4{ 1 2 3 4 } 2 >bignum
        [ { int-4 bignum } declare vlshift ] compile-call
    ]
}
Unit Test: {
    { }
    [
        [
            [ { int-4 } declare t hrshift ] ( a -- b )
            define-temp drop
        ] with-compilation-unit
    ]
}
Unit Test: {
    { }
    [
        [
            [ { int-4 } declare { 3 2 1 } vshuffle ] ( a -- b )
            define-temp drop
        ] with-compilation-unit
    ]
}
Unit Test: {
    [ { } ]
    [
        { { 4 5 15 10 2 6 13 5 5 4 7 15 15 3 13 2 } }
        [
            [
                \ char-16
                new
                [ length <iota> ]
                keep
                like
                1quotation
            ]
            dip
            '[ _ vshuffle ]
        ]
        [ = ]
        check-optimizer
    ]
}
Unit Test: {
    [ { } ]
    [
        { { 11 13 1 1 13 2 7 2 5 2 11 14 6 6 6 12 } }
        [
            [
                \ uchar-16
                new
                [ length <iota> ]
                keep
                like
                1quotation
            ]
            dip
            '[ _ vshuffle ]
        ]
        [ = ]
        check-optimizer
    ]
}
Unit Test: {
    [ { } ]
    [
        {
            { 1 2 3 0 5 6 7 4 }
            { 0 1 2 3 4 5 6 7 }
            { 1 1 2 2 5 5 6 6 }
            { 0 0 1 1 4 4 5 5 }
            { 2 2 3 3 6 6 7 7 }
            { 0 1 0 1 4 5 4 5 }
            { 2 3 2 3 6 7 6 7 }
            { 0 0 2 2 4 4 6 6 }
            { 1 1 3 3 5 5 7 7 }
            { 0 1 0 1 4 5 4 5 }
            { 2 2 3 3 6 6 7 7 }
        }
        [
            [
                \ short-8
                new
                [ length <iota> ]
                keep
                like
                1quotation
            ]
            dip
            '[ _ vshuffle ]
        ]
        [ = ]
        check-optimizer
    ]
}
Unit Test: {
    [ { } ]
    [
        {
            { 1 2 3 0 5 6 7 4 }
            { 0 1 2 3 4 5 6 7 }
            { 1 1 2 2 5 5 6 6 }
            { 0 0 1 1 4 4 5 5 }
            { 2 2 3 3 6 6 7 7 }
            { 0 1 0 1 4 5 4 5 }
            { 2 3 2 3 6 7 6 7 }
            { 0 0 2 2 4 4 6 6 }
            { 1 1 3 3 5 5 7 7 }
            { 0 1 0 1 4 5 4 5 }
            { 2 2 3 3 6 6 7 7 }
        }
        [
            [
                \ ushort-8
                new
                [ length <iota> ]
                keep
                like
                1quotation
            ]
            dip
            '[ _ vshuffle ]
        ]
        [ = ]
        check-optimizer
    ]
}
Unit Test: {
    [ { } ]
    [
        {
            { 1 2 3 0 }
            { 0 1 2 3 }
            { 1 1 2 2 }
            { 0 0 1 1 }
            { 2 2 3 3 }
            { 0 1 0 1 }
            { 2 3 2 3 }
            { 0 0 2 2 }
            { 1 1 3 3 }
            { 0 1 0 1 }
            { 2 2 3 3 }
        }
        [
            [
                \ int-4
                new
                [ length <iota> ]
                keep
                like
                1quotation
            ]
            dip
            '[ _ vshuffle ]
        ]
        [ = ]
        check-optimizer
    ]
}
Unit Test: {
    [ { } ]
    [
        {
            { 1 2 3 0 }
            { 0 1 2 3 }
            { 1 1 2 2 }
            { 0 0 1 1 }
            { 2 2 3 3 }
            { 0 1 0 1 }
            { 2 3 2 3 }
            { 0 0 2 2 }
            { 1 1 3 3 }
            { 0 1 0 1 }
            { 2 2 3 3 }
        }
        [
            [
                \ uint-4
                new
                [ length <iota> ]
                keep
                like
                1quotation
            ]
            dip
            '[ _ vshuffle ]
        ]
        [ = ]
        check-optimizer
    ]
}
Unit Test: {
    [ { } ]
    [
        { { 0 1 } { 1 1 } { 1 0 } { 0 0 } }
        [
            [
                \ longlong-2
                new
                [ length <iota> ]
                keep
                like
                1quotation
            ]
            dip
            '[ _ vshuffle ]
        ]
        [ = ]
        check-optimizer
    ]
}
Unit Test: {
    [ { } ]
    [
        { { 0 1 } { 1 1 } { 1 0 } { 0 0 } }
        [
            [
                \ ulonglong-2
                new
                [ length <iota> ]
                keep
                like
                1quotation
            ]
            dip
            '[ _ vshuffle ]
        ]
        [ = ]
        check-optimizer
    ]
}
Unit Test: {
    [ { } ]
    [
        {
            { 1 2 3 0 }
            { 0 1 2 3 }
            { 1 1 2 2 }
            { 0 0 1 1 }
            { 2 2 3 3 }
            { 0 1 0 1 }
            { 2 3 2 3 }
            { 0 0 2 2 }
            { 1 1 3 3 }
            { 0 1 0 1 }
            { 2 2 3 3 }
        }
        [
            [
                \ float-4
                new
                [ length <iota> ]
                keep
                like
                1quotation
            ]
            dip
            '[ _ vshuffle ]
        ]
        [ = ]
        check-optimizer
    ]
}
Unit Test: {
    [ { } ]
    [
        { { 0 1 } { 1 1 } { 1 0 } { 0 0 } }
        [
            [
                \ double-2
                new
                [ length <iota> ]
                keep
                like
                1quotation
            ]
            dip
            '[ _ vshuffle ]
        ]
        [ = ]
        check-optimizer
    ]
}
Unit Test: {
    [ { } ]
    [
        { { 23 1 11 22 0 31 8 14 14 17 12 21 17 1 14 21 } }
        [
            [
                \ char-16
                new
                [ [ length <iota> ] keep like ]
                [ [ length dup dup + [a..b) ] keep like ]
                bi
                [ ]
                2sequence
            ]
            dip
            '[ _ vshuffle2-elements ]
        ]
        [ = ]
        check-optimizer
    ]
}
Unit Test: {
    [ { } ]
    [
        { { 29 21 19 5 18 27 29 17 25 23 24 7 30 12 12 25 } }
        [
            [
                \ uchar-16
                new
                [ [ length <iota> ] keep like ]
                [ [ length dup dup + [a..b) ] keep like ]
                bi
                [ ]
                2sequence
            ]
            dip
            '[ _ vshuffle2-elements ]
        ]
        [ = ]
        check-optimizer
    ]
}
Unit Test: {
    [ { } ]
    [
        {
            { 0 1 2 3 8 9 10 11 }
            { 4 1 2 3 12 9 10 11 }
            { 0 5 2 3 8 13 10 11 }
            { 0 1 6 3 8 9 14 11 }
            { 0 1 2 7 8 9 10 15 }
            { 4 5 2 3 12 13 10 11 }
            { 0 1 6 7 8 9 14 15 }
            { 4 5 6 7 12 13 14 15 }
            { 0 5 2 7 8 13 10 15 }
        }
        [
            [
                \ short-8
                new
                [ [ length <iota> ] keep like ]
                [ [ length dup dup + [a..b) ] keep like ]
                bi
                [ ]
                2sequence
            ]
            dip
            '[ _ vshuffle2-elements ]
        ]
        [ = ]
        check-optimizer
    ]
}
Unit Test: {
    [ { } ]
    [
        {
            { 0 1 2 3 8 9 10 11 }
            { 4 1 2 3 12 9 10 11 }
            { 0 5 2 3 8 13 10 11 }
            { 0 1 6 3 8 9 14 11 }
            { 0 1 2 7 8 9 10 15 }
            { 4 5 2 3 12 13 10 11 }
            { 0 1 6 7 8 9 14 15 }
            { 4 5 6 7 12 13 14 15 }
            { 0 5 2 7 8 13 10 15 }
        }
        [
            [
                \ ushort-8
                new
                [ [ length <iota> ] keep like ]
                [ [ length dup dup + [a..b) ] keep like ]
                bi
                [ ]
                2sequence
            ]
            dip
            '[ _ vshuffle2-elements ]
        ]
        [ = ]
        check-optimizer
    ]
}
Unit Test: {
    [ { } ]
    [
        {
            { 0 1 2 3 }
            { 4 1 2 3 }
            { 0 5 2 3 }
            { 0 1 6 3 }
            { 0 1 2 7 }
            { 4 5 2 3 }
            { 0 1 6 7 }
            { 4 5 6 7 }
            { 0 5 2 7 }
        }
        [
            [
                \ int-4
                new
                [ [ length <iota> ] keep like ]
                [ [ length dup dup + [a..b) ] keep like ]
                bi
                [ ]
                2sequence
            ]
            dip
            '[ _ vshuffle2-elements ]
        ]
        [ = ]
        check-optimizer
    ]
}
Unit Test: {
    [ { } ]
    [
        {
            { 0 1 2 3 }
            { 4 1 2 3 }
            { 0 5 2 3 }
            { 0 1 6 3 }
            { 0 1 2 7 }
            { 4 5 2 3 }
            { 0 1 6 7 }
            { 4 5 6 7 }
            { 0 5 2 7 }
        }
        [
            [
                \ uint-4
                new
                [ [ length <iota> ] keep like ]
                [ [ length dup dup + [a..b) ] keep like ]
                bi
                [ ]
                2sequence
            ]
            dip
            '[ _ vshuffle2-elements ]
        ]
        [ = ]
        check-optimizer
    ]
}
Unit Test: {
    [ { } ]
    [
        { { 0 1 } { 0 3 } { 2 3 } { 2 0 } }
        [
            [
                \ longlong-2
                new
                [ [ length <iota> ] keep like ]
                [ [ length dup dup + [a..b) ] keep like ]
                bi
                [ ]
                2sequence
            ]
            dip
            '[ _ vshuffle2-elements ]
        ]
        [ = ]
        check-optimizer
    ]
}
Unit Test: {
    [ { } ]
    [
        { { 0 1 } { 0 3 } { 2 3 } { 2 0 } }
        [
            [
                \ ulonglong-2
                new
                [ [ length <iota> ] keep like ]
                [ [ length dup dup + [a..b) ] keep like ]
                bi
                [ ]
                2sequence
            ]
            dip
            '[ _ vshuffle2-elements ]
        ]
        [ = ]
        check-optimizer
    ]
}
Unit Test: {
    [ { } ]
    [
        {
            { 0 1 2 3 }
            { 4 1 2 3 }
            { 0 5 2 3 }
            { 0 1 6 3 }
            { 0 1 2 7 }
            { 4 5 2 3 }
            { 0 1 6 7 }
            { 4 5 6 7 }
            { 0 5 2 7 }
        }
        [
            [
                \ float-4
                new
                [ [ length <iota> ] keep like ]
                [ [ length dup dup + [a..b) ] keep like ]
                bi
                [ ]
                2sequence
            ]
            dip
            '[ _ vshuffle2-elements ]
        ]
        [ = ]
        check-optimizer
    ]
}
Unit Test: {
    [ { } ]
    [
        { { 0 1 } { 0 3 } { 2 3 } { 2 0 } }
        [
            [
                \ double-2
                new
                [ [ length <iota> ] keep like ]
                [ [ length dup dup + [a..b) ] keep like ]
                bi
                [ ]
                2sequence
            ]
            dip
            '[ _ vshuffle2-elements ]
        ]
        [ = ]
        check-optimizer
    ]
}
== Checking variable shuffles
Fuzz Test: {
    [
        [
            \ char-16
            random-int-vector
            char-16
            random-shift-vector
            2array
        ]
        [ vshuffle ]
        2
        load-locals
        -1
        get-local
        ( -- inputs )
        call-effect
        simd-fuzz-case
        new
        swap
        >>inputs
        0
        get-local
        >>code
        2
        drop-locals
    ]
    [
        [
            [ { char-16 char-16 } declare vshuffle ]
            input<sequence
        ]
        \ ( gensym )
        \ ( gensym )
        [ = ]
        check-simd-fuzz-case
    ]
}
Fuzz Test: {
    [
        [
            \ uchar-16
            random-int-vector
            char-16
            random-shift-vector
            2array
        ]
        [ vshuffle ]
        2
        load-locals
        -1
        get-local
        ( -- inputs )
        call-effect
        simd-fuzz-case
        new
        swap
        >>inputs
        0
        get-local
        >>code
        2
        drop-locals
    ]
    [
        [
            [ { uchar-16 char-16 } declare vshuffle ]
            input<sequence
        ]
        \ ( gensym )
        \ ( gensym )
        [ = ]
        check-simd-fuzz-case
    ]
}
Fuzz Test: {
    [
        [
            \ short-8
            random-int-vector
            char-16
            random-shift-vector
            2array
        ]
        [ vshuffle ]
        2
        load-locals
        -1
        get-local
        ( -- inputs )
        call-effect
        simd-fuzz-case
        new
        swap
        >>inputs
        0
        get-local
        >>code
        2
        drop-locals
    ]
    [
        [
            [ { short-8 char-16 } declare vshuffle ]
            input<sequence
        ]
        \ ( gensym )
        \ ( gensym )
        [ = ]
        check-simd-fuzz-case
    ]
}
Fuzz Test: {
    [
        [
            \ ushort-8
            random-int-vector
            char-16
            random-shift-vector
            2array
        ]
        [ vshuffle ]
        2
        load-locals
        -1
        get-local
        ( -- inputs )
        call-effect
        simd-fuzz-case
        new
        swap
        >>inputs
        0
        get-local
        >>code
        2
        drop-locals
    ]
    [
        [
            [ { ushort-8 char-16 } declare vshuffle ]
            input<sequence
        ]
        \ ( gensym )
        \ ( gensym )
        [ = ]
        check-simd-fuzz-case
    ]
}
Fuzz Test: {
    [
        [
            \ int-4
            random-int-vector
            char-16
            random-shift-vector
            2array
        ]
        [ vshuffle ]
        2
        load-locals
        -1
        get-local
        ( -- inputs )
        call-effect
        simd-fuzz-case
        new
        swap
        >>inputs
        0
        get-local
        >>code
        2
        drop-locals
    ]
    [
        [
            [ { int-4 char-16 } declare vshuffle ]
            input<sequence
        ]
        \ ( gensym )
        \ ( gensym )
        [ = ]
        check-simd-fuzz-case
    ]
}
Fuzz Test: {
    [
        [
            \ uint-4
            random-int-vector
            char-16
            random-shift-vector
            2array
        ]
        [ vshuffle ]
        2
        load-locals
        -1
        get-local
        ( -- inputs )
        call-effect
        simd-fuzz-case
        new
        swap
        >>inputs
        0
        get-local
        >>code
        2
        drop-locals
    ]
    [
        [
            [ { uint-4 char-16 } declare vshuffle ]
            input<sequence
        ]
        \ ( gensym )
        \ ( gensym )
        [ = ]
        check-simd-fuzz-case
    ]
}
Fuzz Test: {
    [
        [
            \ longlong-2
            random-int-vector
            char-16
            random-shift-vector
            2array
        ]
        [ vshuffle ]
        2
        load-locals
        -1
        get-local
        ( -- inputs )
        call-effect
        simd-fuzz-case
        new
        swap
        >>inputs
        0
        get-local
        >>code
        2
        drop-locals
    ]
    [
        [
            [ { longlong-2 char-16 } declare vshuffle ]
            input<sequence
        ]
        \ ( gensym )
        \ ( gensym )
        [ = ]
        check-simd-fuzz-case
    ]
}
Fuzz Test: {
    [
        [
            \ ulonglong-2
            random-int-vector
            char-16
            random-shift-vector
            2array
        ]
        [ vshuffle ]
        2
        load-locals
        -1
        get-local
        ( -- inputs )
        call-effect
        simd-fuzz-case
        new
        swap
        >>inputs
        0
        get-local
        >>code
        2
        drop-locals
    ]
    [
        [
            [ { ulonglong-2 char-16 } declare vshuffle ]
            input<sequence
        ]
        \ ( gensym )
        \ ( gensym )
        [ = ]
        check-simd-fuzz-case
    ]
}
== Checking vector tests
Unit Test: {
    { f t t }
    [
        float-4{
            NAN: -20000000
            NAN: -20000000
            NAN: -20000000
            NAN: -20000000
        } { float-4 } test-vector-tests
    ]
}
Unit Test: {
    { f t f }
    [
        float-4{
            0.0
            NAN: -20000000
            NAN: -20000000
            NAN: -20000000
        } { float-4 } test-vector-tests
    ]
}
Unit Test: {
    { t f f }
    [ float-4{ 0.0 0.0 0.0 0.0 } { float-4 } test-vector-tests ]
}
Unit Test: {
    { f t t }
    [
        double-2{ NAN: -1 NAN: -1 } { double-2 }
        test-vector-tests
    ]
}
Unit Test: {
    { f t f }
    [ double-2{ 0.0 NAN: -1 } { double-2 } test-vector-tests ]
}
Unit Test: {
    { t f f }
    [ double-2{ 0.0 0.0 } { double-2 } test-vector-tests ]
}
Unit Test: {
    { f t t }
    [ int-4{ -1 -1 -1 -1 } { int-4 } test-vector-tests ]
}
Unit Test: {
    { f t f }
    [ int-4{ 0 -1 -1 -1 } { int-4 } test-vector-tests ]
}
Unit Test: { { t f f } [ int-4{ 0 0 0 0 } { int-4 } test-vector-tests ] }
Unit Test: {
    { f t f }
    [
        uchar-16{ 0 0 0 0 0 0 0 255 0 0 0 0 0 0 0 0 }
        { uchar-16 } test-vector-tests
    ]
}
Unit Test: {
    { f t t }
    [
        ulonglong-2{ 18446744073709551615 18446744073709551615 }
        { ulonglong-2 } test-vector-tests
    ]
}
== Checking element access
Unit Test: { { { } } [ float-4{ 1.0 2.0 3.0 4.0 } test-accesses ] }
Unit Test: { { { } } [ int-4{ 2147483647 3 4 -8 } test-accesses ] }
Unit Test: { { { } } [ uint-4{ 4294967295 2 3 4 } test-accesses ] }
Unit Test: { { 2147483647 } [ int-4{ 2147483647 3 4 -8 } first ] }
Unit Test: { { -8 } [ int-4{ 2147483647 3 4 -8 } last ] }
Unit Test: { { 4294967295 } [ uint-4{ 4294967295 2 3 4 } first ] }
Unit Test: { { { } } [ double-2{ 1.0 2.0 } test-accesses ] }
Unit Test: { { { } } [ longlong-2{ 1 2 } test-accesses ] }
Unit Test: { { { } } [ ulonglong-2{ 1 2 } test-accesses ] }
== Checking broadcast
Unit Test: { { { } } [ float-4{ 1.0 2.0 3.0 4.0 } test-broadcast ] }
Unit Test: { { { } } [ int-4{ 2147483647 3 4 -8 } test-broadcast ] }
Unit Test: { { { } } [ uint-4{ 4294967295 2 3 4 } test-broadcast ] }
Unit Test: { { { } } [ double-2{ 1.0 2.0 } test-broadcast ] }
Unit Test: { { { } } [ longlong-2{ 1 2 } test-broadcast ] }
Unit Test: { { { } } [ ulonglong-2{ 1 2 } test-broadcast ] }
Unit Test: {
    { int-4{ 3 3 3 3 } }
    [
        int-4{ 12 34 3 17 } 2
        [ { int-4 fixnum } declare vbroadcast ] compile-call
    ]
}
== Checking alien operations
Unit Test: {
    { float-4{ 1.0 2.0 3.0 4.0 } }
    [
        [
            float-4{ 1.0 2.0 3.0 4.0 } underlying>> 0
            float-4-rep alien-vector
        ] compile-call float-4 boa
    ]
}
Unit Test: {
    { B{ 1 1 1 1 1 1 1 1 1 1 1 1 1 1 1 1 } }
    [
        16 [ 1 ] B{ } replicate-as 16 <byte-array> [
            0 [
                { byte-array c-ptr fixnum } declare
                float-4-rep set-alien-vector
            ] compile-call
        ] keep
    ]
}
Unit Test: {
    { float-array{ 1.0 2.0 3.0 4.0 } }
    [
        [
            float-array{ 1.0 2.0 3.0 4.0 } underlying>>
            float-array{ 4.0 3.0 2.0 1.0 } clone
            [ underlying>> 0 float-4-rep set-alien-vector ] keep
        ] compile-call
    ]
}
Unit Test: {
    { t }
    [
        [ simd-struct <struct> ] compile-call >c-ptr
        [ 0 = ] all?
    ]
}
Unit Test: {
    {
        float-4{ 1.0 2.0 3.0 4.0 }
        longlong-2{ 2 1 }
        double-2{ 4.0 3.0 }
        int-4{ 1 2 3 4 }
    }
    [
        simd-struct <struct> float-4{ 1.0 2.0 3.0 4.0 } >>x
        longlong-2{ 2 1 } >>y double-2{ 4.0 3.0 } >>z
        int-4{ 1 2 3 4 } >>w
        { [ x>> ] [ y>> ] [ z>> ] [ w>> ] } cleave
    ]
}
Unit Test: {
    {
        float-4{ 1.0 2.0 3.0 4.0 }
        longlong-2{ 2 1 }
        double-2{ 4.0 3.0 }
        int-4{ 1 2 3 4 }
    }
    [
        [
            simd-struct <struct> float-4{ 1.0 2.0 3.0 4.0 } >>x
            longlong-2{ 2 1 } >>y double-2{ 4.0 3.0 } >>z
            int-4{ 1 2 3 4 } >>w
            { [ x>> ] [ y>> ] [ z>> ] [ w>> ] } cleave
        ] compile-call
    ]
}
== Misc tests
Unit Test: { { } [ char-16 new 1array stack. ] }
char-16{ 0 0 0 0 0 0 0 0 0 0 0 0 0 0 ~2 more~ }
Unit Test: {
    { t }
    [ 4 double-4{ 1.0 2.0 3.0 4.0 } new-sequence double-4? ]
}
Unit Test: {
    { double-4{ 2.0 3.0 4.0 5.0 } }
    [ double-4{ 1.0 2.0 3.0 4.0 } [ 1 + ] map ]
}
Unit Test: {
    { float-4{ 0.0 0.0 1.0 0.0 } }
    [
        float-4{ 1.0 0.0 0.0 0.0 } float-4{ 0.0 1.0 0.0 0.0 }
        cross
    ]
}
Unit Test: {
    { float-4{ 0.0 0.0 1.0 0.0 } }
    [
        float-4{ 1.0 0.0 0.0 0.0 } float-4{ 0.0 1.0 0.0 0.0 }
        [ { float-4 float-4 } declare cross ] compile-call
    ]
}
Unit Test: {
    { float-4{ 0.0 -1.0 0.0 0.0 } }
    [
        float-4{ 1.0 0.0 0.0 0.0 } float-4{ 0.0 0.0 1.0 0.0 }
        cross
    ]
}
Unit Test: {
    { float-4{ 0.0 -1.0 0.0 0.0 } }
    [
        float-4{ 1.0 0.0 0.0 0.0 } float-4{ 0.0 0.0 1.0 0.0 }
        [ { float-4 float-4 } declare cross ] compile-call
    ]
}
Unit Test: {
    { double-4{ 0.0 0.0 1.0 0.0 } }
    [
        double-4{ 1.0 0.0 0.0 0.0 } double-4{ 0.0 1.0 0.0 0.0 }
        cross
    ]
}
Unit Test: {
    { double-4{ 0.0 0.0 1.0 0.0 } }
    [
        double-4{ 1.0 0.0 0.0 0.0 } double-4{ 0.0 1.0 0.0 0.0 }
        [ { double-4 double-4 } declare cross ] compile-call
    ]
}
Unit Test: {
    { double-4{ 0.0 -1.0 0.0 0.0 } }
    [
        double-4{ 1.0 0.0 0.0 0.0 } double-4{ 0.0 0.0 1.0 0.0 }
        cross
    ]
}
Unit Test: {
    { double-4{ 0.0 -1.0 0.0 0.0 } }
    [
        double-4{ 1.0 0.0 0.0 0.0 } double-4{ 0.0 0.0 1.0 0.0 }
        [ { double-4 double-4 } declare cross ] compile-call
    ]
}
Unit Test: {
    { 4000000 }
    [
        int-4{ 1000 1000 1000 1000 }
        [ { int-4 } declare dup [ * ] [ + ] 2map-reduce ]
        compile-call
    ]
}
Unit Test: {
    { t }
    [
        float-4{ 1.0 0.0 1.0 0.0 } pi
        [ broken 3array ] [ compile-call ] [ call ] 3bi =
    ]
}
Unit Test: {
    { float-4{ 0.0 0.0 0.0 0.0 } }
    [
        float-4{ 1.0 2.0 3.0 4.0 } float-4{ 4.0 5.0 6.0 7.0 }
        0.0 simd-spill-test-1
    ]
}
Unit Test: {
    { float-4{ 0.0 0.0 0.0 0.0 } }
    [
        5.0
        float-4{ 1.0 2.0 3.0 4.0 } float-4{ 4.0 5.0 6.0 7.0 }
        0.0 simd-spill-test-2
    ]
}
Unit Test: {
    { float-4{ 0.0 0.0 0.0 0.0 } }
    [
        5.0
        float-4{ 1.0 2.0 3.0 4.0 } float-4{ 4.0 5.0 6.0 7.0 }
        0.0 simd-spill-test-3
    ]
}
Unit Test: { { 123 float-4{ 1.0 2.0 3.0 4.0 } } [ simd-stack-test ] }
Unit Test: {
    { }
    [
        1.047197551196598 simd-stack-spill-test
        [ float-4{ 8.5 8.5 8.5 8.5 } approx= t assert= ]
        [ 123 assert= ] bi*
    ]
}
Unit Test: {
    { 33.0 }
    [
        double-4{ 2.0 20.0 30.0 40.0 }
        double-4{ 2.0 4.0 3.0 2.0 } test-1308 first
    ]
}
Unit Test: {
    { float-4{ 1.0 2.0 3.0 4.0 } }
    [ double-4{ 1.0 2.0 3.0 4.0 } >float-4 ]
}
Unit Test: {
    { half-8{ 1.0 2.0 3.0 4.0 5.0 6.0 7.0 8.0 } }
    [
        half-8{ 1.0 2.0 3.0 4.0 5.0 6.0 7.0 8.0 } half-8 <ref>
        half-8 deref
    ]
}
Unit Test: {
    { bfloat-8{ 1.0 2.0 3.0 4.0 5.0 6.0 7.0 8.0 } }
    [
        bfloat-8{ 1.0 2.0 3.0 4.0 5.0 6.0 7.0 8.0 } bfloat-8
        <ref> bfloat-8 deref
    ]
}
Unit Test: {
    { ushort-8{ 65535 0 65535 0 65535 0 65535 0 } }
    [
        half-8{ 0/0. 0.0 0/0. 0.0 0/0. 0.0 0/0. 0.0 }
        ushort-8-cast
    ]
}
Unit Test: {
    { ushort-8{ 65535 0 0 65535 0 0 65535 0 } }
    [
        half-8{ 1.0 2.0 3.0 4.0 5.0 6.0 7.0 8.0 }
        half-8{ 1.0 3.0 2.0 4.0 6.0 5.0 7.0 9.0 } v=
        ushort-8-cast
    ]
}
Unit Test: {
    { 4 }
    [ half-8{ 0/0. 0.0 0/0. 0.0 0/0. 0.0 0/0. 0.0 } vcount ]
}
Unit Test: {
    { ushort-8{ 32256 32256 32768 0 16384 31744 32256 7168 } }
    [
        half-8{
            -1.0
            -1/0.
            -0.0
            0.0
            4.0
            1/0.
            0/0.
            0.0000152587890625
        } vsqrt ushort-8-cast
    ]
}
Unit Test: {
    { ushort-8{ 32256 32256 32768 0 16384 31744 32256 7168 } }
    [
        optional-arm64-features disabled-arm64-features [
            half-8{
                -1.0
                -1/0.
                -0.0
                0.0
                4.0
                1/0.
                0/0.
                0.0000152587890625
            } vsqrt ushort-8-cast
        ] with-variable
    ]
}
Unit Test: {
    { ushort-8{ 32704 32704 32768 0 16384 32640 32704 15232 } }
    [
        bfloat-8{
            -1.0
            -1/0.
            -0.0
            0.0
            4.0
            1/0.
            0/0.
            0.0000152587890625
        } vsqrt ushort-8-cast
    ]
}
Unit Test: {
    {
        ushort-8{
            32768
            32768
            15360
            15360
            48128
            32256
            64512
            64512
        }
    }
    [
        half-8{ 0.0 -0.0 1.0 0/0. -1.0 0/0. 1/0. -1/0. }
        half-8{ -0.0 0.0 0/0. 1.0 0/0. 0/0. -1/0. 1/0. } vmin
        ushort-8-cast
    ]
}
Unit Test: {
    { ushort-8{ 0 0 15360 15360 48128 32256 31744 31744 } }
    [
        half-8{ 0.0 -0.0 1.0 0/0. -1.0 0/0. 1/0. -1/0. }
        half-8{ -0.0 0.0 0/0. 1.0 0/0. 0/0. -1/0. 1/0. } vmax
        ushort-8-cast
    ]
}
Unit Test: {
    { half-8{ 5.0 6.0 7.0 8.0 1.0 2.0 3.0 4.0 } }
    [
        half-8{ 1.0 2.0 3.0 4.0 5.0 6.0 7.0 8.0 }
        { 4 5 6 7 0 1 2 3 } vshuffle-elements
    ]
}
Unit Test: {
    { half-8{ 1.0 2.0 3.0 4.0 5.0 6.0 7.0 8.0 } }
    [
        float-4{ 1.0 2.0 3.0 4.0 } float-4{ 5.0 6.0 7.0 8.0 }
        float-4 half-8 vconvert
    ]
}
Unit Test: {
    { float-4{ 1.0 2.0 3.0 4.0 } float-4{ 5.0 6.0 7.0 8.0 } }
    [
        half-8{ 1.0 2.0 3.0 4.0 5.0 6.0 7.0 8.0 } half-8 float-4
        vconvert
    ]
}
Unit Test: {
    { bfloat-8{ 1.0 2.0 3.0 4.0 5.0 6.0 7.0 8.0 } }
    [
        float-4{ 1.0 2.0 3.0 4.0 } float-4{ 5.0 6.0 7.0 8.0 }
        float-4 bfloat-8 vconvert
    ]
}
Unit Test: {
    { float-4{ 1.0 2.0 3.0 4.0 } float-4{ 5.0 6.0 7.0 8.0 } }
    [
        bfloat-8{ 1.0 2.0 3.0 4.0 5.0 6.0 7.0 8.0 } bfloat-8
        float-4 vconvert
    ]
}
Unit Test: {
    { bfloat-8{ 1.0 2.0 3.0 4.0 5.0 6.0 7.0 8.0 } }
    [
        half-8{ 1.0 2.0 3.0 4.0 5.0 6.0 7.0 8.0 } half-8
        bfloat-8 vconvert
    ]
}
Unit Test: {
    { int-4{ 30 174 446 846 } }
    [
        char-16{ 1 2 3 4 5 6 7 8 9 10 11 12 13 14 15 16 } dup 0
        int-4-with vdot4+
    ]
}
Unit Test: {
    { uint-4{ 260100 260100 260100 260100 } }
    [ 255 uchar-16-with dup 0 uint-4-with vdot4+ ]
}
Unit Test: {
    { int-4{ -130560 -130560 -130560 -130560 } }
    [ 255 uchar-16-with -128 char-16-with 0 int-4-with vdot4+ ]
}
Unit Test: {
    { int-4{ -130560 -130560 -130560 -130560 } }
    [ -128 char-16-with 255 uchar-16-with 0 int-4-with vdot4+ ]
}
Unit Test: {
    { int-4{ 205 494 494 1295 } }
    [
        char-16{ 1 2 3 4 5 6 7 8 9 10 11 12 13 14 15 16 }
        char-16{ 1 2 3 4 5 6 7 8 9 10 11 12 13 14 15 16 }
        int-4{ 1 2 2 3 } vmatmul2x8+
    ]
}
Unit Test: {
    { float-4{ 5.0 25.0 61.0 113.0 } }
    [
        bfloat-8{ 1.0 2.0 3.0 4.0 5.0 6.0 7.0 8.0 } dup 0
        float-4-with vbdot2+
    ]
}
Unit Test: {
    { float-4{ 30.0 70.0 70.0 174.0 } }
    [
        bfloat-8{ 1.0 2.0 3.0 4.0 5.0 6.0 7.0 8.0 } dup 0
        float-4-with vbmatmul2x4+
    ]
}
Fuzz Test: { [ random-half random-half random-half ] [ half-trial ] }
Fuzz Test: {
    [ random-bfloat random-bfloat random-float ]
    [ bfloat-trial ]
}
Fuzz Test: {
    [ random-float random-float ]
    [ [ v>half ] 2curry same-dispatch? ]
}
Fuzz Test: {
    [ random-float random-float ]
    [ [ v>bfloat ] 2curry same-dispatch? ]
}
Unit Test: {
    { t }
    [
        [
            255 uchar-16-with -128 char-16-with 0 int-4-with
            vmatmul2x8+
        ] same-dispatch?
    ]
}
Must Fail: { [ 1 half-8-with 1 half-8-with 0 int-4-with vdot4+ ] }
Must Fail: { [ 1 uchar-16-with 1 uchar-16-with 0 int-4-with vdot4+ ] }
Must Fail: { [ { 1 2 3 } >half-8 ] }
Unit Test: {
    { t }
    [
        {
            0
            1
            3
            7
            15
            16
            17
            255
            256
            1000
            1267650600228229401496703205376
        }
        [
            \ char-16
            swap
            [ [ hlshift ] t horizontal-shift-matches? ]
            [ [ hrshift ] f horizontal-shift-matches? ]
            2bi
            and
        ]
        all?
    ]
}
Unit Test: {
    { t }
    [
        {
            0
            1
            3
            7
            15
            16
            17
            255
            256
            1000
            1267650600228229401496703205376
        }
        [
            \ uchar-16
            swap
            [ [ hlshift ] t horizontal-shift-matches? ]
            [ [ hrshift ] f horizontal-shift-matches? ]
            2bi
            and
        ]
        all?
    ]
}
Unit Test: {
    { t }
    [
        {
            0
            1
            3
            7
            15
            16
            17
            255
            256
            1000
            1267650600228229401496703205376
        }
        [
            \ short-8
            swap
            [ [ hlshift ] t horizontal-shift-matches? ]
            [ [ hrshift ] f horizontal-shift-matches? ]
            2bi
            and
        ]
        all?
    ]
}
Unit Test: {
    { t }
    [
        {
            0
            1
            3
            7
            15
            16
            17
            255
            256
            1000
            1267650600228229401496703205376
        }
        [
            \ ushort-8
            swap
            [ [ hlshift ] t horizontal-shift-matches? ]
            [ [ hrshift ] f horizontal-shift-matches? ]
            2bi
            and
        ]
        all?
    ]
}
Unit Test: {
    { t }
    [
        {
            0
            1
            3
            7
            15
            16
            17
            255
            256
            1000
            1267650600228229401496703205376
        }
        [
            \ int-4
            swap
            [ [ hlshift ] t horizontal-shift-matches? ]
            [ [ hrshift ] f horizontal-shift-matches? ]
            2bi
            and
        ]
        all?
    ]
}
Unit Test: {
    { t }
    [
        {
            0
            1
            3
            7
            15
            16
            17
            255
            256
            1000
            1267650600228229401496703205376
        }
        [
            \ uint-4
            swap
            [ [ hlshift ] t horizontal-shift-matches? ]
            [ [ hrshift ] f horizontal-shift-matches? ]
            2bi
            and
        ]
        all?
    ]
}
Unit Test: {
    { t }
    [
        {
            0
            1
            3
            7
            15
            16
            17
            255
            256
            1000
            1267650600228229401496703205376
        }
        [
            \ longlong-2
            swap
            [ [ hlshift ] t horizontal-shift-matches? ]
            [ [ hrshift ] f horizontal-shift-matches? ]
            2bi
            and
        ]
        all?
    ]
}
Unit Test: {
    { t }
    [
        {
            0
            1
            3
            7
            15
            16
            17
            255
            256
            1000
            1267650600228229401496703205376
        }
        [
            \ ulonglong-2
            swap
            [ [ hlshift ] t horizontal-shift-matches? ]
            [ [ hrshift ] f horizontal-shift-matches? ]
            2bi
            and
        ]
        all?
    ]
}
Unit Test: {
    { t }
    [
        {
            0
            1
            3
            7
            15
            16
            17
            255
            256
            1000
            1267650600228229401496703205376
        }
        [
            \ float-4
            swap
            [ [ hlshift ] t horizontal-shift-matches? ]
            [ [ hrshift ] f horizontal-shift-matches? ]
            2bi
            and
        ]
        all?
    ]
}
Unit Test: {
    { t }
    [
        {
            0
            1
            3
            7
            15
            16
            17
            255
            256
            1000
            1267650600228229401496703205376
        }
        [
            \ double-2
            swap
            [ [ hlshift ] t horizontal-shift-matches? ]
            [ [ hrshift ] f horizontal-shift-matches? ]
            2bi
            and
        ]
        all?
    ]
}
Unit Test: {
    { t }
    [
        {
            0
            1
            3
            7
            15
            16
            17
            255
            256
            1000
            1267650600228229401496703205376
        }
        [
            \ half-8
            swap
            [ [ hlshift ] t horizontal-shift-matches? ]
            [ [ hrshift ] f horizontal-shift-matches? ]
            2bi
            and
        ]
        all?
    ]
}
Unit Test: {
    { t }
    [
        {
            0
            1
            3
            7
            15
            16
            17
            255
            256
            1000
            1267650600228229401496703205376
        }
        [
            \ bfloat-8
            swap
            [ [ hlshift ] t horizontal-shift-matches? ]
            [ [ hrshift ] f horizontal-shift-matches? ]
            2bi
            and
        ]
        all?
    ]
}
Unit Test: {
    { t }
    [
        \ char-16
        new
        [ drop 100 ]
        map
        dup
        dup
        length
        10000
        *
        dot-matches?
    ]
}
Unit Test: {
    { t }
    [
        \ uchar-16
        new
        [ drop 100 ]
        map
        dup
        dup
        length
        10000
        *
        dot-matches?
    ]
}
Unit Test: {
    { t }
    [
        \ short-8
        new
        [ drop 100 ]
        map
        dup
        dup
        length
        10000
        *
        dot-matches?
    ]
}
Unit Test: {
    { t }
    [
        \ ushort-8
        new
        [ drop 100 ]
        map
        dup
        dup
        length
        10000
        *
        dot-matches?
    ]
}
Unit Test: {
    { t }
    [
        \ int-4
        new
        [ drop 100 ]
        map
        dup
        dup
        length
        10000
        *
        dot-matches?
    ]
}
Unit Test: {
    { t }
    [
        \ uint-4
        new
        [ drop 100 ]
        map
        dup
        dup
        length
        10000
        *
        dot-matches?
    ]
}
Unit Test: {
    { t }
    [
        \ longlong-2
        new
        [ drop 100 ]
        map
        dup
        dup
        length
        10000
        *
        dot-matches?
    ]
}
Unit Test: {
    { t }
    [
        \ ulonglong-2
        new
        [ drop 100 ]
        map
        dup
        dup
        length
        10000
        *
        dot-matches?
    ]
}
Unit Test: {
    { t }
    [
        \ float-4
        new
        [ drop 100 ]
        map
        dup
        dup
        length
        10000
        *
        dot-matches?
    ]
}
Unit Test: {
    { t }
    [
        \ double-2
        new
        [ drop 100 ]
        map
        dup
        dup
        length
        10000
        *
        dot-matches?
    ]
}
Unit Test: {
    { t }
    [
        \ half-8
        new
        [ drop 100 ]
        map
        dup
        dup
        length
        10000
        *
        dot-matches?
    ]
}
Unit Test: {
    { t }
    [
        \ bfloat-8
        new
        [ drop 100 ]
        map
        dup
        dup
        length
        10000
        *
        dot-matches?
    ]
}
Unit Test: {
    { t }
    [
        longlong-2{ -9223372036854775808 9223372036854775807 }
        dup 170141183460469231713240559642174554113 dot-matches?
    ]
}
Unit Test: {
    { t }
    [
        ulonglong-2{ 18446744073709551615 18446744073709551615 }
        dup 680564733841876926852962238568698216450 dot-matches?
    ]
}
Unit Test: {
    { t }
    [
        double-2{ 1.0 2.0 } double-2{ 0/0. 1.0 }
        add-sub-matches?
    ]
}
Unit Test: {
    { t }
    [
        float-4{ 1.0 2.0 3.0 4.0 } float-4{ 0/0. 1.0 0/0. 1.0 }
        add-sub-matches?
    ]
}
Unit Test: {
    { t }
    [
        double-2{ -0.0 -0.0 } double-2{ 0.0 -0.0 }
        add-sub-matches?
    ]
}
Unit Test: {
    { t }
    [
        float-4{ -0.0 -0.0 0.0 0.0 }
        float-4{ 0.0 -0.0 -0.0 0.0 } add-sub-matches?
    ]
}
Unit Test: { { t } [ vector-reps [ check-rep-array ] all? ] }
Unit Test: {
    { t }
    [
        [ int-4-rep byte>rep-array first ] final-classes first
        integer class<=
    ]
}
Unit Test: {
    { t }
    [
        [ half-8-rep byte>rep-array ] final-classes first half
        c-array-type =
    ]
}
Unit Test: {
    { 7 }
    [
        16 <byte-array> uint-4-rep byte>rep-array
        [ 7 0 rot set-nth ] [ underlying>> ] bi
        [ uint-4-rep byte>rep-array first ] compile-call
    ]
}
Unit Test: {
    { t }
    [
        float-4{ 1/0. -1/0. -0.0 -0.25 }
        float-4{ 1/0. -1/0. -0.0 -0.0 } [ vround-to-even ]
        rounding-matches?
    ]
}
Unit Test: {
    { t }
    [
        float-4{ -0.0 -0.25 -0.5 0.5 }
        float-4{ -0.0 -0.0 -1.0 1.0 } [ vround ]
        rounding-matches?
    ]
}
Unit Test: {
    { t }
    [
        double-2{ 4503599627370497.0 -4503599627370497.0 }
        double-2{ 4503599627370497.0 -4503599627370497.0 }
        [ vround ] rounding-matches?
    ]
}
Unit Test: {
    { t }
    [
        double-2{ 0.49999999999999994 -0.49999999999999994 }
        double-2{ 0.0 -0.0 } [ vround ] rounding-matches?
    ]
}
Unit Test: {
    { t }
    [
        float-4{ 0.5 1.5 -2.5 -3.5 }
        float-4{ 0.0 2.0 -2.0 -4.0 } [ vround-to-even ]
        rounding-matches?
    ]
}
Unit Test: {
    { t }
    [
        half-8{ -0.0 -0.25 -0.5 0.5 1.5 -2.5 1/0. -1/0. }
        half-8{ -0.0 -0.0 -0.0 0.0 2.0 -2.0 1/0. -1/0. }
        [ vround-to-even ] rounding-matches?
    ]
}
Unit Test: {
    { t }
    [
        float-4{ 3.0 1.0 2.0 0/0. } 1.0
        [ vmin-element ] reduction-matches?
    ]
}
Unit Test: {
    { t }
    [
        float-4{ 3.0 1.0 2.0 0/0. } 3.0
        [ vmax-element ] reduction-matches?
    ]
}
Unit Test: {
    { t }
    [
        double-2{ -0.0 0.0 } -0.0
        [ vmin-element ] reduction-matches?
    ]
}
Unit Test: {
    { t }
    [
        double-2{ 0.0 -0.0 } 0.0
        [ vmax-element ] reduction-matches?
    ]
}
Unit Test: {
    { t }
    [
        float-4{ -0.0 0.0 0/0. 3.0 }
        float-4{ 0.0 -0.0 2.0 0/0. }
        float-4{ -0.0 -0.0 2.0 3.0 } [ vmin ] extrema-match?
    ]
}
Unit Test: {
    { t }
    [
        float-4{ -0.0 0.0 0/0. 3.0 }
        float-4{ 0.0 -0.0 2.0 0/0. } float-4{ 0.0 0.0 2.0 3.0 }
        [ vmax ] extrema-match?
    ]
}
Unit Test: {
    { t }
    [
        double-2{ -0.0 0.0 } double-2{ 0.0 -0.0 }
        double-2{ -0.0 -0.0 } [ vmin ] extrema-match?
    ]
}
Unit Test: {
    { t }
    [
        double-2{ -0.0 0.0 } double-2{ 0.0 -0.0 }
        double-2{ 0.0 0.0 } [ vmax ] extrema-match?
    ]
}
Unit Test: {
    { t }
    [
        double-2{ 0/0. -1/0. } double-2{ 1/0. 0/0. }
        double-2{ 1/0. -1/0. } [ vmin ] extrema-match?
    ]
}
Unit Test: {
    { t }
    [
        double-2{ 0/0. -1/0. } double-2{ 1/0. 0/0. }
        double-2{ 1/0. -1/0. } [ vmax ] extrema-match?
    ]
}
Unit Test: {
    { t }
    [
        uint-4{ 2139095041 1065353216 4286578689 1073741824 }
        float-4-cast
        uint-4{ 1073741824 2139095041 1077936128 4286578689 }
        float-4-cast
        float-4{ 2.0 1.0 3.0 2.0 } [ vmin ] extrema-match?
    ]
}
Unit Test: {
    { t }
    [
        uint-4{ 2139095041 1065353216 4286578689 1073741824 }
        float-4-cast
        uint-4{ 1073741824 2139095041 1077936128 4286578689 }
        float-4-cast
        float-4{ 2.0 1.0 3.0 2.0 } [ vmax ] extrema-match?
    ]
}
Unit Test: {
    { t }
    [
        ulonglong-2{ 9218868437227405313 4607182418800017408 }
        double-2-cast
        ulonglong-2{ 4611686018427387904 18442240474082181121 }
        double-2-cast
        double-2{ 2.0 1.0 } [ vmin ] extrema-match?
    ]
}
Unit Test: {
    { t }
    [
        ulonglong-2{ 9218868437227405313 4607182418800017408 }
        double-2-cast
        ulonglong-2{ 4611686018427387904 18442240474082181121 }
        double-2-cast
        double-2{ 2.0 1.0 } [ vmax ] extrema-match?
    ]
}
Unit Test: {
    { t }
    [
        uint-4{ 2139095041 1065353216 4286578689 1073741824 }
        float-4-cast 1.0 [ vmin-element ] reduction-matches?
    ]
}
Unit Test: {
    { t }
    [
        uint-4{ 2139095041 1073741824 4286578689 1065353216 }
        float-4-cast 2.0 [ vmax-element ] reduction-matches?
    ]
}
Unit Test: {
    { t }
    [
        ulonglong-2{ 4607182418800017408 9218868437227405313 }
        double-2-cast 1.0 [ vmin-element ] reduction-matches?
    ]
}
Unit Test: {
    { t }
    [
        ulonglong-2{ 9218868437227405313 4607182418800017408 }
        double-2-cast 1.0 [ vmax-element ] reduction-matches?
    ]
}
Unit Test: {
    { t }
    [
        [ float-4-rep (simd-vmin) ] [ ##compare-vector? ]
        contains-insn?
    ]
}
Unit Test: {
    { t }
    [
        [ double-2-rep (simd-vmax) ] [ ##compare-vector? ]
        contains-insn?
    ]
}
Testing math.vectors.conversion
Unit Test: {
    { uint-4{ 2147483648 4294967040 4294967295 0 } }
    [
        float-4{ 2147483648.0 4294967040.0 -1.0 4294967296.0 }
        float-4 uint-4 test-vconvert
    ]
}
Unit Test: {
    {
        half-8{
            -32768.0
            -2048.0
            -1.0
            0.0
            1.0
            2048.0
            32752.0
            32768.0
        }
    }
    [
        short-8{ -32768 -2049 -1 0 1 2049 32752 32767 } short-8
        half-8 test-vconvert
    ]
}
Unit Test: {
    {
        half-8{
            0.0
            1.0
            2048.0
            2052.0
            32768.0
            32768.0
            65024.0
            65504.0
        }
    }
    [
        ushort-8{ 0 1 2049 2051 32767 32768 65024 65504 }
        ushort-8 half-8 test-vconvert
    ]
}
Unit Test: {
    {
        bfloat-8{
            -32768.0
            -256.0
            -1.0
            0.0
            1.0
            256.0
            32768.0
            32768.0
        }
    }
    [
        short-8{ -32768 -257 -1 0 1 257 32704 32767 } short-8
        bfloat-8 test-vconvert
    ]
}
Unit Test: {
    {
        bfloat-8{
            0.0
            1.0
            256.0
            260.0
            32768.0
            32768.0
            65280.0
            65536.0
        }
    }
    [
        ushort-8{ 0 1 257 259 32767 32768 65280 65535 } ushort-8
        bfloat-8 test-vconvert
    ]
}
Unit Test: {
    { short-8{ -32768 -2 -1 0 0 1 2 32752 } }
    [
        half-8{
            -32768.0
            -2.75
            -1.75
            -0.75
            0.75
            1.75
            2.75
            32752.0
        } half-8 short-8 test-vconvert
    ]
}
Unit Test: {
    { ushort-8{ 65534 65535 0 0 1 2 32768 65504 } }
    [
        half-8{
            -2.75
            -1.75
            -0.75
            0.75
            1.75
            2.75
            32768.0
            65504.0
        } half-8 ushort-8 test-vconvert
    ]
}
Unit Test: {
    { short-8{ -32768 -2 -1 0 0 1 2 32640 } }
    [
        bfloat-8{
            -32768.0
            -2.75
            -1.75
            -0.75
            0.75
            1.75
            2.75
            32640.0
        } bfloat-8 short-8 test-vconvert
    ]
}
Unit Test: {
    { ushort-8{ 65534 65535 0 1 65280 0 0 512 } }
    [
        bfloat-8{
            -2.75
            -1.75
            0.75
            1.75
            65280.0
            65536.0
            -65536.0
            66048.0
        } bfloat-8 ushort-8 test-vconvert
    ]
}
Must Fail With: {
    [ uint-4{ 5 1 2 6 } int-4 float-4 vconvert ]
    [ bad-vconvert-input? ]
}
Must Fail With: {
    [
        int-4{ 1 2 3 4 } uint-4{ 5 1 2 6 } int-4 short-8
        vconvert
    ]
    [ bad-vconvert-input? ]
}
Must Fail With: {
    [
        uint-4{ 1 2 3 4 } int-4{ 5 1 2 6 } int-4 short-8
        vconvert
    ]
    [ bad-vconvert-input? ]
}
Must Fail With: {
    [ uint-4{ 5 1 2 6 } int-4 longlong-2 vconvert ]
    [ bad-vconvert-input? ]
}
Unit Test: {
    { float-4{ -5.0 1.0 2.0 6.0 } }
    [ int-4{ -5 1 2 6 } int-4 float-4 test-vconvert ]
}
Unit Test: {
    { float-4{ 0.0 2147483648.0 4294967296.0 16777216.0 } }
    [
        uint-4{ 0 2147483648 4294967295 16777217 } uint-4
        float-4 test-vconvert
    ]
}
Unit Test: {
    { double-2{ 9.223372036854776e+18 1.8446744073709552e+19 } }
    [
        ulonglong-2{ 9223372036854775808 18446744073709551615 }
        ulonglong-2 double-2 test-vconvert
    ]
}
Unit Test: {
    { float-4{ 0.0 2147483648.0 4294967296.0 16777216.0 } }
    [
        t "always-inline-simd-intrinsics" [
            uint-4{ 0 2147483648 4294967295 16777217 }
            [ { uint-4 } declare uint-4 float-4 vconvert ]
            compile-call
        ] with-variable
    ]
}
Unit Test: {
    { double-2{ 9.223372036854776e+18 1.8446744073709552e+19 } }
    [
        t "always-inline-simd-intrinsics" [
            ulonglong-2{
                9223372036854775808
                18446744073709551615
            } [
                { ulonglong-2 } declare
                ulonglong-2 double-2 vconvert
            ] compile-call
        ] with-variable
    ]
}
Unit Test: {
    { int-4{ -5 1 2 6 } }
    [ float-4{ -5.0 1.0 2.0 6.0 } float-4 int-4 test-vconvert ]
}
Unit Test: {
    { uint-4{ 4294967295 4294967294 3000000000 3 } }
    [
        float-4{ -1.75 -2.25 3000000000.0 3.0 } float-4 uint-4
        test-vconvert
    ]
}
Unit Test: {
    { ulonglong-2{ 18446744073709551615 10000000000000000000 } }
    [
        double-2{ -1.75 1e+19 } double-2 ulonglong-2
        test-vconvert
    ]
}
Unit Test: {
    { int-4{ -5 1 2 6 } }
    [
        float-4{ -5.0 1.0 2.299999952316284 6.699999809265137 }
        float-4 int-4 test-vconvert
    ]
}
Unit Test: {
    { uint-4{ 0 0 512 4294966784 } }
    [
        float-4{
            4294967296.0
            -4294967296.0
            4294967808.0
            -4294967808.0
        } float-4 uint-4 test-vconvert
    ]
}
Unit Test: {
    { ulonglong-2{ 0 0 } }
    [
        double-2{
            1.8446744073709552e+19
            -1.8446744073709552e+19
        } double-2 ulonglong-2 test-vconvert
    ]
}
Unit Test: {
    { double-2{ -5.0 1.0 } }
    [ longlong-2{ -5 1 } longlong-2 double-2 test-vconvert ]
}
Unit Test: {
    { longlong-2{ -5 1 } }
    [ double-2{ -5.0 1.0 } double-2 longlong-2 test-vconvert ]
}
Must Fail With: {
    [
        double-2{ -5.0 1.0 } double-2{ 12.0 34.0 } double-2
        int-4 test-vconvert
    ]
    [ error>> bad-vconvert? ]
}
Unit Test: {
    { float-4{ -1.25 2.0 3.0 -4.0 } }
    [
        double-2{ -1.25 2.0 } double-2{ 3.0 -4.0 } double-2
        float-4 test-vconvert
    ]
}
Unit Test: {
    { int-4{ -1 2 3 -4 } }
    [
        longlong-2{ -1 2 } longlong-2{ 3 -4 } longlong-2 int-4
        test-vconvert
    ]
}
Unit Test: {
    { short-8{ -1 2 3 -32768 5 32767 -7 32767 } }
    [
        int-4{ -1 2 3 -40000 } int-4{ 5 60000 -7 80000 } int-4
        short-8 test-vconvert
    ]
}
Unit Test: {
    { short-8{ -1 2 3 -32768 5 32767 -7 32767 } }
    [
        int-4{ -1 2 3 -40000 } int-4{ 5 60000 -7 80000 } int-4
        short-8 test-vconvert
    ]
}
Unit Test: {
    { ushort-8{ 0 2 3 0 5 60000 0 65535 } }
    [
        int-4{ -1 2 3 -40000 } int-4{ 5 60000 -7 80000 } int-4
        ushort-8 test-vconvert
    ]
}
Unit Test: {
    { ushort-8{ 65535 2 3 65535 5 60000 65535 65535 } }
    [
        uint-4{ 4294967295 2 3 4294927296 }
        uint-4{ 5 60000 4294967289 80000 } uint-4 ushort-8
        test-vconvert
    ]
}
Must Fail With: {
    [
        uint-4{ 4294967295 2 3 4294927296 }
        uint-4{ 5 60000 4294967289 80000 } uint-4 short-8
        test-vconvert
    ]
    [ error>> bad-vconvert? ]
}
Unit Test: {
    {
        ushort-8{ 0 1 2 3 128 129 130 131 }
        ushort-8{ 4 5 6 7 132 133 134 135 }
    }
    [
        uchar-16{
            0
            1
            2
            3
            128
            129
            130
            131
            4
            5
            6
            7
            132
            133
            134
            135
        } uchar-16 ushort-8 test-vconvert
    ]
}
Unit Test: {
    { double-2{ -1.25 2.0 } double-2{ 3.0 -4.0 } }
    [
        float-4{ -1.25 2.0 3.0 -4.0 } float-4 double-2
        test-vconvert
    ]
}
Unit Test: {
    { int-4{ -1 2 3 -4 } }
    [ int-4{ -1 2 3 -4 } int-4 int-4 test-vconvert ]
}
Unit Test: {
    { longlong-2{ -1 2 } longlong-2{ 3 -4 } }
    [ int-4{ -1 2 3 -4 } int-4 longlong-2 test-vconvert ]
}
Must Fail With: {
    [ int-4{ -1 2 3 -4 } int-4 ulonglong-2 test-vconvert ]
    [ error>> bad-vconvert? ]
}
Unit Test: {
    { ulonglong-2{ 1 2 } ulonglong-2{ 3 4 } }
    [ uint-4{ 1 2 3 4 } uint-4 ulonglong-2 test-vconvert ]
}
Unit Test: {
    { longlong-2{ 1 2 } longlong-2{ 3 4 } }
    [ uint-4{ 1 2 3 4 } uint-4 longlong-2 test-vconvert ]
}
Unit Test: {
    { int-4{ 1 2 -3 -4 } int-4{ 5 -6 7 -8 } }
    [
        short-8{ 1 2 -3 -4 5 -6 7 -8 } short-8 int-4
        test-vconvert
    ]
}
Unit Test: {
    { uint-4{ 1 2 3 4 } uint-4{ 5 6 7 8 } }
    [
        ushort-8{ 1 2 3 4 5 6 7 8 } ushort-8 uint-4
        test-vconvert
    ]
}
Unit Test: {
    { longlong-2{ 1 2 } longlong-2{ 3 4 } }
    [ uint-4{ 1 2 3 4 } uint-4 longlong-2 test-vconvert ]
}
Must Fail With: {
    [
        ushort-8{ 1 2 3 4 5 6 7 8 } ushort-8 longlong-2
        test-vconvert
    ]
    [ error>> bad-vconvert? ]
}
Must Fail With: {
    [
        longlong-2{ 1 2 } longlong-2{ 3 4 } longlong-2{ 5 6 }
        longlong-2{ 7 8 } longlong-2 ushort-8 test-vconvert
    ]
    [ error>> bad-vconvert? ]
}
Testing math.floats.env
Unit Test: {
    { t }
    [
        \ +fp-zero-divide+
        [ 1.0 0.0 /f ]
        collect-fp-exceptions
        nip
        member?
    ]
}
Unit Test: {
    { t }
    [
        \ +fp-inexact+
        [ 1.0 3.0 /f ]
        collect-fp-exceptions
        nip
        member?
    ]
}
Unit Test: {
    { t }
    [
        \ +fp-overflow+
        [ 1e+250 1e+100 * ]
        collect-fp-exceptions
        nip
        member?
    ]
}
Unit Test: {
    { t }
    [
        \ +fp-underflow+
        [ 1e-250 1e-100 * ]
        collect-fp-exceptions
        nip
        member?
    ]
}
Unit Test: {
    { t }
    [
        \ +fp-overflow+
        [ 2.0 100000.0 fpow ]
        collect-fp-exceptions
        nip
        member?
    ]
}
Unit Test: {
    { t }
    [
        \ +fp-invalid-operation+
        [ 0.0 0.0 /f ]
        collect-fp-exceptions
        nip
        member?
    ]
}
Unit Test: {
    { t }
    [
        \ +fp-invalid-operation+
        [ -1.0 fsqrt ]
        collect-fp-exceptions
        nip
        member?
    ]
}
Unit Test: {
    { t }
    [
        \ +fp-zero-divide+
        1.0
        0.0
        [ [ /f ] collect-fp-exceptions ]
        compile-call
        nip
        member?
    ]
}
Unit Test: {
    { t }
    [
        \ +fp-inexact+
        1.0
        3.0
        [ [ /f ] collect-fp-exceptions ]
        compile-call
        nip
        member?
    ]
}
Unit Test: {
    { t }
    [
        \ +fp-overflow+
        1e+250
        1e+100
        [ [ * ] collect-fp-exceptions ]
        compile-call
        nip
        member?
    ]
}
Unit Test: {
    { t }
    [
        \ +fp-underflow+
        1e-250
        1e-100
        [ [ * ] collect-fp-exceptions ]
        compile-call
        nip
        member?
    ]
}
Unit Test: {
    { t }
    [
        \ +fp-overflow+
        2.0
        100000.0
        [ [ fpow ] collect-fp-exceptions ]
        compile-call
        nip
        member?
    ]
}
Unit Test: {
    { t }
    [
        \ +fp-invalid-operation+
        2.0
        0/0.
        0.000000001
        [ [ ~ ] collect-fp-exceptions ]
        compile-call
        nip
        member?
    ]
}
Unit Test: {
    { t }
    [
        \ +fp-underflow+
        [ 2.0 -100000.0 fpow ]
        collect-fp-exceptions
        nip
        member?
    ]
}
Unit Test: {
    { t }
    [
        \ +fp-underflow+
        2.0
        -100000.0
        [ [ fpow ] collect-fp-exceptions ]
        compile-call
        nip
        member?
    ]
}
Unit Test: {
    { t }
    [
        \ +fp-underflow+
        [ 2.0 -100000.0 0.0 report-pow-underflow ]
        collect-fp-exceptions
        nip
        member?
    ]
}
Unit Test: {
    { t }
    [
        \ +fp-underflow+
        2.0
        -100000.0
        -0.0
        [ [ report-pow-underflow ] collect-fp-exceptions ]
        compile-call
        nip
        member?
    ]
}
Unit Test: {
    { f }
    [
        \ +fp-underflow+
        [ 0.0 2.0 0.0 report-pow-underflow ]
        collect-fp-exceptions
        nip
        member?
    ]
}
Unit Test: {
    { f }
    [
        \ +fp-underflow+
        [ 1/0. -1.0 0.0 report-pow-underflow ]
        collect-fp-exceptions
        nip
        member?
    ]
}
Unit Test: {
    { f }
    [
        \ +fp-underflow+
        [ 0.5 1/0. 0.0 report-pow-underflow ]
        collect-fp-exceptions
        nip
        member?
    ]
}
Unit Test: {
    { f }
    [
        \ +fp-underflow+
        [ 2.0 -1074.0 5e-324 report-pow-underflow ]
        collect-fp-exceptions
        nip
        member?
    ]
}
Unit Test: {
    { t }
    [
        \ +fp-invalid-operation+
        0.0
        0.0
        [ [ /f ] collect-fp-exceptions ]
        compile-call
        nip
        member?
    ]
}
Unit Test: {
    { t }
    [
        \ +fp-invalid-operation+
        -1.0
        [ [ fsqrt ] collect-fp-exceptions ]
        compile-call
        nip
        member?
    ]
}
Unit Test: {
    {
        4599676419421066581
        4596373779694328218
        13819745816549104026
        13823048456275842389
    }
    [
        +round-nearest+ [
            1.0 3.0 /f double>bits 1.0 5.0 /f
            double>bits -1.0 5.0 /f double>bits -1.0 3.0 /f
            double>bits
        ] with-rounding-mode
    ]
}
Unit Test: {
    {
        4599676419421066581
        4596373779694328217
        13819745816549104026
        13823048456275842390
    }
    [
        +round-down+ [
            1.0 3.0 /f double>bits 1.0 5.0 /f
            double>bits -1.0 5.0 /f double>bits -1.0 3.0 /f
            double>bits
        ] with-rounding-mode
    ]
}
Unit Test: {
    {
        4599676419421066582
        4596373779694328218
        13819745816549104025
        13823048456275842389
    }
    [
        +round-up+ [
            1.0 3.0 /f double>bits 1.0 5.0 /f
            double>bits -1.0 5.0 /f double>bits -1.0 3.0 /f
            double>bits
        ] with-rounding-mode
    ]
}
Unit Test: {
    {
        4599676419421066581
        4596373779694328217
        13819745816549104025
        13823048456275842389
    }
    [
        +round-zero+ [
            1.0 3.0 /f double>bits 1.0 5.0 /f
            double>bits -1.0 5.0 /f double>bits -1.0 3.0 /f
            double>bits
        ] with-rounding-mode
    ]
}
Unit Test: {
    {
        4599676419421066581
        4596373779694328218
        13819745816549104026
        13823048456275842389
    }
    [
        1.0 3.0 /f double>bits 1.0 5.0 /f
        double>bits -1.0 5.0 /f double>bits -1.0 3.0 /f
        double>bits
    ]
}
Must Fail With: {
    [ { +fp-zero-divide+ } [ 1.0 0.0 /f ] with-fp-traps ]
    [ fp-trap-error? ]
}
Must Fail With: {
    [ { +fp-inexact+ } [ 1.0 3.0 /f ] with-fp-traps ]
    [ fp-trap-error? ]
}
Must Fail With: {
    [ { +fp-invalid-operation+ } [ -1.0 fsqrt ] with-fp-traps ]
    [ fp-trap-error? ]
}
Must Fail With: {
    [ { +fp-overflow+ } [ 2.0 100000.0 ^ ] with-fp-traps ]
    [ fp-trap-error? ]
}
Must Fail With: {
    [
        { +fp-underflow+ +fp-inexact+ }
        [ 2.0 -100000.0 ^ ]
        with-fp-traps
    ]
    [ fp-trap-error? ]
}
Must Fail With: {
    [
        1.0
        0.0
        [ { +fp-zero-divide+ } [ /f ] with-fp-traps ]
        compile-call
    ]
    [ fp-trap-error? ]
}
Must Fail With: {
    [
        1.0
        3.0
        [ { +fp-inexact+ } [ /f ] with-fp-traps ]
        compile-call
    ]
    [ fp-trap-error? ]
}
Must Fail With: {
    [
        -1.0
        [ { +fp-invalid-operation+ } [ fsqrt ] with-fp-traps ]
        compile-call
    ]
    [ fp-trap-error? ]
}
Must Fail With: {
    [
        2.0
        [ { +fp-overflow+ } [ 100000.0 ^ ] with-fp-traps ]
        compile-call
    ]
    [ fp-trap-error? ]
}
Must Fail With: {
    [
        2.0
        [
            { +fp-underflow+ +fp-inexact+ }
            [ -100000.0 ^ ]
            with-fp-traps
        ]
        compile-call
    ]
    [ fp-trap-error? ]
}
Must Fail With: {
    [
        0/0. -15.0 \ < load-local { float float } declare
        { +fp-invalid-operation+ } 0 get-local
        [ load-local 0 get-local execute 1 drop-locals ] curry
        with-fp-traps 1 drop-locals
    ]
    [ fp-trap-error? ]
}
Must Fail With: {
    [
        0/0.
        -15.0
        [
            \ <
            load-local
            { float float }
            declare
            { +fp-invalid-operation+ }
            0
            get-local
            [ load-local 0 get-local execute 1 drop-locals ]
            curry
            with-fp-traps
            1
            drop-locals
        ]
        compile-call
    ]
    [ fp-trap-error? ]
}
Must Fail With: {
    [
        -15.0 0/0. \ < load-local { float float } declare
        { +fp-invalid-operation+ } 0 get-local
        [ load-local 0 get-local execute 1 drop-locals ] curry
        with-fp-traps 1 drop-locals
    ]
    [ fp-trap-error? ]
}
Must Fail With: {
    [
        -15.0
        0/0.
        [
            \ <
            load-local
            { float float }
            declare
            { +fp-invalid-operation+ }
            0
            get-local
            [ load-local 0 get-local execute 1 drop-locals ]
            curry
            with-fp-traps
            1
            drop-locals
        ]
        compile-call
    ]
    [ fp-trap-error? ]
}
Must Fail With: {
    [
        0/0. -15.0 \ <= load-local { float float } declare
        { +fp-invalid-operation+ } 0 get-local
        [ load-local 0 get-local execute 1 drop-locals ] curry
        with-fp-traps 1 drop-locals
    ]
    [ fp-trap-error? ]
}
Must Fail With: {
    [
        0/0.
        -15.0
        [
            \ <=
            load-local
            { float float }
            declare
            { +fp-invalid-operation+ }
            0
            get-local
            [ load-local 0 get-local execute 1 drop-locals ]
            curry
            with-fp-traps
            1
            drop-locals
        ]
        compile-call
    ]
    [ fp-trap-error? ]
}
Must Fail With: {
    [
        -15.0 0/0. \ <= load-local { float float } declare
        { +fp-invalid-operation+ } 0 get-local
        [ load-local 0 get-local execute 1 drop-locals ] curry
        with-fp-traps 1 drop-locals
    ]
    [ fp-trap-error? ]
}
Must Fail With: {
    [
        -15.0
        0/0.
        [
            \ <=
            load-local
            { float float }
            declare
            { +fp-invalid-operation+ }
            0
            get-local
            [ load-local 0 get-local execute 1 drop-locals ]
            curry
            with-fp-traps
            1
            drop-locals
        ]
        compile-call
    ]
    [ fp-trap-error? ]
}
Must Fail With: {
    [
        0/0. -15.0 \ > load-local { float float } declare
        { +fp-invalid-operation+ } 0 get-local
        [ load-local 0 get-local execute 1 drop-locals ] curry
        with-fp-traps 1 drop-locals
    ]
    [ fp-trap-error? ]
}
Must Fail With: {
    [
        0/0.
        -15.0
        [
            \ >
            load-local
            { float float }
            declare
            { +fp-invalid-operation+ }
            0
            get-local
            [ load-local 0 get-local execute 1 drop-locals ]
            curry
            with-fp-traps
            1
            drop-locals
        ]
        compile-call
    ]
    [ fp-trap-error? ]
}
Must Fail With: {
    [
        -15.0 0/0. \ > load-local { float float } declare
        { +fp-invalid-operation+ } 0 get-local
        [ load-local 0 get-local execute 1 drop-locals ] curry
        with-fp-traps 1 drop-locals
    ]
    [ fp-trap-error? ]
}
Must Fail With: {
    [
        -15.0
        0/0.
        [
            \ >
            load-local
            { float float }
            declare
            { +fp-invalid-operation+ }
            0
            get-local
            [ load-local 0 get-local execute 1 drop-locals ]
            curry
            with-fp-traps
            1
            drop-locals
        ]
        compile-call
    ]
    [ fp-trap-error? ]
}
Must Fail With: {
    [
        0/0. -15.0 \ >= load-local { float float } declare
        { +fp-invalid-operation+ } 0 get-local
        [ load-local 0 get-local execute 1 drop-locals ] curry
        with-fp-traps 1 drop-locals
    ]
    [ fp-trap-error? ]
}
Must Fail With: {
    [
        0/0.
        -15.0
        [
            \ >=
            load-local
            { float float }
            declare
            { +fp-invalid-operation+ }
            0
            get-local
            [ load-local 0 get-local execute 1 drop-locals ]
            curry
            with-fp-traps
            1
            drop-locals
        ]
        compile-call
    ]
    [ fp-trap-error? ]
}
Must Fail With: {
    [
        -15.0 0/0. \ >= load-local { float float } declare
        { +fp-invalid-operation+ } 0 get-local
        [ load-local 0 get-local execute 1 drop-locals ] curry
        with-fp-traps 1 drop-locals
    ]
    [ fp-trap-error? ]
}
Must Fail With: {
    [
        -15.0
        0/0.
        [
            \ >=
            load-local
            { float float }
            declare
            { +fp-invalid-operation+ }
            0
            get-local
            [ load-local 0 get-local execute 1 drop-locals ]
            curry
            with-fp-traps
            1
            drop-locals
        ]
        compile-call
    ]
    [ fp-trap-error? ]
}
Unit Test: {
    [ f ]
    [
        0/0. -15.0 \ u< load-local { float float } declare
        { +fp-invalid-operation+ } 0 get-local
        [ load-local 0 get-local execute 1 drop-locals ] curry
        with-fp-traps 1 drop-locals
    ]
}
Unit Test: {
    [ f ]
    [
        0/0.
        -15.0
        [
            \ u<
            load-local
            { float float }
            declare
            { +fp-invalid-operation+ }
            0
            get-local
            [ load-local 0 get-local execute 1 drop-locals ]
            curry
            with-fp-traps
            1
            drop-locals
        ]
        compile-call
    ]
}
Unit Test: {
    [ f ]
    [
        -15.0 0/0. \ u< load-local { float float } declare
        { +fp-invalid-operation+ } 0 get-local
        [ load-local 0 get-local execute 1 drop-locals ] curry
        with-fp-traps 1 drop-locals
    ]
}
Unit Test: {
    [ f ]
    [
        -15.0
        0/0.
        [
            \ u<
            load-local
            { float float }
            declare
            { +fp-invalid-operation+ }
            0
            get-local
            [ load-local 0 get-local execute 1 drop-locals ]
            curry
            with-fp-traps
            1
            drop-locals
        ]
        compile-call
    ]
}
Unit Test: {
    [ f ]
    [
        0/0. -15.0 \ u<= load-local { float float } declare
        { +fp-invalid-operation+ } 0 get-local
        [ load-local 0 get-local execute 1 drop-locals ] curry
        with-fp-traps 1 drop-locals
    ]
}
Unit Test: {
    [ f ]
    [
        0/0.
        -15.0
        [
            \ u<=
            load-local
            { float float }
            declare
            { +fp-invalid-operation+ }
            0
            get-local
            [ load-local 0 get-local execute 1 drop-locals ]
            curry
            with-fp-traps
            1
            drop-locals
        ]
        compile-call
    ]
}
Unit Test: {
    [ f ]
    [
        -15.0 0/0. \ u<= load-local { float float } declare
        { +fp-invalid-operation+ } 0 get-local
        [ load-local 0 get-local execute 1 drop-locals ] curry
        with-fp-traps 1 drop-locals
    ]
}
Unit Test: {
    [ f ]
    [
        -15.0
        0/0.
        [
            \ u<=
            load-local
            { float float }
            declare
            { +fp-invalid-operation+ }
            0
            get-local
            [ load-local 0 get-local execute 1 drop-locals ]
            curry
            with-fp-traps
            1
            drop-locals
        ]
        compile-call
    ]
}
Unit Test: {
    [ f ]
    [
        0/0. -15.0 \ u> load-local { float float } declare
        { +fp-invalid-operation+ } 0 get-local
        [ load-local 0 get-local execute 1 drop-locals ] curry
        with-fp-traps 1 drop-locals
    ]
}
Unit Test: {
    [ f ]
    [
        0/0.
        -15.0
        [
            \ u>
            load-local
            { float float }
            declare
            { +fp-invalid-operation+ }
            0
            get-local
            [ load-local 0 get-local execute 1 drop-locals ]
            curry
            with-fp-traps
            1
            drop-locals
        ]
        compile-call
    ]
}
Unit Test: {
    [ f ]
    [
        -15.0 0/0. \ u> load-local { float float } declare
        { +fp-invalid-operation+ } 0 get-local
        [ load-local 0 get-local execute 1 drop-locals ] curry
        with-fp-traps 1 drop-locals
    ]
}
Unit Test: {
    [ f ]
    [
        -15.0
        0/0.
        [
            \ u>
            load-local
            { float float }
            declare
            { +fp-invalid-operation+ }
            0
            get-local
            [ load-local 0 get-local execute 1 drop-locals ]
            curry
            with-fp-traps
            1
            drop-locals
        ]
        compile-call
    ]
}
Unit Test: {
    [ f ]
    [
        0/0. -15.0 \ u>= load-local { float float } declare
        { +fp-invalid-operation+ } 0 get-local
        [ load-local 0 get-local execute 1 drop-locals ] curry
        with-fp-traps 1 drop-locals
    ]
}
Unit Test: {
    [ f ]
    [
        0/0.
        -15.0
        [
            \ u>=
            load-local
            { float float }
            declare
            { +fp-invalid-operation+ }
            0
            get-local
            [ load-local 0 get-local execute 1 drop-locals ]
            curry
            with-fp-traps
            1
            drop-locals
        ]
        compile-call
    ]
}
Unit Test: {
    [ f ]
    [
        -15.0 0/0. \ u>= load-local { float float } declare
        { +fp-invalid-operation+ } 0 get-local
        [ load-local 0 get-local execute 1 drop-locals ] curry
        with-fp-traps 1 drop-locals
    ]
}
Unit Test: {
    [ f ]
    [
        -15.0
        0/0.
        [
            \ u>=
            load-local
            { float float }
            declare
            { +fp-invalid-operation+ }
            0
            get-local
            [ load-local 0 get-local execute 1 drop-locals ]
            curry
            with-fp-traps
            1
            drop-locals
        ]
        compile-call
    ]
}
Unit Test: { { 1/0. } [ 1.0 0.0 /f ] }
Unit Test: { { +round-nearest+ } [ rounding-mode ] }
Unit Test: { { +denormal-keep+ } [ denormal-mode ] }
Unit Test: { { { } } [ fp-traps ] }
Unit Test: { { } [ all-fp-exceptions [ compact-gc ] with-fp-traps ] }
Unit Test: {
    { t }
    [
        { float< float<= float> float>= } [
            9221120237041090561 swap
            primitive-comparison-invalid?
        ] all?
    ]
}
Unit Test: {
    { f }
    [
        { float-u< float-u<= float-u> float-u>= } [
            9221120237041090561 swap
            primitive-comparison-invalid?
        ] any?
    ]
}
Unit Test: {
    { t }
    [
        {
            float<
            float<=
            float>
            float>=
            float-u<
            float-u<=
            float-u>
            float-u>=
        } [
            9218868437227405313 swap
            primitive-comparison-invalid?
        ] all?
    ]
}
Unit Test: {
    { f }
    [
        {
            float<
            float<=
            float>
            float>=
            float-u<
            float-u<=
            float-u>
            float-u>=
        } [
            4607182418800017408 swap
            primitive-comparison-invalid?
        ] any?
    ]
}
Testing math.floats.small
Unit Test: {
    { 15360 48128 32768 31744 64512 }
    [
        1.0 float>half-bits -1.0 float>half-bits -0.0
        float>half-bits 1/0. float>half-bits -1/0.
        float>half-bits
    ]
}
Unit Test: {
    { 16256 49024 32768 32640 65408 }
    [
        1.0 float>bfloat-bits -1.0 float>bfloat-bits -0.0
        float>bfloat-bits 1/0. float>bfloat-bits -1/0.
        float>bfloat-bits
    ]
}
Unit Test: {
    { 15360 15362 1 1024 31743 31744 }
    [
        1.00048828125 float>half-bits 1.00146484375
        float>half-bits 5.960464477539063e-8 float>half-bits
        0.00006103515625 float>half-bits 65504.0 float>half-bits
        65520.0 float>half-bits
    ]
}
Unit Test: {
    { t }
    [
        65536 <iota> [
            dup half-bits>float float>half-bits swap dup 31744
            bitand 31744 = over 1023 bitand zero? not and
            [ drop 32256 ] when =
        ] all?
    ]
}
Unit Test: {
    { t }
    [
        65536 <iota> [
            dup bfloat-bits>float float>bfloat-bits swap dup
            32640 bitand 32640 = over 127 bitand zero? not and
            [ drop 32704 ] when =
        ] all?
    ]
}
Unit Test: { { 2 2 } [ half heap-size bfloat heap-size ] }
Unit Test: { { 1.5 } [ 1.5 half <ref> half deref ] }
Unit Test: { { -2.5 } [ -2.5 bfloat <ref> bfloat deref ] }
Testing resource:basis/compiler/tests/alien.factor
Must Fail: { [ [ void { } "cdecl" alien-indirect ] infer ] }
Must Fail: { [ [ "void" { } cdecl alien-indirect ] infer ] }
Must Fail: { [ [ void* 3 cdecl alien-indirect ] infer ] }
Must Fail: { [ [ void* { "int" } cdecl alien-indirect ] infer ] }
Must Fail: { [ [ void* { int } cdecl { } alien-callback ] infer ] }
Unit Test: { { } [ ffi_test_0 ] }
Unit Test: { { 3 } [ ffi_test_1 ] }
Unit Test: { { } [ \ ffi_test_1 def>> [ drop ] append compile-call ] }
Unit Test: { { 5 } [ 2 3 ffi_test_2 ] }
Must Fail: { [ "hi" 3 ffi_test_2 ] }
Unit Test: { { 25 } [ 2 3 4 5 ffi_test_3 ] }
Unit Test: { { 1.5 } [ ffi_test_4 ] }
Unit Test: { { 1.5 } [ ffi_test_5 ] }
Unit Test: { { 28 } [ 1 2 3 4 5 6 7 ffi_test_9 ] }
Must Fail: { [ "a" 2 3 4 5 6 7 ffi_test_9 ] }
Must Fail: { [ 1 2 3 4 5 6 "a" ffi_test_9 ] }
Unit Test: { { 14 } [ 1 2 3 make-FOO 4 ffi_test_11 ] }
Unit Test: { { 11 6 } [ 11 6 ffi_test_14 [ x>> ] [ y>> ] bi ] }
Unit Test: { { "foo" } [ "xy" "zt" ffi_test_15 ] }
Unit Test: { { "bar" } [ "xy" "xy" ffi_test_15 ] }
Must Fail: { [ 1 2 ffi_test_15 ] }
Unit Test: {
    { 11 6 -7 }
    [ 11 6 -7 ffi_test_16 [ x>> ] [ y>> ] [ z>> ] tri ]
}
Unit Test: { { 11 } [ 11 ffi_test_17 x>> ] }
Must Fail With: { [ [ alien-indirect ] infer ] [ inference-error? ] }
Must Infer As: { { 1 1 } [ indirect-test-1 ] }
Unit Test: { { 3 } [ "ffi_test_1" "f-cdecl" address-of indirect-test-1 ] }
Must Infer As: { { 1 0 } [ indirect-test-1' ] }
Unit Test: { { } [ "ffi_test_1" "f-cdecl" address-of indirect-test-1' ] }
Must Fail: { [ -1 indirect-test-1 ] }
Must Infer As: { { 3 1 } [ indirect-test-2 ] }
Unit Test: {
    { 5 }
    [ 2 3 "ffi_test_2" "f-cdecl" address-of indirect-test-2 ]
}
Unit Test: { { f } [ "f-stdcall" library-dll f = ] }
Unit Test: { { stdcall } [ "f-stdcall" lookup-library abi>> ] }
Unit Test: { { 25 } [ 2 3 4 5 ffi_test_18 ] }
Unit Test: {
    { 11 6 -7 }
    [ 11 6 -7 ffi_test_19 [ x>> ] [ y>> ] [ z>> ] tri ]
}
Unit Test: { { 25 85 } [ 2 3 4 5 6 7 8 9 multi_ffi_test_18 ] }
Unit Test: { { 6.0 } [ 3.0 2.0 ffi_test_6 ] }
Must Fail: { [ "a" "b" ffi_test_6 ] }
Unit Test: { { 6.0 } [ 3.0 2.0 ffi_test_7 ] }
Unit Test: { { 19.0 } [ 3.0 2.0 1.0 6.0 7 ffi_test_8 ] }
Unit Test: { { -34 } [ 1 2 3.0 4 5.0 6 7 8 ffi_test_10 ] }
Unit Test: { { } [ 1.0 2.0 3.0 4.0 5.0 6.0 7.0 8.0 9.0 ffi_test_20 ] }
Unit Test: { { 121932631112635269 } [ 123456789 987654321 ffi_test_21 ] }
Unit Test: {
    { 987655432 }
    [ 1111 121932631112635269 123456789 ffi_test_22 ]
}
Must Fail: { [ 1111 f 123456789 ffi_test_22 ] }
Unit Test: { { 45 } [ 1 2 3.0 4.0 5.0 6.0 <RECT> 7 8 9 ffi_test_12 ] }
Must Fail: { [ 1 2 { 1 2 3 } 7 8 9 ffi_test_12 ] }
Unit Test: {
    { 32.0 }
    [
        { 1.0 2.0 3.0 } float >c-array
        { 4.0 5.0 6.0 } float >c-array ffi_test_23
    ]
}
Unit Test: { { S{ test-struct-1 { x char-array{ 1 } } } } [ ffi_test_24 ] }
Unit Test: {
    { S{ test-struct-2 { x char-array{ 1 2 } } } }
    [ ffi_test_25 ]
}
Unit Test: {
    { S{ test-struct-3 { x char-array{ 1 2 3 } } } }
    [ ffi_test_26 ]
}
Unit Test: {
    { S{ test-struct-4 { x char-array{ 1 2 3 4 } } } }
    [ ffi_test_27 ]
}
Unit Test: {
    { S{ test-struct-5 { x char-array{ 1 2 3 4 5 } } } }
    [ ffi_test_28 ]
}
Unit Test: {
    { S{ test-struct-6 { x char-array{ 1 2 3 4 5 6 } } } }
    [ ffi_test_29 ]
}
Unit Test: {
    { S{ test-struct-7 { x char-array{ 1 2 3 4 5 6 7 } } } }
    [ ffi_test_30 ]
}
Unit Test: {
    { 9.0 }
    [ test-struct-8 <struct> 1.0 >>x 2.0 >>y 3 ffi_test_32 ]
}
Unit Test: {
    { 9.0 }
    [ test-struct-9 <struct> 1.0 >>x 2.0 >>y 3 ffi_test_33 ]
}
Unit Test: {
    { 9.0 }
    [ test-struct-10 <struct> 1.0 >>x 2 >>y 3 ffi_test_34 ]
}
Unit Test: {
    { 9.0 }
    [ test-struct-11 <struct> 1 >>x 2 >>y 3 ffi_test_35 ]
}
Unit Test: { { 1.23456 } [ 1.23456 make-struct-12 ffi_test_36 ] }
Unit Test: { { t } [ 31 2^ 32 2^ ffi_test_38 63 2^ = ] }
Unit Test: { { t } [ callback-throws [ alien? ] with-callback ] }
Unit Test: {
    { 0 1 }
    [ [ callback-1 ] infer [ in>> length ] [ out>> length ] bi ]
}
Unit Test: { { t } [ callback-1 [ alien? ] with-callback ] }
Unit Test: { { } [ callback-1 [ callback_test_1 ] with-callback ] }
Unit Test: { { } [ callback-2 [ callback_test_1 ] with-callback ] }
Unit Test: {
    { t 3 5 }
    [
        [
            (get-namestack) 3 "x" set callback-3
            [ callback_test_1 ] with-callback
            (get-namestack) eq? "x" get "x" get-global
        ] with-scope
    ]
}
Unit Test: {
    { "testing" }
    [ "testing" callback-5 [ callback_test_1 ] with-callback ]
}
Unit Test: {
    { "testing" }
    [ "testing" callback-5b [ callback_test_1 ] with-callback ]
}
Unit Test: {
    { 1 2 3 }
    [ callback-6 [ callback_test_1 1 2 3 ] with-callback ]
}
Unit Test: {
    { 1 2 3 }
    [ callback-7 [ callback_test_1 1 2 3 ] with-callback ]
}
Unit Test: { { f } [ namespace global eq? ] }
Unit Test: { { } [ callback-8 [ callback_test_1 ] with-callback ] }
Unit Test: { { } [ ffi_test_36_point_5 ] }
Unit Test: { { 1 } [ callback-9 [ ffi_test_37 ] with-callback ] }
Unit Test: { { 7 } [ callback-9 [ ffi_test_37 ] with-callback ] }
Unit Test: { { 21 } [ 12347 12347 make-test-struct-13 ffi_test_39 ] }
Unit Test: {
    { byte-array 1.0 2.0 3.0 4.0 }
    [
        1.0 2.0 3.0 4.0 <double-rect> double-rect-callback [
            double-rect-test
            [ >c-ptr class-of ] [ >double-rect< ] bi
        ] with-callback
    ]
}
Unit Test: { { 1.0 2.0 } [ 1.0 2.0 ffi_test_40 [ x1>> ] [ x2>> ] bi ] }
Unit Test: {
    { 1.0 2.0 }
    [
        1.0 2.0 callback-10
        [ callback-10-test [ x1>> ] [ x2>> ] bi ] with-callback
    ]
}
Unit Test: { { 1 2.0 } [ 1 2.0 ffi_test_41 [ a>> ] [ x>> ] bi ] }
Unit Test: {
    { 1 2.0 }
    [
        1 2.0 callback-11
        [ callback-11-test [ a>> ] [ x>> ] bi ] with-callback
    ]
}
Unit Test: { { 1.0 2.0 } [ 1.0 2.0 ffi_test_42 [ x>> ] [ y>> ] bi ] }
Unit Test: {
    { 1.0 2.0 }
    [
        1.0 2.0 callback-12
        [ callback-12-test [ x>> ] [ y>> ] bi ] with-callback
    ]
}
Unit Test: { { 1.0 2 } [ 1.0 2 ffi_test_43 [ x>> ] [ a>> ] bi ] }
Unit Test: {
    { 1.0 2 }
    [
        1.0 2 callback-13
        [ callback-13-test [ x>> ] [ a>> ] bi ] with-callback
    ]
}
Unit Test: { { 1.0 2.0 } [ ffi_test_44 [ x1>> ] [ x2>> ] bi ] }
Must Not Fail: { [ stack-frame-bustage ] }
Unit Test: { { C{ 3.0 0.0 } } [ 3 ffi_test_45 ] }
Unit Test: { { C{ 3.0 0.0 } } [ 3 ffi_test_46 ] }
Unit Test: { { C{ 4.0 4.0 } } [ C{ 1.0 2.0 } C{ 1.5 1.0 } ffi_test_47 ] }
Unit Test: {
    { 123 }
    [ bool-field-test <struct> 123 >>parents ffi_test_48 ]
}
Unit Test: {
    { 200 }
    [
        thread-callback-2
        [ thread-callback-invoker ] with-callback
    ]
}
Unit Test: { { 100 } [ "p" get ?promise ] }
Unit Test: { { } [ assembly-test-1 ] }
Unit Test: { { f } [ "f-fastcall" library-dll f = ] }
Unit Test: { { fastcall } [ "f-fastcall" lookup-library abi>> ] }
Unit Test: { { 4 } [ 3 ffi_test_49 ] }
Unit Test: { { 8 } [ 3 4 ffi_test_50 ] }
Unit Test: { { 13 } [ 3 4 5 ffi_test_51 ] }
Unit Test: { { 13 22 } [ 3 4 5 6 7 8 multi_ffi_test_51 ] }
Unit Test: { { t } [ most-positive-fixnum 1 + [ ffi_test_59 ] keep = ] }
Unit Test: { { t } [ most-positive-fixnum 1 + [ ffi_test_60 ] keep = ] }
Unit Test: { { -1 } [ -1 ffi_test_59 ] }
Unit Test: { { -1 } [ 18446744073709551615 ffi_test_59 ] }
Unit Test: { { 18446744073709551615 } [ -1 ffi_test_60 ] }
Unit Test: {
    { 18446744073709551615 }
    [ 18446744073709551615 ffi_test_60 ]
}
Unit Test: { { 13 } [ 3 4.0 5 ffi_test_52 ] }
Unit Test: { { 19 } [ 3 4.0 5 6 ffi_test_53 ] }
Unit Test: { { S{ test-struct-11 { x 7 } { y -1 } } } [ 3 4 ffi_test_57 ] }
Unit Test: {
    { S{ test-struct-11 { x 7 } { y -3 } } }
    [ 3 4 7 ffi_test_58 ]
}
Unit Test: {
    { 8 }
    [
        3 4 "ffi_test_50" "f-cdecl" address-of
        fastcall-ii-indirect
    ]
}
Unit Test: {
    { 13 }
    [
        3 4 5 "ffi_test_51" "f-cdecl" address-of
        fastcall-iii-indirect
    ]
}
Unit Test: {
    { 13 }
    [
        3 4.0 5 "ffi_test_52" "f-cdecl" address-of
        fastcall-ifi-indirect
    ]
}
Unit Test: {
    { 19 }
    [
        3 4.0 5 6 "ffi_test_53" "f-cdecl" address-of
        fastcall-ifii-indirect
    ]
}
Unit Test: {
    { S{ test-struct-11 { x 7 } { y -1 } } }
    [
        3 4 "ffi_test_57" "f-cdecl" address-of
        fastcall-struct-return-ii-indirect
    ]
}
Unit Test: {
    { S{ test-struct-11 { x 7 } { y -3 } } }
    [
        3 4 7 "ffi_test_58" "f-cdecl" address-of
        fastcall-struct-return-iii-indirect
    ]
}
Unit Test: {
    { 8 }
    [
        3 4 fastcall-ii-callback
        [ fastcall-ii-indirect ] with-callback
    ]
}
Unit Test: {
    { 13 }
    [
        3 4 5 fastcall-iii-callback
        [ fastcall-iii-indirect ] with-callback
    ]
}
Unit Test: {
    { 13 }
    [
        3 4.0 5 fastcall-ifi-callback
        [ fastcall-ifi-indirect ] with-callback
    ]
}
Unit Test: {
    { 19 }
    [
        3 4.0 5 6 fastcall-ifii-callback
        [ fastcall-ifii-indirect ] with-callback
    ]
}
Unit Test: {
    { S{ test-struct-11 { x 7 } { y -1 } } }
    [
        3 4 fastcall-struct-return-ii-callback
        [ fastcall-struct-return-ii-indirect ] with-callback
    ]
}
Unit Test: {
    { S{ test-struct-11 { x 7 } { y -3 } } }
    [
        3 4 7 fastcall-struct-return-iii-callback
        [ fastcall-struct-return-iii-indirect ] with-callback
    ]
}
Unit Test: {
    { 661 }
    [
        100 500 50 10 1 x64-regression-1
        [ x64-regression-2 ] with-callback
    ]
}
Unit Test: { { 3 } [ blah ] }
Unit Test: { { 12 } [ out-param-test-1 ] }
Unit Test: { { 12 } [ out-param-test-2 ] }
Unit Test: { { 3.0 4.0 } [ out-param-test-3 ] }
Unit Test: {
    { 12 }
    [
        6 out-param-callback
        [ out-param-indirect ] with-callback
    ]
}
Unit Test: {
    { T{ some-tuple { x 5.0 } } }
    [
        [
            some-tuple new aa-callback-1
            [ aa-indirect-1 ] with-callback >>x
        ] compile-call
    ]
}
Unit Test: { { } [ anton's-regression ] }
Unit Test: { { t } [ ffi_test_61 bool-and-ptr? ] }
Unit Test: { { { t f } } [ ffi_test_61 [ b>> ] [ ptr>> ] bi 2array ] }
Unit Test: {
    { S{ uint-pair { a 2882400171 } { b 305419896 } } }
    [ ffi_test_62 ]
}
Unit Test: {
    {
        S{ ulonglong-pair
            { a 12379814471884843981 }
            { b 1311768467302729063 }
        }
    }
    [ ffi_test_63 ]
}
Unit Test: {
    { t }
    [
        10 [ [ 100 random ] twice 2array ] replicate [
            [
                first2 [ <alien> ] dip bug1021_test_1
                alien-address
            ] map
        ] [ [ first2 sq + ] map ] bi =
    ]
}
Unit Test: {
    { }
    [
        minor-gc 2000
        [ 101 <alien> run-test [ alien-address ] map drop ]
        times
    ]
}
Unit Test: { { } [ 10000 [ 0 doit 33 assert= ] times ] }
Unit Test: {
    { 28 }
    [
        1 2 3
        S{ test_struct_66 { mem1 4 } { mem2 5 } }
        S{ test_struct_66 { mem1 6 } { mem2 7 } } ffi_test_66
    ]
}
Unit Test: {
    { 28 }
    [
        1 2 3
        S{ test_struct_66 { mem1 4 } { mem2 5 } }
        S{ test_struct_66 { mem1 6 } { mem2 7 } } callback-14
        [ callback-14-test ] with-callback
    ]
}
Unit Test: {
    { 44 }
    [
        1 2 3
        S{ test_struct_66 { mem1 4 } { mem2 5 } }
        S{ test_struct_66 { mem1 6 } { mem2 7 } } 8 ffi_test_67
    ]
}
Unit Test: {
    { 44 }
    [
        1 2 3
        S{ test_struct_66 { mem1 4 } { mem2 5 } }
        S{ test_struct_66 { mem1 6 } { mem2 7 } } 8 callback-15
        [ callback-15-test ] with-callback
    ]
}
Unit Test: {
    { 55 }
    [
        1 2 3
        S{ test_struct_66 { mem1 4 } { mem2 5 } }
        S{ test_struct_68 { mem1 6 } { mem2 7 } { mem3 8 } }
        S{ test_struct_66 { mem1 9 } { mem2 10 } } ffi_test_68
    ]
}
Unit Test: {
    { 55 }
    [
        1 2 3
        S{ test_struct_66 { mem1 4 } { mem2 5 } }
        S{ test_struct_68 { mem1 6 } { mem2 7 } { mem3 8 } }
        S{ test_struct_66 { mem1 9 } { mem2 10 } } callback-16
        [ callback-16-test ] with-callback
    ]
}
Unit Test: {
    { 55 }
    [
        1 2 3
        S{ test_struct_66 { mem1 4 } { mem2 5 } }
        S{ test_struct_69 { mem1 6.0 } { mem2 7 } { mem3 8 } }
        S{ test_struct_66 { mem1 9 } { mem2 10 } } ffi_test_69
    ]
}
Unit Test: {
    { 55 }
    [
        1 2 3
        S{ test_struct_66 { mem1 4 } { mem2 5 } }
        S{ test_struct_69 { mem1 6.0 } { mem2 7 } { mem3 8 } }
        S{ test_struct_66 { mem1 9 } { mem2 10 } } callback-17
        [ callback-17-test ] with-callback
    ]
}
Unit Test: {
    { 36 }
    [
        S{ test_struct_68 { mem1 1 } { mem2 2 } { mem3 3 } }
        S{ test_struct_68 { mem1 4 } { mem2 5 } { mem3 6 } }
        S{ test_struct_66 { mem1 7 } { mem2 8 } } ffi_test_70
    ]
}
Unit Test: {
    { 36 }
    [
        S{ test_struct_68 { mem1 1 } { mem2 2 } { mem3 3 } }
        S{ test_struct_68 { mem1 4 } { mem2 5 } { mem3 6 } }
        S{ test_struct_66 { mem1 7 } { mem2 8 } } callback-18
        [ callback-18-test ] with-callback
    ]
}
Testing resource:basis/compiler/tests/alien-large-return.factor
Unit Test: {
    { 6 15 24 }
    [
        1 2 3 4 5 6 7 8 9 ffi_test_large_return
        large-return-values
    ]
}
Unit Test: {
    { -6 -15 -24 }
    [
        -1 -2 -3 -4 -5 -6 -7 -8 -9 ffi_test_large_return
        large-return-values
    ]
}
Unit Test: {
    { 6 15 24 }
    [
        1 2 3 4 5 6 7 8 9 "ffi_test_large_return"
        "large-return-test" library-dll dlsym
        indirect-large-return large-return-values
    ]
}
Unit Test: {
    { 45 }
    [
        large-return-callback
        [ ffi_test_large_return_callback ] with-callback
    ]
}
Unit Test: {
    { 45 }
    [
        nested-large-return-callback
        [ ffi_test_large_return_callback ] with-callback
    ]
}
Testing resource:basis/compiler/tests/float.factor
Unit Test: { { 3.0 1 2 3 } [ 1.0 2.0 [ float+ 1 2 3 ] compile-call ] }
Unit Test: { { 3 } [ 1.0 [ 2.0 float+ tag ] compile-call ] }
Unit Test: { { 3.0 } [ 1.0 [ 2.0 float+ ] compile-call ] }
Unit Test: { { 3.0 } [ 1.0 [ 2.0 swap float+ ] compile-call ] }
Unit Test: { { 3.0 } [ 1.0 2.0 [ float+ ] compile-call ] }
Unit Test: { { 3.0 } [ 1.0 2.0 [ swap float+ ] compile-call ] }
Unit Test: { { -1.0 } [ 1.0 [ 2.0 float- ] compile-call ] }
Unit Test: { { 1.0 } [ 1.0 [ 2.0 swap float- ] compile-call ] }
Unit Test: { { -1.0 } [ 1.0 2.0 [ float- ] compile-call ] }
Unit Test: { { 1.0 } [ 1.0 2.0 [ swap float- ] compile-call ] }
Unit Test: { { 6.0 } [ 3.0 [ 2.0 float* ] compile-call ] }
Unit Test: { { 6.0 } [ 3.0 [ 2.0 swap float* ] compile-call ] }
Unit Test: { { 6.0 } [ 3.0 2.0 [ float* ] compile-call ] }
Unit Test: { { 6.0 } [ 3.0 2.0 [ swap float* ] compile-call ] }
Unit Test: { { 0.5 } [ 1.0 [ 2.0 float/f ] compile-call ] }
Unit Test: { { 2.0 } [ 1.0 [ 2.0 swap float/f ] compile-call ] }
Unit Test: { { 0.5 } [ 1.0 2.0 [ float/f ] compile-call ] }
Unit Test: { { 2.0 } [ 1.0 2.0 [ swap float/f ] compile-call ] }
Unit Test: { { t } [ 1.0 2.0 [ float< ] compile-call ] }
Unit Test: { { t } [ 1.0 [ 2.0 float< ] compile-call ] }
Unit Test: { { f } [ 1.0 [ 2.0 swap float< ] compile-call ] }
Unit Test: { { f } [ 1.0 1.0 [ float< ] compile-call ] }
Unit Test: { { f } [ 1.0 [ 1.0 float< ] compile-call ] }
Unit Test: { { f } [ 1.0 [ 1.0 swap float< ] compile-call ] }
Unit Test: { { f } [ 3.0 1.0 [ float< ] compile-call ] }
Unit Test: { { f } [ 3.0 [ 1.0 float< ] compile-call ] }
Unit Test: { { t } [ 3.0 [ 1.0 swap float< ] compile-call ] }
Unit Test: { { t } [ 1.0 2.0 [ float<= ] compile-call ] }
Unit Test: { { t } [ 1.0 [ 2.0 float<= ] compile-call ] }
Unit Test: { { f } [ 1.0 [ 2.0 swap float<= ] compile-call ] }
Unit Test: { { t } [ 1.0 1.0 [ float<= ] compile-call ] }
Unit Test: { { t } [ 1.0 [ 1.0 float<= ] compile-call ] }
Unit Test: { { t } [ 1.0 [ 1.0 swap float<= ] compile-call ] }
Unit Test: { { f } [ 3.0 1.0 [ float<= ] compile-call ] }
Unit Test: { { f } [ 3.0 [ 1.0 float<= ] compile-call ] }
Unit Test: { { t } [ 3.0 [ 1.0 swap float<= ] compile-call ] }
Unit Test: { { f } [ 1.0 2.0 [ float> ] compile-call ] }
Unit Test: { { f } [ 1.0 [ 2.0 float> ] compile-call ] }
Unit Test: { { t } [ 1.0 [ 2.0 swap float> ] compile-call ] }
Unit Test: { { f } [ 1.0 1.0 [ float> ] compile-call ] }
Unit Test: { { f } [ 1.0 [ 1.0 float> ] compile-call ] }
Unit Test: { { f } [ 1.0 [ 1.0 swap float> ] compile-call ] }
Unit Test: { { t } [ 3.0 1.0 [ float> ] compile-call ] }
Unit Test: { { t } [ 3.0 [ 1.0 float> ] compile-call ] }
Unit Test: { { f } [ 3.0 [ 1.0 swap float> ] compile-call ] }
Unit Test: { { f } [ 1.0 2.0 [ float>= ] compile-call ] }
Unit Test: { { f } [ 1.0 [ 2.0 float>= ] compile-call ] }
Unit Test: { { t } [ 1.0 [ 2.0 swap float>= ] compile-call ] }
Unit Test: { { t } [ 1.0 1.0 [ float>= ] compile-call ] }
Unit Test: { { t } [ 1.0 [ 1.0 float>= ] compile-call ] }
Unit Test: { { t } [ 1.0 [ 1.0 swap float>= ] compile-call ] }
Unit Test: { { t } [ 3.0 1.0 [ float>= ] compile-call ] }
Unit Test: { { t } [ 3.0 [ 1.0 float>= ] compile-call ] }
Unit Test: { { f } [ 3.0 [ 1.0 swap float>= ] compile-call ] }
Unit Test: { { f } [ 1.0 2.0 [ float= ] compile-call ] }
Unit Test: { { t } [ 1.0 1.0 [ float= ] compile-call ] }
Unit Test: { { f } [ 1.0 [ 2.0 float= ] compile-call ] }
Unit Test: { { t } [ 1.0 [ 1.0 float= ] compile-call ] }
Unit Test: { { f } [ 1.0 [ 2.0 swap float= ] compile-call ] }
Unit Test: { { t } [ 1.0 [ 1.0 swap float= ] compile-call ] }
Unit Test: {
    { t }
    [ 0.0 [ dup 0.0 float= swap -0.0 float= or ] compile-call ]
}
Unit Test: {
    { t }
    [ -0.0 [ dup 0.0 float= swap -0.0 float= or ] compile-call ]
}
Unit Test: {
    { f }
    [ 3.0 [ dup 0.0 float= swap -0.0 float= or ] compile-call ]
}
Unit Test: { { 313.0 } [ 313 [ fixnum>float ] compile-call ] }
Unit Test: { { -313 } [ -313.5 [ float>fixnum ] compile-call ] }
Unit Test: { { 313 } [ 313.5 [ float>fixnum ] compile-call ] }
Unit Test: {
    { 315 315.0 }
    [ 313 [ 2 fixnum+fast dup fixnum>float ] compile-call ]
}
Unit Test: { { t } [ 0/0. 0/0. [ float-unordered? ] compile-call ] }
Unit Test: { { t } [ 0/0. 1.0 [ float-unordered? ] compile-call ] }
Unit Test: { { t } [ 1.0 0/0. [ float-unordered? ] compile-call ] }
Unit Test: { { f } [ 3.0 1.0 [ float-unordered? ] compile-call ] }
Unit Test: { { f } [ 1.0 3.0 [ float-unordered? ] compile-call ] }
Unit Test: {
    { 1 }
    [
        0/0. 0/0.
        [ float-unordered? [ 1 ] [ 2 ] if ] compile-call
    ]
}
Unit Test: {
    { 1 }
    [
        0/0. 1.0
        [ float-unordered? [ 1 ] [ 2 ] if ] compile-call
    ]
}
Unit Test: {
    { 1 }
    [
        1.0 0/0.
        [ float-unordered? [ 1 ] [ 2 ] if ] compile-call
    ]
}
Unit Test: {
    { 2 }
    [ 3.0 1.0 [ float-unordered? [ 1 ] [ 2 ] if ] compile-call ]
}
Unit Test: {
    { 2 }
    [ 1.0 3.0 [ float-unordered? [ 1 ] [ 2 ] if ] compile-call ]
}
Unit Test: { { -11.3 } [ -11.3 17.5 [ two-floats min ] compile-call ] }
Unit Test: { { -11.3 } [ 17.5 -11.3 [ two-floats min ] compile-call ] }
Unit Test: { { 17.5 } [ -11.3 17.5 [ two-floats max ] compile-call ] }
Unit Test: { { 17.5 } [ 17.5 -11.3 [ two-floats max ] compile-call ] }
Unit Test: {
    { 30.0 }
    [
        float-array{ 1.0 2.0 3.0 4.0 }
        float-array{ 1.0 2.0 3.0 4.0 } [
            { float-array float-array } declare
            [ * ] [ + ] 2map-reduce
        ] compile-call
    ]
}
Unit Test: {
    { 30.0 }
    [
        float-array{ 1.0 2.0 3.0 4.0 }
        [ { float-array } declare dup [ * ] [ + ] 2map-reduce ]
        compile-call
    ]
}
Unit Test: {
    { 30.0 }
    [
        float-array{ 1.0 2.0 3.0 4.0 }
        [ { float-array } declare [ dup * ] [ + ] map-reduce ]
        compile-call
    ]
}
Unit Test: {
    { 4.5 }
    [
        float-array{ 1.0 3.5 }
        [ { float-array } declare 0.0 [ + ] reduce ]
        compile-call
    ]
}
Unit Test: {
    { float-array{ 2.0 4.5 } }
    [
        float-array{ 1.0 3.5 }
        [ { float-array } declare [ 1 + ] map ] compile-call
    ]
}
Unit Test: {
    { t }
    [
        [ double-array{ 1.0 2.0 3.0 } 0.0 [ + ] reduce sqrt ]
        compile-call 2.44948 0.0001 ~
    ]
}
Unit Test: {
    { 7.5 3 }
    [
        [
            double-array{ 1.0 2.0 3.0 } 1.5 [ + ] reduce
            dup 0.0 < [ 2 ] [ 3 ] if
        ] compile-call
    ]
}
ARM64 regression tests passed
