compiler.cfg.value-numbering
Unit Test: {
    {
        {
            T{ ##load-reference { dst 0 } { obj 0.0 } }
            T{ ##load-reference { dst 1 } { obj -0.0 } }
        }
    }
    [
        {
            T{ ##load-reference { dst 0 } { obj 0.0 } }
            T{ ##load-reference { dst 1 } { obj -0.0 } }
        } value-numbering-step
    ]
}
Unit Test: {
    {
        {
            T{ ##load-reference { dst 0 } { obj 0.0 } }
            T{ ##copy { dst 1 } { src 0 } { rep any-rep } }
        }
    }
    [
        {
            T{ ##load-reference { dst 0 } { obj 0.0 } }
            T{ ##load-reference { dst 1 } { obj 0.0 } }
        } value-numbering-step
    ]
}
Unit Test: {
    {
        {
            T{ ##load-reference { dst 0 } { obj t } }
            T{ ##copy { dst 1 } { src 0 } { rep any-rep } }
        }
    }
    [
        {
            T{ ##load-reference { dst 0 } { obj t } }
            T{ ##load-reference { dst 1 } { obj t } }
        } value-numbering-step
    ]
}
Unit Test: {
    {
        {
            T{ ##peek { dst 1 } { loc D: 1 } }
            T{ ##peek { dst 2 } { loc D: 2 } }
            T{ ##compare
                { dst 4 }
                { src1 2 }
                { src2 1 }
                { cc cc= }
            }
            T{ ##copy { dst 6 } { src 4 } { rep any-rep } }
            T{ ##replace { src 6 } { loc D: 0 } }
        }
    }
    [
        {
            T{ ##peek { dst 1 } { loc D: 1 } }
            T{ ##peek { dst 2 } { loc D: 2 } }
            T{ ##compare
                { dst 4 }
                { src1 2 }
                { src2 1 }
                { cc cc= }
            }
            T{ ##compare-imm { dst 6 } { src1 4 } { cc cc/= } }
            T{ ##replace { src 6 } { loc D: 0 } }
        } value-numbering-step trim-temps
    ]
}
Unit Test: {
    {
        {
            T{ ##peek { dst 1 } { loc D: 1 } }
            T{ ##compare-imm
                { dst 2 }
                { src1 1 }
                { src2 16 }
                { cc cc= }
            }
            T{ ##copy { dst 3 } { src 2 } { rep any-rep } }
            T{ ##replace { src 3 } { loc D: 0 } }
        }
    }
    [
        {
            T{ ##peek { dst 1 } { loc D: 1 } }
            T{ ##compare-imm
                { dst 2 }
                { src1 1 }
                { src2 16 }
                { cc cc= }
            }
            T{ ##compare-imm { dst 3 } { src1 2 } { cc cc/= } }
            T{ ##replace { src 3 } { loc D: 0 } }
        } value-numbering-step trim-temps
    ]
}
Unit Test: {
    {
        {
            T{ ##peek { dst 1 } { loc D: 1 } }
            T{ ##peek { dst 2 } { loc D: 2 } }
            T{ ##compare-integer
                { dst 4 }
                { src1 2 }
                { src2 1 }
                { cc cc> }
            }
            T{ ##copy { dst 6 } { src 4 } { rep any-rep } }
            T{ ##replace { src 6 } { loc D: 0 } }
        }
    }
    [
        {
            T{ ##peek { dst 1 } { loc D: 1 } }
            T{ ##peek { dst 2 } { loc D: 2 } }
            T{ ##compare-integer
                { dst 4 }
                { src1 2 }
                { src2 1 }
                { cc cc> }
            }
            T{ ##compare-imm { dst 6 } { src1 4 } { cc cc/= } }
            T{ ##replace { src 6 } { loc D: 0 } }
        } value-numbering-step trim-temps
    ]
}
Unit Test: {
    {
        {
            T{ ##peek { dst 1 } { loc D: 1 } }
            T{ ##peek { dst 2 } { loc D: 2 } }
            T{ ##compare-integer
                { dst 4 }
                { src1 2 }
                { src2 1 }
                { cc cc<= }
            }
            T{ ##compare-integer
                { dst 6 }
                { src1 2 }
                { src2 1 }
                { cc cc/<= }
            }
            T{ ##replace { src 6 } { loc D: 0 } }
        }
    }
    [
        {
            T{ ##peek { dst 1 } { loc D: 1 } }
            T{ ##peek { dst 2 } { loc D: 2 } }
            T{ ##compare-integer
                { dst 4 }
                { src1 2 }
                { src2 1 }
                { cc cc<= }
            }
            T{ ##compare-imm { dst 6 } { src1 4 } { cc cc= } }
            T{ ##replace { src 6 } { loc D: 0 } }
        } value-numbering-step trim-temps
    ]
}
Unit Test: {
    {
        {
            T{ ##peek { dst 1 } { loc D: 1 } }
            T{ ##compare-integer-imm
                { dst 2 }
                { src1 1 }
                { src2 100 }
                { cc cc<= }
            }
            T{ ##compare-integer-imm
                { dst 3 }
                { src1 1 }
                { src2 100 }
                { cc cc/<= }
            }
            T{ ##replace { src 3 } { loc D: 0 } }
        }
    }
    [
        {
            T{ ##peek { dst 1 } { loc D: 1 } }
            T{ ##compare-integer-imm
                { dst 2 }
                { src1 1 }
                { src2 100 }
                { cc cc<= }
            }
            T{ ##compare-imm { dst 3 } { src1 2 } { cc cc= } }
            T{ ##replace { src 3 } { loc D: 0 } }
        } value-numbering-step trim-temps
    ]
}
Unit Test: {
    {
        {
            T{ ##peek { dst 8 } { loc D: 0 } }
            T{ ##peek { dst 9 } { loc D: -1 } }
            T{ ##compare-float-unordered
                { dst 12 }
                { src1 8 }
                { src2 9 }
                { cc cc< }
            }
            T{ ##compare-float-unordered
                { dst 14 }
                { src1 8 }
                { src2 9 }
                { cc cc/< }
            }
            T{ ##replace { src 14 } { loc D: 0 } }
        }
    }
    [
        {
            T{ ##peek { dst 8 } { loc D: 0 } }
            T{ ##peek { dst 9 } { loc D: -1 } }
            T{ ##compare-float-unordered
                { dst 12 }
                { src1 8 }
                { src2 9 }
                { cc cc< }
            }
            T{ ##compare-imm { dst 14 } { src1 12 } { cc cc= } }
            T{ ##replace { src 14 } { loc D: 0 } }
        } value-numbering-step trim-temps
    ]
}
Unit Test: {
    {
        {
            T{ ##peek { dst 29 } { loc D: -1 } }
            T{ ##peek { dst 30 } { loc D: -2 } }
            T{ ##compare
                { dst 33 }
                { src1 29 }
                { src2 30 }
                { cc cc= }
            }
            T{ ##compare-branch
                { src1 29 }
                { src2 30 }
                { cc cc= }
            }
        }
    }
    [
        {
            T{ ##peek { dst 29 } { loc D: -1 } }
            T{ ##peek { dst 30 } { loc D: -2 } }
            T{ ##compare
                { dst 33 }
                { src1 29 }
                { src2 30 }
                { cc cc= }
            }
            T{ ##compare-imm-branch { src1 33 } { cc cc/= } }
        } value-numbering-step trim-temps
    ]
}
Unit Test: {
    {
        {
            T{ ##peek { dst 29 } { loc D: -1 } }
            T{ ##peek { dst 30 } { loc D: -2 } }
            T{ ##compare-integer
                { dst 33 }
                { src1 29 }
                { src2 30 }
                { cc cc<= }
            }
            T{ ##compare-integer-branch
                { src1 29 }
                { src2 30 }
                { cc cc<= }
            }
        }
    }
    [
        {
            T{ ##peek { dst 29 } { loc D: -1 } }
            T{ ##peek { dst 30 } { loc D: -2 } }
            T{ ##compare-integer
                { dst 33 }
                { src1 29 }
                { src2 30 }
                { cc cc<= }
            }
            T{ ##compare-imm-branch { src1 33 } { cc cc/= } }
        } value-numbering-step trim-temps
    ]
}
Unit Test: {
    {
        {
            T{ ##peek { dst 29 } { loc D: -1 } }
            T{ ##peek { dst 30 } { loc D: -2 } }
            T{ ##test
                { dst 33 }
                { src1 29 }
                { src2 30 }
                { cc cc= }
            }
            T{ ##test-branch
                { src1 29 }
                { src2 30 }
                { cc cc= }
            }
        }
    }
    [
        {
            T{ ##peek { dst 29 } { loc D: -1 } }
            T{ ##peek { dst 30 } { loc D: -2 } }
            T{ ##test
                { dst 33 }
                { src1 29 }
                { src2 30 }
                { cc cc= }
            }
            T{ ##compare-imm-branch { src1 33 } { cc cc/= } }
        } value-numbering-step trim-temps
    ]
}
Unit Test: {
    {
        {
            T{ ##peek { dst 29 } { loc D: -1 } }
            T{ ##test-imm
                { dst 33 }
                { src1 29 }
                { src2 30 }
                { cc cc= }
            }
            T{ ##test-imm-branch
                { src1 29 }
                { src2 30 }
                { cc cc= }
            }
        }
    }
    [
        {
            T{ ##peek { dst 29 } { loc D: -1 } }
            T{ ##test-imm
                { dst 33 }
                { src1 29 }
                { src2 30 }
                { cc cc= }
            }
            T{ ##compare-imm-branch { src1 33 } { cc cc/= } }
        } value-numbering-step trim-temps
    ]
}
Unit Test: {
    {
        {
            T{ ##peek { dst 1 } { loc D: -1 } }
            T{ ##test-vector
                { dst 2 }
                { src1 1 }
                { rep float-4-rep }
                { vcc vcc-any }
            }
            T{ ##test-vector-branch
                { src1 1 }
                { rep float-4-rep }
                { vcc vcc-any }
            }
        }
    }
    [
        {
            T{ ##peek { dst 1 } { loc D: -1 } }
            T{ ##test-vector
                { dst 2 }
                { src1 1 }
                { rep float-4-rep }
                { vcc vcc-any }
            }
            T{ ##compare-imm-branch { src1 2 } { cc cc/= } }
        } value-numbering-step trim-temps
    ]
}
Unit Test: {
    {
        {
            T{ ##peek { dst 0 } { loc D: 0 } }
            T{ ##load-integer { dst 1 } { val 100 } }
            T{ ##add-imm { dst 2 } { src1 0 } { src2 100 } }
        }
    }
    [
        {
            T{ ##peek { dst 0 } { loc D: 0 } }
            T{ ##load-integer { dst 1 } { val 100 } }
            T{ ##add { dst 2 } { src1 0 } { src2 1 } }
        } value-numbering-step
    ]
}
Unit Test: {
    {
        {
            T{ ##peek { dst 0 } { loc D: 0 } }
            T{ ##load-integer { dst 1 } { val 100 } }
            T{ ##add-imm { dst 2 } { src1 0 } { src2 100 } }
        }
    }
    [
        {
            T{ ##peek { dst 0 } { loc D: 0 } }
            T{ ##load-integer { dst 1 } { val 100 } }
            T{ ##add { dst 2 } { src1 1 } { src2 0 } }
        } value-numbering-step
    ]
}
Unit Test: {
    {
        {
            T{ ##peek { dst 0 } { loc D: 0 } }
            T{ ##load-integer { dst 1 } { val 0 } }
        }
    }
    [
        {
            T{ ##peek { dst 0 } { loc D: 0 } }
            T{ ##sub { dst 1 } { src1 0 } { src2 0 } }
        } value-numbering-step
    ]
}
Unit Test: {
    {
        {
            T{ ##peek { dst 0 } { loc D: 0 } }
            T{ ##load-integer { dst 1 } { val 100 } }
            T{ ##mul-imm { dst 2 } { src1 0 } { src2 100 } }
        }
    }
    [
        {
            T{ ##peek { dst 0 } { loc D: 0 } }
            T{ ##load-integer { dst 1 } { val 100 } }
            T{ ##mul { dst 2 } { src1 0 } { src2 1 } }
        } value-numbering-step
    ]
}
Unit Test: {
    {
        {
            T{ ##peek { dst 0 } { loc D: 0 } }
            T{ ##load-integer { dst 1 } { val 100 } }
            T{ ##mul-imm { dst 2 } { src1 0 } { src2 100 } }
        }
    }
    [
        {
            T{ ##peek { dst 0 } { loc D: 0 } }
            T{ ##load-integer { dst 1 } { val 100 } }
            T{ ##mul { dst 2 } { src1 1 } { src2 0 } }
        } value-numbering-step
    ]
}
Unit Test: {
    {
        {
            T{ ##peek { dst 1 } { loc D: 0 } }
            T{ ##shl-imm { dst 2 } { src1 1 } { src2 3 } }
        }
    }
    [
        {
            T{ ##peek { dst 1 } { loc D: 0 } }
            T{ ##mul-imm { dst 2 } { src1 1 } { src2 8 } }
        } value-numbering-step
    ]
}
Unit Test: {
    {
        {
            T{ ##peek { dst 0 } { loc D: 0 } }
            T{ ##load-integer { dst 1 } { val 255 } }
            T{ ##shl { dst 2 } { src1 0 } { src2 1 } }
        }
    }
    [
        {
            T{ ##peek { dst 0 } { loc D: 0 } }
            T{ ##load-integer { dst 1 } { val 255 } }
            T{ ##shl { dst 2 } { src1 0 } { src2 1 } }
        } value-numbering-step
    ]
}
Unit Test: {
    {
        {
            T{ ##peek { dst 0 } { loc D: 0 } }
            T{ ##load-integer { dst 1 } { val 255 } }
            T{ ##shr { dst 2 } { src1 0 } { src2 1 } }
        }
    }
    [
        {
            T{ ##peek { dst 0 } { loc D: 0 } }
            T{ ##load-integer { dst 1 } { val 255 } }
            T{ ##shr { dst 2 } { src1 0 } { src2 1 } }
        } value-numbering-step
    ]
}
Unit Test: {
    {
        {
            T{ ##peek { dst 0 } { loc D: 0 } }
            T{ ##load-integer { dst 1 } { val 255 } }
            T{ ##sar { dst 2 } { src1 0 } { src2 1 } }
        }
    }
    [
        {
            T{ ##peek { dst 0 } { loc D: 0 } }
            T{ ##load-integer { dst 1 } { val 255 } }
            T{ ##sar { dst 2 } { src1 0 } { src2 1 } }
        } value-numbering-step
    ]
}
Unit Test: {
    {
        {
            T{ ##peek { dst 0 } { loc D: 0 } }
            T{ ##load-integer { dst 1 } { val 5 } }
            T{ ##shl-imm { dst 2 } { src1 0 } { src2 5 } }
        }
    }
    [
        {
            T{ ##peek { dst 0 } { loc D: 0 } }
            T{ ##load-integer { dst 1 } { val 5 } }
            T{ ##shl { dst 2 } { src1 0 } { src2 1 } }
        } value-numbering-step
    ]
}
Unit Test: {
    {
        {
            T{ ##peek { dst 0 } { loc D: 0 } }
            T{ ##load-integer { dst 1 } { val 0 } }
            T{ ##neg { dst 2 } { src 0 } }
        }
    }
    [
        {
            T{ ##peek { dst 0 } { loc D: 0 } }
            T{ ##load-integer { dst 1 } { val 0 } }
            T{ ##sub { dst 2 } { src1 1 } { src2 0 } }
        } value-numbering-step
    ]
}
Unit Test: {
    {
        {
            T{ ##peek { dst 0 } { loc D: 0 } }
            T{ ##load-integer { dst 1 } { val 0 } }
            T{ ##neg { dst 2 } { src 0 } }
            T{ ##copy { dst 3 } { src 0 } { rep any-rep } }
        }
    }
    [
        {
            T{ ##peek { dst 0 } { loc D: 0 } }
            T{ ##load-integer { dst 1 } { val 0 } }
            T{ ##sub { dst 2 } { src1 1 } { src2 0 } }
            T{ ##sub { dst 3 } { src1 1 } { src2 2 } }
        } value-numbering-step
    ]
}
Unit Test: {
    {
        {
            T{ ##peek { dst 0 } { loc D: 0 } }
            T{ ##neg { dst 1 } { src 0 } }
            T{ ##copy { dst 2 } { src 0 } { rep any-rep } }
        }
    }
    [
        {
            T{ ##peek { dst 0 } { loc D: 0 } }
            T{ ##neg { dst 1 } { src 0 } }
            T{ ##neg { dst 2 } { src 1 } }
        } value-numbering-step
    ]
}
Unit Test: {
    {
        {
            T{ ##peek { dst 0 } { loc D: 0 } }
            T{ ##not { dst 1 } { src 0 } }
            T{ ##copy { dst 2 } { src 0 } { rep any-rep } }
        }
    }
    [
        {
            T{ ##peek { dst 0 } { loc D: 0 } }
            T{ ##not { dst 1 } { src 0 } }
            T{ ##not { dst 2 } { src 1 } }
        } value-numbering-step
    ]
}
Unit Test: {
    {
        {
            T{ ##peek { dst 0 } { loc D: 0 } }
            T{ ##load-integer { dst 1 } { val 100 } }
            T{ ##compare-imm
                { dst 2 }
                { src1 0 }
                { src2 100 }
                { cc cc= }
            }
        }
    }
    [
        {
            T{ ##peek { dst 0 } { loc D: 0 } }
            T{ ##load-integer { dst 1 } { val 100 } }
            T{ ##compare
                { dst 2 }
                { src1 0 }
                { src2 1 }
                { cc cc= }
            }
        } value-numbering-step trim-temps
    ]
}
Unit Test: {
    {
        {
            T{ ##peek { dst 0 } { loc D: 0 } }
            T{ ##load-integer { dst 1 } { val 100 } }
            T{ ##compare-integer-imm
                { dst 2 }
                { src1 0 }
                { src2 100 }
                { cc cc<= }
            }
        }
    }
    [
        {
            T{ ##peek { dst 0 } { loc D: 0 } }
            T{ ##load-integer { dst 1 } { val 100 } }
            T{ ##compare-integer
                { dst 2 }
                { src1 0 }
                { src2 1 }
                { cc cc<= }
            }
        } value-numbering-step trim-temps
    ]
}
Unit Test: {
    [
        {
            T{ ##peek { dst 0 } { loc D: 0 } }
            T{ ##load-reference { dst 1 } { obj 3.5 } }
            T{ ##compare
                { dst 2 }
                { src1 0 }
                { src2 1 }
                { cc cc= }
            }
        }
    ]
    [
        {
            T{ ##peek { dst 0 } { loc D: 0 } }
            T{ ##load-reference { dst 1 } { obj 3.5 } }
            T{ ##compare
                { dst 2 }
                { src1 0 }
                { src2 1 }
                { cc cc= }
            }
        } value-numbering-step trim-temps
    ]
}
Unit Test: {
    [
        {
            T{ ##peek { dst 0 } { loc D: 0 } }
            T{ ##load-reference { dst 1 } { obj 3.5 } }
            T{ ##compare-branch
                { src1 0 }
                { src2 1 }
                { cc cc= }
            }
        }
    ]
    [
        {
            T{ ##peek { dst 0 } { loc D: 0 } }
            T{ ##load-reference { dst 1 } { obj 3.5 } }
            T{ ##compare-branch
                { src1 0 }
                { src2 1 }
                { cc cc= }
            }
        } value-numbering-step trim-temps
    ]
}
Unit Test: {
    {
        {
            T{ ##peek { dst 0 } { loc D: 0 } }
            T{ ##load-integer { dst 1 } { val 100 } }
            T{ ##compare-integer-imm
                { dst 2 }
                { src1 0 }
                { src2 100 }
                { cc cc>= }
            }
        }
    }
    [
        {
            T{ ##peek { dst 0 } { loc D: 0 } }
            T{ ##load-integer { dst 1 } { val 100 } }
            T{ ##compare-integer
                { dst 2 }
                { src1 1 }
                { src2 0 }
                { cc cc<= }
            }
        } value-numbering-step trim-temps
    ]
}
Unit Test: {
    {
        {
            T{ ##peek { dst 0 } { loc D: 0 } }
            T{ ##load-integer { dst 1 } { val 100 } }
            T{ ##compare-integer-imm-branch
                { src1 0 }
                { src2 100 }
                { cc cc<= }
            }
        }
    }
    [
        {
            T{ ##peek { dst 0 } { loc D: 0 } }
            T{ ##load-integer { dst 1 } { val 100 } }
            T{ ##compare-integer-branch
                { src1 0 }
                { src2 1 }
                { cc cc<= }
            }
        } value-numbering-step
    ]
}
Unit Test: {
    {
        {
            T{ ##peek { dst 0 } { loc D: 0 } }
            T{ ##load-integer { dst 1 } { val 100 } }
            T{ ##compare-integer-imm-branch
                { src1 0 }
                { src2 100 }
                { cc cc>= }
            }
        }
    }
    [
        {
            T{ ##peek { dst 0 } { loc D: 0 } }
            T{ ##load-integer { dst 1 } { val 100 } }
            T{ ##compare-integer-branch
                { src1 1 }
                { src2 0 }
                { cc cc<= }
            }
        } value-numbering-step trim-temps
    ]
}
Unit Test: {
    {
        {
            T{ ##load-integer { dst 1 } { val 100 } }
            T{ ##load-integer { dst 2 } { val 200 } }
            T{ ##load-reference { dst 3 } { obj t } }
        }
    }
    [
        {
            T{ ##load-integer { dst 1 } { val 100 } }
            T{ ##load-integer { dst 2 } { val 200 } }
            T{ ##compare-integer
                { dst 3 }
                { src1 1 }
                { src2 2 }
                { cc cc<= }
            }
        } value-numbering-step trim-temps
    ]
}
Unit Test: {
    {
        {
            T{ ##load-integer { dst 1 } { val 100 } }
            T{ ##load-integer { dst 2 } { val 200 } }
            T{ ##load-reference { dst 3 } }
        }
    }
    [
        {
            T{ ##load-integer { dst 1 } { val 100 } }
            T{ ##load-integer { dst 2 } { val 200 } }
            T{ ##compare-integer
                { dst 3 }
                { src1 1 }
                { src2 2 }
                { cc cc= }
            }
        } value-numbering-step trim-temps
    ]
}
Unit Test: {
    {
        {
            T{ ##load-integer { dst 1 } { val 100 } }
            T{ ##load-reference { dst 2 } }
        }
    }
    [
        {
            T{ ##load-integer { dst 1 } { val 100 } }
            T{ ##compare-integer-imm
                { dst 2 }
                { src1 1 }
                { src2 123 }
                { cc cc= }
            }
        } value-numbering-step trim-temps
    ]
}
Unit Test: {
    {
        {
            T{ ##load-integer { dst 1 } { val 10 } }
            T{ ##load-integer { dst 2 } { val 20 } }
            T{ ##load-reference { dst 3 } }
        }
    }
    [
        {
            T{ ##load-integer { dst 1 } { val 10 } }
            T{ ##load-integer { dst 2 } { val 20 } }
            T{ ##compare-integer
                { dst 3 }
                { src1 1 }
                { src2 2 }
                { cc cc= }
            }
        } value-numbering-step
    ]
}
Unit Test: {
    {
        {
            T{ ##load-integer { dst 1 } { val 1 } }
            T{ ##load-integer { dst 2 } { val 2 } }
            T{ ##load-reference { dst 3 } { obj t } }
        }
    }
    [
        {
            T{ ##load-integer { dst 1 } { val 1 } }
            T{ ##load-integer { dst 2 } { val 2 } }
            T{ ##compare-integer
                { dst 3 }
                { src1 1 }
                { src2 2 }
                { cc cc/= }
            }
        } value-numbering-step
    ]
}
Unit Test: {
    {
        {
            T{ ##load-integer { dst 1 } { val 1 } }
            T{ ##load-integer { dst 2 } { val 2 } }
            T{ ##load-reference { dst 3 } { obj t } }
        }
    }
    [
        {
            T{ ##load-integer { dst 1 } { val 1 } }
            T{ ##load-integer { dst 2 } { val 2 } }
            T{ ##compare-integer
                { dst 3 }
                { src1 1 }
                { src2 2 }
                { cc cc< }
            }
        } value-numbering-step
    ]
}
Unit Test: {
    {
        {
            T{ ##load-integer { dst 1 } { val 10 } }
            T{ ##load-integer { dst 2 } { val 20 } }
            T{ ##load-reference { dst 3 } }
        }
    }
    [
        {
            T{ ##load-integer { dst 1 } { val 10 } }
            T{ ##load-integer { dst 2 } { val 20 } }
            T{ ##compare-integer
                { dst 3 }
                { src1 2 }
                { src2 1 }
                { cc cc< }
            }
        } value-numbering-step
    ]
}
Unit Test: {
    {
        {
            T{ ##peek { dst 0 } { loc D: 0 } }
            T{ ##load-reference { dst 1 } }
        }
    }
    [
        {
            T{ ##peek { dst 0 } { loc D: 0 } }
            T{ ##compare-integer
                { dst 1 }
                { src1 0 }
                { src2 0 }
                { cc cc< }
            }
        } value-numbering-step
    ]
}
Unit Test: {
    {
        {
            T{ ##peek { dst 0 } { loc D: 0 } }
            T{ ##copy { dst 1 } { src 0 } { rep any-rep } }
            T{ ##load-reference { dst 2 } }
        }
    }
    [
        {
            T{ ##peek { dst 0 } { loc D: 0 } }
            T{ ##copy { dst 1 } { src 0 } { rep any-rep } }
            T{ ##compare-integer
                { dst 2 }
                { src1 0 }
                { src2 1 }
                { cc cc< }
            }
        } value-numbering-step
    ]
}
Unit Test: {
    {
        {
            T{ ##peek { dst 0 } { loc D: 0 } }
            T{ ##load-reference { dst 1 } { obj t } }
        }
    }
    [
        {
            T{ ##peek { dst 0 } { loc D: 0 } }
            T{ ##compare-integer
                { dst 1 }
                { src1 0 }
                { src2 0 }
                { cc cc<= }
            }
        } value-numbering-step
    ]
}
Unit Test: {
    {
        {
            T{ ##peek { dst 0 } { loc D: 0 } }
            T{ ##load-reference { dst 1 } }
        }
    }
    [
        {
            T{ ##peek { dst 0 } { loc D: 0 } }
            T{ ##compare-integer
                { dst 1 }
                { src1 0 }
                { src2 0 }
                { cc cc> }
            }
        } value-numbering-step
    ]
}
Unit Test: {
    {
        {
            T{ ##peek { dst 0 } { loc D: 0 } }
            T{ ##load-reference { dst 1 } { obj t } }
        }
    }
    [
        {
            T{ ##peek { dst 0 } { loc D: 0 } }
            T{ ##compare-integer
                { dst 1 }
                { src1 0 }
                { src2 0 }
                { cc cc>= }
            }
        } value-numbering-step
    ]
}
Unit Test: {
    {
        {
            T{ ##peek { dst 0 } { loc D: 0 } }
            T{ ##load-reference { dst 1 } }
        }
    }
    [
        {
            T{ ##peek { dst 0 } { loc D: 0 } }
            T{ ##compare-integer
                { dst 1 }
                { src1 0 }
                { src2 0 }
                { cc cc/= }
            }
        } value-numbering-step
    ]
}
Unit Test: {
    {
        {
            T{ ##peek { dst 0 } { loc D: 0 } }
            T{ ##load-reference { dst 1 } { obj t } }
        }
    }
    [
        {
            T{ ##peek { dst 0 } { loc D: 0 } }
            T{ ##compare-integer
                { dst 1 }
                { src1 0 }
                { src2 0 }
                { cc cc= }
            }
        } value-numbering-step
    ]
}
Unit Test: {
    {
        {
            T{ ##load-integer { dst 1 } { val 10 } }
            T{ ##load-reference { dst 2 } { obj t } }
        }
    }
    [
        {
            T{ ##load-integer { dst 1 } { val 10 } }
            T{ ##compare-imm
                { dst 2 }
                { src1 1 }
                { src2 10 }
                { cc cc= }
            }
        } value-numbering-step
    ]
}
Unit Test: {
    {
        {
            T{ ##load-integer { dst 1 } { val 10 } }
            T{ ##load-reference { dst 2 } }
        }
    }
    [
        {
            T{ ##load-integer { dst 1 } { val 10 } }
            T{ ##compare-imm
                { dst 2 }
                { src1 1 }
                { src2 20 }
                { cc cc= }
            }
        } value-numbering-step
    ]
}
Unit Test: {
    {
        {
            T{ ##load-integer { dst 1 } { val 10 } }
            T{ ##load-reference { dst 2 } { obj t } }
        }
    }
    [
        {
            T{ ##load-integer { dst 1 } { val 10 } }
            T{ ##compare-imm
                { dst 2 }
                { src1 1 }
                { src2 100 }
                { cc cc/= }
            }
        } value-numbering-step
    ]
}
Unit Test: {
    {
        {
            T{ ##load-integer { dst 1 } { val 10 } }
            T{ ##load-reference { dst 2 } }
        }
    }
    [
        {
            T{ ##load-integer { dst 1 } { val 10 } }
            T{ ##compare-imm
                { dst 2 }
                { src1 1 }
                { src2 10 }
                { cc cc/= }
            }
        } value-numbering-step
    ]
}
Unit Test: {
    {
        {
            T{ ##peek { dst 0 } { loc D: 0 } }
            T{ ##load-reference { dst 1 } { obj t } }
        }
    }
    [
        {
            T{ ##peek { dst 0 } { loc D: 0 } }
            T{ ##compare
                { dst 1 }
                { src1 0 }
                { src2 0 }
                { cc cc= }
            }
        } value-numbering-step
    ]
}
Unit Test: {
    {
        {
            T{ ##peek { dst 0 } { loc D: 0 } }
            T{ ##load-reference { dst 1 } }
        }
    }
    [
        {
            T{ ##peek { dst 0 } { loc D: 0 } }
            T{ ##compare
                { dst 1 }
                { src1 0 }
                { src2 0 }
                { cc cc/= }
            }
        } value-numbering-step
    ]
}
Unit Test: {
    {
        {
            T{ ##load-integer { dst 1 } { val 12 } }
            T{ ##load-reference { dst 3 } { obj t } }
        }
    }
    [
        {
            T{ ##load-integer { dst 1 } { val 12 } }
            T{ ##test-imm
                { dst 3 }
                { src1 1 }
                { src2 13 }
                { cc cc/= }
            }
        } value-numbering-step
    ]
}
Unit Test: {
    {
        {
            T{ ##load-integer { dst 1 } { val 15 } }
            T{ ##load-reference { dst 3 } }
        }
    }
    [
        {
            T{ ##load-integer { dst 1 } { val 15 } }
            T{ ##test-imm
                { dst 3 }
                { src1 1 }
                { src2 16 }
                { cc cc/= }
            }
        } value-numbering-step
    ]
}
Unit Test: {
    {
        {
            T{ ##load-integer { dst 1 } { val 12 } }
            T{ ##load-reference { dst 3 } }
        }
    }
    [
        {
            T{ ##load-integer { dst 1 } { val 12 } }
            T{ ##test-imm
                { dst 3 }
                { src1 1 }
                { src2 13 }
                { cc cc= }
            }
        } value-numbering-step
    ]
}
Unit Test: {
    {
        {
            T{ ##load-integer { dst 1 } { val 15 } }
            T{ ##load-reference { dst 3 } { obj t } }
        }
    }
    [
        {
            T{ ##load-integer { dst 1 } { val 15 } }
            T{ ##test-imm
                { dst 3 }
                { src1 1 }
                { src2 16 }
                { cc cc= }
            }
        } value-numbering-step
    ]
}
Unit Test: {
    {
        {
            T{ ##peek { dst 0 } { loc D: 0 } }
            T{ ##peek { dst 1 } { loc D: 1 } }
            T{ ##and { dst 2 } { src1 0 } { src2 1 } }
            T{ ##test
                { dst 3 }
                { src1 0 }
                { src2 1 }
                { cc cc= }
            }
        }
    }
    [
        {
            T{ ##peek { dst 0 } { loc D: 0 } }
            T{ ##peek { dst 1 } { loc D: 1 } }
            T{ ##and { dst 2 } { src1 0 } { src2 1 } }
            T{ ##test
                { dst 3 }
                { src1 2 }
                { src2 2 }
                { cc cc= }
            }
        } value-numbering-step
    ]
}
Unit Test: {
    {
        {
            T{ ##peek { dst 0 } { loc D: 0 } }
            T{ ##and-imm { dst 2 } { src1 0 } { src2 12 } }
            T{ ##test-imm
                { dst 3 }
                { src1 0 }
                { src2 12 }
                { cc cc= }
            }
        }
    }
    [
        {
            T{ ##peek { dst 0 } { loc D: 0 } }
            T{ ##and-imm { dst 2 } { src1 0 } { src2 12 } }
            T{ ##test
                { dst 3 }
                { src1 2 }
                { src2 2 }
                { cc cc= }
            }
        } value-numbering-step
    ]
}
Unit Test: {
    {
        {
            T{ ##peek { dst 0 } { loc D: 0 } }
            T{ ##load-integer { dst 1 } { val 10 } }
            T{ ##test-imm
                { dst 2 }
                { src1 0 }
                { src2 10 }
                { cc cc= }
            }
        }
    }
    [
        {
            T{ ##peek { dst 0 } { loc D: 0 } }
            T{ ##load-integer { dst 1 } { val 10 } }
            T{ ##test
                { dst 2 }
                { src1 0 }
                { src2 1 }
                { cc cc= }
            }
        } value-numbering-step trim-temps
    ]
}
Unit Test: {
    {
        {
            T{ ##peek { dst 0 } { loc D: 0 } }
            T{ ##load-integer { dst 1 } { val 10 } }
            T{ ##test-imm
                { dst 2 }
                { src1 0 }
                { src2 10 }
                { cc cc= }
            }
        }
    }
    [
        {
            T{ ##peek { dst 0 } { loc D: 0 } }
            T{ ##load-integer { dst 1 } { val 10 } }
            T{ ##test
                { dst 2 }
                { src1 1 }
                { src2 0 }
                { cc cc= }
            }
        } value-numbering-step trim-temps
    ]
}
Unit Test: {
    {
        {
            T{ ##peek { dst 0 } { loc D: 0 } }
            T{ ##load-integer { dst 1 } { val 10 } }
            T{ ##test-imm-branch
                { src1 0 }
                { src2 10 }
                { cc cc= }
            }
        }
    }
    [
        {
            T{ ##peek { dst 0 } { loc D: 0 } }
            T{ ##load-integer { dst 1 } { val 10 } }
            T{ ##test-branch { src1 0 } { src2 1 } { cc cc= } }
        } value-numbering-step
    ]
}
Unit Test: {
    {
        {
            T{ ##peek { dst 0 } { loc D: 0 } }
            T{ ##load-integer { dst 1 } { val 10 } }
            T{ ##test-imm-branch
                { src1 0 }
                { src2 10 }
                { cc cc= }
            }
        }
    }
    [
        {
            T{ ##peek { dst 0 } { loc D: 0 } }
            T{ ##load-integer { dst 1 } { val 10 } }
            T{ ##test-branch { src1 1 } { src2 0 } { cc cc= } }
        } value-numbering-step
    ]
}
Unit Test: {
    {
        {
            T{ ##peek { dst 0 } { loc D: 0 } }
            T{ ##load-integer { dst 1 } { val 10 } }
            T{ ##test-imm-branch
                { src1 0 }
                { src2 10 }
                { cc cc= }
            }
        }
    }
    [
        {
            T{ ##peek { dst 0 } { loc D: 0 } }
            T{ ##load-integer { dst 1 } { val 10 } }
            T{ ##test-branch { src1 1 } { src2 0 } { cc cc= } }
        } value-numbering-step
    ]
}
Unit Test: {
    {
        {
            T{ ##peek { dst 0 } { loc D: 0 } }
            T{ ##load-integer { dst 1 } { val 100 } }
            T{ ##add-imm { dst 2 } { src1 0 } { src2 100 } }
            T{ ##load-integer { dst 3 } { val 50 } }
            T{ ##add-imm { dst 4 } { src1 0 } { src2 150 } }
        }
    }
    [
        {
            T{ ##peek { dst 0 } { loc D: 0 } }
            T{ ##load-integer { dst 1 } { val 100 } }
            T{ ##add { dst 2 } { src1 0 } { src2 1 } }
            T{ ##load-integer { dst 3 } { val 50 } }
            T{ ##add { dst 4 } { src1 2 } { src2 3 } }
        } value-numbering-step
    ]
}
Unit Test: {
    {
        {
            T{ ##peek { dst 0 } { loc D: 0 } }
            T{ ##load-integer { dst 1 } { val 100 } }
            T{ ##add-imm { dst 2 } { src1 0 } { src2 100 } }
            T{ ##load-integer { dst 3 } { val 50 } }
            T{ ##add-imm { dst 4 } { src1 0 } { src2 150 } }
        }
    }
    [
        {
            T{ ##peek { dst 0 } { loc D: 0 } }
            T{ ##load-integer { dst 1 } { val 100 } }
            T{ ##add { dst 2 } { src1 1 } { src2 0 } }
            T{ ##load-integer { dst 3 } { val 50 } }
            T{ ##add { dst 4 } { src1 3 } { src2 2 } }
        } value-numbering-step
    ]
}
Unit Test: {
    {
        {
            T{ ##peek { dst 0 } { loc D: 0 } }
            T{ ##shl-imm { dst 1 } { src1 0 } { src2 10 } }
            T{ ##shl-imm { dst 2 } { src1 0 } { src2 21 } }
            T{ ##replace { src 2 } { loc D: 0 } }
        }
    }
    [
        {
            T{ ##peek { dst 0 } { loc D: 0 } }
            T{ ##shl-imm { dst 1 } { src1 0 } { src2 10 } }
            T{ ##shl-imm { dst 2 } { src1 1 } { src2 11 } }
            T{ ##replace { src 2 } { loc D: 0 } }
        } value-numbering-step
    ]
}
Unit Test: {
    {
        {
            T{ ##peek { dst 0 } { loc D: 0 } }
            T{ ##shl-imm { dst 1 } { src1 0 } { src2 10 } }
            T{ ##shl-imm { dst 2 } { src1 1 } { src2 63 } }
            T{ ##replace { src 2 } { loc D: 0 } }
        }
    }
    [
        {
            T{ ##peek { dst 0 } { loc D: 0 } }
            T{ ##shl-imm { dst 1 } { src1 0 } { src2 10 } }
            T{ ##shl-imm { dst 2 } { src1 1 } { src2 63 } }
            T{ ##replace { src 2 } { loc D: 0 } }
        } value-numbering-step
    ]
}
Unit Test: {
    {
        {
            T{ ##peek { dst 0 } { loc D: 0 } }
            T{ ##sar-imm { dst 1 } { src1 0 } { src2 10 } }
            T{ ##sar-imm { dst 2 } { src1 0 } { src2 21 } }
            T{ ##replace { src 2 } { loc D: 0 } }
        }
    }
    [
        {
            T{ ##peek { dst 0 } { loc D: 0 } }
            T{ ##sar-imm { dst 1 } { src1 0 } { src2 10 } }
            T{ ##sar-imm { dst 2 } { src1 1 } { src2 11 } }
            T{ ##replace { src 2 } { loc D: 0 } }
        } value-numbering-step
    ]
}
Unit Test: {
    {
        {
            T{ ##peek { dst 0 } { loc D: 0 } }
            T{ ##sar-imm { dst 1 } { src1 0 } { src2 10 } }
            T{ ##sar-imm { dst 2 } { src1 1 } { src2 63 } }
            T{ ##replace { src 2 } { loc D: 0 } }
        }
    }
    [
        {
            T{ ##peek { dst 0 } { loc D: 0 } }
            T{ ##sar-imm { dst 1 } { src1 0 } { src2 10 } }
            T{ ##sar-imm { dst 2 } { src1 1 } { src2 63 } }
            T{ ##replace { src 2 } { loc D: 0 } }
        } value-numbering-step
    ]
}
Unit Test: {
    {
        {
            T{ ##peek { dst 0 } { loc D: 0 } }
            T{ ##shr-imm { dst 1 } { src1 0 } { src2 10 } }
            T{ ##shr-imm { dst 2 } { src1 0 } { src2 21 } }
            T{ ##replace { src 2 } { loc D: 0 } }
        }
    }
    [
        {
            T{ ##peek { dst 0 } { loc D: 0 } }
            T{ ##shr-imm { dst 1 } { src1 0 } { src2 10 } }
            T{ ##shr-imm { dst 2 } { src1 1 } { src2 11 } }
            T{ ##replace { src 2 } { loc D: 0 } }
        } value-numbering-step
    ]
}
Unit Test: {
    {
        {
            T{ ##peek { dst 0 } { loc D: 0 } }
            T{ ##shr-imm { dst 1 } { src1 0 } { src2 10 } }
            T{ ##shr-imm { dst 2 } { src1 1 } { src2 63 } }
            T{ ##replace { src 2 } { loc D: 0 } }
        }
    }
    [
        {
            T{ ##peek { dst 0 } { loc D: 0 } }
            T{ ##shr-imm { dst 1 } { src1 0 } { src2 10 } }
            T{ ##shr-imm { dst 2 } { src1 1 } { src2 63 } }
            T{ ##replace { src 2 } { loc D: 0 } }
        } value-numbering-step
    ]
}
Unit Test: {
    {
        {
            T{ ##peek { dst 0 } { loc D: 0 } }
            T{ ##shr-imm { dst 1 } { src1 0 } { src2 10 } }
            T{ ##sar-imm { dst 2 } { src1 1 } { src2 11 } }
            T{ ##replace { src 2 } { loc D: 0 } }
        }
    }
    [
        {
            T{ ##peek { dst 0 } { loc D: 0 } }
            T{ ##shr-imm { dst 1 } { src1 0 } { src2 10 } }
            T{ ##sar-imm { dst 2 } { src1 1 } { src2 11 } }
            T{ ##replace { src 2 } { loc D: 0 } }
        } value-numbering-step
    ]
}
Unit Test: {
    {
        {
            T{ ##peek { dst 0 } { loc D: 0 } }
            T{ ##add-imm { dst 1 } { src1 0 } { src2 10 } }
            T{ ##shl-imm { dst 3 } { src1 0 } { src2 2 } }
            T{ ##add-imm { dst 2 } { src1 3 } { src2 40 } }
            T{ ##replace { src 2 } { loc D: 0 } }
        }
    }
    [
        {
            T{ ##peek { dst 0 } { loc D: 0 } }
            T{ ##add-imm { dst 1 } { src1 0 } { src2 10 } }
            T{ ##shl-imm { dst 2 } { src1 1 } { src2 2 } }
            T{ ##replace { src 2 } { loc D: 0 } }
        } value-numbering-step
    ]
}
Unit Test: {
    {
        {
            T{ ##peek { dst 0 } { loc D: 0 } }
            T{ ##add-imm { dst 1 } { src1 0 } { src2 10 } }
            T{ ##mul-imm { dst 4 } { src1 0 } { src2 3 } }
            T{ ##add-imm { dst 2 } { src1 4 } { src2 30 } }
            T{ ##replace { src 2 } { loc D: 0 } }
        }
    }
    [
        {
            T{ ##peek { dst 0 } { loc D: 0 } }
            T{ ##add-imm { dst 1 } { src1 0 } { src2 10 } }
            T{ ##mul-imm { dst 2 } { src1 1 } { src2 3 } }
            T{ ##replace { src 2 } { loc D: 0 } }
        } value-numbering-step
    ]
}
Unit Test: {
    {
        {
            T{ ##peek { dst 0 } { loc D: 0 } }
            T{ ##peek { dst 1 } { loc D: 1 } }
            T{ ##copy { dst 3 } { src 0 } { rep any-rep } }
            T{ ##replace { src 3 } { loc D: 0 } }
        }
    }
    [
        {
            T{ ##peek { dst 0 } { loc D: 0 } }
            T{ ##peek { dst 1 } { loc D: 1 } }
            T{ ##add-imm { dst 3 } { src1 0 } { src2 0 } }
            T{ ##replace { src 3 } { loc D: 0 } }
        } value-numbering-step
    ]
}
Unit Test: {
    {
        {
            T{ ##peek { dst 0 } { loc D: 0 } }
            T{ ##peek { dst 1 } { loc D: 1 } }
            T{ ##copy { dst 3 } { src 0 } { rep any-rep } }
            T{ ##replace { src 3 } { loc D: 0 } }
        }
    }
    [
        {
            T{ ##peek { dst 0 } { loc D: 0 } }
            T{ ##peek { dst 1 } { loc D: 1 } }
            T{ ##or-imm { dst 3 } { src1 0 } { src2 0 } }
            T{ ##replace { src 3 } { loc D: 0 } }
        } value-numbering-step
    ]
}
Unit Test: {
    {
        {
            T{ ##peek { dst 0 } { loc D: 0 } }
            T{ ##peek { dst 1 } { loc D: 1 } }
            T{ ##copy { dst 3 } { src 0 } { rep any-rep } }
            T{ ##replace { src 3 } { loc D: 0 } }
        }
    }
    [
        {
            T{ ##peek { dst 0 } { loc D: 0 } }
            T{ ##peek { dst 1 } { loc D: 1 } }
            T{ ##xor-imm { dst 3 } { src1 0 } { src2 0 } }
            T{ ##replace { src 3 } { loc D: 0 } }
        } value-numbering-step
    ]
}
Unit Test: {
    {
        {
            T{ ##peek { dst 0 } { loc D: 0 } }
            T{ ##load-integer { dst 1 } { val 0 } }
        }
    }
    [
        {
            T{ ##peek { dst 0 } { loc D: 0 } }
            T{ ##and-imm { dst 1 } { src1 0 } { src2 0 } }
        } value-numbering-step
    ]
}
Unit Test: {
    {
        {
            T{ ##peek { dst 0 } { loc D: 0 } }
            T{ ##copy { dst 1 } { src 0 } { rep any-rep } }
            T{ ##replace { src 1 } { loc D: 0 } }
        }
    }
    [
        {
            T{ ##peek { dst 0 } { loc D: 0 } }
            T{ ##and-imm { dst 1 } { src1 0 } { src2 -1 } }
            T{ ##replace { src 1 } { loc D: 0 } }
        } value-numbering-step
    ]
}
Unit Test: {
    {
        {
            T{ ##peek { dst 0 } { loc D: 0 } }
            T{ ##copy { dst 1 } { src 0 } { rep any-rep } }
            T{ ##replace { src 1 } { loc D: 0 } }
        }
    }
    [
        {
            T{ ##peek { dst 0 } { loc D: 0 } }
            T{ ##and { dst 1 } { src1 0 } { src2 0 } }
            T{ ##replace { src 1 } { loc D: 0 } }
        } value-numbering-step
    ]
}
Unit Test: {
    {
        {
            T{ ##peek { dst 0 } { loc D: 0 } }
            T{ ##copy { dst 1 } { src 0 } { rep any-rep } }
            T{ ##replace { src 1 } { loc D: 0 } }
        }
    }
    [
        {
            T{ ##peek { dst 0 } { loc D: 0 } }
            T{ ##or-imm { dst 1 } { src1 0 } { src2 0 } }
            T{ ##replace { src 1 } { loc D: 0 } }
        } value-numbering-step
    ]
}
Unit Test: {
    {
        {
            T{ ##peek { dst 0 } { loc D: 0 } }
            T{ ##load-integer { dst 1 } { val -1 } }
        }
    }
    [
        {
            T{ ##peek { dst 0 } { loc D: 0 } }
            T{ ##or-imm { dst 1 } { src1 0 } { src2 -1 } }
        } value-numbering-step
    ]
}
Unit Test: {
    {
        {
            T{ ##peek { dst 0 } { loc D: 0 } }
            T{ ##copy { dst 1 } { src 0 } { rep any-rep } }
            T{ ##replace { src 1 } { loc D: 0 } }
        }
    }
    [
        {
            T{ ##peek { dst 0 } { loc D: 0 } }
            T{ ##or { dst 1 } { src1 0 } { src2 0 } }
            T{ ##replace { src 1 } { loc D: 0 } }
        } value-numbering-step
    ]
}
Unit Test: {
    {
        {
            T{ ##peek { dst 0 } { loc D: 0 } }
            T{ ##copy { dst 1 } { src 0 } { rep any-rep } }
            T{ ##replace { src 1 } { loc D: 0 } }
        }
    }
    [
        {
            T{ ##peek { dst 0 } { loc D: 0 } }
            T{ ##xor-imm { dst 1 } { src1 0 } { src2 0 } }
            T{ ##replace { src 1 } { loc D: 0 } }
        } value-numbering-step
    ]
}
Unit Test: {
    {
        {
            T{ ##peek { dst 0 } { loc D: 0 } }
            T{ ##not { dst 1 } { src 0 } }
            T{ ##replace { src 1 } { loc D: 0 } }
        }
    }
    [
        {
            T{ ##peek { dst 0 } { loc D: 0 } }
            T{ ##xor-imm { dst 1 } { src1 0 } { src2 -1 } }
            T{ ##replace { src 1 } { loc D: 0 } }
        } value-numbering-step
    ]
}
Unit Test: {
    {
        {
            T{ ##peek { dst 0 } { loc D: 0 } }
            T{ ##load-integer { dst 1 } { val 0 } }
        }
    }
    [
        {
            T{ ##peek { dst 0 } { loc D: 0 } }
            T{ ##xor { dst 1 } { src1 0 } { src2 0 } }
        } value-numbering-step
    ]
}
Unit Test: {
    {
        {
            T{ ##peek { dst 0 } { loc D: 0 } }
            T{ ##copy { dst 2 } { src 0 } { rep any-rep } }
            T{ ##replace { src 2 } { loc D: 0 } }
        }
    }
    [
        {
            T{ ##peek { dst 0 } { loc D: 0 } }
            T{ ##mul-imm { dst 2 } { src1 0 } { src2 1 } }
            T{ ##replace { src 2 } { loc D: 0 } }
        } value-numbering-step
    ]
}
Unit Test: {
    {
        {
            T{ ##peek { dst 0 } { loc D: 0 } }
            T{ ##copy { dst 2 } { src 0 } { rep any-rep } }
            T{ ##replace { src 2 } { loc D: 0 } }
        }
    }
    [
        {
            T{ ##peek { dst 0 } { loc D: 0 } }
            T{ ##shl-imm { dst 2 } { src1 0 } { src2 0 } }
            T{ ##replace { src 2 } { loc D: 0 } }
        } value-numbering-step
    ]
}
Unit Test: {
    {
        {
            T{ ##peek { dst 0 } { loc D: 0 } }
            T{ ##copy { dst 2 } { src 0 } { rep any-rep } }
            T{ ##replace { src 2 } { loc D: 0 } }
        }
    }
    [
        {
            T{ ##peek { dst 0 } { loc D: 0 } }
            T{ ##shr-imm { dst 2 } { src1 0 } { src2 0 } }
            T{ ##replace { src 2 } { loc D: 0 } }
        } value-numbering-step
    ]
}
Unit Test: {
    {
        {
            T{ ##peek { dst 0 } { loc D: 0 } }
            T{ ##copy { dst 2 } { src 0 } { rep any-rep } }
            T{ ##replace { src 2 } { loc D: 0 } }
        }
    }
    [
        {
            T{ ##peek { dst 0 } { loc D: 0 } }
            T{ ##sar-imm { dst 2 } { src1 0 } { src2 0 } }
            T{ ##replace { src 2 } { loc D: 0 } }
        } value-numbering-step
    ]
}
Unit Test: {
    {
        {
            T{ ##peek { dst 0 } { loc D: 0 } }
            T{ ##load-integer { dst 1 } { val 1 } }
            T{ ##load-integer { dst 2 } { val 3 } }
            T{ ##load-integer { dst 3 } { val 4 } }
        }
    }
    [
        {
            T{ ##peek { dst 0 } { loc D: 0 } }
            T{ ##load-integer { dst 1 } { val 1 } }
            T{ ##load-integer { dst 2 } { val 3 } }
            T{ ##add { dst 3 } { src1 1 } { src2 2 } }
        } value-numbering-step
    ]
}
Unit Test: {
    {
        {
            T{ ##peek { dst 0 } { loc D: 0 } }
            T{ ##load-integer { dst 1 } { val 2 } }
            T{ ##load-integer { dst 2 } { val 3 } }
            T{ ##load-integer { dst 3 } { val 6 } }
        }
    }
    [
        {
            T{ ##peek { dst 0 } { loc D: 0 } }
            T{ ##load-integer { dst 1 } { val 2 } }
            T{ ##load-integer { dst 2 } { val 3 } }
            T{ ##mul { dst 3 } { src1 1 } { src2 2 } }
        } value-numbering-step
    ]
}
Unit Test: {
    {
        {
            T{ ##peek { dst 0 } { loc D: 0 } }
            T{ ##load-integer { dst 1 } { val 2 } }
            T{ ##load-integer { dst 2 } { val 1 } }
            T{ ##load-integer { dst 3 } { val 0 } }
        }
    }
    [
        {
            T{ ##peek { dst 0 } { loc D: 0 } }
            T{ ##load-integer { dst 1 } { val 2 } }
            T{ ##load-integer { dst 2 } { val 1 } }
            T{ ##and { dst 3 } { src1 1 } { src2 2 } }
        } value-numbering-step
    ]
}
Unit Test: {
    {
        {
            T{ ##peek { dst 0 } { loc D: 0 } }
            T{ ##load-integer { dst 1 } { val 2 } }
            T{ ##load-integer { dst 2 } { val 1 } }
            T{ ##load-integer { dst 3 } { val 3 } }
        }
    }
    [
        {
            T{ ##peek { dst 0 } { loc D: 0 } }
            T{ ##load-integer { dst 1 } { val 2 } }
            T{ ##load-integer { dst 2 } { val 1 } }
            T{ ##or { dst 3 } { src1 1 } { src2 2 } }
        } value-numbering-step
    ]
}
Unit Test: {
    {
        {
            T{ ##peek { dst 0 } { loc D: 0 } }
            T{ ##load-integer { dst 1 } { val 2 } }
            T{ ##load-integer { dst 2 } { val 3 } }
            T{ ##load-integer { dst 3 } { val 1 } }
        }
    }
    [
        {
            T{ ##peek { dst 0 } { loc D: 0 } }
            T{ ##load-integer { dst 1 } { val 2 } }
            T{ ##load-integer { dst 2 } { val 3 } }
            T{ ##xor { dst 3 } { src1 1 } { src2 2 } }
        } value-numbering-step
    ]
}
Unit Test: {
    {
        {
            T{ ##peek { dst 0 } { loc D: 0 } }
            T{ ##load-integer { dst 1 } { val 1 } }
            T{ ##load-integer { dst 3 } { val 8 } }
        }
    }
    [
        {
            T{ ##peek { dst 0 } { loc D: 0 } }
            T{ ##load-integer { dst 1 } { val 1 } }
            T{ ##shl-imm { dst 3 } { src1 1 } { src2 3 } }
        } value-numbering-step
    ]
}
Unit Test: {
    [
        {
            T{ ##peek { dst 0 } { loc D: 0 } }
            T{ ##load-integer { dst 1 } { val -1 } }
            T{ ##load-integer
                { dst 3 }
                { val 281474976710655 }
            }
        }
    ]
    [
        {
            T{ ##peek { dst 0 } { loc D: 0 } }
            T{ ##load-integer { dst 1 } { val -1 } }
            T{ ##shr-imm { dst 3 } { src1 1 } { src2 16 } }
        } value-numbering-step
    ]
}
Unit Test: {
    {
        {
            T{ ##peek { dst 0 } { loc D: 0 } }
            T{ ##load-integer { dst 1 } { val -8 } }
            T{ ##load-integer { dst 3 } { val -4 } }
        }
    }
    [
        {
            T{ ##peek { dst 0 } { loc D: 0 } }
            T{ ##load-integer { dst 1 } { val -8 } }
            T{ ##sar-imm { dst 3 } { src1 1 } { src2 1 } }
        } value-numbering-step
    ]
}
Unit Test: {
    [
        {
            T{ ##peek { dst 0 } { loc D: 0 } }
            T{ ##load-integer { dst 1 } { val 65536 } }
            T{ ##load-integer
                { dst 2 }
                { val 140737488355328 }
            }
            T{ ##add { dst 3 } { src1 0 } { src2 2 } }
        }
    ]
    [
        {
            T{ ##peek { dst 0 } { loc D: 0 } }
            T{ ##load-integer { dst 1 } { val 65536 } }
            T{ ##shl-imm { dst 2 } { src1 1 } { src2 31 } }
            T{ ##add { dst 3 } { src1 0 } { src2 2 } }
        } value-numbering-step
    ]
}
Unit Test: {
    [
        {
            T{ ##peek { dst 0 } { loc D: 0 } }
            T{ ##load-integer
                { dst 2 }
                { val 140737488355328 }
            }
            T{ ##add { dst 3 } { src1 0 } { src2 2 } }
        }
    ]
    [
        {
            T{ ##peek { dst 0 } { loc D: 0 } }
            T{ ##load-integer
                { dst 2 }
                { val 140737488355328 }
            }
            T{ ##add { dst 3 } { src1 0 } { src2 2 } }
        } value-numbering-step
    ]
}
Unit Test: {
    {
        {
            T{ ##peek { dst 0 } { loc D: 0 } }
            T{ ##load-integer { dst 1 } { val 1 } }
            T{ ##load-integer { dst 2 } { val -1 } }
        }
    }
    [
        {
            T{ ##peek { dst 0 } { loc D: 0 } }
            T{ ##load-integer { dst 1 } { val 1 } }
            T{ ##neg { dst 2 } { src 1 } }
        } value-numbering-step
    ]
}
Unit Test: {
    {
        {
            T{ ##peek { dst 0 } { loc D: 0 } }
            T{ ##load-integer { dst 1 } { val 1 } }
            T{ ##load-integer { dst 2 } { val -2 } }
        }
    }
    [
        {
            T{ ##peek { dst 0 } { loc D: 0 } }
            T{ ##load-integer { dst 1 } { val 1 } }
            T{ ##not { dst 2 } { src 1 } }
        } value-numbering-step
    ]
}
Unit Test: {
    {
        {
            T{ ##load-reference { dst 1 } }
            T{ ##load-integer { dst 2 } { val 1 } }
            T{ ##copy { dst 3 } { src 2 } { rep any-rep } }
        }
    }
    [
        {
            T{ ##load-reference { dst 1 } }
            T{ ##tagged>integer { dst 2 } { src 1 } }
            T{ ##and-imm { dst 3 } { src1 2 } { src2 15 } }
        } value-numbering-step
    ]
}
Unit Test: {
    {
        {
            T{ ##load-integer { dst 1 } { val 100 } }
            T{ ##load-integer { dst 2 } { val 1600 } }
            T{ ##load-integer { dst 3 } { val 1601 } }
        }
    }
    [
        {
            T{ ##load-integer { dst 1 } { val 100 } }
            T{ ##tagged>integer { dst 2 } { src 1 } }
            T{ ##add-imm { dst 3 } { src1 2 } { src2 1 } }
        } value-numbering-step
    ]
}
Unit Test: {
    {
        {
            T{ ##peek { dst 0 } { loc D: 0 } }
            T{ ##box-alien { dst 1 } { src 0 } }
            T{ ##copy { dst 2 } { src 0 } { rep any-rep } }
            T{ ##replace { src 2 } { loc D: 0 } }
        }
    }
    [
        {
            T{ ##peek { dst 0 } { loc D: 0 } }
            T{ ##box-alien { dst 1 } { src 0 } }
            T{ ##unbox-alien { dst 2 } { src 1 } }
            T{ ##replace { src 2 } { loc D: 0 } }
        } value-numbering-step
    ]
}
Unit Test: {
    {
        {
            T{ ##peek { dst 0 } { loc D: 0 } }
            T{ ##box-alien { dst 1 } { src 0 } }
            T{ ##copy { dst 2 } { src 0 } { rep any-rep } }
            T{ ##replace { src 2 } { loc D: 0 } }
        }
    }
    [
        {
            T{ ##peek { dst 0 } { loc D: 0 } }
            T{ ##box-alien { dst 1 } { src 0 } }
            T{ ##unbox-any-c-ptr { dst 2 } { src 1 } }
            T{ ##replace { src 2 } { loc D: 0 } }
        } value-numbering-step
    ]
}
Unit Test: {
    {
        {
            T{ ##peek { dst 0 } { loc D: 0 } }
            T{ ##load-integer { dst 2 } { val 0 } }
            T{ ##copy { dst 1 } { src 0 } { rep any-rep } }
            T{ ##replace { src 1 } { loc D: 0 } }
        }
    }
    [
        {
            T{ ##peek { dst 0 } { loc D: 0 } }
            T{ ##load-integer { dst 2 } { val 0 } }
            T{ ##box-displaced-alien
                { dst 1 }
                { displacement 2 }
                { base 0 }
                { temp c-ptr }
            }
            T{ ##replace { src 1 } { loc D: 0 } }
        } value-numbering-step
    ]
}
Unit Test: {
    {
        {
            T{ ##peek { dst 0 } { loc D: 0 } }
            T{ ##load-integer { dst 2 } { val 16 } }
            T{ ##box-displaced-alien
                { dst 1 }
                { displacement 2 }
                { base 0 }
                { temp c-ptr }
            }
            T{ ##unbox-any-c-ptr { dst 4 } { src 0 } }
            T{ ##add-imm { dst 3 } { src1 4 } { src2 16 } }
        }
    }
    [
        {
            T{ ##peek { dst 0 } { loc D: 0 } }
            T{ ##load-integer { dst 2 } { val 16 } }
            T{ ##box-displaced-alien
                { dst 1 }
                { displacement 2 }
                { base 0 }
                { temp c-ptr }
            }
            T{ ##unbox-any-c-ptr { dst 3 } { src 1 } }
        } value-numbering-step
    ]
}
Unit Test: {
    {
        {
            T{ ##box-alien { dst 0 } { src 1 } }
            T{ ##load-integer { dst 2 } { val 16 } }
            T{ ##box-displaced-alien
                { dst 3 }
                { displacement 2 }
                { base 0 }
                { temp c-ptr }
            }
            T{ ##copy { dst 5 } { src 1 } { rep any-rep } }
            T{ ##add-imm { dst 4 } { src1 5 } { src2 16 } }
        }
    }
    [
        {
            T{ ##box-alien { dst 0 } { src 1 } }
            T{ ##load-integer { dst 2 } { val 16 } }
            T{ ##box-displaced-alien
                { dst 3 }
                { displacement 2 }
                { base 0 }
                { temp c-ptr }
            }
            T{ ##unbox-any-c-ptr { dst 4 } { src 3 } }
        } value-numbering-step
    ]
}
Unit Test: {
    {
        {
            T{ ##peek { dst 0 } { loc D: 0 } }
            T{ ##load-integer { dst 2 } { val 0 } }
            T{ ##copy { dst 3 } { src 0 } { rep any-rep } }
            T{ ##replace { src 3 } { loc D: 1 } }
        }
    }
    [
        {
            T{ ##peek { dst 0 } { loc D: 0 } }
            T{ ##load-integer { dst 2 } { val 0 } }
            T{ ##box-displaced-alien
                { dst 3 }
                { displacement 2 }
                { base 0 }
                { temp c-ptr }
            }
            T{ ##replace { src 3 } { loc D: 1 } }
        } value-numbering-step
    ]
}
Unit Test: {
    {
        {
            T{ ##vector>scalar
                { dst 1 }
                { src 0 }
                { rep float-4-rep }
            }
            T{ ##copy { dst 2 } { src 0 } { rep any-rep } }
        }
    }
    [
        {
            T{ ##vector>scalar
                { dst 1 }
                { src 0 }
                { rep float-4-rep }
            }
            T{ ##scalar>vector
                { dst 2 }
                { src 1 }
                { rep float-4-rep }
            }
        } value-numbering-step
    ]
}
Unit Test: {
    { { T{ ##copy { dst 1 } { src 0 } { rep any-rep } } } }
    [
        {
            T{ ##shuffle-vector-imm
                { dst 1 }
                { src 0 }
                { shuffle { 0 1 2 3 } }
                { rep float-4-rep }
            }
        } value-numbering-step
    ]
}
Unit Test: {
    {
        {
            T{ ##shuffle-vector-imm
                { dst 1 }
                { src 0 }
                { shuffle { 1 2 3 0 } }
                { rep float-4-rep }
            }
            T{ ##shuffle-vector-imm
                { dst 2 }
                { src 0 }
                { shuffle { 0 2 3 1 } }
                { rep float-4-rep }
            }
        }
    }
    [
        {
            T{ ##shuffle-vector-imm
                { dst 1 }
                { src 0 }
                { shuffle { 1 2 3 0 } }
                { rep float-4-rep }
            }
            T{ ##shuffle-vector-imm
                { dst 2 }
                { src 1 }
                { shuffle { 3 1 2 0 } }
                { rep float-4-rep }
            }
        } value-numbering-step
    ]
}
Unit Test: {
    {
        {
            T{ ##shuffle-vector-imm
                { dst 1 }
                { src 0 }
                { shuffle { 1 2 3 0 } }
                { rep float-4-rep }
            }
            T{ ##shuffle-vector-imm
                { dst 2 }
                { src 1 }
                { shuffle { 1 0 } }
                { rep double-2-rep }
            }
        }
    }
    [
        {
            T{ ##shuffle-vector-imm
                { dst 1 }
                { src 0 }
                { shuffle { 1 2 3 0 } }
                { rep float-4-rep }
            }
            T{ ##shuffle-vector-imm
                { dst 2 }
                { src 1 }
                { shuffle { 1 0 } }
                { rep double-2-rep }
            }
        } value-numbering-step
    ]
}
Unit Test: {
    {
        {
            T{ ##load-integer { dst 0 } { val 55 } }
            T{ ##load-reference
                { dst 1 }
                { obj B{ 55 0 0 0 55 0 0 0 55 0 0 0 55 0 0 0 } }
            }
            T{ ##load-reference
                { dst 2 }
                { obj B{ 55 0 0 0 55 0 0 0 55 0 0 0 55 0 0 0 } }
            }
        }
    }
    [
        {
            T{ ##load-integer { dst 0 } { val 55 } }
            T{ ##scalar>vector
                { dst 1 }
                { src 0 }
                { rep int-4-rep }
            }
            T{ ##shuffle-vector-imm
                { dst 2 }
                { src 1 }
                { shuffle { 0 0 0 0 } }
                { rep float-4-rep }
            }
        } value-numbering-step
    ]
}
Unit Test: {
    {
        {
            T{ ##load-reference { dst 0 } { obj 1.25 } }
            T{ ##load-reference
                { dst 1 }
                { obj
                    B{
                        0 0 160 63 0 0 160 63 0 0 160 63 0 0 160
                        63
                    }
                }
            }
            T{ ##load-reference
                { dst 2 }
                { obj
                    B{
                        0 0 160 63 0 0 160 63 0 0 160 63 0 0 160
                        63
                    }
                }
            }
        }
    }
    [
        {
            T{ ##load-reference { dst 0 } { obj 1.25 } }
            T{ ##scalar>vector
                { dst 1 }
                { src 0 }
                { rep float-4-rep }
            }
            T{ ##shuffle-vector-imm
                { dst 2 }
                { src 1 }
                { shuffle { 0 0 0 0 } }
                { rep float-4-rep }
            }
        } value-numbering-step
    ]
}
Unit Test: {
    {
        {
            T{ ##load-reference { dst 0 } { obj 1.25 } }
            T{ ##load-reference
                { dst 1 }
                { obj
                    B{
                        0 0 160 63 0 0 160 63 0 0 160 63 0 0 160
                        63
                    }
                }
            }
            T{ ##load-reference
                { dst 2 }
                { obj
                    B{
                        0 0 160 63 0 0 160 63 0 0 160 63 0 0 160
                        63
                    }
                }
            }
        }
    }
    [
        {
            T{ ##load-reference { dst 0 } { obj 1.25 } }
            T{ ##scalar>vector
                { dst 1 }
                { src 0 }
                { rep float-4-rep }
            }
            T{ ##shuffle-vector-imm
                { dst 2 }
                { src 1 }
                { shuffle { 0 0 0 0 } }
                { rep float-4-rep }
            }
        } value-numbering-step
    ]
}
Unit Test: {
    {
        {
            T{ ##load-integer { dst 0 } { val 55 } }
            T{ ##load-reference
                { dst 1 }
                { obj
                    B{ 55 0 55 0 55 0 55 0 55 0 55 0 55 0 55 0 }
                }
            }
            T{ ##load-reference
                { dst 2 }
                { obj B{ 1 0 1 0 1 0 1 0 1 0 1 0 1 0 1 0 } }
            }
            T{ ##load-reference
                { dst 3 }
                { obj
                    B{ 0 55 0 55 0 55 0 55 0 55 0 55 0 55 0 55 }
                }
            }
        }
    }
    [
        {
            T{ ##load-integer { dst 0 } { val 55 } }
            T{ ##scalar>vector
                { dst 1 }
                { src 0 }
                { rep short-8-rep }
            }
            T{ ##load-reference
                { dst 2 }
                { obj B{ 1 0 1 0 1 0 1 0 1 0 1 0 1 0 1 0 } }
            }
            T{ ##shuffle-vector
                { dst 3 }
                { src 1 }
                { shuffle 2 }
                { rep float-4-rep }
            }
        } value-numbering-step
    ]
}
Unit Test: {
    {
        {
            T{ ##load-reference { dst 0 } { obj 1.25 } }
            T{ ##load-reference { dst 2 } { obj 3.75 } }
            T{ ##load-reference
                { dst 4 }
                { obj
                    B{ 0 0 0 0 0 0 244 63 0 0 0 0 0 0 14 64 }
                }
            }
        }
    }
    [
        {
            T{ ##load-reference { dst 0 } { obj 1.25 } }
            T{ ##load-reference { dst 2 } { obj 3.75 } }
            T{ ##gather-vector-2
                { dst 4 }
                { src1 0 }
                { src2 2 }
                { rep double-2-rep }
            }
        } value-numbering-step
    ]
}
Unit Test: {
    {
        {
            T{ ##load-integer { dst 0 } { val 125 } }
            T{ ##load-integer { dst 2 } { val 375 } }
            T{ ##load-reference
                { dst 4 }
                { obj B{ 125 0 0 0 0 0 0 0 119 1 0 0 0 0 0 0 } }
            }
        }
    }
    [
        {
            T{ ##load-integer { dst 0 } { val 125 } }
            T{ ##load-integer { dst 2 } { val 375 } }
            T{ ##gather-vector-2
                { dst 4 }
                { src1 0 }
                { src2 2 }
                { rep longlong-2-rep }
            }
        } value-numbering-step
    ]
}
Unit Test: {
    {
        {
            T{ ##load-reference { dst 0 } { obj 1.25 } }
            T{ ##load-reference { dst 1 } { obj 2.5 } }
            T{ ##load-reference { dst 2 } { obj 3.75 } }
            T{ ##load-reference { dst 3 } { obj 5.0 } }
            T{ ##load-reference
                { dst 4 }
                { obj
                    B{
                        0 0 160 63 0 0 32 64 0 0 112 64 0 0 160
                        64
                    }
                }
            }
        }
    }
    [
        {
            T{ ##load-reference { dst 0 } { obj 1.25 } }
            T{ ##load-reference { dst 1 } { obj 2.5 } }
            T{ ##load-reference { dst 2 } { obj 3.75 } }
            T{ ##load-reference { dst 3 } { obj 5.0 } }
            T{ ##gather-vector-4
                { dst 4 }
                { src1 0 }
                { src2 1 }
                { src3 2 }
                { src4 3 }
                { rep float-4-rep }
            }
        } value-numbering-step
    ]
}
Unit Test: {
    {
        {
            T{ ##load-integer { dst 0 } { val 125 } }
            T{ ##load-integer { dst 1 } { val 250 } }
            T{ ##load-integer { dst 2 } { val 375 } }
            T{ ##load-integer { dst 3 } { val 500 } }
            T{ ##load-reference
                { dst 4 }
                { obj
                    B{ 125 0 0 0 250 0 0 0 119 1 0 0 244 1 0 0 }
                }
            }
        }
    }
    [
        {
            T{ ##load-integer { dst 0 } { val 125 } }
            T{ ##load-integer { dst 1 } { val 250 } }
            T{ ##load-integer { dst 2 } { val 375 } }
            T{ ##load-integer { dst 3 } { val 500 } }
            T{ ##gather-vector-4
                { dst 4 }
                { src1 0 }
                { src2 1 }
                { src3 2 }
                { src4 3 }
                { rep int-4-rep }
            }
        } value-numbering-step
    ]
}
Unit Test: {
    { { T{ ##zero-vector { dst 2 } { rep float-4-rep } } } }
    [
        {
            T{ ##xor-vector
                { dst 2 }
                { src1 1 }
                { src2 1 }
                { rep float-4-rep }
            }
        } value-numbering-step
    ]
}
Unit Test: {
    {
        {
            T{ ##fill-vector { dst 3 } { rep float-4-rep } }
            T{ ##xor-vector
                { dst 4 }
                { src1 0 }
                { src2 3 }
                { rep float-4-rep }
            }
            T{ ##andn-vector
                { dst 5 }
                { src1 0 }
                { src2 1 }
                { rep float-4-rep }
            }
        }
    }
    [
        {
            T{ ##fill-vector { dst 3 } { rep float-4-rep } }
            T{ ##xor-vector
                { dst 4 }
                { src1 0 }
                { src2 3 }
                { rep float-4-rep }
            }
            T{ ##and-vector
                { dst 5 }
                { src1 4 }
                { src2 1 }
                { rep float-4-rep }
            }
        } value-numbering-step
    ]
}
Unit Test: {
    {
        {
            T{ ##not-vector
                { dst 4 }
                { src 0 }
                { rep float-4-rep }
            }
            T{ ##andn-vector
                { dst 5 }
                { src1 0 }
                { src2 1 }
                { rep float-4-rep }
            }
        }
    }
    [
        {
            T{ ##not-vector
                { dst 4 }
                { src 0 }
                { rep float-4-rep }
            }
            T{ ##and-vector
                { dst 5 }
                { src1 4 }
                { src2 1 }
                { rep float-4-rep }
            }
        } value-numbering-step
    ]
}
Unit Test: {
    {
        {
            T{ ##fill-vector { dst 3 } { rep float-4-rep } }
            T{ ##xor-vector
                { dst 4 }
                { src1 0 }
                { src2 3 }
                { rep float-4-rep }
            }
            T{ ##andn-vector
                { dst 5 }
                { src1 0 }
                { src2 1 }
                { rep float-4-rep }
            }
        }
    }
    [
        {
            T{ ##fill-vector { dst 3 } { rep float-4-rep } }
            T{ ##xor-vector
                { dst 4 }
                { src1 0 }
                { src2 3 }
                { rep float-4-rep }
            }
            T{ ##and-vector
                { dst 5 }
                { src1 1 }
                { src2 4 }
                { rep float-4-rep }
            }
        } value-numbering-step
    ]
}
Unit Test: {
    {
        {
            T{ ##not-vector
                { dst 4 }
                { src 0 }
                { rep float-4-rep }
            }
            T{ ##andn-vector
                { dst 5 }
                { src1 0 }
                { src2 1 }
                { rep float-4-rep }
            }
        }
    }
    [
        {
            T{ ##not-vector
                { dst 4 }
                { src 0 }
                { rep float-4-rep }
            }
            T{ ##and-vector
                { dst 5 }
                { src1 1 }
                { src2 4 }
                { rep float-4-rep }
            }
        } value-numbering-step
    ]
}
Unit Test: {
    {
        {
            T{ ##fill-vector { dst 3 } { rep float-4-rep } }
            T{ ##xor-vector
                { dst 4 }
                { src1 0 }
                { src2 3 }
                { rep float-4-rep }
            }
            T{ ##and-vector
                { dst 5 }
                { src1 0 }
                { src2 1 }
                { rep float-4-rep }
            }
        }
    }
    [
        {
            T{ ##fill-vector { dst 3 } { rep float-4-rep } }
            T{ ##xor-vector
                { dst 4 }
                { src1 0 }
                { src2 3 }
                { rep float-4-rep }
            }
            T{ ##andn-vector
                { dst 5 }
                { src1 4 }
                { src2 1 }
                { rep float-4-rep }
            }
        } value-numbering-step
    ]
}
Unit Test: {
    {
        {
            T{ ##not-vector
                { dst 4 }
                { src 0 }
                { rep float-4-rep }
            }
            T{ ##and-vector
                { dst 5 }
                { src1 0 }
                { src2 1 }
                { rep float-4-rep }
            }
        }
    }
    [
        {
            T{ ##not-vector
                { dst 4 }
                { src 0 }
                { rep float-4-rep }
            }
            T{ ##andn-vector
                { dst 5 }
                { src1 4 }
                { src2 1 }
                { rep float-4-rep }
            }
        } value-numbering-step
    ]
}
Unit Test: {
    {
        {
            T{ ##fill-vector { dst 3 } { rep float-4-rep } }
            T{ ##xor-vector
                { dst 4 }
                { src1 0 }
                { src2 3 }
                { rep float-4-rep }
            }
            T{ ##andn-vector
                { dst 5 }
                { src1 0 }
                { src2 1 }
                { rep float-4-rep }
            }
            T{ ##and-vector
                { dst 6 }
                { src1 0 }
                { src2 2 }
                { rep float-4-rep }
            }
            T{ ##or-vector
                { dst 7 }
                { src1 5 }
                { src2 6 }
                { rep float-4-rep }
            }
        }
    }
    [
        {
            T{ ##fill-vector { dst 3 } { rep float-4-rep } }
            T{ ##xor-vector
                { dst 4 }
                { src1 0 }
                { src2 3 }
                { rep float-4-rep }
            }
            T{ ##and-vector
                { dst 5 }
                { src1 4 }
                { src2 1 }
                { rep float-4-rep }
            }
            T{ ##andn-vector
                { dst 6 }
                { src1 4 }
                { src2 2 }
                { rep float-4-rep }
            }
            T{ ##or-vector
                { dst 7 }
                { src1 5 }
                { src2 6 }
                { rep float-4-rep }
            }
        } value-numbering-step
    ]
}
Unit Test: {
    {
        {
            T{ ##not-vector
                { dst 4 }
                { src 0 }
                { rep float-4-rep }
            }
            T{ ##andn-vector
                { dst 5 }
                { src1 0 }
                { src2 1 }
                { rep float-4-rep }
            }
            T{ ##and-vector
                { dst 6 }
                { src1 0 }
                { src2 2 }
                { rep float-4-rep }
            }
            T{ ##or-vector
                { dst 7 }
                { src1 5 }
                { src2 6 }
                { rep float-4-rep }
            }
        }
    }
    [
        {
            T{ ##not-vector
                { dst 4 }
                { src 0 }
                { rep float-4-rep }
            }
            T{ ##and-vector
                { dst 5 }
                { src1 4 }
                { src2 1 }
                { rep float-4-rep }
            }
            T{ ##andn-vector
                { dst 6 }
                { src1 4 }
                { src2 2 }
                { rep float-4-rep }
            }
            T{ ##or-vector
                { dst 7 }
                { src1 5 }
                { src2 6 }
                { rep float-4-rep }
            }
        } value-numbering-step
    ]
}
Unit Test: {
    {
        {
            T{ ##load-integer { dst 1 } { val 1 } }
            T{ ##load-integer { dst 2 } { val 2 } }
            T{ ##branch }
        }
        1
    }
    [
        {
            T{ ##load-integer { dst 1 } { val 1 } }
            T{ ##load-integer { dst 2 } { val 2 } }
            T{ ##compare-branch
                { src1 1 }
                { src2 2 }
                { cc cc= }
            }
        } test-branch-folding
    ]
}
Unit Test: {
    {
        {
            T{ ##load-integer { dst 1 } { val 1 } }
            T{ ##load-integer { dst 2 } { val 2 } }
            T{ ##branch }
        }
        0
    }
    [
        {
            T{ ##load-integer { dst 1 } { val 1 } }
            T{ ##load-integer { dst 2 } { val 2 } }
            T{ ##compare-branch
                { src1 1 }
                { src2 2 }
                { cc cc/= }
            }
        } test-branch-folding
    ]
}
Unit Test: {
    {
        {
            T{ ##load-integer { dst 1 } { val 1 } }
            T{ ##load-integer { dst 2 } { val 2 } }
            T{ ##branch }
        }
        0
    }
    [
        {
            T{ ##load-integer { dst 1 } { val 1 } }
            T{ ##load-integer { dst 2 } { val 2 } }
            T{ ##compare-integer-branch
                { src1 1 }
                { src2 2 }
                { cc cc< }
            }
        } test-branch-folding
    ]
}
Unit Test: {
    {
        {
            T{ ##load-integer { dst 1 } { val 1 } }
            T{ ##load-integer { dst 2 } { val 2 } }
            T{ ##branch }
        }
        1
    }
    [
        {
            T{ ##load-integer { dst 1 } { val 1 } }
            T{ ##load-integer { dst 2 } { val 2 } }
            T{ ##compare-integer-branch
                { src1 2 }
                { src2 1 }
                { cc cc< }
            }
        } test-branch-folding
    ]
}
Unit Test: {
    { { T{ ##peek { dst 0 } { loc D: 0 } } T{ ##branch } } 1 }
    [
        {
            T{ ##peek { dst 0 } { loc D: 0 } }
            T{ ##compare-integer-branch
                { src1 0 }
                { src2 0 }
                { cc cc< }
            }
        } test-branch-folding
    ]
}
Unit Test: {
    { { T{ ##peek { dst 0 } { loc D: 0 } } T{ ##branch } } 0 }
    [
        {
            T{ ##peek { dst 0 } { loc D: 0 } }
            T{ ##compare-integer-branch
                { src1 0 }
                { src2 0 }
                { cc cc<= }
            }
        } test-branch-folding
    ]
}
Unit Test: {
    { { T{ ##peek { dst 0 } { loc D: 0 } } T{ ##branch } } 1 }
    [
        {
            T{ ##peek { dst 0 } { loc D: 0 } }
            T{ ##compare-integer-branch
                { src1 0 }
                { src2 0 }
                { cc cc> }
            }
        } test-branch-folding
    ]
}
Unit Test: {
    { { T{ ##peek { dst 0 } { loc D: 0 } } T{ ##branch } } 0 }
    [
        {
            T{ ##peek { dst 0 } { loc D: 0 } }
            T{ ##compare-integer-branch
                { src1 0 }
                { src2 0 }
                { cc cc>= }
            }
        } test-branch-folding
    ]
}
Unit Test: {
    { { T{ ##peek { dst 0 } { loc D: 0 } } T{ ##branch } } 0 }
    [
        {
            T{ ##peek { dst 0 } { loc D: 0 } }
            T{ ##compare-integer-branch
                { src1 0 }
                { src2 0 }
                { cc cc= }
            }
        } test-branch-folding
    ]
}
Unit Test: {
    { { T{ ##peek { dst 0 } { loc D: 0 } } T{ ##branch } } 1 }
    [
        {
            T{ ##peek { dst 0 } { loc D: 0 } }
            T{ ##compare-integer-branch
                { src1 0 }
                { src2 0 }
                { cc cc/= }
            }
        } test-branch-folding
    ]
}
Unit Test: {
    {
        {
            T{ ##peek { dst 0 } { loc D: 0 } }
            T{ ##load-reference { dst 1 } { obj t } }
            T{ ##branch }
        }
        0
    }
    [
        {
            T{ ##peek { dst 0 } { loc D: 0 } }
            T{ ##compare
                { dst 1 }
                { src1 0 }
                { src2 0 }
                { cc cc<= }
            }
            T{ ##compare-imm-branch { src1 1 } { cc cc/= } }
        } test-branch-folding
    ]
}
Unit Test: {
    { }
    [
        0 get block>cfg dup cfg set
        [ value-numbering ] [ select-representations ]
        [ destruct-ssa ] tri
    ]
}
Unit Test: { { 1 } [ 1 get successors>> length ] }
Unit Test: { { t } [ 1 get successors>> first 3 get eq? ] }
Unit Test: { { 2 } [ 4 get instructions>> length ] }
Unit Test: {
    { }
    [
        0 get block>cfg
        { value-numbering eliminate-dead-code } apply-passes
    ]
}
Unit Test: { { t } [ 1 get successors>> first 3 get eq? ] }
Unit Test: { { 1 } [ 3 get instructions>> first inputs>> assoc-size ] }
Unit Test: {
    { }
    [
        0 get block>cfg
        { value-numbering eliminate-dead-code } apply-passes
    ]
}
Unit Test: { { f } [ 1 get instructions>> [ ##peek? ] any? ] }
Unit Test: {
    {
        V{
            T{ ##peek { dst 1 } { loc D: 0 } }
            T{ ##tagged>integer { dst 2 } { src 1 } }
            T{ ##add-imm { dst 3 } { src1 2 } { src2 10 } }
            T{ ##load-memory-imm
                { dst 4 }
                { base 2 }
                { offset 10 }
                { rep int-rep }
                { c-type uchar }
            }
        }
    }
    [
        V{
            T{ ##peek { dst 1 } { loc D: 0 } }
            T{ ##tagged>integer { dst 2 } { src 1 } }
            T{ ##add-imm { dst 3 } { src1 2 } { src2 10 } }
            T{ ##load-memory-imm
                { dst 4 }
                { base 3 }
                { offset 0 }
                { rep int-rep }
                { c-type uchar }
            }
        } value-numbering-step
    ]
}
Unit Test: {
    {
        V{
            T{ ##peek { dst 0 } { loc D: 0 } }
            T{ ##peek { dst 1 } { loc D: 1 } }
            T{ ##tagged>integer { dst 2 } { src 0 } }
            T{ ##tagged>integer { dst 3 } { src 1 } }
            T{ ##add-imm { dst 4 } { src1 3 } { src2 10 } }
            T{ ##store-memory-imm
                { src 2 }
                { base 3 }
                { offset 10 }
                { rep int-rep }
                { c-type uchar }
            }
        }
    }
    [
        V{
            T{ ##peek { dst 0 } { loc D: 0 } }
            T{ ##peek { dst 1 } { loc D: 1 } }
            T{ ##tagged>integer { dst 2 } { src 0 } }
            T{ ##tagged>integer { dst 3 } { src 1 } }
            T{ ##add-imm { dst 4 } { src1 3 } { src2 10 } }
            T{ ##store-memory-imm
                { src 2 }
                { base 4 }
                { offset 0 }
                { rep int-rep }
                { c-type uchar }
            }
        } value-numbering-step
    ]
}
Unit Test: {
    {
        V{
            T{ ##peek { dst 0 } { loc D: 0 } }
            T{ ##peek { dst 1 } { loc D: 1 } }
            T{ ##tagged>integer { dst 2 } { src 0 } }
            T{ ##tagged>integer { dst 3 } { src 1 } }
            T{ ##add { dst 4 } { src1 2 } { src2 3 } }
            T{ ##load-memory
                { dst 5 }
                { base 2 }
                { displacement 3 }
                { scale 0 }
                { offset 0 }
                { rep int-rep }
                { c-type uchar }
            }
        }
    }
    [
        V{
            T{ ##peek { dst 0 } { loc D: 0 } }
            T{ ##peek { dst 1 } { loc D: 1 } }
            T{ ##tagged>integer { dst 2 } { src 0 } }
            T{ ##tagged>integer { dst 3 } { src 1 } }
            T{ ##add { dst 4 } { src1 2 } { src2 3 } }
            T{ ##load-memory-imm
                { dst 5 }
                { base 4 }
                { offset 0 }
                { rep int-rep }
                { c-type uchar }
            }
        } value-numbering-step
    ]
}
Unit Test: {
    {
        V{
            T{ ##peek { dst 0 } { loc D: 0 } }
            T{ ##peek { dst 1 } { loc D: 1 } }
            T{ ##tagged>integer { dst 2 } { src 0 } }
            T{ ##tagged>integer { dst 3 } { src 1 } }
            T{ ##add { dst 4 } { src1 2 } { src2 3 } }
            T{ ##store-memory
                { src 5 }
                { base 2 }
                { displacement 3 }
                { scale 0 }
                { offset 0 }
                { rep int-rep }
                { c-type uchar }
            }
        }
    }
    [
        V{
            T{ ##peek { dst 0 } { loc D: 0 } }
            T{ ##peek { dst 1 } { loc D: 1 } }
            T{ ##tagged>integer { dst 2 } { src 0 } }
            T{ ##tagged>integer { dst 3 } { src 1 } }
            T{ ##add { dst 4 } { src1 2 } { src2 3 } }
            T{ ##store-memory-imm
                { src 5 }
                { base 4 }
                { offset 0 }
                { rep int-rep }
                { c-type uchar }
            }
        } value-numbering-step
    ]
}
Unit Test: {
    [
        V{
            T{ ##peek { dst 0 } { loc D: 0 } }
            T{ ##peek { dst 1 } { loc D: 1 } }
            T{ ##tagged>integer { dst 2 } { src 0 } }
            T{ ##tagged>integer { dst 3 } { src 1 } }
            T{ ##add-imm { dst 4 } { src1 2 } { src2 31337 } }
            T{ ##load-memory
                { dst 5 }
                { base 4 }
                { displacement 3 }
                { scale 0 }
                { offset 0 }
                { rep int-rep }
                { c-type uchar }
            }
        }
    ]
    [
        V{
            T{ ##peek { dst 0 } { loc D: 0 } }
            T{ ##peek { dst 1 } { loc D: 1 } }
            T{ ##tagged>integer { dst 2 } { src 0 } }
            T{ ##tagged>integer { dst 3 } { src 1 } }
            T{ ##add-imm { dst 4 } { src1 2 } { src2 31337 } }
            T{ ##load-memory
                { dst 5 }
                { base 4 }
                { displacement 3 }
                { scale 0 }
                { offset 0 }
                { rep int-rep }
                { c-type uchar }
            }
        } value-numbering-step
    ]
}
Unit Test: {
    [
        V{
            T{ ##peek { dst 0 } { loc D: 0 } }
            T{ ##peek { dst 1 } { loc D: 1 } }
            T{ ##tagged>integer { dst 2 } { src 0 } }
            T{ ##tagged>integer { dst 3 } { src 1 } }
            T{ ##add-imm { dst 4 } { src1 3 } { src2 31337 } }
            T{ ##load-memory
                { dst 5 }
                { base 2 }
                { displacement 4 }
                { scale 0 }
                { offset 1 }
                { rep int-rep }
                { c-type uchar }
            }
        }
    ]
    [
        V{
            T{ ##peek { dst 0 } { loc D: 0 } }
            T{ ##peek { dst 1 } { loc D: 1 } }
            T{ ##tagged>integer { dst 2 } { src 0 } }
            T{ ##tagged>integer { dst 3 } { src 1 } }
            T{ ##add-imm { dst 4 } { src1 3 } { src2 31337 } }
            T{ ##load-memory
                { dst 5 }
                { base 2 }
                { displacement 4 }
                { scale 0 }
                { offset 1 }
                { rep int-rep }
                { c-type uchar }
            }
        } value-numbering-step
    ]
}
Unit Test: {
    { }
    [
        V{
            T{ ##peek { dst 0 } { loc D: 0 } }
            T{ ##peek { dst 1 } { loc D: 1 } }
            T{ ##tagged>integer { dst 2 } { src 0 } }
            T{ ##tagged>integer { dst 3 } { src 1 } }
            T{ ##add-imm { dst 4 } { src1 3 } { src2 10 } }
            T{ ##load-memory
                { dst 5 }
                { base 2 }
                { displacement 4 }
                { scale 1 }
                { offset 1 }
                { rep int-rep }
                { c-type uchar }
            }
        } dup value-numbering-step assert=
    ]
}
Unit Test: {
    {
        V{
            T{ ##peek { dst 0 } { loc D: 0 } }
            T{ ##peek { dst 1 } { loc D: 1 } }
            T{ ##tagged>integer { dst 2 } { src 0 } }
            T{ ##tagged>integer { dst 3 } { src 1 } }
            T{ ##shl-imm { dst 4 } { src1 3 } { src2 2 } }
            T{ ##load-memory
                { dst 5 }
                { base 2 }
                { displacement 4 }
                { scale 0 }
                { offset 0 }
                { rep int-rep }
                { c-type uchar }
            }
        }
    }
    [
        V{
            T{ ##peek { dst 0 } { loc D: 0 } }
            T{ ##peek { dst 1 } { loc D: 1 } }
            T{ ##tagged>integer { dst 2 } { src 0 } }
            T{ ##tagged>integer { dst 3 } { src 1 } }
            T{ ##shl-imm { dst 4 } { src1 3 } { src2 2 } }
            T{ ##load-memory
                { dst 5 }
                { base 2 }
                { displacement 4 }
                { scale 0 }
                { offset 0 }
                { rep int-rep }
                { c-type uchar }
            }
        } value-numbering-step
    ]
}
Unit Test: {
    { T{ ##test-branch { src1 RAX } { src2 RAX } { cc cc= } } }
    [
        RAX 0 cc= f ##compare-integer-imm-branch boa
        >test-branch
    ]
}
Unit Test: { { f } [ [ [ 3 ] [ 4 ] if fixnum>float ] has-integer>float? ] }
Unit Test: {
    { f }
    [ [ { float object } declare 1 -1 ? - ] has-integer>float? ]
}
Unit Test: { { 3.0 } [ t [ [ 3 ] [ 4 ] if fixnum>float ] compile-call ] }
Unit Test: { { 4.0 } [ f [ [ 3 ] [ 4 ] if fixnum>float ] compile-call ] }
Unit Test: {
    { 9.0 }
    [
        10.0 t
        [ { float object } declare 1 -1 ? - ] compile-call
    ]
}
Unit Test: {
    { 11.0 }
    [
        10.0 f
        [ { float object } declare 1 -1 ? - ] compile-call
    ]
}
Unit Test: {
    { f }
    [ [ [ 3 ] [ 4 ] if dup fixnum>float ] has-integer>float? ]
}
Unit Test: {
    { 3 3.0 }
    [ t [ [ 3 ] [ 4 ] if dup fixnum>float ] compile-call ]
}
Unit Test: {
    { 4 4.0 }
    [ f [ [ 3 ] [ 4 ] if dup fixnum>float ] compile-call ]
}
Unit Test: {
    { f }
    [
        [ [ 3 dup ] [ 4 dup ] if fixnum>float ]
        has-integer>float?
    ]
}
Unit Test: {
    { 3 3.0 }
    [ t [ [ 3 dup ] [ 4 dup ] if fixnum>float ] compile-call ]
}
Unit Test: {
    { 4 4.0 }
    [ f [ [ 3 dup ] [ 4 dup ] if fixnum>float ] compile-call ]
}
Unit Test: {
    { t }
    [
        [
            { fixnum object } declare [ ] [ drop 4 ] if
            fixnum>float
        ] has-integer>float?
    ]
}
Unit Test: {
    { t }
    [
        [ [ 9007199254740993 ] [ 4 ] if fixnum>float ]
        has-integer>float?
    ]
}
Unit Test: {
    {
        {
            T{ ##load-integer { dst 0 } { val -3 } }
            T{ ##load-reference { dst 1 } { obj -3.0 } }
        }
    }
    [
        {
            T{ ##load-integer { dst 0 } { val -3 } }
            T{ ##integer>float { dst 1 } { src 0 } }
        } value-numbering-step
    ]
}
Unit Test: {
    { t }
    [
        {
            T{ ##load-integer
                { dst 0 }
                { val 9007199254740992 }
            }
            T{ ##integer>float { dst 1 } { src 0 } }
        } value-numbering-step last ##load-reference?
    ]
}
Unit Test: {
    { t }
    [
        {
            T{ ##load-integer
                { dst 0 }
                { val 9007199254740993 }
            }
            T{ ##integer>float { dst 1 } { src 0 } }
        } value-numbering-step last ##integer>float?
    ]
}
Unit Test: {
    { 4845873199050653696 }
    [
        +round-down+
        [ t selected-inexact-float ] with-rounding-mode
        double>bits
    ]
}
Unit Test: {
    { 4845873199050653697 }
    [
        +round-up+
        [ t selected-inexact-float ] with-rounding-mode
        double>bits
    ]
}
Unit Test: {
    { t }
    [
        t [ selected-inexact-float ] collect-fp-exceptions nip
        +fp-inexact+ swap member?
    ]
}
Unit Test: {
    { f }
    [
        f [ selected-inexact-float ] collect-fp-exceptions nip
        +fp-inexact+ swap member?
    ]
}
Unit Test: {
    { T{ ##and-imm { dst 4 } { src1 5 } { src2 6 } } }
    [
        H{ { 10 10 } } vregs>vns set 10 4 5 6 f ##and-imm boa
        2array 1array vns>insns set 10 vn>insn
    ]
}
Unit Test: {
    {
        {
            T{ ##load-integer { dst 2 } { val -7 } }
            T{ ##load-integer { dst 3 } { val 12 } }
            T{ ##load-reference { dst 4 } { obj 7.0 } }
        }
    }
    [
        V{
            T{ ##load-integer { dst 0 } { val 7 } }
            T{ ##branch }
        } 0 insns>block load-local V{
            T{ ##copy { dst 1 } { src 0 } { rep any-rep } }
            T{ ##branch }
        } 1 insns>block load-local V{
            T{ ##neg { dst 2 } { src 1 } }
            T{ ##add-imm { dst 3 } { src1 1 } { src2 5 } }
            T{ ##integer>float { dst 4 } { src 1 } }
            T{ ##return }
        } 2 insns>block load-local
        -2 get-local -1 get-local connect-bbs
        -1 get-local 0 get-local connect-bbs
        -2 get-local block>cfg value-numbering
        0 get-local instructions>> 3 head >array 3 drop-locals
    ]
}
Unit Test: {
    { t }
    [
        V{
            T{ ##peek { dst 0 } { loc D: 0 } }
            T{ ##neg { dst 1 } { src 0 } }
            T{ ##return }
        } insns>cfg dup value-numbering
        entry>> instructions>> second ##neg?
    ]
}
compiler.cfg.representations
Unit Test: {
    { { double-rep double-rep } }
    [
        T{ ##add-float { dst 5 } { src1 3 } { src2 4 } }
        uses-vreg-reps
    ]
}
Unit Test: {
    { { double-rep } }
    [
        T{ ##load-memory-imm
            { dst 5 }
            { base 3 }
            { offset 0 }
            { rep double-rep }
        } defs-vreg-reps
    ]
}
Unit Test: {
    {
        {
            T{ ##allot
                { dst 2 }
                { size 16 }
                { class-of float }
                { temp 4 }
            }
            T{ ##store-memory-imm
                { src 1 }
                { base 2 }
                { offset 5 }
                { rep double-rep }
            }
        }
    }
    [ [ 2 1 tagged-rep double-rep emit-conversion ] { } make ]
}
Unit Test: {
    {
        {
            T{ ##load-memory-imm
                { dst 2 }
                { base 1 }
                { offset 5 }
                { rep double-rep }
            }
        }
    }
    [ [ 2 1 double-rep tagged-rep emit-conversion ] { } make ]
}
Unit Test: { { } [ test-representations ] }
Unit Test: { { 1 } [ 1 get instructions>> [ ##allot? ] count ] }
Unit Test: { { } [ test-representations ] }
Unit Test: {
    { V{ T{ ##peek { dst 1 } { loc D: 0 } } T{ ##branch } } }
    [ 1 get instructions>> ]
}
Unit Test: { { } [ test-representations ] }
Unit Test: {
    { V{ T{ ##peek { dst 1 } { loc D: 0 } } T{ ##branch } } }
    [ 1 get instructions>> ]
}
Unit Test: { { } [ test-representations ] }
Unit Test: {
    {
        V{
            T{ ##peek { dst 4 } { loc D: 0 } }
            T{ ##sar-imm { dst 1 } { src1 4 } { src2 4 } }
            T{ ##branch }
        }
    }
    [ 1 get instructions>> ]
}
Unit Test: { { } [ test-representations ] }
Unit Test: { { t } [ 1 get instructions>> 4 swap nth ##scalar>integer? ] }
Unit Test: { { } [ test-representations ] }
Unit Test: {
    { T{ ##load-tagged { dst 1 } { val 16 } } }
    [ 1 get instructions>> first ]
}
Unit Test: {
    { T{ ##load-tagged { dst 2 } { val 32 } } }
    [ 2 get instructions>> first ]
}
Unit Test: { { } [ test-representations ] }
Unit Test: { { 2 } [ 2 get instructions>> length ] }
Unit Test: {
    { f }
    [
        V{
            T{ ##peek { dst 0 } { loc D: 0 } }
            T{ ##peek { dst 1 } { loc D: 1 } }
            T{ ##tagged>integer { dst 2 } { src 1 } }
            T{ ##add-float { dst 3 } { src1 0 } { src2 0 } }
            T{ ##store-memory-imm
                { src 3 }
                { base 2 }
                { offset 0 }
                { rep float-rep }
            }
            T{ ##store-memory-imm
                { src 3 }
                { base 2 }
                { offset 4 }
                { rep float-rep }
            }
            T{ ##mul-float { dst 4 } { src1 0 } { src2 0 } }
            T{ ##replace { src 4 } { loc D: 0 } }
        } test-peephole [ ##single>double-float? ] any?
    ]
}
Unit Test: {
    {
        V{
            T{ ##load-tagged { dst 1 } { val 1600 } }
            T{ ##replace { src 1 } { loc D: 0 } }
        }
    }
    [
        V{
            T{ ##load-integer { dst 1 } { val 100 } }
            T{ ##replace { src 1 } { loc D: 0 } }
        } test-peephole
    ]
}
Unit Test: {
    {
        V{
            T{ ##peek { dst 1 } { loc D: 0 } }
            T{ ##sar-imm { dst 2 } { src1 1 } { src2 1 } }
            T{ ##add { dst 4 } { src1 2 } { src2 2 } }
            T{ ##shl-imm { dst 3 } { src1 4 } { src2 4 } }
            T{ ##replace { src 3 } { loc D: 0 } }
        }
    }
    [
        V{
            T{ ##peek { dst 1 } { loc D: 0 } }
            T{ ##shl-imm { dst 2 } { src1 1 } { src2 3 } }
            T{ ##add { dst 3 } { src1 2 } { src2 2 } }
            T{ ##replace { src 3 } { loc D: 0 } }
        } test-peephole
    ]
}
Unit Test: {
    {
        V{
            T{ ##peek { dst 1 } { loc D: 0 } }
            T{ ##shl-imm { dst 2 } { src1 1 } { src2 6 } }
            T{ ##add { dst 4 } { src1 2 } { src2 2 } }
            T{ ##shl-imm { dst 3 } { src1 4 } { src2 4 } }
            T{ ##replace { src 3 } { loc D: 0 } }
        }
    }
    [
        V{
            T{ ##peek { dst 1 } { loc D: 0 } }
            T{ ##shl-imm { dst 2 } { src1 1 } { src2 10 } }
            T{ ##add { dst 3 } { src1 2 } { src2 2 } }
            T{ ##replace { src 3 } { loc D: 0 } }
        } test-peephole
    ]
}
Unit Test: {
    {
        V{
            T{ ##peek { dst 1 } { loc D: 0 } }
            T{ ##copy { dst 2 } { src 1 } { rep int-rep } }
            T{ ##add { dst 5 } { src1 2 } { src2 2 } }
            T{ ##shl-imm { dst 3 } { src1 5 } { src2 4 } }
            T{ ##replace { src 3 } { loc D: 0 } }
        }
    }
    [
        V{
            T{ ##peek { dst 1 } { loc D: 0 } }
            T{ ##shl-imm { dst 2 } { src1 1 } { src2 4 } }
            T{ ##add { dst 3 } { src1 2 } { src2 2 } }
            T{ ##replace { src 3 } { loc D: 0 } }
        } test-peephole
    ]
}
Unit Test: {
    {
        V{
            T{ ##load-integer { dst 1 } { val 100 } }
            T{ ##shl-imm { dst 2 } { src1 1 } { src2 7 } }
            T{ ##replace { src 2 } { loc D: 0 } }
        }
    }
    [
        V{
            T{ ##load-integer { dst 1 } { val 100 } }
            T{ ##shl-imm { dst 2 } { src1 1 } { src2 3 } }
            T{ ##replace { src 2 } { loc D: 0 } }
        } test-peephole
    ]
}
Unit Test: {
    {
        V{
            T{ ##peek { dst 0 } { loc D: 0 } }
            T{ ##shl-imm { dst 1 } { src1 0 } { src2 3 } }
            T{ ##replace { src 1 } { loc D: 0 } }
        }
    }
    [
        V{
            T{ ##peek { dst 0 } { loc D: 0 } }
            T{ ##shl-imm { dst 1 } { src1 0 } { src2 3 } }
            T{ ##replace { src 1 } { loc D: 0 } }
        } test-peephole
    ]
}
Unit Test: {
    {
        V{
            T{ ##load-integer { dst 1 } { val 100 } }
            T{ ##shl-imm { dst 2 } { src1 1 } { src2 3 } }
            T{ ##load-integer { dst 3 } { val 100 } }
            T{ ##load-integer { dst 4 } { val 100 } }
            T{ ##store-memory
                { src 2 }
                { base 3 }
                { displacement 4 }
                { scale 0 }
                { offset 0 }
                { rep int-rep }
                { c-type char }
            }
        }
    }
    [
        V{
            T{ ##load-integer { dst 1 } { val 100 } }
            T{ ##shl-imm { dst 2 } { src1 1 } { src2 3 } }
            T{ ##load-integer { dst 3 } { val 100 } }
            T{ ##load-integer { dst 4 } { val 100 } }
            T{ ##store-memory
                { src 2 }
                { base 3 }
                { displacement 4 }
                { scale 0 }
                { offset 0 }
                { rep int-rep }
                { c-type char }
            }
        } test-peephole
    ]
}
Unit Test: {
    {
        V{
            T{ ##peek { dst 1 } { loc D: 0 } }
            T{ ##sar-imm { dst 7 } { src1 1 } { src2 7 } }
            T{ ##shl-imm { dst 2 } { src1 7 } { src2 4 } }
            T{ ##replace { src 2 } { loc D: 0 } }
        }
    }
    [
        V{
            T{ ##peek { dst 1 } { loc D: 0 } }
            T{ ##sar-imm { dst 2 } { src1 1 } { src2 3 } }
            T{ ##replace { src 2 } { loc D: 0 } }
        } test-peephole
    ]
}
Unit Test: {
    {
        V{
            T{ ##load-integer { dst 1 } { val 100 } }
            T{ ##sar-imm { dst 7 } { src1 1 } { src2 3 } }
            T{ ##shl-imm { dst 2 } { src1 7 } { src2 4 } }
            T{ ##replace { src 2 } { loc D: 0 } }
        }
    }
    [
        V{
            T{ ##load-integer { dst 1 } { val 100 } }
            T{ ##sar-imm { dst 2 } { src1 1 } { src2 3 } }
            T{ ##replace { src 2 } { loc D: 0 } }
        } test-peephole
    ]
}
Unit Test: {
    {
        V{
            T{ ##peek { dst 0 } { loc D: 0 } }
            T{ ##sar-imm { dst 1 } { src1 0 } { src2 7 } }
            T{ ##load-integer { dst 3 } { val 100 } }
            T{ ##load-integer { dst 4 } { val 100 } }
            T{ ##store-memory
                { src 1 }
                { base 3 }
                { displacement 4 }
                { scale 0 }
                { offset 0 }
                { rep int-rep }
                { c-type char }
            }
        }
    }
    [
        V{
            T{ ##peek { dst 0 } { loc D: 0 } }
            T{ ##sar-imm { dst 1 } { src1 0 } { src2 3 } }
            T{ ##load-integer { dst 3 } { val 100 } }
            T{ ##load-integer { dst 4 } { val 100 } }
            T{ ##store-memory
                { src 1 }
                { base 3 }
                { displacement 4 }
                { scale 0 }
                { offset 0 }
                { rep int-rep }
                { c-type char }
            }
        } test-peephole
    ]
}
Unit Test: {
    {
        V{
            T{ ##load-integer { dst 1 } { val 100 } }
            T{ ##sar-imm { dst 2 } { src1 1 } { src2 3 } }
            T{ ##load-integer { dst 3 } { val 100 } }
            T{ ##load-integer { dst 4 } { val 100 } }
            T{ ##store-memory
                { src 2 }
                { base 3 }
                { displacement 4 }
                { scale 0 }
                { offset 0 }
                { rep int-rep }
                { c-type char }
            }
        }
    }
    [
        V{
            T{ ##load-integer { dst 1 } { val 100 } }
            T{ ##sar-imm { dst 2 } { src1 1 } { src2 3 } }
            T{ ##load-integer { dst 3 } { val 100 } }
            T{ ##load-integer { dst 4 } { val 100 } }
            T{ ##store-memory
                { src 2 }
                { base 3 }
                { displacement 4 }
                { scale 0 }
                { offset 0 }
                { rep int-rep }
                { c-type char }
            }
        } test-peephole
    ]
}
Unit Test: {
    {
        V{
            T{ ##load-vector
                { dst 0 }
                { val B{ 0 0 0 0 0 0 0 0 0 0 0 0 0 0 0 0 } }
                { rep short-8-rep }
            }
            T{ ##select-vector
                { dst 1 }
                { src 0 }
                { n 0 }
                { rep short-8-rep }
            }
            T{ ##sar-imm { dst 2 } { src1 1 } { src2 3 } }
            T{ ##load-integer { dst 3 } { val 100 } }
            T{ ##add { dst 4 } { src1 2 } { src2 3 } }
            T{ ##load-integer { dst 5 } { val 100 } }
            T{ ##load-integer { dst 6 } { val 100 } }
            T{ ##store-memory
                { src 4 }
                { base 5 }
                { displacement 6 }
                { scale 0 }
                { offset 0 }
                { rep int-rep }
                { c-type char }
            }
        }
    }
    [
        V{
            T{ ##load-vector
                { dst 0 }
                { val B{ 0 0 0 0 0 0 0 0 0 0 0 0 0 0 0 0 } }
                { rep short-8-rep }
            }
            T{ ##select-vector
                { dst 1 }
                { src 0 }
                { n 0 }
                { rep short-8-rep }
            }
            T{ ##sar-imm { dst 2 } { src1 1 } { src2 3 } }
            T{ ##load-integer { dst 3 } { val 100 } }
            T{ ##add { dst 4 } { src1 2 } { src2 3 } }
            T{ ##load-integer { dst 5 } { val 100 } }
            T{ ##load-integer { dst 6 } { val 100 } }
            T{ ##store-memory
                { src 4 }
                { base 5 }
                { displacement 6 }
                { scale 0 }
                { offset 0 }
                { rep int-rep }
                { c-type char }
            }
        } test-peephole
    ]
}
Unit Test: {
    {
        V{
            T{ ##load-vector
                { dst 0 }
                { val B{ 0 0 0 0 0 0 0 0 0 0 0 0 0 0 0 0 } }
                { rep int-4-rep }
            }
            T{ ##select-vector
                { dst 1 }
                { src 0 }
                { n 0 }
                { rep int-4-rep }
            }
            T{ ##sar-imm { dst 2 } { src1 1 } { src2 3 } }
            T{ ##load-integer { dst 3 } { val 100 } }
            T{ ##add { dst 7 } { src1 2 } { src2 3 } }
            T{ ##shl-imm { dst 4 } { src1 7 } { src2 4 } }
            T{ ##replace { src 4 } { loc D: 0 } }
        }
    }
    [
        V{
            T{ ##load-vector
                { dst 0 }
                { val B{ 0 0 0 0 0 0 0 0 0 0 0 0 0 0 0 0 } }
                { rep int-4-rep }
            }
            T{ ##select-vector
                { dst 1 }
                { src 0 }
                { n 0 }
                { rep int-4-rep }
            }
            T{ ##sar-imm { dst 2 } { src1 1 } { src2 3 } }
            T{ ##load-integer { dst 3 } { val 100 } }
            T{ ##add { dst 4 } { src1 2 } { src2 3 } }
            T{ ##replace { src 4 } { loc D: 0 } }
        } test-peephole
    ]
}
Unit Test: {
    {
        V{
            T{ ##peek { dst 1 } { loc D: 0 } }
            T{ ##add-imm { dst 2 } { src1 1 } { src2 1600 } }
            T{ ##replace { src 2 } { loc D: 0 } }
        }
    }
    [
        V{
            T{ ##peek { dst 1 } { loc D: 0 } }
            T{ ##add-imm { dst 2 } { src1 1 } { src2 100 } }
            T{ ##replace { src 2 } { loc D: 0 } }
        } test-peephole
    ]
}
Unit Test: {
    {
        V{
            T{ ##peek { dst 0 } { loc D: 0 } }
            T{ ##peek { dst 1 } { loc D: 1 } }
            T{ ##add { dst 2 } { src1 0 } { src2 1 } }
            T{ ##replace { src 2 } { loc D: 0 } }
        }
    }
    [
        V{
            T{ ##peek { dst 0 } { loc D: 0 } }
            T{ ##peek { dst 1 } { loc D: 1 } }
            T{ ##add { dst 2 } { src1 0 } { src2 1 } }
            T{ ##replace { src 2 } { loc D: 0 } }
        } test-peephole
    ]
}
Unit Test: {
    {
        V{
            T{ ##peek { dst 0 } { loc D: 0 } }
            T{ ##mul-imm { dst 1 } { src1 0 } { src2 100 } }
            T{ ##replace { src 1 } { loc D: 0 } }
        }
    }
    [
        V{
            T{ ##peek { dst 0 } { loc D: 0 } }
            T{ ##mul-imm { dst 1 } { src1 0 } { src2 100 } }
            T{ ##replace { src 1 } { loc D: 0 } }
        } test-peephole
    ]
}
Unit Test: {
    {
        V{
            T{ ##peek { dst 0 } { loc D: 0 } }
            T{ ##peek { dst 1 } { loc D: 1 } }
            T{ ##sar-imm { dst 5 } { src1 1 } { src2 4 } }
            T{ ##add-imm { dst 2 } { src1 5 } { src2 30 } }
            T{ ##mul-imm { dst 3 } { src1 2 } { src2 1600 } }
            T{ ##replace { src 3 } { loc D: 0 } }
        }
    }
    [
        V{
            T{ ##peek { dst 0 } { loc D: 0 } }
            T{ ##peek { dst 1 } { loc D: 1 } }
            T{ ##add-imm { dst 2 } { src1 1 } { src2 30 } }
            T{ ##mul-imm { dst 3 } { src1 2 } { src2 100 } }
            T{ ##replace { src 3 } { loc D: 0 } }
        } test-peephole
    ]
}
Unit Test: {
    {
        V{
            T{ ##peek { dst 0 } { loc D: 0 } }
            T{ ##peek { dst 1 } { loc D: 1 } }
            T{ ##test
                { dst 2 }
                { src1 0 }
                { src2 1 }
                { cc cc= }
            }
            T{ ##replace { src 2 } { loc D: 0 } }
        }
    }
    [
        V{
            T{ ##peek { dst 0 } { loc D: 0 } }
            T{ ##peek { dst 1 } { loc D: 1 } }
            T{ ##test
                { dst 2 }
                { src1 0 }
                { src2 1 }
                { cc cc= }
            }
            T{ ##replace { src 2 } { loc D: 0 } }
        } test-peephole
    ]
}
Unit Test: {
    {
        V{
            T{ ##peek { dst 0 } { loc D: 0 } }
            T{ ##peek { dst 1 } { loc D: 1 } }
            T{ ##compare-integer
                { dst 2 }
                { src1 0 }
                { src2 1 }
                { cc cc= }
            }
            T{ ##replace { src 2 } { loc D: 0 } }
        }
    }
    [
        V{
            T{ ##peek { dst 0 } { loc D: 0 } }
            T{ ##peek { dst 1 } { loc D: 1 } }
            T{ ##compare-integer
                { dst 2 }
                { src1 0 }
                { src2 1 }
                { cc cc= }
            }
            T{ ##replace { src 2 } { loc D: 0 } }
        } test-peephole
    ]
}
Unit Test: {
    {
        V{
            T{ ##peek { dst 0 } { loc D: 0 } }
            T{ ##peek { dst 1 } { loc D: 1 } }
            T{ ##compare-integer-branch
                { src1 0 }
                { src2 1 }
                { cc cc= }
            }
        }
    }
    [
        V{
            T{ ##peek { dst 0 } { loc D: 0 } }
            T{ ##peek { dst 1 } { loc D: 1 } }
            T{ ##compare-integer-branch
                { src1 0 }
                { src2 1 }
                { cc cc= }
            }
        } test-peephole
    ]
}
Unit Test: {
    {
        V{
            T{ ##peek { dst 0 } { loc D: 0 } }
            T{ ##peek { dst 1 } { loc D: 1 } }
            T{ ##test-branch { src1 0 } { src2 1 } { cc cc= } }
        }
    }
    [
        V{
            T{ ##peek { dst 0 } { loc D: 0 } }
            T{ ##peek { dst 1 } { loc D: 1 } }
            T{ ##test-branch { src1 0 } { src2 1 } { cc cc= } }
        } test-peephole
    ]
}
Unit Test: {
    {
        V{
            T{ ##peek { dst 0 } { loc D: 0 } }
            T{ ##peek { dst 1 } { loc D: 1 } }
            T{ ##compare-integer-imm-branch
                { src1 0 }
                { src2 160 }
                { cc cc= }
            }
        }
    }
    [
        V{
            T{ ##peek { dst 0 } { loc D: 0 } }
            T{ ##peek { dst 1 } { loc D: 1 } }
            T{ ##compare-integer-imm-branch
                { src1 0 }
                { src2 10 }
                { cc cc= }
            }
        } test-peephole
    ]
}
Unit Test: {
    {
        V{
            T{ ##peek { dst 0 } { loc D: 0 } }
            T{ ##peek { dst 1 } { loc D: 1 } }
            T{ ##sar-imm { dst 6 } { src1 0 } { src2 4 } }
            T{ ##test-imm-branch
                { src1 6 }
                { src2 10 }
                { cc cc= }
            }
        }
    }
    [
        V{
            T{ ##peek { dst 0 } { loc D: 0 } }
            T{ ##peek { dst 1 } { loc D: 1 } }
            T{ ##test-imm-branch
                { src1 0 }
                { src2 10 }
                { cc cc= }
            }
        } test-peephole
    ]
}
Unit Test: {
    {
        V{
            T{ ##peek { dst 0 } { loc D: 0 } }
            T{ ##neg { dst 1 } { src 0 } }
            T{ ##replace { src 1 } { loc D: 0 } }
        }
    }
    [
        V{
            T{ ##peek { dst 0 } { loc D: 0 } }
            T{ ##neg { dst 1 } { src 0 } }
            T{ ##replace { src 1 } { loc D: 0 } }
        } test-peephole
    ]
}
Unit Test: {
    {
        V{
            T{ ##peek { dst 0 } { loc D: 0 } }
            T{ ##peek { dst 1 } { loc D: 1 } }
            T{ ##sar-imm { dst 5 } { src1 0 } { src2 4 } }
            T{ ##sar-imm { dst 6 } { src1 1 } { src2 4 } }
            T{ ##mul { dst 2 } { src1 5 } { src2 6 } }
            T{ ##mul-imm { dst 3 } { src1 2 } { src2 -16 } }
            T{ ##replace { src 3 } { loc D: 0 } }
        }
    }
    [
        V{
            T{ ##peek { dst 0 } { loc D: 0 } }
            T{ ##peek { dst 1 } { loc D: 1 } }
            T{ ##mul { dst 2 } { src1 0 } { src2 1 } }
            T{ ##neg { dst 3 } { src 2 } }
            T{ ##replace { src 3 } { loc D: 0 } }
        } test-peephole
    ]
}
Unit Test: {
    {
        V{
            T{ ##peek { dst 0 } { loc D: 0 } }
            T{ ##not { dst 3 } { src 0 } }
            T{ ##xor-imm { dst 1 } { src1 3 } { src2 15 } }
            T{ ##replace { src 1 } { loc D: 0 } }
        }
    }
    [
        V{
            T{ ##peek { dst 0 } { loc D: 0 } }
            T{ ##not { dst 1 } { src 0 } }
            T{ ##replace { src 1 } { loc D: 0 } }
        } test-peephole
    ]
}
Unit Test: {
    {
        V{
            T{ ##peek { dst 0 } { loc D: 0 } }
            T{ ##bit-count { dst 3 } { src 0 } }
            T{ ##shl-imm { dst 1 } { src1 3 } { src2 4 } }
            T{ ##replace { src 1 } { loc D: 0 } }
        }
    }
    [
        V{
            T{ ##peek { dst 0 } { loc D: 0 } }
            T{ ##bit-count { dst 1 } { src 0 } }
            T{ ##replace { src 1 } { loc D: 0 } }
        } test-peephole
    ]
}
Unit Test: { { } [ test-scc ] }
Unit Test: { { t } [ 0 vreg>scc 1 vreg>scc = ] }
Unit Test: { { t } [ 0 vreg>scc 3 vreg>scc = ] }
Unit Test: { { f } [ 2 vreg>scc 3 vreg>scc = ] }
Unit Test: {
    { t t f }
    [
        T{ ##load-integer } peephole-optimizable?
        T{ ##shr-imm } peephole-optimizable?
        T{ ##call } peephole-optimizable?
    ]
}
compiler.cfg.linear-scan
Unit Test: {
    { }
    [
        H{ { 1 int-rep } } representations set
        H{ { 1 1 } } leader-map set test-live-intervals
    ]
}
Unit Test: {
    { 0 0 }
    [ 1 live-intervals get at ranges>> ranges-endpoints ]
}
Unit Test: {
    {
        T{ live-interval-state
            { vreg 1 }
            { spill-to T{ spill-slot } }
            { spill-rep float-rep }
            { ranges V{ { 0 2 } } }
            { uses
                V{
                    T{ vreg-use { n 0 } { def-rep float-rep } }
                    T{ vreg-use { n 1 } { use-rep float-rep } }
                }
            }
        }
        T{ live-interval-state
            { vreg 1 }
            { reload-from T{ spill-slot } }
            { reload-rep float-rep }
            { ranges V{ { 5 5 } } }
            { uses
                V{ T{ vreg-use { n 5 } { use-rep float-rep } } }
            }
        }
    }
    [
        T{ live-interval-state
            { vreg 1 }
            { ranges V{ { 0 5 } } }
            { uses
                V{
                    T{ vreg-use { n 0 } { def-rep float-rep } }
                    T{ vreg-use { n 1 } { use-rep float-rep } }
                    T{ vreg-use { n 5 } { use-rep float-rep } }
                }
            }
        } 2 split-for-spill clean-up-split
    ]
}
Unit Test: {
    {
        f
        T{ live-interval-state
            { vreg 2 }
            { reload-from T{ spill-slot { n 4 } } }
            { reload-rep float-rep }
            { ranges V{ { 1 5 } } }
            { uses
                V{
                    T{ vreg-use { n 1 } { use-rep float-rep } }
                    T{ vreg-use { n 5 } { use-rep float-rep } }
                }
            }
        }
    }
    [
        T{ live-interval-state
            { vreg 2 }
            { ranges V{ { 0 5 } } }
            { uses
                V{
                    T{ vreg-use { n 0 } { def-rep float-rep } }
                    T{ vreg-use { n 1 } { use-rep float-rep } }
                    T{ vreg-use { n 5 } { use-rep float-rep } }
                }
            }
        } 0 split-for-spill clean-up-split
    ]
}
Unit Test: {
    {
        T{ live-interval-state
            { vreg 3 }
            { spill-to T{ spill-slot { n 8 } } }
            { spill-rep float-rep }
            { ranges V{ { 0 2 } } }
            { uses
                V{
                    T{ vreg-use { n 0 } { def-rep float-rep } }
                    T{ vreg-use { n 1 } { use-rep float-rep } }
                }
            }
        }
        f
    }
    [
        T{ live-interval-state
            { vreg 3 }
            { ranges V{ { 0 5 } } }
            { uses
                V{
                    T{ vreg-use { n 0 } { def-rep float-rep } }
                    T{ vreg-use { n 1 } { use-rep float-rep } }
                    T{ vreg-use { n 5 } { use-rep float-rep } }
                }
            }
        } 5 split-for-spill clean-up-split
    ]
}
Unit Test: {
    {
        T{ live-interval-state
            { vreg 4 }
            { spill-to T{ spill-slot { n 12 } } }
            { spill-rep float-rep }
            { ranges V{ { 0 1 } } }
            { uses
                V{ T{ vreg-use { n 0 } { def-rep float-rep } } }
            }
        }
        T{ live-interval-state
            { vreg 4 }
            { reload-from T{ spill-slot { n 12 } } }
            { reload-rep float-rep }
            { ranges V{ { 20 30 } } }
            { uses
                V{
                    T{ vreg-use { n 20 } { use-rep float-rep } }
                    T{ vreg-use { n 30 } { use-rep float-rep } }
                }
            }
        }
    }
    [
        T{ live-interval-state
            { vreg 4 }
            { ranges V{ { 0 8 } { 10 18 } { 20 30 } } }
            { uses
                V{
                    T{ vreg-use { n 0 } { def-rep float-rep } }
                    T{ vreg-use { n 20 } { use-rep float-rep } }
                    T{ vreg-use { n 30 } { use-rep float-rep } }
                }
            }
        } 10 split-for-spill clean-up-split
    ]
}
Unit Test: {
    {
        T{ live-interval-state
            { vreg 5 }
            { spill-to T{ spill-slot { n 16 } } }
            { spill-rep float-rep }
            { ranges V{ { 0 1 } } }
            { uses
                V{ T{ vreg-use { n 0 } { def-rep float-rep } } }
            }
        }
        T{ live-interval-state
            { vreg 5 }
            { ranges V{ { 20 30 } } }
            { uses
                V{
                    T{ vreg-use { n 20 } { def-rep float-rep } }
                    T{ vreg-use { n 30 } { use-rep float-rep } }
                }
            }
        }
    }
    [
        T{ live-interval-state
            { vreg 5 }
            { ranges V{ { 0 8 } { 10 18 } { 20 30 } } }
            { uses
                V{
                    T{ vreg-use { n 0 } { def-rep float-rep } }
                    T{ vreg-use { n 20 } { def-rep float-rep } }
                    T{ vreg-use { n 30 } { use-rep float-rep } }
                }
            }
        } 10 split-for-spill clean-up-split
    ]
}
Unit Test: {
    {
        T{ live-interval-state
            { vreg 6 }
            { spill-to T{ spill-slot { n 24 } } }
            { spill-rep double-rep }
            { ranges V{ { 0 11 } } }
            { uses
                V{
                    T{ vreg-use { n 0 } { def-rep float-rep } }
                    T{ vreg-use
                        { n 10 }
                        { def-rep double-rep }
                        { use-rep float-rep }
                    }
                }
            }
        }
        T{ live-interval-state
            { vreg 6 }
            { reload-from T{ spill-slot { n 24 } } }
            { reload-rep double-rep }
            { ranges V{ { 20 20 } } }
            { uses
                V{
                    T{ vreg-use
                        { n 20 }
                        { use-rep double-rep }
                    }
                }
            }
        }
    }
    [
        T{ live-interval-state
            { vreg 6 }
            { ranges V{ { 0 20 } } }
            { uses
                V{
                    T{ vreg-use { n 0 } { def-rep float-rep } }
                    T{ vreg-use
                        { n 10 }
                        { def-rep double-rep }
                        { use-rep float-rep }
                    }
                    T{ vreg-use
                        { n 20 }
                        { use-rep double-rep }
                    }
                }
            }
        } 15 split-for-spill clean-up-split
    ]
}
Unit Test: {
    {
        f
        T{ live-interval-state
            { vreg 7 }
            { ranges V{ { 8 8 } } }
            { uses
                V{ T{ vreg-use { n 8 } { def-rep int-rep } } }
            }
        }
    }
    [
        T{ live-interval-state
            { vreg 7 }
            { ranges V{ { 4 8 } } }
            { uses
                V{ T{ vreg-use { n 8 } { def-rep int-rep } } }
            }
        } 4 split-for-spill clean-up-split
    ]
}
Unit Test: {
    {
        T{ live-interval-state
            { vreg 8 }
            { spill-to T{ spill-slot { n 32 } } }
            { spill-rep int-rep }
            { ranges V{ { 0 3 } } }
            { uses
                V{
                    T{ vreg-use { n 0 } { use-rep int-rep } }
                    T{ vreg-use { n 2 } { use-rep int-rep } }
                }
            }
        }
        T{ live-interval-state
            { vreg 8 }
            { reload-from T{ spill-slot { n 32 } } }
            { reload-rep int-rep }
            { ranges V{ { 14 16 } } }
            { uses
                V{ T{ vreg-use { n 14 } { use-rep int-rep } } }
            }
        }
    }
    [
        T{ live-interval-state
            { vreg 8 }
            { ranges V{ { 0 4 } { 6 10 } { 12 16 } } }
            { uses
                V{
                    T{ vreg-use { n 0 } { use-rep int-rep } }
                    T{ vreg-use { n 2 } { use-rep int-rep } }
                    T{ vreg-use { n 14 } { use-rep int-rep } }
                }
            }
        } 8 split-for-spill clean-up-split
    ]
}
Unit Test: {
    { { 3 10 } }
    [
        H{
            {
                int-regs
                V{
                    T{ live-interval-state
                        { vreg 1 }
                        { reg 1 }
                        { ranges V{ ~array~ } }
                        { uses
                            V{
                                ~vreg-use~
                                ~vreg-use~
                                ~vreg-use~
                                ~vreg-use~
                                ~vreg-use~
                            }
                        }
                    }
                    T{ live-interval-state
                        { vreg 2 }
                        { reg 2 }
                        { ranges V{ ~array~ } }
                        { uses
                            V{
                                ~vreg-use~
                                ~vreg-use~
                                ~vreg-use~
                            }
                        }
                    }
                    T{ live-interval-state
                        { vreg 3 }
                        { reg 3 }
                        { ranges V{ ~array~ } }
                        { uses V{ ~vreg-use~ ~vreg-use~ } }
                    }
                }
            }
        } active-intervals set H{ } inactive-intervals set T{
        live-interval-state
            { vreg 1 }
            { ranges V{ { 5 5 } } }
            { uses
                V{ T{ vreg-use { n 5 } { def-rep int-rep } } }
            }
        } spill-status
    ]
}
Unit Test: {
    { { 1 1/0. } }
    [
        H{
            {
                int-regs
                V{
                    T{ live-interval-state
                        { vreg 1 }
                        { reg 1 }
                        { ranges V{ ~array~ } }
                        { uses V{ ~vreg-use~ } }
                    }
                    T{ live-interval-state
                        { vreg 2 }
                        { reg 2 }
                        { uses V{ ~vreg-use~ ~vreg-use~ } }
                    }
                }
            }
        } active-intervals set H{ } inactive-intervals set T{
        live-interval-state
            { vreg 3 }
            { ranges V{ { 5 5 } } }
            { uses
                V{ T{ vreg-use { n 5 } { def-rep int-rep } } }
            }
        } spill-status
    ]
}
Unit Test: {
    { }
    [
        {
            T{ live-interval-state
                { vreg 1 }
                { ranges V{ { 0 100 } } }
                { uses
                    V{
                        T{ vreg-use
                            { n 0 }
                            { def-rep int-rep }
                        }
                        T{ vreg-use
                            { n 100 }
                            { use-rep int-rep }
                        }
                    }
                }
            }
        } H{ { int-regs { "A" } } } check-linear-scan
    ]
}
Unit Test: {
    { }
    [
        {
            T{ live-interval-state
                { vreg 1 }
                { ranges V{ { 0 10 } } }
                { uses
                    V{
                        T{ vreg-use
                            { n 0 }
                            { def-rep int-rep }
                        }
                        T{ vreg-use
                            { n 10 }
                            { use-rep int-rep }
                        }
                    }
                }
            }
            T{ live-interval-state
                { vreg 2 }
                { ranges V{ { 11 20 } } }
                { uses
                    V{
                        T{ vreg-use
                            { n 11 }
                            { def-rep int-rep }
                        }
                        T{ vreg-use
                            { n 20 }
                            { use-rep int-rep }
                        }
                    }
                }
            }
        } H{ { int-regs { "A" } } } check-linear-scan
    ]
}
Unit Test: {
    { }
    [
        {
            T{ live-interval-state
                { vreg 1 }
                { ranges V{ { 0 100 } } }
                { uses
                    V{
                        T{ vreg-use
                            { n 0 }
                            { def-rep int-rep }
                        }
                        T{ vreg-use
                            { n 100 }
                            { use-rep int-rep }
                        }
                    }
                }
            }
            T{ live-interval-state
                { vreg 2 }
                { ranges V{ { 30 60 } } }
                { uses
                    V{
                        T{ vreg-use
                            { n 30 }
                            { def-rep int-rep }
                        }
                        T{ vreg-use
                            { n 60 }
                            { use-rep int-rep }
                        }
                    }
                }
            }
        } H{ { int-regs { "A" } } } check-linear-scan
    ]
}
Unit Test: {
    { }
    [
        {
            T{ live-interval-state
                { vreg 1 }
                { ranges V{ { 0 100 } } }
                { uses
                    V{
                        T{ vreg-use
                            { n 0 }
                            { def-rep int-rep }
                        }
                        T{ vreg-use
                            { n 100 }
                            { use-rep int-rep }
                        }
                    }
                }
            }
            T{ live-interval-state
                { vreg 2 }
                { ranges V{ { 30 200 } } }
                { uses
                    V{
                        T{ vreg-use
                            { n 30 }
                            { def-rep int-rep }
                        }
                        T{ vreg-use
                            { n 200 }
                            { use-rep int-rep }
                        }
                    }
                }
            }
        } H{ { int-regs { "A" } } } check-linear-scan
    ]
}
Must Fail: {
    [
        {
            T{ live-interval-state
                { vreg 1 }
                { ranges V{ { 0 100 } } }
                { uses
                    V{
                        T{ vreg-use
                            { n 0 }
                            { def-rep int-rep }
                        }
                        T{ vreg-use
                            { n 100 }
                            { use-rep int-rep }
                        }
                    }
                }
            }
            T{ live-interval-state
                { vreg 2 }
                { ranges V{ { 30 100 } } }
                { uses
                    V{
                        T{ vreg-use
                            { n 30 }
                            { def-rep int-rep }
                        }
                        T{ vreg-use
                            { n 100 }
                            { use-rep int-rep }
                        }
                    }
                }
            }
        } H{ { int-regs { "A" } } } check-linear-scan
    ]
}
Unit Test: {
    { }
    [
        {
            T{ live-interval-state
                { vreg 1 }
                { ranges V{ { 0 2 } { 10 20 } } }
                { uses
                    V{
                        T{ vreg-use
                            { n 0 }
                            { def-rep int-rep }
                        }
                        T{ vreg-use
                            { n 10 }
                            { use-rep int-rep }
                        }
                        T{ vreg-use
                            { n 20 }
                            { use-rep int-rep }
                        }
                    }
                }
            }
            T{ live-interval-state
                { vreg 2 }
                { ranges V{ { 0 2 } { 10 20 } } }
                { uses
                    V{
                        T{ vreg-use
                            { n 0 }
                            { def-rep int-rep }
                        }
                        T{ vreg-use
                            { n 10 }
                            { use-rep int-rep }
                        }
                        T{ vreg-use
                            { n 20 }
                            { use-rep int-rep }
                        }
                    }
                }
            }
            T{ live-interval-state
                { vreg 3 }
                { ranges V{ { 4 8 } } }
                { uses
                    V{
                        T{ vreg-use
                            { n 6 }
                            { def-rep int-rep }
                        }
                    }
                }
            }
            T{ live-interval-state
                { vreg 4 }
                { ranges V{ { 4 8 } } }
                { uses
                    V{
                        T{ vreg-use
                            { n 8 }
                            { def-rep int-rep }
                        }
                    }
                }
            }
            T{ live-interval-state
                { vreg 5 }
                { ranges V{ { 4 8 } } }
                { uses
                    V{
                        T{ vreg-use
                            { n 8 }
                            { def-rep int-rep }
                        }
                    }
                }
            }
        } H{ { int-regs { "A" "B" } } } check-linear-scan
    ]
}
Unit Test: {
    { }
    [
        {
            T{ live-interval-state
                { vreg 1 }
                { ranges V{ { 0 10 } } }
                { uses
                    V{
                        T{ vreg-use
                            { n 0 }
                            { def-rep int-rep }
                        }
                        T{ vreg-use
                            { n 6 }
                            { use-rep int-rep }
                        }
                        T{ vreg-use
                            { n 10 }
                            { use-rep int-rep }
                        }
                    }
                }
            }
            T{ live-interval-state
                { vreg 5 }
                { ranges V{ { 2 8 } } }
                { uses
                    V{
                        T{ vreg-use
                            { n 8 }
                            { def-rep int-rep }
                        }
                    }
                }
            }
        } H{ { int-regs { "A" } } } check-linear-scan
    ]
}
Unit Test: {
    { { 0 10 } }
    [
        H{
            {
                int-regs
                {
                    T{ live-interval-state
                        { vreg 1 }
                        { reg 0 }
                        { ranges V{ ~array~ ~array~ } }
                        { uses V{ 0 2 10 20 } }
                    }
                    T{ live-interval-state
                        { vreg 2 }
                        { reg 0 }
                        { ranges V{ ~array~ ~array~ } }
                        { uses V{ 4 6 30 40 } }
                    }
                }
            }
        } inactive-intervals set H{
            {
                int-regs
                {
                    T{ live-interval-state
                        { vreg 3 }
                        { reg 1 }
                        { ranges V{ ~array~ } }
                        { uses V{ 0 40 } }
                    }
                }
            }
        } active-intervals set T{ live-interval-state
            { vreg 4 }
            { ranges V{ { 8 10 } } }
            { uses
                V{
                    T{ vreg-use { n 8 } { def-rep int-rep } }
                    T{ vreg-use { n 10 } { use-rep int-rep } }
                }
            }
        } H{ { int-regs { 0 1 } } } register-status
    ]
}
Unit Test: { { t } [ T{ cfg } admissible-registers machine-registers = ] }
Unit Test: {
    { f }
    [
        T{ cfg { frame-pointer? t } } admissible-registers
        int-regs of frame-reg swap member?
    ]
}
Unit Test: { { } [ T{ sync-point { n 30 } } { } handle-sync-point ] }
Unit Test: {
    { { { int-regs V{ } } { float-regs V{ } } } }
    [
        f f <basic-block> <cfg> cfg set
        H{ } clone spill-slots set
        V{ } clone handled-intervals set 100 progress set
        T{ sync-point { n 35 } } test-active-intervals
        [ handle-sync-point ] keep
    ]
}
Unit Test: {
    { f }
    [
        <min-heap> unhandled-min-heap set
        f f <basic-block> <cfg> cfg set 40 progress set
        T{ sync-point { n 40 } } interval-[30,46]
        spill-at-sync-point
    ]
}
Unit Test: { { t } [ T{ sync-point { n 15 } } f spill-at-sync-point? ] }
Unit Test: {
    { t }
    [ test-spilled-atomic-use 42 already-spilled-atomic-use? ]
}
Unit Test: {
    { f f f }
    [
        test-spilled-atomic-use f >>reload-from
        42 already-spilled-atomic-use?
        test-spilled-atomic-use dup uses>> first f >>spill-slot?
        drop 42 already-spilled-atomic-use?
        test-spilled-atomic-use V{ { 41 42 } } >>ranges
        42 already-spilled-atomic-use?
    ]
}
Unit Test: {
    { }
    [
        t check-allocation?
        [ test-spilled-atomic-use 42 spill ] with-variable
    ]
}
Unit Test: {
    { LH{ { RAX 23 } } }
    [
        f machine-registers init-allocator
        H{ { 20 int-rep } } representations set
        test-live-interval2 [ add-active ] keep <linked-hash>
        [ active-positions ] keep
    ]
}
Unit Test: {
    { T{ spill-slot } }
    [
        f f <basic-block> <cfg> cfg set
        H{ } clone spill-slots set
        H{ { 45 double-2-rep } } representations set
        test-live-interval assign-spill
        { 45 8 } spill-slots get at
    ]
}
Unit Test: {
    { LH{ } }
    [
        H{ { 10 int-rep } } representations set
        T{ live-interval-state { vreg 10 } } <linked-hash>
        [ inactive-positions ] keep
    ]
}
Unit Test: { { double-rep } [ test-live-interval last-use-rep ] }
Unit Test: { { f } [ 30 <live-interval> spill-before ] }
Unit Test: {
    { { RAX 5 } }
    [
        f machine-registers init-allocator
        H{ { 10 int-rep } } representations set
        10 make-one-use-interval add-active
        5 make-one-use-interval add-inactive
        20 make-one-use-interval spill-status
    ]
}
Unit Test: {
    { { RAX 23 } }
    [
        f machine-registers init-allocator
        H{ { 10 int-rep } } representations set
        23 make-one-use-interval [ add-active ] keep
        spill-status
    ]
}
Unit Test: {
    { { RBX 28 } }
    [
        f machine-registers init-allocator
        H{ { 20 int-rep } { 45 int-rep } } representations set
        test-live-interval2 [ add-active ] keep
        test-live-interval add-inactive spill-status
    ]
}
Unit Test: {
    { { RCX 1/0. } }
    [
        f machine-registers init-allocator
        H{ { 20 int-rep } { 45 int-rep } { 21 int-rep } }
        representations set test-live-interval3 add-active
        test-live-interval2 spill-status
    ]
}
Unit Test: {
    {
        T{ live-interval-state
            { ranges V{ { 25 30 } { 40 50 } } }
            { uses V{ T{ vreg-use { n 25 } } } }
        }
    }
    [
        T{ live-interval-state
            { ranges V{ { 0 10 } { 20 30 } { 40 50 } } }
            { uses V{ T{ vreg-use { n 25 } } } }
        } dup trim-after-ranges
    ]
}
Unit Test: {
    {
        T{ live-interval-state
            { ranges V{ { 10 23 } } }
            { uses V{ T{ vreg-use { n 10 } } } }
        }
    }
    [
        T{ live-interval-state
            { ranges V{ { 20 23 } } }
            { uses V{ T{ vreg-use { n 10 } } } }
        } dup trim-after-ranges
    ]
}
Unit Test: {
    {
        T{ live-interval-state
            { ranges V{ { 0 10 } { 20 21 } } }
            { uses V{ T{ vreg-use { n 20 } } } }
        }
    }
    [
        T{ live-interval-state
            { ranges V{ { 0 10 } { 20 30 } { 40 50 } } }
            { uses V{ T{ vreg-use { n 20 } } } }
        } dup trim-before-ranges
    ]
}
Unit Test: {
    {
        T{ live-interval-state
            { ranges V{ { 5 8 } } }
            { uses
                V{ T{ vreg-use { n 3 } { def-rep int-rep } } }
            }
        }
        T{ live-interval-state
            { ranges V{ { 12 20 } } }
            { uses
                V{ T{ vreg-use { n 15 } { def-rep int-rep } } }
            }
        }
    }
    [ test-interval-easy 10 split-interval ]
}
Unit Test: {
    { { T{ vreg-use { n 3 } } } { T{ vreg-use { n 9 } } } }
    [
        { T{ vreg-use { n 3 } } T{ vreg-use { n 9 } } } 6
        split-uses
    ]
}
Unit Test: {
    { { T{ vreg-use { n 10 } } T{ vreg-use { n 10 } } } { } }
    [
        { T{ vreg-use { n 10 } } T{ vreg-use { n 10 } } } 12
        split-uses
    ]
}
Unit Test: {
    { { T{ vreg-use { n 3 } } } { T{ vreg-use { n 5 } } } }
    [
        {
            T{ vreg-use { n 3 } }
            T{ vreg-use { n 4 } }
            T{ vreg-use { n 5 } }
        } 4 split-uses
    ]
}
Unit Test: {
    { V{ T{ live-interval-state { vreg 123 } } } }
    [
        f machine-registers init-allocator
        H{ { 123 int-rep } } representations set
        T{ live-interval-state { vreg 123 } } [ add-active ]
        keep active-intervals-for
    ]
}
Unit Test: {
    {
        {
            {
                int-regs
                V{ T{ live-interval-state { vreg 123 } } }
            }
            { float-regs V{ } }
        }
    }
    [
        f machine-registers init-allocator
        H{ { 123 int-rep } } representations set
        T{ live-interval-state { vreg 123 } } add-active
        active-intervals get
    ]
}
Unit Test: {
    { { { "prutt" 12 } } }
    [ 30 "prutt" { { "prutt" 12 } } [ add-use-position ] keep ]
}
Unit Test: {
    {
        H{
            { { 3 8 } T{ spill-slot { n 32 } } }
            { { 45 16 } T{ spill-slot { n 16 } } }
            { { 1234 8 } T{ spill-slot } }
        }
    }
    [
        H{ } clone spill-slots set f f <basic-block> <cfg>
        cfg set
        { 1234 45 3 } { int-rep double-2-rep tagged-rep }
        [ assign-spill-slot drop ] 2each spill-slots get
    ]
}
Unit Test: {
    { t }
    [
        H{ } clone spill-slots set { } insns>cfg cfg set
        55 int-rep assign-spill-slot
        spill-slots get values first eq?
    ]
}
Unit Test: {
    {
        H{
            { { 55 8 } T{ spill-slot } }
            { { 44 8 } T{ spill-slot { n 8 } } }
        }
    }
    [
        H{ } clone spill-slots set { } insns>cfg cfg set
        { { 55 int-rep } { 44 int-rep } { 55 int-rep } }
        [ assign-spill-slot drop ] assoc-each spill-slots get
    ]
}
Unit Test: {
    { }
    [
        40 progress set T{ live-interval-state
            { vreg 123 }
            { ranges V{ { 0 0 } { 30 34 } } }
        } check-handled
    ]
}
Unit Test: {
    { 8 }
    [
        3 { } insns>cfg stack-frame>> [ align-spill-area ] keep
        spill-area-align>>
    ]
}
Unit Test: {
    { V{ T{ live-interval-state { vreg 123 } } } }
    [
        f machine-registers init-allocator
        H{ { 123 int-rep } } representations set
        T{ live-interval-state { vreg 123 } } [ add-inactive ]
        keep inactive-intervals-for
    ]
}
Unit Test: {
    { { 33 1/0. 1/0. } }
    [ T{ sync-point { n 33 } } interval/sync-point-key ]
}
Unit Test: {
    { { 0 34 123 } }
    [
        T{ live-interval-state
            { vreg 123 }
            { ranges V{ { 0 0 } { 30 34 } } }
        } interval/sync-point-key
    ]
}
Unit Test: {
    {
        T{ spill-slot }
        T{ spill-slot { n 8 } }
        T{ stack-frame
            { spill-area-size 16 }
            { spill-area-align 8 }
        }
    }
    [
        { } insns>cfg stack-frame>>
        [ '[ 8 _ next-spill-slot ] twice ] keep
    ]
}
Unit Test: {
    {
        {
            { { 5 1/0. 1/0. } T{ sync-point { n 5 } } }
            {
                { 20 28 f }
                T{ live-interval-state
                    { ranges V{ { 20 28 } } }
                }
            }
            {
                { 20 30 f }
                T{ live-interval-state
                    { ranges V{ { 20 30 } } }
                }
            }
            {
                { 33 999 f }
                T{ live-interval-state
                    { ranges V{ { 33 999 } } }
                }
            }
            { { 33 1/0. 1/0. } T{ sync-point { n 33 } } }
            { { 100 1/0. 1/0. } T{ sync-point { n 100 } } }
        }
    }
    [
        {
            T{ live-interval-state { ranges V{ { 20 30 } } } }
            T{ live-interval-state { ranges V{ { 20 28 } } } }
            T{ live-interval-state { ranges V{ { 33 999 } } } }
            T{ sync-point { n 5 } }
            T{ sync-point { n 33 } }
            T{ sync-point { n 100 } }
        } >unhandled-min-heap heap-pop-all
    ]
}
Unit Test: {
    { 2 }
    [
        {
            T{ live-interval-state { ranges V{ { 20 30 } } } }
            T{ live-interval-state { ranges V{ { 20 30 } } } }
        } >unhandled-min-heap heap-size
    ]
}
Unit Test: {
    {
        {
            T{ ##reload
                { dst RBX }
                { rep tagged-rep }
                { src T{ spill-slot } }
            }
        }
    }
    [
        H{ } clone pending-interval-assoc set
        <min-heap> pending-interval-heap set 30 {
            T{ live-interval-state
                { vreg 789 }
                { reg RBX }
                { reload-from T{ spill-slot } }
                { reload-rep tagged-rep }
                { ranges V{ { 30 30 } } }
                { uses
                    V{
                        T{ vreg-use
                            { n 26 }
                            { use-rep tagged-rep }
                        }
                    }
                }
            }
        } live-intervals>min-heap
        [ activate-new-intervals ] { } make
    ]
}
Unit Test: {
    { T{ ##peek { dst RAX } { loc D: 0 } { insn# 0 } } }
    [
        H{ { 37 RAX } } pending-interval-assoc set
        { { 37 int-rep 37 f } } setup-vreg-spills
        T{ ##peek { dst 37 } { loc D: 0 } { insn# 0 } }
        [ assign-insn-defs ] keep
    ]
}
Unit Test: {
    {
        T{ ##replace-imm { src 20 } { loc D: 0 } }
        T{ ##replace { src RAX } { loc D: 0 } }
    }
    [
        T{ ##replace-imm { src 20 } { loc D: 0 } }
        [ assign-all-registers ] keep
        H{ { 37 RAX } } pending-interval-assoc set
        H{ { 37 37 } } leader-map set
        T{ ##replace { src 37 } { loc D: 0 } } clone
        [ assign-all-registers ] keep
    ]
}
Unit Test: {
    { }
    [
        V{ T{ ##inc { loc D: 3 } { insn# 7 } } } 0 insns>block
        block>cfg { } assign-registers
    ]
}
Unit Test: {
    { V{ T{ ##inc { loc D: 3 } { insn# 7 } } } }
    [
        { } init-assignment
        V{ T{ ##inc { loc D: 3 } { insn# 7 } } } 0 insns>block
        [ assign-registers-in-block ] keep instructions>>
    ]
}
Unit Test: {
    { 3 H{ } }
    [
        H{ { 25 RBX } } clone pending-interval-assoc set 90
        { 50 90 95 120 } [ 25 <live-interval> 2array ] map
        >min-heap [ expire-old-intervals ] keep
        heap-size pending-interval-assoc get
    ]
}
Unit Test: {
    {
        {
            T{ ##reload
                { dst RAX }
                { rep int-rep }
                { src T{ spill-slot } }
            }
        }
    }
    [
        [
            T{ live-interval-state
                { reg RAX }
                { reload-from T{ spill-slot } }
                { reload-rep int-rep }
            } insert-reload
        ] { } make
    ]
}
Unit Test: {
    { { T{ ##spill { src RAX } } } }
    [
        [
            T{ live-interval-state { vreg 1234 } { reg RAX } }
            insert-spill
        ] { } make
    ]
}
Unit Test: {
    { V{ T{ ##spill { src RAX } { rep int-rep } } } }
    [
        [
            1234 <live-interval> RAX >>reg int-rep >>spill-rep
            insert-spill
        ] V{ } make
    ]
}
Unit Test: {
    { V{ { RDI int-rep T{ spill-slot } } } }
    [
        f f <basic-block> <cfg> cfg set
        H{ } clone spill-slots set
        H{ } clone pending-interval-assoc set
        <min-heap> pending-interval-heap set
        H{ { 235 float-rep } } representations set
        test-interval add-pending
        test-call-gc spill/reloads-for-call-gc
    ]
}
Unit Test: {
    { T{ spill-slot { n 990 } } }
    [
        { { 10 int-rep 10 T{ spill-slot { n 990 } } } }
        setup-vreg-spills 10 vreg>spill-slot
    ]
}
Unit Test: {
    { T{ spill-slot { n 16 } } }
    [
        { { 45 double-rep 45 T{ spill-slot { n 16 } } } }
        setup-vreg-spills 45 vreg>reg
    ]
}
Must Fail With: {
    [
        {
            { 45 double-2-rep 45 T{ spill-slot { n 16 } } }
            { 46 double-rep 45 f }
        } setup-vreg-spills 46 vreg>reg
    ]
    [ bad-vreg? ]
}
Unit Test: {
    { { { 33 RAX } { 44 RBX } } }
    [
        { { 33 int-rep 33 f } { 44 int-rep 44 f } }
        setup-vreg-spills
        H{ { 44 RBX } { 33 RAX } } pending-interval-assoc set
        { { 33 33 } { 44 44 } } vregs>regs
    ]
}
Unit Test: {
    { { 3 56 } }
    [
        { { 3 7 } { -1 56 } { -1 3 } } >min-heap
        [ -1 = ] heap-pop-while sort
    ]
}
Unit Test: {
    {
        T{ vreg-use { n 20 } { spill-slot? t } }
        T{ live-interval-state
            { vreg 10 }
            { uses
                V{ T{ vreg-use { n 20 } { spill-slot? t } } }
            }
        }
    }
    [ 20 10 <live-interval> [ t (add-use) ] keep ]
}
Unit Test: {
    { V{ T{ sync-point { n 2 } } } }
    [
        V{ T{ ##call-gc } T{ ##callback-inputs } } insns>cfg
        [ number-instructions ] [ cfg>sync-points ] bi
    ]
}
Unit Test: {
    {
        T{ vreg-use
            { n 102 }
            { def-rep int-rep }
            { use-rep tagged-rep }
        }
    }
    [ 128 test-interval (find-use) ]
}
Unit Test: {
    { f T{ vreg-use { n 25 } } }
    [
        25 T{ live-interval-state } find-use 25 T{
        live-interval-state
            { uses V{ T{ vreg-use { n 25 } } } }
        } find-use
    ]
}
Unit Test: {
    { V{ { 5 10 } { 21 30 } } }
    [
        { { 21 30 } { 5 10 } } <live-interval-for-ranges> dup
        finish-live-interval ranges>>
    ]
}
Unit Test: {
    { f f t }
    [
        T{ ##call-gc } insn>sync-point
        T{ ##callback-outputs } insn>sync-point keep-dst?>>
        T{ ##unbox } insn>sync-point keep-dst?>>
    ]
}
Unit Test: {
    { t f f }
    [
        { { 4 20 } } <live-interval-for-ranges>
        { { 8 12 } } <live-interval-for-ranges>
        intervals-intersect?
        { { 9 20 } { 3 5 } } <live-interval-for-ranges>
        { { 7 8 } { 0 1 } } <live-interval-for-ranges>
        intervals-intersect?
        { { 3 5 } } <live-interval-for-ranges>
        { { 7 8 } } <live-interval-for-ranges>
        intervals-intersect?
    ]
}
Unit Test: {
    { }
    [ H{ } clone live-outs set <basic-block> handle-live-out ]
}
Unit Test: {
    {
        H{
            {
                8
                T{ live-interval-state
                    { vreg 8 }
                    { ranges V{ { -10 23 } } }
                }
            }
            {
                9
                T{ live-interval-state
                    { vreg 9 }
                    { ranges V{ { -10 23 } } }
                }
            }
            {
                4
                T{ live-interval-state
                    { vreg 4 }
                    { ranges V{ { -10 23 } } }
                }
            }
        }
    }
    [
        -10 from set 23 to set H{ } clone live-intervals set
        H{ { 8 8 } { 9 9 } { 4 4 } } leader-map set
        H{ { 8 int-rep } { 9 int-rep } { 4 int-rep } }
        representations set <basic-block> [
            H{ { 8 8 } { 9 9 } { 4 4 } } 2array
            1array live-outs set
        ] [ handle-live-out ] bi live-intervals get
    ]
}
Unit Test: {
    {
        T{ live-interval-state
            { vreg 37 }
            { ranges V{ { 20 20 } } }
            { uses
                V{ T{ vreg-use { n 20 } { def-rep int-rep } } }
            }
        }
    }
    [
        H{ { 37 37 } } leader-map set
        H{ { 37 int-rep } } representations set
        37 20 f record-def 37 vreg>live-interval
    ]
}
Unit Test: {
    {
        V{ { 0 10 } }
        V{ T{ vreg-use { n 10 } { use-rep tagged-rep } } }
    }
    [
        [
            0 from set H{ { 1 1 } } leader-map set
            H{ { 1 tagged-rep } } representations set
            H{ } clone live-intervals set T{ ##call-gc
                { gc-map
                    T{ gc-map { derived-roots V{ ~array~ } } }
                }
                { insn# 10 }
            } compute-live-intervals* 1 vreg>live-interval
            [ ranges>> ] [ uses>> ] bi
        ] with-scope
    ]
}
Unit Test: { { V{ { 10 20 } } } [ 10 20 V{ } [ add-new-range ] keep ] }
Unit Test: { { f } [ 10 { } extend-last? ] }
Unit Test: {
    { V{ { 3 10 } } V{ { 5 12 } } V{ { 5 12 } } }
    [
        3 9 V{ { 5 10 } } [ add-range ] keep 5 10
        V{ { 10 12 } } [ add-range ] keep 5 9
        V{ { 10 12 } } [ add-range ] keep
    ]
}
Unit Test: {
    { f 15 10 5 }
    [
        { 10 20 } { 30 40 } intersect-range
        { 10 20 } { 15 16 } intersect-range
        { 0 10 } { 10 30 } intersect-range
        { 0 10 } { 5 30 } intersect-range
    ]
}
Unit Test: {
    { 50 f f f 11 8 f f }
    [
        { { 0 10 } { 20 30 } { 40 50 } }
        { { 11 15 } { 31 35 } { 50 55 } } intersect-ranges
        { { 0 10 } { 20 30 } { 40 50 } }
        { { 11 15 } { 31 36 } { 51 55 } } intersect-ranges
        { } { { 11 15 } } intersect-ranges
        { { 11 15 } } { } intersect-ranges
        { { 11 15 } } { { 10 15 } { 16 18 } } intersect-ranges
        { { 4 20 } } { { 8 12 } } intersect-ranges
        { { 9 20 } { 3 5 } } { { 0 1 } { 7 8 } }
        intersect-ranges
        { { 3 5 } } { { 7 8 } } intersect-ranges
    ]
}
Unit Test: {
    { t f f t t }
    [
        115 { { 90 120 } { 40 50 } } ranges-cover? 50
        { { 60 70 } { 20 30 } } ranges-cover? 120
        { { 130 140 } { 70 80 } { 50 60 } { 44 48 } { 40 42 } }
        ranges-cover? 135
        { { 130 140 } { 70 80 } { 50 60 } { 44 48 } }
        ranges-cover? 135
        { { 130 140 } { 70 80 } { 50 60 } { 44 48 } { 40 42 } }
        reverse ranges-cover?
    ]
}
Unit Test: {
    { V{ { 8 12 } } V{ { 9 9 } } }
    [
        8 V{ { 4 12 } } [ shorten-ranges ] keep 9
        V{ } [ shorten-ranges ] keep
    ]
}
Unit Test: { { { 10 15 } { 16 20 } } [ { 10 20 } 15 split-range ] }
Unit Test: {
    { { { 10 20 } } { { 30 40 } } }
    [ { { 10 20 } { 30 40 } } 25 split-ranges ]
}
Unit Test: { { { { 0 0 } } { { 1 5 } } } [ { { 0 5 } } 0 split-ranges ] }
Unit Test: {
    { { { 1 10 } { 15 17 } } { { 18 20 } } }
    [ { { 1 10 } { 15 20 } } 17 split-ranges ]
}
Unit Test: {
    { { { 1 10 } } { { 15 20 } } }
    [ { { 1 10 } { 15 20 } } 12 split-ranges ]
}
Unit Test: {
    { { { 1 10 } { 15 16 } } { { 17 20 } } }
    [ { { 1 10 } { 15 20 } } 16 split-ranges ]
}
Unit Test: {
    { { { 1 10 } { 15 15 } } { { 16 20 } } }
    [ { { 1 10 } { 15 20 } } 15 split-ranges ]
}
Must Fail: { [ { { 1 10 } } 0 split-ranges ] }
Unit Test: {
    { t f f f }
    [
        { { 1 10 } { 15 20 } } valid-ranges?
        { { 10 1 } { 15 20 } } valid-ranges?
        { { 1 5 } { 3 10 } } valid-ranges?
        { { 5 1 } } valid-ranges?
    ]
}
Unit Test: {
    { { { 25 30 } { 40 50 } } { { 10 23 } } { { 366 366 } } }
    [
        25 { { 0 10 } { 20 30 } { 40 50 } } fix-lower-bound 10
        { { 20 23 } } fix-lower-bound 366
        { { 355 356 } { 357 366 } } fix-lower-bound
    ]
}
Unit Test: {
    {
        { { 0 10 } { 20 20 } }
        { { 0 20 } }
        { { 0 10 } { 20 23 } }
    }
    [
        20 { { 0 10 } { 20 30 } { 40 50 } } fix-upper-bound 20
        { { 0 40 } } fix-upper-bound 23
        { { 0 10 } { 20 30 } { 40 50 } } fix-upper-bound
    ]
}
Unit Test: { { 0 40 } [ { { 0 10 } { 30 40 } } ranges-endpoints ] }
Unit Test: {
    {
        {
            {
                T{ location
                    { reg T{ spill-slot } }
                    { rep int-rep }
                    { reg-class int-regs }
                }
                T{ location
                    { reg 1 }
                    { rep int-rep }
                    { reg-class int-regs }
                }
            }
        }
    }
    [ [ 0 <spill-slot> 1 int-rep add-mapping ] { } make ]
}
Unit Test: {
    {
        {
            T{ ##reload
                { dst 1 }
                { rep int-rep }
                { src T{ spill-slot } }
            }
        }
    }
    [
        [
            T{ location
                { reg T{ spill-slot } }
                { rep int-rep }
                { reg-class int-regs }
            } T{ location
                { reg 1 }
                { rep int-rep }
                { reg-class int-regs }
            } >insn
        ] { } make
    ]
}
Unit Test: {
    {
        {
            T{ ##spill
                { src 1 }
                { rep int-rep }
                { dst T{ spill-slot } }
            }
        }
    }
    [
        [
            T{ location
                { reg 1 }
                { rep int-rep }
                { reg-class int-regs }
            } T{ location
                { reg T{ spill-slot } }
                { rep int-rep }
                { reg-class int-regs }
            } >insn
        ] { } make
    ]
}
Unit Test: {
    { { T{ ##copy { dst 2 } { src 1 } { rep int-rep } } } }
    [
        [
            T{ location
                { reg 1 }
                { rep int-rep }
                { reg-class int-regs }
            } T{ location
                { reg 2 }
                { rep int-rep }
                { reg-class int-regs }
            } >insn
        ] { } make
    ]
}
Unit Test: {
    {
        {
            T{ ##copy { dst 2 } { src 1 } { rep int-rep } }
            T{ ##branch }
        }
    }
    [
        {
            {
                T{ location
                    { reg 1 }
                    { rep int-rep }
                    { reg-class int-regs }
                }
                T{ location
                    { reg 2 }
                    { rep int-rep }
                    { reg-class int-regs }
                }
            }
        } mapping-instructions
    ]
}
Unit Test: {
    {
        {
            T{ ##spill
                { src 0 }
                { rep int-rep }
                { dst T{ spill-slot } }
            }
            T{ ##reload
                { dst 0 }
                { rep tagged-rep }
                { src T{ spill-slot { n 1 } } }
            }
            T{ ##branch }
        }
    }
    [
        {
            {
                T{ location
                    { reg T{ spill-slot { n 1 } } }
                    { rep tagged-rep }
                    { reg-class int-regs }
                }
                T{ location
                    { reg 0 }
                    { rep tagged-rep }
                    { reg-class int-regs }
                }
            }
            {
                T{ location
                    { reg 0 }
                    { rep int-rep }
                    { reg-class int-regs }
                }
                T{ location
                    { reg T{ spill-slot } }
                    { rep int-rep }
                    { reg-class int-regs }
                }
            }
        } mapping-instructions
    ]
}
Unit Test: {
    {
        {
            T{ ##spill
                { src 0 }
                { rep int-rep }
                { dst T{ spill-slot { n 1 } } }
            }
            T{ ##reload
                { dst 0 }
                { rep tagged-rep }
                { src T{ spill-slot } }
            }
            T{ ##branch }
        }
    }
    [
        {
            {
                T{ location
                    { reg T{ spill-slot } }
                    { rep tagged-rep }
                    { reg-class int-regs }
                }
                T{ location
                    { reg 0 }
                    { rep tagged-rep }
                    { reg-class int-regs }
                }
            }
            {
                T{ location
                    { reg 0 }
                    { rep int-rep }
                    { reg-class int-regs }
                }
                T{ location
                    { reg T{ spill-slot { n 1 } } }
                    { rep int-rep }
                    { reg-class int-regs }
                }
            }
        } mapping-instructions
    ]
}
Unit Test: {
    {
        {
            T{ ##spill
                { src 0 }
                { rep int-rep }
                { dst T{ spill-slot { n 1 } } }
            }
            T{ ##reload
                { dst 0 }
                { rep tagged-rep }
                { src T{ spill-slot } }
            }
            T{ ##branch }
        }
    }
    [
        {
            {
                T{ location
                    { reg 0 }
                    { rep int-rep }
                    { reg-class int-regs }
                }
                T{ location
                    { reg T{ spill-slot { n 1 } } }
                    { rep int-rep }
                    { reg-class int-regs }
                }
            }
            {
                T{ location
                    { reg T{ spill-slot } }
                    { rep tagged-rep }
                    { reg-class int-regs }
                }
                T{ location
                    { reg 0 }
                    { rep tagged-rep }
                    { reg-class int-regs }
                }
            }
        } mapping-instructions
    ]
}
Unit Test: {
    { t }
    [
        {
            {
                T{ location
                    { reg 0 }
                    { rep int-rep }
                    { reg-class int-regs }
                }
                T{ location
                    { reg 1 }
                    { rep int-rep }
                    { reg-class int-regs }
                }
            }
            {
                T{ location
                    { reg 1 }
                    { rep int-rep }
                    { reg-class int-regs }
                }
                T{ location
                    { reg 0 }
                    { rep int-rep }
                    { reg-class int-regs }
                }
            }
        } mapping-instructions {
            {
                T{ ##spill
                    { src 0 }
                    { rep int-rep }
                    { dst T{ spill-slot { n 8 } } }
                }
                T{ ##copy { dst 0 } { src 1 } { rep int-rep } }
                T{ ##reload
                    { dst 1 }
                    { rep int-rep }
                    { src T{ spill-slot { n 8 } } }
                }
                T{ ##branch }
            }
            {
                T{ ##spill
                    { src 1 }
                    { rep int-rep }
                    { dst T{ spill-slot { n 8 } } }
                }
                T{ ##copy { dst 1 } { src 0 } { rep int-rep } }
                T{ ##reload
                    { dst 0 }
                    { rep int-rep }
                    { src T{ spill-slot { n 8 } } }
                }
                T{ ##branch }
            }
        } member?
    ]
}
compiler.cfg.ssa
Unit Test: {
    { { V{ T{ ##phi { dst 789 } { inputs H{ } } } } } }
    [
        H{ } clone inserting-phis set 789 { } 0 insns>block
        insert-phi-later inserting-phis get values
    ]
}
Unit Test: {
    { 99 55 }
    [
        H{ } clone inserting-phis set { } 55 insns>block
        { } 1 insns>block [ connect-bbs ] keep
        99 swap insert-phi-later
        inserting-phis get values first first
        [ dst>> ] [ inputs>> keys first number>> ] bi
    ]
}
Unit Test: {
    { f t }
    [
        HS{ 68 } live-phis set T{ ##phi } live-phi?
        T{ ##phi { dst 68 } } live-phi?
    ]
}
Unit Test: { { } [ test-ssa ] }
Unit Test: {
    {
        V{
            T{ ##load-integer { dst 1 } { val 100 } }
            T{ ##add-imm { dst 2 } { src1 1 } { src2 50 } }
            T{ ##add-imm { dst 3 } { src1 2 } { src2 10 } }
            T{ ##branch }
        }
    }
    [ 0 get instructions>> ]
}
Unit Test: {
    {
        V{
            T{ ##load-integer { dst 4 } { val 3 } }
            T{ ##branch }
        }
    }
    [ 1 get instructions>> ]
}
Unit Test: {
    {
        V{
            T{ ##load-integer { dst 5 } { val 4 } }
            T{ ##branch }
        }
    }
    [ 2 get instructions>> ]
}
Unit Test: {
    {
        V{
            T{ ##phi { dst 6 } { inputs H{ { 1 4 } { 2 5 } } } }
            T{ ##replace { src 6 } { loc D: 0 } }
            T{ ##return }
        }
    }
    [ 3 get instructions>> clean-up-phis ]
}
Unit Test: { { } [ test-ssa ] }
Unit Test: {
    {
        V{
            T{ ##phi { dst 3 } { inputs H{ { 2 1 } { 3 2 } } } }
            T{ ##replace { src 3 } { loc D: 0 } }
        }
    }
    [ 4 get instructions>> clean-up-phis ]
}
Unit Test: { { } [ test-ssa ] }
Unit Test: { { V{ } } [ 4 get instructions>> [ ##phi? ] filter ] }
Unit Test: { { } [ test-ssa ] }
Unit Test: { { V{ } } [ 5 get instructions>> [ ##phi? ] filter ] }
Unit Test: { { V{ } } [ 7 get instructions>> [ ##phi? ] filter ] }
Unit Test: { { } [ test-tdmsc ] }
Unit Test: { { { 4 } } [ 1 get 1array merge-set [ number>> ] map ] }
Unit Test: { { { 4 } } [ 2 get 1array merge-set [ number>> ] map ] }
Unit Test: { { { } } [ 0 get 1array merge-set ] }
Unit Test: { { { } } [ 4 get 1array merge-set ] }
Unit Test: { { } [ test-tdmsc ] }
Unit Test: {
    { t }
    [ 2 get 3 get 2array merge-set 4 get 6 get 2array set= ]
}
Unit Test: { { } [ test-tdmsc ] }
Unit Test: {
    { { 2 } }
    [ { 2 3 4 5 } [ get ] map merge-set [ number>> ] map ]
}
Unit Test: { { { } } [ { 0 1 6 7 } [ get ] map merge-set ] }
Unit Test: {
    {
        V{
            T{ ##phi
                { dst 103 }
                { inputs H{ { "bl1" 7 } { "bl2" 99 } } }
            }
            T{ ##parallel-copy { values V{ { 3 4 } } } }
        }
    }
    [
        V{ { 3 4 } } phi-copies set V{
            T{ ##phi
                { dst 103 }
                { inputs H{ { "bl1" 7 } { "bl2" 99 } } }
            }
        } 0 insns>block [ insert-phi-copies ] keep
        instructions>>
    ]
}
Unit Test: {
    { T{ ##parallel-copy { values V{ { 3 4 } } } } }
    [ V{ { 3 4 } } phi-copy-insn ]
}
Unit Test: {
    { V{ T{ ##copy { dst 100 } { src 46 } } } }
    [
        setup-leader/reps-scenario
        T{ ##copy { dst 100 } { src 46 } } [ cleanup-insn ] V{ }
        make
    ]
}
Unit Test: {
    {
        V{
            T{ ##copy
                { dst 47 }
                { src 45 }
                { rep double-2-rep }
            }
        }
    }
    [
        setup-leader/reps-scenario
        T{ ##parallel-copy { values V{ { 100 46 } } } }
        [ cleanup-insn ] V{ } make
    ]
}
Unit Test: {
    { V{ } }
    [
        T{ ##parallel-copy { values V{ } } } [ cleanup-insn ]
        V{ } make
    ]
}
Unit Test: {
    { }
    [
        H{ { 36 23 } { 23 23 } } leader-map set
        H{ { 36 int-rep } { 37 tagged-rep } } representations
        set V{
            T{ ##alien-invoke
                { reg-inputs V{ { 56 int-rep RDI } } }
                { stack-inputs V{ } }
                { reg-outputs { { 36 int-rep RAX } } }
                { dead-outputs { } }
                { cleanup 0 }
                { stack-size 0 }
                { symbols "g_quark_to_string" }
                { dll DLL" libglib-2.0.so" }
                { gc-map T{ gc-map } }
                { insn# 14 }
            }
            T{ ##call-gc { gc-map T{ gc-map } } }
            T{ ##box-alien
                { dst 37 }
                { src 36 }
                { temp 11 }
                { insn# 18 }
            }
        } 0 insns>block block>cfg destruct-ssa
    ]
}
Unit Test: {
    { { f t t f } }
    [
        H{
            { 30 int-rep }
            { 100 double-rep }
            { 20 tagged-rep }
            { 45 double-2-rep }
            { 46 double-rep }
            { 47 double-rep }
        } representations set
        { { 45 46 } { 47 100 } { 20 30 } { 30 100 } }
        [ first2 eliminatable-copy? ] map
    ]
}
Unit Test: {
    {
        H{
            {
                77
                {
                    T{ vreg-info
                        { vreg 77 }
                        { value 77 }
                        { bb "bb2" }
                    }
                }
            }
            {
                123
                {
                    T{ vreg-info
                        { vreg 123 }
                        { value 123 }
                        { bb "bb1" }
                    }
                }
            }
        }
    }
    [
        H{ { 77 "bb2" } { 123 "bb1" } } defs set
        initial-class-elements
    ]
}
Unit Test: {
    { H{ { 65 65 } { 99 99 } { 62 62 } { 303 303 } } }
    [
        {
            T{ ##load-vector
                { dst 62 }
                { val B{ 0 0 0 0 0 0 0 64 0 0 0 0 0 0 52 64 } }
                { rep double-2-rep }
            }
            T{ ##add-vector
                { dst 65 }
                { src1 62 }
                { src2 63 }
                { rep double-2-rep }
            }
            T{ ##allot { dst 99 } { size 24 } { temp 303 } }
        } initial-leaders
    ]
}
Unit Test: {
    { H{ { 118 118 } } }
    [
        {
            T{ ##phi
                { dst 118 }
                { inputs H{ { 4 120 } { 2 119 } } }
            }
        } [ insns>cfg compute-defs ] [ init-coalescing ] bi
        leader-map get
    ]
}
Unit Test: { { } [ 10 10 f try-eliminate-copy ] }
Unit Test: {
    { V{ { 2 1 } } }
    [
        [
            T{ ##copy { dst 2 } { src 1 } { rep int-rep } }
            coalesce-later
        ] V{ } make
    ]
}
Unit Test: {
    { V{ { 3 4 } { 7 8 } } }
    [
        [
            T{ ##parallel-copy { values V{ { 3 4 } { 7 8 } } } }
            coalesce-later
        ] V{ } make
    ]
}
Unit Test: {
    { t }
    [
        10 [
            { 2286 2287 2288 } unique leader-map set
            2286 make-phi-inputs ##phi new-insn coalesce-now
            2286 leader
        ] replicate all-equal?
    ]
}
Unit Test: { { } [ test-interference ] }
Unit Test: { { f } [ 0 1 test-vregs-intersect? ] }
Unit Test: { { f } [ 1 0 test-vregs-intersect? ] }
Unit Test: { { f } [ 2 3 test-vregs-intersect? ] }
Unit Test: { { f } [ 3 2 test-vregs-intersect? ] }
Unit Test: { { t } [ 0 2 test-vregs-intersect? ] }
Unit Test: { { t } [ 2 0 test-vregs-intersect? ] }
Unit Test: { { f } [ 1 3 test-vregs-intersect? ] }
Unit Test: { { f } [ 3 1 test-vregs-intersect? ] }
Unit Test: { { t } [ 3 4 test-vregs-intersect? ] }
Unit Test: { { t } [ 4 3 test-vregs-intersect? ] }
Unit Test: { { t } [ 3 5 test-vregs-intersect? ] }
Unit Test: { { t } [ 5 3 test-vregs-intersect? ] }
Unit Test: { { f } [ 3 6 test-vregs-intersect? ] }
Unit Test: { { f } [ 6 3 test-vregs-intersect? ] }
Unit Test: { { } [ test-interference ] }
Unit Test: { { t } [ { 15 } { 23 13 } test-sets-interfere? nip ] }
Unit Test: { { } [ test-interference ] }
Unit Test: { { f } [ { 48 } { 32 35 } test-sets-interfere? nip ] }
Unit Test: { { } [ test-interference ] }
Unit Test: { { t } [ 43 45 test-vregs-intersect? ] }
Unit Test: { { f } [ 43 45 test-vregs-interfere? ] }
Unit Test: { { t } [ 43 46 test-vregs-intersect? ] }
Unit Test: { { t } [ 43 46 test-vregs-interfere? ] }
Unit Test: { { f } [ 45 46 test-vregs-intersect? ] }
Unit Test: { { f } [ 45 46 test-vregs-interfere? ] }
Unit Test: { { f } [ { 43 } { 45 } test-sets-interfere? nip ] }
Unit Test: {
    { t f }
    [
        { 46 } { 43 } { 45 } [ [ <test-vreg-info> ] map ] tri@
        sets-interfere? [ sets-interfere? nip ] dip
    ]
}
Unit Test: { { } [ test-interference ] }
Unit Test: {
    { f f }
    [
        { 33 } { 21 } { 32 } [ [ <test-vreg-info> ] map ] tri@
        sets-interfere? [ sets-interfere? nip ] dip
    ]
}
Unit Test: { { f } [ 33 21 test-vregs-intersect? ] }
Unit Test: { { f } [ 32 21 test-vregs-intersect? ] }
Unit Test: { { f } [ 32 33 test-vregs-intersect? ] }
Unit Test: { { { } { } } [ { } { } test-merge-order ] }
Unit Test: {
    { { { 0 0 } { 1 0 } } { blue blue } }
    [ { { 0 0 } { 1 0 } } { } test-merge-order ]
}
Unit Test: {
    { { { 0 0 } { 1 0 } } { red red } }
    [ { } { { 0 0 } { 1 0 } } test-merge-order ]
}
Unit Test: {
    {
        { { 0 0 } { 1 0 } { 2 0 } { 3 0 } }
        { blue red blue red }
    }
    [ { { 0 0 } { 2 0 } } { { 1 0 } { 3 0 } } test-merge-order ]
}
Unit Test: {
    {
        { { 0 0 } { 0 1 } { 0 2 } { 0 3 } }
        { red blue red blue }
    }
    [ { { 0 1 } { 0 3 } } { { 0 0 } { 0 2 } } test-merge-order ]
}
Unit Test: {
    {
        { { 0 0 } { 0 0 } { 0 0 } { 0 0 } }
        { red red blue blue }
    }
    [ { { 0 0 } { 0 0 } } { { 0 0 } { 0 0 } } test-merge-order ]
}
Unit Test: {
    { { { 0 0 } { 1 0 } { 2 0 } } { blue red red } }
    [ V{ { 0 0 } } V{ { 1 0 } { 2 0 } } test-merge-order ]
}
Unit Test: {
    { { { 0 0 } { 1 0 } { 2 0 } } { red blue blue } }
    [ V{ { 1 0 } { 2 0 } } V{ { 0 0 } } test-merge-order ]
}
TEST FAILURES 0
COMPILER ERRORS 0
