Unit Test: {
    { 40147957488.0 }
    [
        1 2 3 4 5 6 7 8 -9 250 -300 60000 -70000 3000000000
        -123456789 abi_narrow
    ]
}
--> test failed!
Unit Test: {
    { 40147957488.0 }
    [
        1 2 3 4 5 6 7 8 -9 250 -300 60000 -70000 3000000000
        -123456789 "abi_narrow" "gap-abi" library-dll dlsym
        indirect-narrow
    ]
}
--> test failed!
Unit Test: {
    { 40147957488.0 }
    [ callback-narrow [ call_narrow ] with-callback ]
}
--> test failed!
Unit Test: {
    { 506.0 }
    [ 1.0 2.0 3.0 4.0 5.0 6.0 7.0 8.0 9.0 10.0 11.0 abi_floats ]
}
--> test failed!
Unit Test: {
    { 506.0 }
    [
        1.0 2.0 3.0 4.0 5.0 6.0 7.0 8.0 9.0 10.0 11.0
        "abi_floats" "gap-abi" library-dll dlsym indirect-floats
    ]
}
--> test failed!
Unit Test: { { 506.0 } [ callback-floats [ call_floats ] with-callback ] }
--> test failed!
Unit Test: {
    { -2610657.0 }
    [
        1 2 3 4 5 6 7 8 1.0 2.0 3.0 4.0 5.0 6.0 7.0 8.0 -9 9.5
        -1000 10.25 -123456 abi_mixed
    ]
}
--> test failed!
Unit Test: {
    { -2610657.0 }
    [
        1 2 3 4 5 6 7 8 1.0 2.0 3.0 4.0 5.0 6.0 7.0 8.0 -9 9.5
        -1000 10.25 -123456 "abi_mixed" "gap-abi" library-dll
        dlsym indirect-mixed
    ]
}
--> test failed!
Unit Test: {
    { -2610657.0 }
    [ callback-mixed [ call_mixed ] with-callback ]
}
--> test failed!
Unit Test: { { -35.0 } [ 1 2.5 -3 4.25 -5 -4 direct-var ] }
--> test failed!
Unit Test: { { 662.0 } [ 1 2 3 4 5 6 7 8 9 10 11 13.0 direct-var-spill ] }
--> test failed!
Unit Test: {
    { -35.0 }
    [
        1 2.5 -3 4.25 -5 -4 "abi_var" "gap-abi" library-dll
        dlsym indirect-var
    ]
}
--> test failed!
Unit Test: {
    { 662.0 }
    [
        1 2 3 4 5 6 7 8 9 10 11 13.0 "abi_var_spill" "gap-abi"
        library-dll dlsym indirect-var-spill
    ]
}
--> test failed!
Unit Test: { { -35.0 } [ 1 2.5 -3 4.25 -5 -4 syntax-var ] }
--> test failed!
Unit Test: { { 55.0 } [ 1.0 2.0 <pair> 3.0 4.0 <pair> 5 abi_var_hfa ] }
--> test failed!
Unit Test: {
    { 55.0 }
    [
        1.0 2.0 <pair> 3.0 4.0 <pair>
        5 "abi_var_hfa" "gap-abi" library-dll dlsym
        indirect-var-hfa
    ]
}
--> test failed!
Unit Test: { { 47.0 } [ 1 2 3 4 5 6 7 8 -9 10 11 <ints> -12 abi_struct ] }
Unit Test: { { 47.0 } [ struct-callback [ call_struct ] with-callback ] }
Unit Test: {
    { 64.0 }
    [
        1.0 2.0 3.0 4.0 5.0 6.0 7.0 8.0 9.0 <pair>
        10.0 abi_hfa_boundary
    ]
}
--> test failed!
Unit Test: {
    { 64.0 }
    [ hfa-callback [ call_hfa_boundary ] with-callback ]
}
--> test failed!
Unit Test: {
    { 11.0 22.0 33.0 }
    [ <array-hfa> abi_array_hfa array-hfa-values ]
}
--> test failed!
Unit Test: {
    { 11.0 22.0 33.0 }
    [
        <array-hfa> "abi_array_hfa" "gap-abi" library-dll dlsym
        indirect-array array-hfa-values
    ]
}
--> test failed!
Unit Test: {
    { 154.0 }
    [ array-callback [ call_array_hfa ] with-callback ]
}
--> test failed!
Unit Test: { { 20.0 } [ 1 <array-hfa> 5.0 abi_var_array ] }
--> test failed!
Unit Test: { { 64.0 } [ 1 2 3 4 5 6 7 8 9 <longs> 10 abi_int_boundary ] }
--> test failed!
Unit Test: {
    { 64.0 }
    [ int-callback [ call_int_boundary ] with-callback ]
}
--> test failed!
Unit Test: {
    { 107.0 }
    [
        1 2 3 4 5 6 7 8 1.0 2.0 3.0 4.0 5.0 6.0 7.0 8.0 -9 10.0
        11.0 <pair> 12.0 abi_hfa_stack
    ]
}
--> test failed!

==== resource:reference/arm64-gap-abi-20260908/abi-tests.factor

resource:reference/arm64-gap-abi-20260908/abi-tests.factor: 8

Unit Test: {
    { 40147957488.0 }
    [
        1 2 3 4 5 6 7 8 -9 250 -300 60000 -70000 3000000000
        -123456789 abi_narrow
    ]
}

=== Expected:
40147957488.0
=== Got:
787832.0
(U) [ c-to-factor => ]
    c-to-factor
(U) [ [ (get-catchstack) push ] dip call => (get-catchstack) pop* ]
(O) command-line-startup
(O) run-script
(U) [
        2dup check-call-effect 2dup [
            ~quotation~ dip
            dup terminated?>> ~quotation~ ~quotation~ if
        ] 2dip => rot [ 2drop ] [ wrong-values ] if
    ]
(U) [
        [ ~quotation~ dip dip ] dip => dup terminated?>>
        [ 2drop f ]
        [ dup in>> length swap out>> length check-datastack ] if
    ]
(U) [ swap [ call ] dip => ]
    dip
(U) [ output>array => datastack. ]
(U) [ [ ~quotation~ ~quotation~ bi ] dip => nsequence ]
    output>sequence
(U) [ [ keep ] dip => call ]
    bi
(U) [ over [ call ] dip => ]
    keep
(U) [
        "cpu.architecture" reload "cpu.arm.64.assembler" reload
        "cpu.arm.64" reload "compiler.cfg.builder.alien" reload
        "resource:reference/arm64-gap-abi-20260908/abi-tests.factor"
        run-test-file => :test-failures "test failures" .
        test-failures get length dup . "compiler errors" .
        compiler-errors get assoc-size dup . + 0 = 0 1 ? exit
    ]
(O) run-test-file
(U) [
        { 40147957488.0 } [
            1 2 3 4 5 6 7 8 -9 250 -300 60000 -70000 3000000000
            -123456789 abi_narrow
        ] \ (unit-test) 8 experiment =>
        { 40147957488.0 } [
            1 2 3 4 5 6 7 8 -9 250 -300 60000 -70000 3000000000
            -123456789 "abi_narrow" "gap-abi" library-dll dlsym
            indirect-narrow
        ] \ (unit-test) 10 experiment
        { 40147957488.0 }
        [ callback-narrow ~quotation~ with-callback ] \ (unit-test)
        12 experiment
        { 506.0 }
        [ 1.0 2.0 3.0 4.0 5.0 6.0 7.0 8.0 9.0 10.0 11.0 abi_floats ]
        \ (unit-test) 15 experiment
        { 506.0 } [
            1.0 2.0 3.0 4.0 5.0 6.0 7.0 8.0 9.0 10.0 11.0
            "abi_floats" "gap-abi" library-dll dlsym indirect-floats
        ] \ (unit-test) 17 experiment
        { 506.0 } [ callback-floats ~quotation~ with-callback ]
        \ (unit-test) 19 experiment
        { -2610657.0 } [
            1 2 3 4 5 6 7 8 1.0 2.0 3.0 4.0 5.0 6.0 7.0 8.0 -9 9.5
            -1000 10.25 -123456 abi_mixed
        ] \ (unit-test) 22 experiment
        { -2610657.0 } [
            1 2 3 4 5 6 7 8 1.0 2.0 3.0 4.0 5.0 6.0 7.0 8.0 -9 9.5
            -1000 10.25 -123456 "abi_mixed" "gap-abi" library-dll
            dlsym indirect-mixed
        ] \ (unit-test) 24 experiment
        { -2610657.0 } [ callback-mixed ~quotation~ with-callback ]
        \ (unit-test) 26 experiment
        { -35.0 } [ 1 2.5 -3 4.25 -5 -4 direct-var ] \ (unit-test)
        28 experiment
        { 662.0 } [ 1 2 3 4 5 6 7 8 9 10 11 13.0 direct-var-spill ]
        \ (unit-test) 30 experiment
        { -35.0 } [
            1 2.5 -3 4.25 -5 -4 "abi_var" "gap-abi" library-dll
            dlsym indirect-var
        ] \ (unit-test) 34 experiment
        { 662.0 } [
            1 2 3 4 5 6 7 8 9 10 11 13.0 "abi_var_spill" "gap-abi"
            library-dll dlsym indirect-var-spill
        ] \ (unit-test) 37 experiment
        { -35.0 } [ 1 2.5 -3 4.25 -5 -4 syntax-var ] \ (unit-test)
        39 experiment
        { 55.0 } [ 1.0 2.0 <pair> 3.0 4.0 <pair> 5 abi_var_hfa ]
        \ (unit-test) 44 experiment
        { 55.0 } [
            1.0 2.0 <pair> 3.0 4.0 <pair>
            5 "abi_var_hfa" "gap-abi" library-dll dlsym
            indirect-var-hfa
        ] \ (unit-test) 46 experiment
        { 47.0 } [ 1 2 3 4 5 6 7 8 -9 10 11 <ints> -12 abi_struct ]
        \ (unit-test) 51 experiment
        { 47.0 } [ struct-callback ~quotation~ with-callback ]
        \ (unit-test) 53 experiment
        { 64.0 } [
            1.0 2.0 3.0 4.0 5.0 6.0 7.0 8.0 9.0 <pair>
            10.0 abi_hfa_boundary
        ] \ (unit-test) 56 experiment
        { 64.0 } [ hfa-callback ~quotation~ with-callback ]
        \ (unit-test) ~37 more~
    ]
(U) [
        2 load-locals -1 get-local <experiment> load-local
        silent-tests? get 0 get-local
        [ load-local 0 get-local experiment. 1 drop-locals ] curry
        unless -2 get-local execute => 0 get-local -1 get-local [
            2 load-locals -1 get-local 0 get-local ~quotation~ curry
            curry ~quotation~ if 2 drop-locals
        ] curry curry [ 2drop "Warning: test skipped!" print ] if
        3 drop-locals
    ]
    experiment
(O) (unit-test)
(O) assert-sequence=
(O) assert-sequence
(O) M\ object throw
(U) [
        OBJ-CURRENT-THREAD special-object error-thread set-global
        current-continuation => error-continuation set-global
        [ original-error set-global ] [ rethrow ] bi
    ]

resource:reference/arm64-gap-abi-20260908/abi-tests.factor: 10

Unit Test: {
    { 40147957488.0 }
    [
        1 2 3 4 5 6 7 8 -9 250 -300 60000 -70000 3000000000
        -123456789 "abi_narrow" "gap-abi" library-dll dlsym
        indirect-narrow
    ]
}

=== Expected:
40147957488.0
=== Got:
787832.0
(U) [ c-to-factor => ]
    c-to-factor
(U) [ [ (get-catchstack) push ] dip call => (get-catchstack) pop* ]
(O) command-line-startup
(O) run-script
(U) [
        2dup check-call-effect 2dup [
            ~quotation~ dip
            dup terminated?>> ~quotation~ ~quotation~ if
        ] 2dip => rot [ 2drop ] [ wrong-values ] if
    ]
(U) [
        [ ~quotation~ dip dip ] dip => dup terminated?>>
        [ 2drop f ]
        [ dup in>> length swap out>> length check-datastack ] if
    ]
(U) [ swap [ call ] dip => ]
    dip
(U) [ output>array => datastack. ]
(U) [ [ ~quotation~ ~quotation~ bi ] dip => nsequence ]
    output>sequence
(U) [ [ keep ] dip => call ]
    bi
(U) [ over [ call ] dip => ]
    keep
(U) [
        "cpu.architecture" reload "cpu.arm.64.assembler" reload
        "cpu.arm.64" reload "compiler.cfg.builder.alien" reload
        "resource:reference/arm64-gap-abi-20260908/abi-tests.factor"
        run-test-file => :test-failures "test failures" .
        test-failures get length dup . "compiler errors" .
        compiler-errors get assoc-size dup . + 0 = 0 1 ? exit
    ]
(O) run-test-file
(U) [
        { 40147957488.0 } [
            1 2 3 4 5 6 7 8 -9 250 -300 60000 -70000 3000000000
            -123456789 abi_narrow
        ] \ (unit-test) 8 experiment
        { 40147957488.0 } [
            1 2 3 4 5 6 7 8 -9 250 -300 60000 -70000 3000000000
            -123456789 "abi_narrow" "gap-abi" library-dll dlsym
            indirect-narrow
        ] \ (unit-test) 10 experiment =>
        { 40147957488.0 }
        [ callback-narrow ~quotation~ with-callback ] \ (unit-test)
        12 experiment
        { 506.0 }
        [ 1.0 2.0 3.0 4.0 5.0 6.0 7.0 8.0 9.0 10.0 11.0 abi_floats ]
        \ (unit-test) 15 experiment
        { 506.0 } [
            1.0 2.0 3.0 4.0 5.0 6.0 7.0 8.0 9.0 10.0 11.0
            "abi_floats" "gap-abi" library-dll dlsym indirect-floats
        ] \ (unit-test) 17 experiment
        { 506.0 } [ callback-floats ~quotation~ with-callback ]
        \ (unit-test) 19 experiment
        { -2610657.0 } [
            1 2 3 4 5 6 7 8 1.0 2.0 3.0 4.0 5.0 6.0 7.0 8.0 -9 9.5
            -1000 10.25 -123456 abi_mixed
        ] \ (unit-test) 22 experiment
        { -2610657.0 } [
            1 2 3 4 5 6 7 8 1.0 2.0 3.0 4.0 5.0 6.0 7.0 8.0 -9 9.5
            -1000 10.25 -123456 "abi_mixed" "gap-abi" library-dll
            dlsym indirect-mixed
        ] \ (unit-test) 24 experiment
        { -2610657.0 } [ callback-mixed ~quotation~ with-callback ]
        \ (unit-test) 26 experiment
        { -35.0 } [ 1 2.5 -3 4.25 -5 -4 direct-var ] \ (unit-test)
        28 experiment
        { 662.0 } [ 1 2 3 4 5 6 7 8 9 10 11 13.0 direct-var-spill ]
        \ (unit-test) 30 experiment
        { -35.0 } [
            1 2.5 -3 4.25 -5 -4 "abi_var" "gap-abi" library-dll
            dlsym indirect-var
        ] \ (unit-test) 34 experiment
        { 662.0 } [
            1 2 3 4 5 6 7 8 9 10 11 13.0 "abi_var_spill" "gap-abi"
            library-dll dlsym indirect-var-spill
        ] \ (unit-test) 37 experiment
        { -35.0 } [ 1 2.5 -3 4.25 -5 -4 syntax-var ] \ (unit-test)
        39 experiment
        { 55.0 } [ 1.0 2.0 <pair> 3.0 4.0 <pair> 5 abi_var_hfa ]
        \ (unit-test) 44 experiment
        { 55.0 } [
            1.0 2.0 <pair> 3.0 4.0 <pair>
            5 "abi_var_hfa" "gap-abi" library-dll dlsym
            indirect-var-hfa
        ] \ (unit-test) 46 experiment
        { 47.0 } [ 1 2 3 4 5 6 7 8 -9 10 11 <ints> -12 abi_struct ]
        \ (unit-test) 51 experiment
        { 47.0 } [ struct-callback ~quotation~ with-callback ]
        \ (unit-test) 53 experiment
        { 64.0 } [
            1.0 2.0 3.0 4.0 5.0 6.0 7.0 8.0 9.0 <pair>
            10.0 abi_hfa_boundary
        ] \ (unit-test) 56 experiment
        { 64.0 } [ hfa-callback ~quotation~ with-callback ]
        \ (unit-test) ~37 more~
    ]
(U) [
        2 load-locals -1 get-local <experiment> load-local
        silent-tests? get 0 get-local
        [ load-local 0 get-local experiment. 1 drop-locals ] curry
        unless -2 get-local execute => 0 get-local -1 get-local [
            2 load-locals -1 get-local 0 get-local ~quotation~ curry
            curry ~quotation~ if 2 drop-locals
        ] curry curry [ 2drop "Warning: test skipped!" print ] if
        3 drop-locals
    ]
    experiment
(O) (unit-test)
(O) assert-sequence=
(O) assert-sequence
(O) M\ object throw
(U) [
        OBJ-CURRENT-THREAD special-object error-thread set-global
        current-continuation => error-continuation set-global
        [ original-error set-global ] [ rethrow ] bi
    ]

resource:reference/arm64-gap-abi-20260908/abi-tests.factor: 12

Unit Test: {
    { 40147957488.0 }
    [ callback-narrow [ call_narrow ] with-callback ]
}

=== Expected:
40147957488.0
=== Got:
65172306324.0
(U) [ c-to-factor => ]
    c-to-factor
(U) [ [ (get-catchstack) push ] dip call => (get-catchstack) pop* ]
(O) command-line-startup
(O) run-script
(U) [
        2dup check-call-effect 2dup [
            ~quotation~ dip
            dup terminated?>> ~quotation~ ~quotation~ if
        ] 2dip => rot [ 2drop ] [ wrong-values ] if
    ]
(U) [
        [ ~quotation~ dip dip ] dip => dup terminated?>>
        [ 2drop f ]
        [ dup in>> length swap out>> length check-datastack ] if
    ]
(U) [ swap [ call ] dip => ]
    dip
(U) [ output>array => datastack. ]
(U) [ [ ~quotation~ ~quotation~ bi ] dip => nsequence ]
    output>sequence
(U) [ [ keep ] dip => call ]
    bi
(U) [ over [ call ] dip => ]
    keep
(U) [
        "cpu.architecture" reload "cpu.arm.64.assembler" reload
        "cpu.arm.64" reload "compiler.cfg.builder.alien" reload
        "resource:reference/arm64-gap-abi-20260908/abi-tests.factor"
        run-test-file => :test-failures "test failures" .
        test-failures get length dup . "compiler errors" .
        compiler-errors get assoc-size dup . + 0 = 0 1 ? exit
    ]
(O) run-test-file
(U) [
        { 40147957488.0 } [
            1 2 3 4 5 6 7 8 -9 250 -300 60000 -70000 3000000000
            -123456789 abi_narrow
        ] \ (unit-test) 8 experiment
        { 40147957488.0 } [
            1 2 3 4 5 6 7 8 -9 250 -300 60000 -70000 3000000000
            -123456789 "abi_narrow" "gap-abi" library-dll dlsym
            indirect-narrow
        ] \ (unit-test) 10 experiment
        { 40147957488.0 }
        [ callback-narrow ~quotation~ with-callback ] \ (unit-test)
        12 experiment =>
        { 506.0 }
        [ 1.0 2.0 3.0 4.0 5.0 6.0 7.0 8.0 9.0 10.0 11.0 abi_floats ]
        \ (unit-test) 15 experiment
        { 506.0 } [
            1.0 2.0 3.0 4.0 5.0 6.0 7.0 8.0 9.0 10.0 11.0
            "abi_floats" "gap-abi" library-dll dlsym indirect-floats
        ] \ (unit-test) 17 experiment
        { 506.0 } [ callback-floats ~quotation~ with-callback ]
        \ (unit-test) 19 experiment
        { -2610657.0 } [
            1 2 3 4 5 6 7 8 1.0 2.0 3.0 4.0 5.0 6.0 7.0 8.0 -9 9.5
            -1000 10.25 -123456 abi_mixed
        ] \ (unit-test) 22 experiment
        { -2610657.0 } [
            1 2 3 4 5 6 7 8 1.0 2.0 3.0 4.0 5.0 6.0 7.0 8.0 -9 9.5
            -1000 10.25 -123456 "abi_mixed" "gap-abi" library-dll
            dlsym indirect-mixed
        ] \ (unit-test) 24 experiment
        { -2610657.0 } [ callback-mixed ~quotation~ with-callback ]
        \ (unit-test) 26 experiment
        { -35.0 } [ 1 2.5 -3 4.25 -5 -4 direct-var ] \ (unit-test)
        28 experiment
        { 662.0 } [ 1 2 3 4 5 6 7 8 9 10 11 13.0 direct-var-spill ]
        \ (unit-test) 30 experiment
        { -35.0 } [
            1 2.5 -3 4.25 -5 -4 "abi_var" "gap-abi" library-dll
            dlsym indirect-var
        ] \ (unit-test) 34 experiment
        { 662.0 } [
            1 2 3 4 5 6 7 8 9 10 11 13.0 "abi_var_spill" "gap-abi"
            library-dll dlsym indirect-var-spill
        ] \ (unit-test) 37 experiment
        { -35.0 } [ 1 2.5 -3 4.25 -5 -4 syntax-var ] \ (unit-test)
        39 experiment
        { 55.0 } [ 1.0 2.0 <pair> 3.0 4.0 <pair> 5 abi_var_hfa ]
        \ (unit-test) 44 experiment
        { 55.0 } [
            1.0 2.0 <pair> 3.0 4.0 <pair>
            5 "abi_var_hfa" "gap-abi" library-dll dlsym
            indirect-var-hfa
        ] \ (unit-test) 46 experiment
        { 47.0 } [ 1 2 3 4 5 6 7 8 -9 10 11 <ints> -12 abi_struct ]
        \ (unit-test) 51 experiment
        { 47.0 } [ struct-callback ~quotation~ with-callback ]
        \ (unit-test) 53 experiment
        { 64.0 } [
            1.0 2.0 3.0 4.0 5.0 6.0 7.0 8.0 9.0 <pair>
            10.0 abi_hfa_boundary
        ] \ (unit-test) 56 experiment
        { 64.0 } [ hfa-callback ~quotation~ with-callback ]
        \ (unit-test) ~37 more~
    ]
(U) [
        2 load-locals -1 get-local <experiment> load-local
        silent-tests? get 0 get-local
        [ load-local 0 get-local experiment. 1 drop-locals ] curry
        unless -2 get-local execute => 0 get-local -1 get-local [
            2 load-locals -1 get-local 0 get-local ~quotation~ curry
            curry ~quotation~ if 2 drop-locals
        ] curry curry [ 2drop "Warning: test skipped!" print ] if
        3 drop-locals
    ]
    experiment
(O) (unit-test)
(O) assert-sequence=
(O) assert-sequence
(O) M\ object throw
(U) [
        OBJ-CURRENT-THREAD special-object error-thread set-global
        current-continuation => error-continuation set-global
        [ original-error set-global ] [ rethrow ] bi
    ]

resource:reference/arm64-gap-abi-20260908/abi-tests.factor: 15

Unit Test: {
    { 506.0 }
    [ 1.0 2.0 3.0 4.0 5.0 6.0 7.0 8.0 9.0 10.0 11.0 abi_floats ]
}

=== Expected:
506.0
=== Got:
395.0
(U) [ c-to-factor => ]
    c-to-factor
(U) [ [ (get-catchstack) push ] dip call => (get-catchstack) pop* ]
(O) command-line-startup
(O) run-script
(U) [
        2dup check-call-effect 2dup [
            ~quotation~ dip
            dup terminated?>> ~quotation~ ~quotation~ if
        ] 2dip => rot [ 2drop ] [ wrong-values ] if
    ]
(U) [
        [ ~quotation~ dip dip ] dip => dup terminated?>>
        [ 2drop f ]
        [ dup in>> length swap out>> length check-datastack ] if
    ]
(U) [ swap [ call ] dip => ]
    dip
(U) [ output>array => datastack. ]
(U) [ [ ~quotation~ ~quotation~ bi ] dip => nsequence ]
    output>sequence
(U) [ [ keep ] dip => call ]
    bi
(U) [ over [ call ] dip => ]
    keep
(U) [
        "cpu.architecture" reload "cpu.arm.64.assembler" reload
        "cpu.arm.64" reload "compiler.cfg.builder.alien" reload
        "resource:reference/arm64-gap-abi-20260908/abi-tests.factor"
        run-test-file => :test-failures "test failures" .
        test-failures get length dup . "compiler errors" .
        compiler-errors get assoc-size dup . + 0 = 0 1 ? exit
    ]
(O) run-test-file
(U) [
        { 40147957488.0 } [
            1 2 3 4 5 6 7 8 -9 250 -300 60000 -70000 3000000000
            -123456789 abi_narrow
        ] \ (unit-test) 8 experiment
        { 40147957488.0 } [
            1 2 3 4 5 6 7 8 -9 250 -300 60000 -70000 3000000000
            -123456789 "abi_narrow" "gap-abi" library-dll dlsym
            indirect-narrow
        ] \ (unit-test) 10 experiment
        { 40147957488.0 }
        [ callback-narrow ~quotation~ with-callback ] \ (unit-test)
        12 experiment
        { 506.0 }
        [ 1.0 2.0 3.0 4.0 5.0 6.0 7.0 8.0 9.0 10.0 11.0 abi_floats ]
        \ (unit-test) 15 experiment =>
        { 506.0 } [
            1.0 2.0 3.0 4.0 5.0 6.0 7.0 8.0 9.0 10.0 11.0
            "abi_floats" "gap-abi" library-dll dlsym indirect-floats
        ] \ (unit-test) 17 experiment
        { 506.0 } [ callback-floats ~quotation~ with-callback ]
        \ (unit-test) 19 experiment
        { -2610657.0 } [
            1 2 3 4 5 6 7 8 1.0 2.0 3.0 4.0 5.0 6.0 7.0 8.0 -9 9.5
            -1000 10.25 -123456 abi_mixed
        ] \ (unit-test) 22 experiment
        { -2610657.0 } [
            1 2 3 4 5 6 7 8 1.0 2.0 3.0 4.0 5.0 6.0 7.0 8.0 -9 9.5
            -1000 10.25 -123456 "abi_mixed" "gap-abi" library-dll
            dlsym indirect-mixed
        ] \ (unit-test) 24 experiment
        { -2610657.0 } [ callback-mixed ~quotation~ with-callback ]
        \ (unit-test) 26 experiment
        { -35.0 } [ 1 2.5 -3 4.25 -5 -4 direct-var ] \ (unit-test)
        28 experiment
        { 662.0 } [ 1 2 3 4 5 6 7 8 9 10 11 13.0 direct-var-spill ]
        \ (unit-test) 30 experiment
        { -35.0 } [
            1 2.5 -3 4.25 -5 -4 "abi_var" "gap-abi" library-dll
            dlsym indirect-var
        ] \ (unit-test) 34 experiment
        { 662.0 } [
            1 2 3 4 5 6 7 8 9 10 11 13.0 "abi_var_spill" "gap-abi"
            library-dll dlsym indirect-var-spill
        ] \ (unit-test) 37 experiment
        { -35.0 } [ 1 2.5 -3 4.25 -5 -4 syntax-var ] \ (unit-test)
        39 experiment
        { 55.0 } [ 1.0 2.0 <pair> 3.0 4.0 <pair> 5 abi_var_hfa ]
        \ (unit-test) 44 experiment
        { 55.0 } [
            1.0 2.0 <pair> 3.0 4.0 <pair>
            5 "abi_var_hfa" "gap-abi" library-dll dlsym
            indirect-var-hfa
        ] \ (unit-test) 46 experiment
        { 47.0 } [ 1 2 3 4 5 6 7 8 -9 10 11 <ints> -12 abi_struct ]
        \ (unit-test) 51 experiment
        { 47.0 } [ struct-callback ~quotation~ with-callback ]
        \ (unit-test) 53 experiment
        { 64.0 } [
            1.0 2.0 3.0 4.0 5.0 6.0 7.0 8.0 9.0 <pair>
            10.0 abi_hfa_boundary
        ] \ (unit-test) 56 experiment
        { 64.0 } [ hfa-callback ~quotation~ with-callback ]
        \ (unit-test) ~37 more~
    ]
(U) [
        2 load-locals -1 get-local <experiment> load-local
        silent-tests? get 0 get-local
        [ load-local 0 get-local experiment. 1 drop-locals ] curry
        unless -2 get-local execute => 0 get-local -1 get-local [
            2 load-locals -1 get-local 0 get-local ~quotation~ curry
            curry ~quotation~ if 2 drop-locals
        ] curry curry [ 2drop "Warning: test skipped!" print ] if
        3 drop-locals
    ]
    experiment
(O) (unit-test)
(O) assert-sequence=
(O) assert-sequence
(O) M\ object throw
(U) [
        OBJ-CURRENT-THREAD special-object error-thread set-global
        current-continuation => error-continuation set-global
        [ original-error set-global ] [ rethrow ] bi
    ]

resource:reference/arm64-gap-abi-20260908/abi-tests.factor: 17

Unit Test: {
    { 506.0 }
    [
        1.0 2.0 3.0 4.0 5.0 6.0 7.0 8.0 9.0 10.0 11.0
        "abi_floats" "gap-abi" library-dll dlsym indirect-floats
    ]
}

=== Expected:
506.0
=== Got:
395.0
(U) [ c-to-factor => ]
    c-to-factor
(U) [ [ (get-catchstack) push ] dip call => (get-catchstack) pop* ]
(O) command-line-startup
(O) run-script
(U) [
        2dup check-call-effect 2dup [
            ~quotation~ dip
            dup terminated?>> ~quotation~ ~quotation~ if
        ] 2dip => rot [ 2drop ] [ wrong-values ] if
    ]
(U) [
        [ ~quotation~ dip dip ] dip => dup terminated?>>
        [ 2drop f ]
        [ dup in>> length swap out>> length check-datastack ] if
    ]
(U) [ swap [ call ] dip => ]
    dip
(U) [ output>array => datastack. ]
(U) [ [ ~quotation~ ~quotation~ bi ] dip => nsequence ]
    output>sequence
(U) [ [ keep ] dip => call ]
    bi
(U) [ over [ call ] dip => ]
    keep
(U) [
        "cpu.architecture" reload "cpu.arm.64.assembler" reload
        "cpu.arm.64" reload "compiler.cfg.builder.alien" reload
        "resource:reference/arm64-gap-abi-20260908/abi-tests.factor"
        run-test-file => :test-failures "test failures" .
        test-failures get length dup . "compiler errors" .
        compiler-errors get assoc-size dup . + 0 = 0 1 ? exit
    ]
(O) run-test-file
(U) [
        { 40147957488.0 } [
            1 2 3 4 5 6 7 8 -9 250 -300 60000 -70000 3000000000
            -123456789 abi_narrow
        ] \ (unit-test) 8 experiment
        { 40147957488.0 } [
            1 2 3 4 5 6 7 8 -9 250 -300 60000 -70000 3000000000
            -123456789 "abi_narrow" "gap-abi" library-dll dlsym
            indirect-narrow
        ] \ (unit-test) 10 experiment
        { 40147957488.0 }
        [ callback-narrow ~quotation~ with-callback ] \ (unit-test)
        12 experiment
        { 506.0 }
        [ 1.0 2.0 3.0 4.0 5.0 6.0 7.0 8.0 9.0 10.0 11.0 abi_floats ]
        \ (unit-test) 15 experiment
        { 506.0 } [
            1.0 2.0 3.0 4.0 5.0 6.0 7.0 8.0 9.0 10.0 11.0
            "abi_floats" "gap-abi" library-dll dlsym indirect-floats
        ] \ (unit-test) 17 experiment =>
        { 506.0 } [ callback-floats ~quotation~ with-callback ]
        \ (unit-test) 19 experiment
        { -2610657.0 } [
            1 2 3 4 5 6 7 8 1.0 2.0 3.0 4.0 5.0 6.0 7.0 8.0 -9 9.5
            -1000 10.25 -123456 abi_mixed
        ] \ (unit-test) 22 experiment
        { -2610657.0 } [
            1 2 3 4 5 6 7 8 1.0 2.0 3.0 4.0 5.0 6.0 7.0 8.0 -9 9.5
            -1000 10.25 -123456 "abi_mixed" "gap-abi" library-dll
            dlsym indirect-mixed
        ] \ (unit-test) 24 experiment
        { -2610657.0 } [ callback-mixed ~quotation~ with-callback ]
        \ (unit-test) 26 experiment
        { -35.0 } [ 1 2.5 -3 4.25 -5 -4 direct-var ] \ (unit-test)
        28 experiment
        { 662.0 } [ 1 2 3 4 5 6 7 8 9 10 11 13.0 direct-var-spill ]
        \ (unit-test) 30 experiment
        { -35.0 } [
            1 2.5 -3 4.25 -5 -4 "abi_var" "gap-abi" library-dll
            dlsym indirect-var
        ] \ (unit-test) 34 experiment
        { 662.0 } [
            1 2 3 4 5 6 7 8 9 10 11 13.0 "abi_var_spill" "gap-abi"
            library-dll dlsym indirect-var-spill
        ] \ (unit-test) 37 experiment
        { -35.0 } [ 1 2.5 -3 4.25 -5 -4 syntax-var ] \ (unit-test)
        39 experiment
        { 55.0 } [ 1.0 2.0 <pair> 3.0 4.0 <pair> 5 abi_var_hfa ]
        \ (unit-test) 44 experiment
        { 55.0 } [
            1.0 2.0 <pair> 3.0 4.0 <pair>
            5 "abi_var_hfa" "gap-abi" library-dll dlsym
            indirect-var-hfa
        ] \ (unit-test) 46 experiment
        { 47.0 } [ 1 2 3 4 5 6 7 8 -9 10 11 <ints> -12 abi_struct ]
        \ (unit-test) 51 experiment
        { 47.0 } [ struct-callback ~quotation~ with-callback ]
        \ (unit-test) 53 experiment
        { 64.0 } [
            1.0 2.0 3.0 4.0 5.0 6.0 7.0 8.0 9.0 <pair>
            10.0 abi_hfa_boundary
        ] \ (unit-test) 56 experiment
        { 64.0 } [ hfa-callback ~quotation~ with-callback ]
        \ (unit-test) ~37 more~
    ]
(U) [
        2 load-locals -1 get-local <experiment> load-local
        silent-tests? get 0 get-local
        [ load-local 0 get-local experiment. 1 drop-locals ] curry
        unless -2 get-local execute => 0 get-local -1 get-local [
            2 load-locals -1 get-local 0 get-local ~quotation~ curry
            curry ~quotation~ if 2 drop-locals
        ] curry curry [ 2drop "Warning: test skipped!" print ] if
        3 drop-locals
    ]
    experiment
(O) (unit-test)
(O) assert-sequence=
(O) assert-sequence
(O) M\ object throw
(U) [
        OBJ-CURRENT-THREAD special-object error-thread set-global
        current-continuation => error-continuation set-global
        [ original-error set-global ] [ rethrow ] bi
    ]

resource:reference/arm64-gap-abi-20260908/abi-tests.factor: 19

Unit Test: { { 506.0 } [ callback-floats [ call_floats ] with-callback ] }

=== Expected:
506.0
=== Got:
395.0
(U) [ c-to-factor => ]
    c-to-factor
(U) [ [ (get-catchstack) push ] dip call => (get-catchstack) pop* ]
(O) command-line-startup
(O) run-script
(U) [
        2dup check-call-effect 2dup [
            ~quotation~ dip
            dup terminated?>> ~quotation~ ~quotation~ if
        ] 2dip => rot [ 2drop ] [ wrong-values ] if
    ]
(U) [
        [ ~quotation~ dip dip ] dip => dup terminated?>>
        [ 2drop f ]
        [ dup in>> length swap out>> length check-datastack ] if
    ]
(U) [ swap [ call ] dip => ]
    dip
(U) [ output>array => datastack. ]
(U) [ [ ~quotation~ ~quotation~ bi ] dip => nsequence ]
    output>sequence
(U) [ [ keep ] dip => call ]
    bi
(U) [ over [ call ] dip => ]
    keep
(U) [
        "cpu.architecture" reload "cpu.arm.64.assembler" reload
        "cpu.arm.64" reload "compiler.cfg.builder.alien" reload
        "resource:reference/arm64-gap-abi-20260908/abi-tests.factor"
        run-test-file => :test-failures "test failures" .
        test-failures get length dup . "compiler errors" .
        compiler-errors get assoc-size dup . + 0 = 0 1 ? exit
    ]
(O) run-test-file
(U) [
        { 40147957488.0 } [
            1 2 3 4 5 6 7 8 -9 250 -300 60000 -70000 3000000000
            -123456789 abi_narrow
        ] \ (unit-test) 8 experiment
        { 40147957488.0 } [
            1 2 3 4 5 6 7 8 -9 250 -300 60000 -70000 3000000000
            -123456789 "abi_narrow" "gap-abi" library-dll dlsym
            indirect-narrow
        ] \ (unit-test) 10 experiment
        { 40147957488.0 }
        [ callback-narrow ~quotation~ with-callback ] \ (unit-test)
        12 experiment
        { 506.0 }
        [ 1.0 2.0 3.0 4.0 5.0 6.0 7.0 8.0 9.0 10.0 11.0 abi_floats ]
        \ (unit-test) 15 experiment
        { 506.0 } [
            1.0 2.0 3.0 4.0 5.0 6.0 7.0 8.0 9.0 10.0 11.0
            "abi_floats" "gap-abi" library-dll dlsym indirect-floats
        ] \ (unit-test) 17 experiment
        { 506.0 } [ callback-floats ~quotation~ with-callback ]
        \ (unit-test) 19 experiment =>
        { -2610657.0 } [
            1 2 3 4 5 6 7 8 1.0 2.0 3.0 4.0 5.0 6.0 7.0 8.0 -9 9.5
            -1000 10.25 -123456 abi_mixed
        ] \ (unit-test) 22 experiment
        { -2610657.0 } [
            1 2 3 4 5 6 7 8 1.0 2.0 3.0 4.0 5.0 6.0 7.0 8.0 -9 9.5
            -1000 10.25 -123456 "abi_mixed" "gap-abi" library-dll
            dlsym indirect-mixed
        ] \ (unit-test) 24 experiment
        { -2610657.0 } [ callback-mixed ~quotation~ with-callback ]
        \ (unit-test) 26 experiment
        { -35.0 } [ 1 2.5 -3 4.25 -5 -4 direct-var ] \ (unit-test)
        28 experiment
        { 662.0 } [ 1 2 3 4 5 6 7 8 9 10 11 13.0 direct-var-spill ]
        \ (unit-test) 30 experiment
        { -35.0 } [
            1 2.5 -3 4.25 -5 -4 "abi_var" "gap-abi" library-dll
            dlsym indirect-var
        ] \ (unit-test) 34 experiment
        { 662.0 } [
            1 2 3 4 5 6 7 8 9 10 11 13.0 "abi_var_spill" "gap-abi"
            library-dll dlsym indirect-var-spill
        ] \ (unit-test) 37 experiment
        { -35.0 } [ 1 2.5 -3 4.25 -5 -4 syntax-var ] \ (unit-test)
        39 experiment
        { 55.0 } [ 1.0 2.0 <pair> 3.0 4.0 <pair> 5 abi_var_hfa ]
        \ (unit-test) 44 experiment
        { 55.0 } [
            1.0 2.0 <pair> 3.0 4.0 <pair>
            5 "abi_var_hfa" "gap-abi" library-dll dlsym
            indirect-var-hfa
        ] \ (unit-test) 46 experiment
        { 47.0 } [ 1 2 3 4 5 6 7 8 -9 10 11 <ints> -12 abi_struct ]
        \ (unit-test) 51 experiment
        { 47.0 } [ struct-callback ~quotation~ with-callback ]
        \ (unit-test) 53 experiment
        { 64.0 } [
            1.0 2.0 3.0 4.0 5.0 6.0 7.0 8.0 9.0 <pair>
            10.0 abi_hfa_boundary
        ] \ (unit-test) 56 experiment
        { 64.0 } [ hfa-callback ~quotation~ with-callback ]
        \ (unit-test) ~37 more~
    ]
(U) [
        2 load-locals -1 get-local <experiment> load-local
        silent-tests? get 0 get-local
        [ load-local 0 get-local experiment. 1 drop-locals ] curry
        unless -2 get-local execute => 0 get-local -1 get-local [
            2 load-locals -1 get-local 0 get-local ~quotation~ curry
            curry ~quotation~ if 2 drop-locals
        ] curry curry [ 2drop "Warning: test skipped!" print ] if
        3 drop-locals
    ]
    experiment
(O) (unit-test)
(O) assert-sequence=
(O) assert-sequence
(O) M\ object throw
(U) [
        OBJ-CURRENT-THREAD special-object error-thread set-global
        current-continuation => error-continuation set-global
        [ original-error set-global ] [ rethrow ] bi
    ]

resource:reference/arm64-gap-abi-20260908/abi-tests.factor: 22

Unit Test: {
    { -2610657.0 }
    [
        1 2 3 4 5 6 7 8 1.0 2.0 3.0 4.0 5.0 6.0 7.0 8.0 -9 9.5
        -1000 10.25 -123456 abi_mixed
    ]
}

=== Expected:
-2610657.0
=== Got:
NAN: -20000000
(U) [ c-to-factor => ]
    c-to-factor
(U) [ [ (get-catchstack) push ] dip call => (get-catchstack) pop* ]
(O) command-line-startup
(O) run-script
(U) [
        2dup check-call-effect 2dup [
            ~quotation~ dip
            dup terminated?>> ~quotation~ ~quotation~ if
        ] 2dip => rot [ 2drop ] [ wrong-values ] if
    ]
(U) [
        [ ~quotation~ dip dip ] dip => dup terminated?>>
        [ 2drop f ]
        [ dup in>> length swap out>> length check-datastack ] if
    ]
(U) [ swap [ call ] dip => ]
    dip
(U) [ output>array => datastack. ]
(U) [ [ ~quotation~ ~quotation~ bi ] dip => nsequence ]
    output>sequence
(U) [ [ keep ] dip => call ]
    bi
(U) [ over [ call ] dip => ]
    keep
(U) [
        "cpu.architecture" reload "cpu.arm.64.assembler" reload
        "cpu.arm.64" reload "compiler.cfg.builder.alien" reload
        "resource:reference/arm64-gap-abi-20260908/abi-tests.factor"
        run-test-file => :test-failures "test failures" .
        test-failures get length dup . "compiler errors" .
        compiler-errors get assoc-size dup . + 0 = 0 1 ? exit
    ]
(O) run-test-file
(U) [
        { 40147957488.0 } [
            1 2 3 4 5 6 7 8 -9 250 -300 60000 -70000 3000000000
            -123456789 abi_narrow
        ] \ (unit-test) 8 experiment
        { 40147957488.0 } [
            1 2 3 4 5 6 7 8 -9 250 -300 60000 -70000 3000000000
            -123456789 "abi_narrow" "gap-abi" library-dll dlsym
            indirect-narrow
        ] \ (unit-test) 10 experiment
        { 40147957488.0 }
        [ callback-narrow ~quotation~ with-callback ] \ (unit-test)
        12 experiment
        { 506.0 }
        [ 1.0 2.0 3.0 4.0 5.0 6.0 7.0 8.0 9.0 10.0 11.0 abi_floats ]
        \ (unit-test) 15 experiment
        { 506.0 } [
            1.0 2.0 3.0 4.0 5.0 6.0 7.0 8.0 9.0 10.0 11.0
            "abi_floats" "gap-abi" library-dll dlsym indirect-floats
        ] \ (unit-test) 17 experiment
        { 506.0 } [ callback-floats ~quotation~ with-callback ]
        \ (unit-test) 19 experiment
        { -2610657.0 } [
            1 2 3 4 5 6 7 8 1.0 2.0 3.0 4.0 5.0 6.0 7.0 8.0 -9 9.5
            -1000 10.25 -123456 abi_mixed
        ] \ (unit-test) 22 experiment =>
        { -2610657.0 } [
            1 2 3 4 5 6 7 8 1.0 2.0 3.0 4.0 5.0 6.0 7.0 8.0 -9 9.5
            -1000 10.25 -123456 "abi_mixed" "gap-abi" library-dll
            dlsym indirect-mixed
        ] \ (unit-test) 24 experiment
        { -2610657.0 } [ callback-mixed ~quotation~ with-callback ]
        \ (unit-test) 26 experiment
        { -35.0 } [ 1 2.5 -3 4.25 -5 -4 direct-var ] \ (unit-test)
        28 experiment
        { 662.0 } [ 1 2 3 4 5 6 7 8 9 10 11 13.0 direct-var-spill ]
        \ (unit-test) 30 experiment
        { -35.0 } [
            1 2.5 -3 4.25 -5 -4 "abi_var" "gap-abi" library-dll
            dlsym indirect-var
        ] \ (unit-test) 34 experiment
        { 662.0 } [
            1 2 3 4 5 6 7 8 9 10 11 13.0 "abi_var_spill" "gap-abi"
            library-dll dlsym indirect-var-spill
        ] \ (unit-test) 37 experiment
        { -35.0 } [ 1 2.5 -3 4.25 -5 -4 syntax-var ] \ (unit-test)
        39 experiment
        { 55.0 } [ 1.0 2.0 <pair> 3.0 4.0 <pair> 5 abi_var_hfa ]
        \ (unit-test) 44 experiment
        { 55.0 } [
            1.0 2.0 <pair> 3.0 4.0 <pair>
            5 "abi_var_hfa" "gap-abi" library-dll dlsym
            indirect-var-hfa
        ] \ (unit-test) 46 experiment
        { 47.0 } [ 1 2 3 4 5 6 7 8 -9 10 11 <ints> -12 abi_struct ]
        \ (unit-test) 51 experiment
        { 47.0 } [ struct-callback ~quotation~ with-callback ]
        \ (unit-test) 53 experiment
        { 64.0 } [
            1.0 2.0 3.0 4.0 5.0 6.0 7.0 8.0 9.0 <pair>
            10.0 abi_hfa_boundary
        ] \ (unit-test) 56 experiment
        { 64.0 } [ hfa-callback ~quotation~ with-callback ]
        \ (unit-test) ~37 more~
    ]
(U) [
        2 load-locals -1 get-local <experiment> load-local
        silent-tests? get 0 get-local
        [ load-local 0 get-local experiment. 1 drop-locals ] curry
        unless -2 get-local execute => 0 get-local -1 get-local [
            2 load-locals -1 get-local 0 get-local ~quotation~ curry
            curry ~quotation~ if 2 drop-locals
        ] curry curry [ 2drop "Warning: test skipped!" print ] if
        3 drop-locals
    ]
    experiment
(O) (unit-test)
(O) assert-sequence=
(O) assert-sequence
(O) M\ object throw
(U) [
        OBJ-CURRENT-THREAD special-object error-thread set-global
        current-continuation => error-continuation set-global
        [ original-error set-global ] [ rethrow ] bi
    ]

resource:reference/arm64-gap-abi-20260908/abi-tests.factor: 24

Unit Test: {
    { -2610657.0 }
    [
        1 2 3 4 5 6 7 8 1.0 2.0 3.0 4.0 5.0 6.0 7.0 8.0 -9 9.5
        -1000 10.25 -123456 "abi_mixed" "gap-abi" library-dll
        dlsym indirect-mixed
    ]
}

=== Expected:
-2610657.0
=== Got:
NAN: -20000000
(U) [ c-to-factor => ]
    c-to-factor
(U) [ [ (get-catchstack) push ] dip call => (get-catchstack) pop* ]
(O) command-line-startup
(O) run-script
(U) [
        2dup check-call-effect 2dup [
            ~quotation~ dip
            dup terminated?>> ~quotation~ ~quotation~ if
        ] 2dip => rot [ 2drop ] [ wrong-values ] if
    ]
(U) [
        [ ~quotation~ dip dip ] dip => dup terminated?>>
        [ 2drop f ]
        [ dup in>> length swap out>> length check-datastack ] if
    ]
(U) [ swap [ call ] dip => ]
    dip
(U) [ output>array => datastack. ]
(U) [ [ ~quotation~ ~quotation~ bi ] dip => nsequence ]
    output>sequence
(U) [ [ keep ] dip => call ]
    bi
(U) [ over [ call ] dip => ]
    keep
(U) [
        "cpu.architecture" reload "cpu.arm.64.assembler" reload
        "cpu.arm.64" reload "compiler.cfg.builder.alien" reload
        "resource:reference/arm64-gap-abi-20260908/abi-tests.factor"
        run-test-file => :test-failures "test failures" .
        test-failures get length dup . "compiler errors" .
        compiler-errors get assoc-size dup . + 0 = 0 1 ? exit
    ]
(O) run-test-file
(U) [
        { 40147957488.0 } [
            1 2 3 4 5 6 7 8 -9 250 -300 60000 -70000 3000000000
            -123456789 abi_narrow
        ] \ (unit-test) 8 experiment
        { 40147957488.0 } [
            1 2 3 4 5 6 7 8 -9 250 -300 60000 -70000 3000000000
            -123456789 "abi_narrow" "gap-abi" library-dll dlsym
            indirect-narrow
        ] \ (unit-test) 10 experiment
        { 40147957488.0 }
        [ callback-narrow ~quotation~ with-callback ] \ (unit-test)
        12 experiment
        { 506.0 }
        [ 1.0 2.0 3.0 4.0 5.0 6.0 7.0 8.0 9.0 10.0 11.0 abi_floats ]
        \ (unit-test) 15 experiment
        { 506.0 } [
            1.0 2.0 3.0 4.0 5.0 6.0 7.0 8.0 9.0 10.0 11.0
            "abi_floats" "gap-abi" library-dll dlsym indirect-floats
        ] \ (unit-test) 17 experiment
        { 506.0 } [ callback-floats ~quotation~ with-callback ]
        \ (unit-test) 19 experiment
        { -2610657.0 } [
            1 2 3 4 5 6 7 8 1.0 2.0 3.0 4.0 5.0 6.0 7.0 8.0 -9 9.5
            -1000 10.25 -123456 abi_mixed
        ] \ (unit-test) 22 experiment
        { -2610657.0 } [
            1 2 3 4 5 6 7 8 1.0 2.0 3.0 4.0 5.0 6.0 7.0 8.0 -9 9.5
            -1000 10.25 -123456 "abi_mixed" "gap-abi" library-dll
            dlsym indirect-mixed
        ] \ (unit-test) 24 experiment =>
        { -2610657.0 } [ callback-mixed ~quotation~ with-callback ]
        \ (unit-test) 26 experiment
        { -35.0 } [ 1 2.5 -3 4.25 -5 -4 direct-var ] \ (unit-test)
        28 experiment
        { 662.0 } [ 1 2 3 4 5 6 7 8 9 10 11 13.0 direct-var-spill ]
        \ (unit-test) 30 experiment
        { -35.0 } [
            1 2.5 -3 4.25 -5 -4 "abi_var" "gap-abi" library-dll
            dlsym indirect-var
        ] \ (unit-test) 34 experiment
        { 662.0 } [
            1 2 3 4 5 6 7 8 9 10 11 13.0 "abi_var_spill" "gap-abi"
            library-dll dlsym indirect-var-spill
        ] \ (unit-test) 37 experiment
        { -35.0 } [ 1 2.5 -3 4.25 -5 -4 syntax-var ] \ (unit-test)
        39 experiment
        { 55.0 } [ 1.0 2.0 <pair> 3.0 4.0 <pair> 5 abi_var_hfa ]
        \ (unit-test) 44 experiment
        { 55.0 } [
            1.0 2.0 <pair> 3.0 4.0 <pair>
            5 "abi_var_hfa" "gap-abi" library-dll dlsym
            indirect-var-hfa
        ] \ (unit-test) 46 experiment
        { 47.0 } [ 1 2 3 4 5 6 7 8 -9 10 11 <ints> -12 abi_struct ]
        \ (unit-test) 51 experiment
        { 47.0 } [ struct-callback ~quotation~ with-callback ]
        \ (unit-test) 53 experiment
        { 64.0 } [
            1.0 2.0 3.0 4.0 5.0 6.0 7.0 8.0 9.0 <pair>
            10.0 abi_hfa_boundary
        ] \ (unit-test) 56 experiment
        { 64.0 } [ hfa-callback ~quotation~ with-callback ]
        \ (unit-test) ~37 more~
    ]
(U) [
        2 load-locals -1 get-local <experiment> load-local
        silent-tests? get 0 get-local
        [ load-local 0 get-local experiment. 1 drop-locals ] curry
        unless -2 get-local execute => 0 get-local -1 get-local [
            2 load-locals -1 get-local 0 get-local ~quotation~ curry
            curry ~quotation~ if 2 drop-locals
        ] curry curry [ 2drop "Warning: test skipped!" print ] if
        3 drop-locals
    ]
    experiment
(O) (unit-test)
(O) assert-sequence=
(O) assert-sequence
(O) M\ object throw
(U) [
        OBJ-CURRENT-THREAD special-object error-thread set-global
        current-continuation => error-continuation set-global
        [ original-error set-global ] [ rethrow ] bi
    ]

resource:reference/arm64-gap-abi-20260908/abi-tests.factor: 26

Unit Test: {
    { -2610657.0 }
    [ callback-mixed [ call_mixed ] with-callback ]
}

=== Expected:
-2610657.0
=== Got:
391192575.0
(U) [ c-to-factor => ]
    c-to-factor
(U) [ [ (get-catchstack) push ] dip call => (get-catchstack) pop* ]
(O) command-line-startup
(O) run-script
(U) [
        2dup check-call-effect 2dup [
            ~quotation~ dip
            dup terminated?>> ~quotation~ ~quotation~ if
        ] 2dip => rot [ 2drop ] [ wrong-values ] if
    ]
(U) [
        [ ~quotation~ dip dip ] dip => dup terminated?>>
        [ 2drop f ]
        [ dup in>> length swap out>> length check-datastack ] if
    ]
(U) [ swap [ call ] dip => ]
    dip
(U) [ output>array => datastack. ]
(U) [ [ ~quotation~ ~quotation~ bi ] dip => nsequence ]
    output>sequence
(U) [ [ keep ] dip => call ]
    bi
(U) [ over [ call ] dip => ]
    keep
(U) [
        "cpu.architecture" reload "cpu.arm.64.assembler" reload
        "cpu.arm.64" reload "compiler.cfg.builder.alien" reload
        "resource:reference/arm64-gap-abi-20260908/abi-tests.factor"
        run-test-file => :test-failures "test failures" .
        test-failures get length dup . "compiler errors" .
        compiler-errors get assoc-size dup . + 0 = 0 1 ? exit
    ]
(O) run-test-file
(U) [
        { 40147957488.0 } [
            1 2 3 4 5 6 7 8 -9 250 -300 60000 -70000 3000000000
            -123456789 abi_narrow
        ] \ (unit-test) 8 experiment
        { 40147957488.0 } [
            1 2 3 4 5 6 7 8 -9 250 -300 60000 -70000 3000000000
            -123456789 "abi_narrow" "gap-abi" library-dll dlsym
            indirect-narrow
        ] \ (unit-test) 10 experiment
        { 40147957488.0 }
        [ callback-narrow ~quotation~ with-callback ] \ (unit-test)
        12 experiment
        { 506.0 }
        [ 1.0 2.0 3.0 4.0 5.0 6.0 7.0 8.0 9.0 10.0 11.0 abi_floats ]
        \ (unit-test) 15 experiment
        { 506.0 } [
            1.0 2.0 3.0 4.0 5.0 6.0 7.0 8.0 9.0 10.0 11.0
            "abi_floats" "gap-abi" library-dll dlsym indirect-floats
        ] \ (unit-test) 17 experiment
        { 506.0 } [ callback-floats ~quotation~ with-callback ]
        \ (unit-test) 19 experiment
        { -2610657.0 } [
            1 2 3 4 5 6 7 8 1.0 2.0 3.0 4.0 5.0 6.0 7.0 8.0 -9 9.5
            -1000 10.25 -123456 abi_mixed
        ] \ (unit-test) 22 experiment
        { -2610657.0 } [
            1 2 3 4 5 6 7 8 1.0 2.0 3.0 4.0 5.0 6.0 7.0 8.0 -9 9.5
            -1000 10.25 -123456 "abi_mixed" "gap-abi" library-dll
            dlsym indirect-mixed
        ] \ (unit-test) 24 experiment
        { -2610657.0 } [ callback-mixed ~quotation~ with-callback ]
        \ (unit-test) 26 experiment =>
        { -35.0 } [ 1 2.5 -3 4.25 -5 -4 direct-var ] \ (unit-test)
        28 experiment
        { 662.0 } [ 1 2 3 4 5 6 7 8 9 10 11 13.0 direct-var-spill ]
        \ (unit-test) 30 experiment
        { -35.0 } [
            1 2.5 -3 4.25 -5 -4 "abi_var" "gap-abi" library-dll
            dlsym indirect-var
        ] \ (unit-test) 34 experiment
        { 662.0 } [
            1 2 3 4 5 6 7 8 9 10 11 13.0 "abi_var_spill" "gap-abi"
            library-dll dlsym indirect-var-spill
        ] \ (unit-test) 37 experiment
        { -35.0 } [ 1 2.5 -3 4.25 -5 -4 syntax-var ] \ (unit-test)
        39 experiment
        { 55.0 } [ 1.0 2.0 <pair> 3.0 4.0 <pair> 5 abi_var_hfa ]
        \ (unit-test) 44 experiment
        { 55.0 } [
            1.0 2.0 <pair> 3.0 4.0 <pair>
            5 "abi_var_hfa" "gap-abi" library-dll dlsym
            indirect-var-hfa
        ] \ (unit-test) 46 experiment
        { 47.0 } [ 1 2 3 4 5 6 7 8 -9 10 11 <ints> -12 abi_struct ]
        \ (unit-test) 51 experiment
        { 47.0 } [ struct-callback ~quotation~ with-callback ]
        \ (unit-test) 53 experiment
        { 64.0 } [
            1.0 2.0 3.0 4.0 5.0 6.0 7.0 8.0 9.0 <pair>
            10.0 abi_hfa_boundary
        ] \ (unit-test) 56 experiment
        { 64.0 } [ hfa-callback ~quotation~ with-callback ]
        \ (unit-test) ~37 more~
    ]
(U) [
        2 load-locals -1 get-local <experiment> load-local
        silent-tests? get 0 get-local
        [ load-local 0 get-local experiment. 1 drop-locals ] curry
        unless -2 get-local execute => 0 get-local -1 get-local [
            2 load-locals -1 get-local 0 get-local ~quotation~ curry
            curry ~quotation~ if 2 drop-locals
        ] curry curry [ 2drop "Warning: test skipped!" print ] if
        3 drop-locals
    ]
    experiment
(O) (unit-test)
(O) assert-sequence=
(O) assert-sequence
(O) M\ object throw
(U) [
        OBJ-CURRENT-THREAD special-object error-thread set-global
        current-continuation => error-continuation set-global
        [ original-error set-global ] [ rethrow ] bi
    ]

resource:reference/arm64-gap-abi-20260908/abi-tests.factor: 28

Unit Test: { { -35.0 } [ 1 2.5 -3 4.25 -5 -4 direct-var ] }

=== Expected:
-35.0
=== Got:
22619095789.0
(U) [ c-to-factor => ]
    c-to-factor
(U) [ [ (get-catchstack) push ] dip call => (get-catchstack) pop* ]
(O) command-line-startup
(O) run-script
(U) [
        2dup check-call-effect 2dup [
            ~quotation~ dip
            dup terminated?>> ~quotation~ ~quotation~ if
        ] 2dip => rot [ 2drop ] [ wrong-values ] if
    ]
(U) [
        [ ~quotation~ dip dip ] dip => dup terminated?>>
        [ 2drop f ]
        [ dup in>> length swap out>> length check-datastack ] if
    ]
(U) [ swap [ call ] dip => ]
    dip
(U) [ output>array => datastack. ]
(U) [ [ ~quotation~ ~quotation~ bi ] dip => nsequence ]
    output>sequence
(U) [ [ keep ] dip => call ]
    bi
(U) [ over [ call ] dip => ]
    keep
(U) [
        "cpu.architecture" reload "cpu.arm.64.assembler" reload
        "cpu.arm.64" reload "compiler.cfg.builder.alien" reload
        "resource:reference/arm64-gap-abi-20260908/abi-tests.factor"
        run-test-file => :test-failures "test failures" .
        test-failures get length dup . "compiler errors" .
        compiler-errors get assoc-size dup . + 0 = 0 1 ? exit
    ]
(O) run-test-file
(U) [
        { 40147957488.0 } [
            1 2 3 4 5 6 7 8 -9 250 -300 60000 -70000 3000000000
            -123456789 abi_narrow
        ] \ (unit-test) 8 experiment
        { 40147957488.0 } [
            1 2 3 4 5 6 7 8 -9 250 -300 60000 -70000 3000000000
            -123456789 "abi_narrow" "gap-abi" library-dll dlsym
            indirect-narrow
        ] \ (unit-test) 10 experiment
        { 40147957488.0 }
        [ callback-narrow ~quotation~ with-callback ] \ (unit-test)
        12 experiment
        { 506.0 }
        [ 1.0 2.0 3.0 4.0 5.0 6.0 7.0 8.0 9.0 10.0 11.0 abi_floats ]
        \ (unit-test) 15 experiment
        { 506.0 } [
            1.0 2.0 3.0 4.0 5.0 6.0 7.0 8.0 9.0 10.0 11.0
            "abi_floats" "gap-abi" library-dll dlsym indirect-floats
        ] \ (unit-test) 17 experiment
        { 506.0 } [ callback-floats ~quotation~ with-callback ]
        \ (unit-test) 19 experiment
        { -2610657.0 } [
            1 2 3 4 5 6 7 8 1.0 2.0 3.0 4.0 5.0 6.0 7.0 8.0 -9 9.5
            -1000 10.25 -123456 abi_mixed
        ] \ (unit-test) 22 experiment
        { -2610657.0 } [
            1 2 3 4 5 6 7 8 1.0 2.0 3.0 4.0 5.0 6.0 7.0 8.0 -9 9.5
            -1000 10.25 -123456 "abi_mixed" "gap-abi" library-dll
            dlsym indirect-mixed
        ] \ (unit-test) 24 experiment
        { -2610657.0 } [ callback-mixed ~quotation~ with-callback ]
        \ (unit-test) 26 experiment
        { -35.0 } [ 1 2.5 -3 4.25 -5 -4 direct-var ] \ (unit-test)
        28 experiment =>
        { 662.0 } [ 1 2 3 4 5 6 7 8 9 10 11 13.0 direct-var-spill ]
        \ (unit-test) 30 experiment
        { -35.0 } [
            1 2.5 -3 4.25 -5 -4 "abi_var" "gap-abi" library-dll
            dlsym indirect-var
        ] \ (unit-test) 34 experiment
        { 662.0 } [
            1 2 3 4 5 6 7 8 9 10 11 13.0 "abi_var_spill" "gap-abi"
            library-dll dlsym indirect-var-spill
        ] \ (unit-test) 37 experiment
        { -35.0 } [ 1 2.5 -3 4.25 -5 -4 syntax-var ] \ (unit-test)
        39 experiment
        { 55.0 } [ 1.0 2.0 <pair> 3.0 4.0 <pair> 5 abi_var_hfa ]
        \ (unit-test) 44 experiment
        { 55.0 } [
            1.0 2.0 <pair> 3.0 4.0 <pair>
            5 "abi_var_hfa" "gap-abi" library-dll dlsym
            indirect-var-hfa
        ] \ (unit-test) 46 experiment
        { 47.0 } [ 1 2 3 4 5 6 7 8 -9 10 11 <ints> -12 abi_struct ]
        \ (unit-test) 51 experiment
        { 47.0 } [ struct-callback ~quotation~ with-callback ]
        \ (unit-test) 53 experiment
        { 64.0 } [
            1.0 2.0 3.0 4.0 5.0 6.0 7.0 8.0 9.0 <pair>
            10.0 abi_hfa_boundary
        ] \ (unit-test) 56 experiment
        { 64.0 } [ hfa-callback ~quotation~ with-callback ]
        \ (unit-test) ~37 more~
    ]
(U) [
        2 load-locals -1 get-local <experiment> load-local
        silent-tests? get 0 get-local
        [ load-local 0 get-local experiment. 1 drop-locals ] curry
        unless -2 get-local execute => 0 get-local -1 get-local [
            2 load-locals -1 get-local 0 get-local ~quotation~ curry
            curry ~quotation~ if 2 drop-locals
        ] curry curry [ 2drop "Warning: test skipped!" print ] if
        3 drop-locals
    ]
    experiment
(O) (unit-test)
(O) assert-sequence=
(O) assert-sequence
(O) M\ object throw
(U) [
        OBJ-CURRENT-THREAD special-object error-thread set-global
        current-continuation => error-continuation set-global
        [ original-error set-global ] [ rethrow ] bi
    ]

resource:reference/arm64-gap-abi-20260908/abi-tests.factor: 30

Unit Test: { { 662.0 } [ 1 2 3 4 5 6 7 8 9 10 11 13.0 direct-var-spill ] }

=== Expected:
662.0
=== Got:
395.0
(U) [ c-to-factor => ]
    c-to-factor
(U) [ [ (get-catchstack) push ] dip call => (get-catchstack) pop* ]
(O) command-line-startup
(O) run-script
(U) [
        2dup check-call-effect 2dup [
            ~quotation~ dip
            dup terminated?>> ~quotation~ ~quotation~ if
        ] 2dip => rot [ 2drop ] [ wrong-values ] if
    ]
(U) [
        [ ~quotation~ dip dip ] dip => dup terminated?>>
        [ 2drop f ]
        [ dup in>> length swap out>> length check-datastack ] if
    ]
(U) [ swap [ call ] dip => ]
    dip
(U) [ output>array => datastack. ]
(U) [ [ ~quotation~ ~quotation~ bi ] dip => nsequence ]
    output>sequence
(U) [ [ keep ] dip => call ]
    bi
(U) [ over [ call ] dip => ]
    keep
(U) [
        "cpu.architecture" reload "cpu.arm.64.assembler" reload
        "cpu.arm.64" reload "compiler.cfg.builder.alien" reload
        "resource:reference/arm64-gap-abi-20260908/abi-tests.factor"
        run-test-file => :test-failures "test failures" .
        test-failures get length dup . "compiler errors" .
        compiler-errors get assoc-size dup . + 0 = 0 1 ? exit
    ]
(O) run-test-file
(U) [
        { 40147957488.0 } [
            1 2 3 4 5 6 7 8 -9 250 -300 60000 -70000 3000000000
            -123456789 abi_narrow
        ] \ (unit-test) 8 experiment
        { 40147957488.0 } [
            1 2 3 4 5 6 7 8 -9 250 -300 60000 -70000 3000000000
            -123456789 "abi_narrow" "gap-abi" library-dll dlsym
            indirect-narrow
        ] \ (unit-test) 10 experiment
        { 40147957488.0 }
        [ callback-narrow ~quotation~ with-callback ] \ (unit-test)
        12 experiment
        { 506.0 }
        [ 1.0 2.0 3.0 4.0 5.0 6.0 7.0 8.0 9.0 10.0 11.0 abi_floats ]
        \ (unit-test) 15 experiment
        { 506.0 } [
            1.0 2.0 3.0 4.0 5.0 6.0 7.0 8.0 9.0 10.0 11.0
            "abi_floats" "gap-abi" library-dll dlsym indirect-floats
        ] \ (unit-test) 17 experiment
        { 506.0 } [ callback-floats ~quotation~ with-callback ]
        \ (unit-test) 19 experiment
        { -2610657.0 } [
            1 2 3 4 5 6 7 8 1.0 2.0 3.0 4.0 5.0 6.0 7.0 8.0 -9 9.5
            -1000 10.25 -123456 abi_mixed
        ] \ (unit-test) 22 experiment
        { -2610657.0 } [
            1 2 3 4 5 6 7 8 1.0 2.0 3.0 4.0 5.0 6.0 7.0 8.0 -9 9.5
            -1000 10.25 -123456 "abi_mixed" "gap-abi" library-dll
            dlsym indirect-mixed
        ] \ (unit-test) 24 experiment
        { -2610657.0 } [ callback-mixed ~quotation~ with-callback ]
        \ (unit-test) 26 experiment
        { -35.0 } [ 1 2.5 -3 4.25 -5 -4 direct-var ] \ (unit-test)
        28 experiment
        { 662.0 } [ 1 2 3 4 5 6 7 8 9 10 11 13.0 direct-var-spill ]
        \ (unit-test) 30 experiment =>
        { -35.0 } [
            1 2.5 -3 4.25 -5 -4 "abi_var" "gap-abi" library-dll
            dlsym indirect-var
        ] \ (unit-test) 34 experiment
        { 662.0 } [
            1 2 3 4 5 6 7 8 9 10 11 13.0 "abi_var_spill" "gap-abi"
            library-dll dlsym indirect-var-spill
        ] \ (unit-test) 37 experiment
        { -35.0 } [ 1 2.5 -3 4.25 -5 -4 syntax-var ] \ (unit-test)
        39 experiment
        { 55.0 } [ 1.0 2.0 <pair> 3.0 4.0 <pair> 5 abi_var_hfa ]
        \ (unit-test) 44 experiment
        { 55.0 } [
            1.0 2.0 <pair> 3.0 4.0 <pair>
            5 "abi_var_hfa" "gap-abi" library-dll dlsym
            indirect-var-hfa
        ] \ (unit-test) 46 experiment
        { 47.0 } [ 1 2 3 4 5 6 7 8 -9 10 11 <ints> -12 abi_struct ]
        \ (unit-test) 51 experiment
        { 47.0 } [ struct-callback ~quotation~ with-callback ]
        \ (unit-test) 53 experiment
        { 64.0 } [
            1.0 2.0 3.0 4.0 5.0 6.0 7.0 8.0 9.0 <pair>
            10.0 abi_hfa_boundary
        ] \ (unit-test) 56 experiment
        { 64.0 } [ hfa-callback ~quotation~ with-callback ]
        \ (unit-test) ~37 more~
    ]
(U) [
        2 load-locals -1 get-local <experiment> load-local
        silent-tests? get 0 get-local
        [ load-local 0 get-local experiment. 1 drop-locals ] curry
        unless -2 get-local execute => 0 get-local -1 get-local [
            2 load-locals -1 get-local 0 get-local ~quotation~ curry
            curry ~quotation~ if 2 drop-locals
        ] curry curry [ 2drop "Warning: test skipped!" print ] if
        3 drop-locals
    ]
    experiment
(O) (unit-test)
(O) assert-sequence=
(O) assert-sequence
(O) M\ object throw
(U) [
        OBJ-CURRENT-THREAD special-object error-thread set-global
        current-continuation => error-continuation set-global
        [ original-error set-global ] [ rethrow ] bi
    ]

resource:reference/arm64-gap-abi-20260908/abi-tests.factor: 34

Unit Test: {
    { -35.0 }
    [
        1 2.5 -3 4.25 -5 -4 "abi_var" "gap-abi" library-dll
        dlsym indirect-var
    ]
}

=== Expected:
-35.0
=== Got:
55884904.0
(U) [ c-to-factor => ]
    c-to-factor
(U) [ [ (get-catchstack) push ] dip call => (get-catchstack) pop* ]
(O) command-line-startup
(O) run-script
(U) [
        2dup check-call-effect 2dup [
            ~quotation~ dip
            dup terminated?>> ~quotation~ ~quotation~ if
        ] 2dip => rot [ 2drop ] [ wrong-values ] if
    ]
(U) [
        [ ~quotation~ dip dip ] dip => dup terminated?>>
        [ 2drop f ]
        [ dup in>> length swap out>> length check-datastack ] if
    ]
(U) [ swap [ call ] dip => ]
    dip
(U) [ output>array => datastack. ]
(U) [ [ ~quotation~ ~quotation~ bi ] dip => nsequence ]
    output>sequence
(U) [ [ keep ] dip => call ]
    bi
(U) [ over [ call ] dip => ]
    keep
(U) [
        "cpu.architecture" reload "cpu.arm.64.assembler" reload
        "cpu.arm.64" reload "compiler.cfg.builder.alien" reload
        "resource:reference/arm64-gap-abi-20260908/abi-tests.factor"
        run-test-file => :test-failures "test failures" .
        test-failures get length dup . "compiler errors" .
        compiler-errors get assoc-size dup . + 0 = 0 1 ? exit
    ]
(O) run-test-file
(U) [
        { 40147957488.0 } [
            1 2 3 4 5 6 7 8 -9 250 -300 60000 -70000 3000000000
            -123456789 abi_narrow
        ] \ (unit-test) 8 experiment
        { 40147957488.0 } [
            1 2 3 4 5 6 7 8 -9 250 -300 60000 -70000 3000000000
            -123456789 "abi_narrow" "gap-abi" library-dll dlsym
            indirect-narrow
        ] \ (unit-test) 10 experiment
        { 40147957488.0 }
        [ callback-narrow ~quotation~ with-callback ] \ (unit-test)
        12 experiment
        { 506.0 }
        [ 1.0 2.0 3.0 4.0 5.0 6.0 7.0 8.0 9.0 10.0 11.0 abi_floats ]
        \ (unit-test) 15 experiment
        { 506.0 } [
            1.0 2.0 3.0 4.0 5.0 6.0 7.0 8.0 9.0 10.0 11.0
            "abi_floats" "gap-abi" library-dll dlsym indirect-floats
        ] \ (unit-test) 17 experiment
        { 506.0 } [ callback-floats ~quotation~ with-callback ]
        \ (unit-test) 19 experiment
        { -2610657.0 } [
            1 2 3 4 5 6 7 8 1.0 2.0 3.0 4.0 5.0 6.0 7.0 8.0 -9 9.5
            -1000 10.25 -123456 abi_mixed
        ] \ (unit-test) 22 experiment
        { -2610657.0 } [
            1 2 3 4 5 6 7 8 1.0 2.0 3.0 4.0 5.0 6.0 7.0 8.0 -9 9.5
            -1000 10.25 -123456 "abi_mixed" "gap-abi" library-dll
            dlsym indirect-mixed
        ] \ (unit-test) 24 experiment
        { -2610657.0 } [ callback-mixed ~quotation~ with-callback ]
        \ (unit-test) 26 experiment
        { -35.0 } [ 1 2.5 -3 4.25 -5 -4 direct-var ] \ (unit-test)
        28 experiment
        { 662.0 } [ 1 2 3 4 5 6 7 8 9 10 11 13.0 direct-var-spill ]
        \ (unit-test) 30 experiment
        { -35.0 } [
            1 2.5 -3 4.25 -5 -4 "abi_var" "gap-abi" library-dll
            dlsym indirect-var
        ] \ (unit-test) 34 experiment =>
        { 662.0 } [
            1 2 3 4 5 6 7 8 9 10 11 13.0 "abi_var_spill" "gap-abi"
            library-dll dlsym indirect-var-spill
        ] \ (unit-test) 37 experiment
        { -35.0 } [ 1 2.5 -3 4.25 -5 -4 syntax-var ] \ (unit-test)
        39 experiment
        { 55.0 } [ 1.0 2.0 <pair> 3.0 4.0 <pair> 5 abi_var_hfa ]
        \ (unit-test) 44 experiment
        { 55.0 } [
            1.0 2.0 <pair> 3.0 4.0 <pair>
            5 "abi_var_hfa" "gap-abi" library-dll dlsym
            indirect-var-hfa
        ] \ (unit-test) 46 experiment
        { 47.0 } [ 1 2 3 4 5 6 7 8 -9 10 11 <ints> -12 abi_struct ]
        \ (unit-test) 51 experiment
        { 47.0 } [ struct-callback ~quotation~ with-callback ]
        \ (unit-test) 53 experiment
        { 64.0 } [
            1.0 2.0 3.0 4.0 5.0 6.0 7.0 8.0 9.0 <pair>
            10.0 abi_hfa_boundary
        ] \ (unit-test) 56 experiment
        { 64.0 } [ hfa-callback ~quotation~ with-callback ]
        \ (unit-test) ~37 more~
    ]
(U) [
        2 load-locals -1 get-local <experiment> load-local
        silent-tests? get 0 get-local
        [ load-local 0 get-local experiment. 1 drop-locals ] curry
        unless -2 get-local execute => 0 get-local -1 get-local [
            2 load-locals -1 get-local 0 get-local ~quotation~ curry
            curry ~quotation~ if 2 drop-locals
        ] curry curry [ 2drop "Warning: test skipped!" print ] if
        3 drop-locals
    ]
    experiment
(O) (unit-test)
(O) assert-sequence=
(O) assert-sequence
(O) M\ object throw
(U) [
        OBJ-CURRENT-THREAD special-object error-thread set-global
        current-continuation => error-continuation set-global
        [ original-error set-global ] [ rethrow ] bi
    ]

resource:reference/arm64-gap-abi-20260908/abi-tests.factor: 37

Unit Test: {
    { 662.0 }
    [
        1 2 3 4 5 6 7 8 9 10 11 13.0 "abi_var_spill" "gap-abi"
        library-dll dlsym indirect-var-spill
    ]
}

=== Expected:
662.0
=== Got:
395.0
(U) [ c-to-factor => ]
    c-to-factor
(U) [ [ (get-catchstack) push ] dip call => (get-catchstack) pop* ]
(O) command-line-startup
(O) run-script
(U) [
        2dup check-call-effect 2dup [
            ~quotation~ dip
            dup terminated?>> ~quotation~ ~quotation~ if
        ] 2dip => rot [ 2drop ] [ wrong-values ] if
    ]
(U) [
        [ ~quotation~ dip dip ] dip => dup terminated?>>
        [ 2drop f ]
        [ dup in>> length swap out>> length check-datastack ] if
    ]
(U) [ swap [ call ] dip => ]
    dip
(U) [ output>array => datastack. ]
(U) [ [ ~quotation~ ~quotation~ bi ] dip => nsequence ]
    output>sequence
(U) [ [ keep ] dip => call ]
    bi
(U) [ over [ call ] dip => ]
    keep
(U) [
        "cpu.architecture" reload "cpu.arm.64.assembler" reload
        "cpu.arm.64" reload "compiler.cfg.builder.alien" reload
        "resource:reference/arm64-gap-abi-20260908/abi-tests.factor"
        run-test-file => :test-failures "test failures" .
        test-failures get length dup . "compiler errors" .
        compiler-errors get assoc-size dup . + 0 = 0 1 ? exit
    ]
(O) run-test-file
(U) [
        { 40147957488.0 } [
            1 2 3 4 5 6 7 8 -9 250 -300 60000 -70000 3000000000
            -123456789 abi_narrow
        ] \ (unit-test) 8 experiment
        { 40147957488.0 } [
            1 2 3 4 5 6 7 8 -9 250 -300 60000 -70000 3000000000
            -123456789 "abi_narrow" "gap-abi" library-dll dlsym
            indirect-narrow
        ] \ (unit-test) 10 experiment
        { 40147957488.0 }
        [ callback-narrow ~quotation~ with-callback ] \ (unit-test)
        12 experiment
        { 506.0 }
        [ 1.0 2.0 3.0 4.0 5.0 6.0 7.0 8.0 9.0 10.0 11.0 abi_floats ]
        \ (unit-test) 15 experiment
        { 506.0 } [
            1.0 2.0 3.0 4.0 5.0 6.0 7.0 8.0 9.0 10.0 11.0
            "abi_floats" "gap-abi" library-dll dlsym indirect-floats
        ] \ (unit-test) 17 experiment
        { 506.0 } [ callback-floats ~quotation~ with-callback ]
        \ (unit-test) 19 experiment
        { -2610657.0 } [
            1 2 3 4 5 6 7 8 1.0 2.0 3.0 4.0 5.0 6.0 7.0 8.0 -9 9.5
            -1000 10.25 -123456 abi_mixed
        ] \ (unit-test) 22 experiment
        { -2610657.0 } [
            1 2 3 4 5 6 7 8 1.0 2.0 3.0 4.0 5.0 6.0 7.0 8.0 -9 9.5
            -1000 10.25 -123456 "abi_mixed" "gap-abi" library-dll
            dlsym indirect-mixed
        ] \ (unit-test) 24 experiment
        { -2610657.0 } [ callback-mixed ~quotation~ with-callback ]
        \ (unit-test) 26 experiment
        { -35.0 } [ 1 2.5 -3 4.25 -5 -4 direct-var ] \ (unit-test)
        28 experiment
        { 662.0 } [ 1 2 3 4 5 6 7 8 9 10 11 13.0 direct-var-spill ]
        \ (unit-test) 30 experiment
        { -35.0 } [
            1 2.5 -3 4.25 -5 -4 "abi_var" "gap-abi" library-dll
            dlsym indirect-var
        ] \ (unit-test) 34 experiment
        { 662.0 } [
            1 2 3 4 5 6 7 8 9 10 11 13.0 "abi_var_spill" "gap-abi"
            library-dll dlsym indirect-var-spill
        ] \ (unit-test) 37 experiment =>
        { -35.0 } [ 1 2.5 -3 4.25 -5 -4 syntax-var ] \ (unit-test)
        39 experiment
        { 55.0 } [ 1.0 2.0 <pair> 3.0 4.0 <pair> 5 abi_var_hfa ]
        \ (unit-test) 44 experiment
        { 55.0 } [
            1.0 2.0 <pair> 3.0 4.0 <pair>
            5 "abi_var_hfa" "gap-abi" library-dll dlsym
            indirect-var-hfa
        ] \ (unit-test) 46 experiment
        { 47.0 } [ 1 2 3 4 5 6 7 8 -9 10 11 <ints> -12 abi_struct ]
        \ (unit-test) 51 experiment
        { 47.0 } [ struct-callback ~quotation~ with-callback ]
        \ (unit-test) 53 experiment
        { 64.0 } [
            1.0 2.0 3.0 4.0 5.0 6.0 7.0 8.0 9.0 <pair>
            10.0 abi_hfa_boundary
        ] \ (unit-test) 56 experiment
        { 64.0 } [ hfa-callback ~quotation~ with-callback ]
        \ (unit-test) ~37 more~
    ]
(U) [
        2 load-locals -1 get-local <experiment> load-local
        silent-tests? get 0 get-local
        [ load-local 0 get-local experiment. 1 drop-locals ] curry
        unless -2 get-local execute => 0 get-local -1 get-local [
            2 load-locals -1 get-local 0 get-local ~quotation~ curry
            curry ~quotation~ if 2 drop-locals
        ] curry curry [ 2drop "Warning: test skipped!" print ] if
        3 drop-locals
    ]
    experiment
(O) (unit-test)
(O) assert-sequence=
(O) assert-sequence
(O) M\ object throw
(U) [
        OBJ-CURRENT-THREAD special-object error-thread set-global
        current-continuation => error-continuation set-global
        [ original-error set-global ] [ rethrow ] bi
    ]

resource:reference/arm64-gap-abi-20260908/abi-tests.factor: 39

Unit Test: { { -35.0 } [ 1 2.5 -3 4.25 -5 -4 syntax-var ] }

=== Expected:
-35.0
=== Got:
22619096589.0
(U) [ c-to-factor => ]
    c-to-factor
(U) [ [ (get-catchstack) push ] dip call => (get-catchstack) pop* ]
(O) command-line-startup
(O) run-script
(U) [
        2dup check-call-effect 2dup [
            ~quotation~ dip
            dup terminated?>> ~quotation~ ~quotation~ if
        ] 2dip => rot [ 2drop ] [ wrong-values ] if
    ]
(U) [
        [ ~quotation~ dip dip ] dip => dup terminated?>>
        [ 2drop f ]
        [ dup in>> length swap out>> length check-datastack ] if
    ]
(U) [ swap [ call ] dip => ]
    dip
(U) [ output>array => datastack. ]
(U) [ [ ~quotation~ ~quotation~ bi ] dip => nsequence ]
    output>sequence
(U) [ [ keep ] dip => call ]
    bi
(U) [ over [ call ] dip => ]
    keep
(U) [
        "cpu.architecture" reload "cpu.arm.64.assembler" reload
        "cpu.arm.64" reload "compiler.cfg.builder.alien" reload
        "resource:reference/arm64-gap-abi-20260908/abi-tests.factor"
        run-test-file => :test-failures "test failures" .
        test-failures get length dup . "compiler errors" .
        compiler-errors get assoc-size dup . + 0 = 0 1 ? exit
    ]
(O) run-test-file
(U) [
        { 40147957488.0 } [
            1 2 3 4 5 6 7 8 -9 250 -300 60000 -70000 3000000000
            -123456789 abi_narrow
        ] \ (unit-test) 8 experiment
        { 40147957488.0 } [
            1 2 3 4 5 6 7 8 -9 250 -300 60000 -70000 3000000000
            -123456789 "abi_narrow" "gap-abi" library-dll dlsym
            indirect-narrow
        ] \ (unit-test) 10 experiment
        { 40147957488.0 }
        [ callback-narrow ~quotation~ with-callback ] \ (unit-test)
        12 experiment
        { 506.0 }
        [ 1.0 2.0 3.0 4.0 5.0 6.0 7.0 8.0 9.0 10.0 11.0 abi_floats ]
        \ (unit-test) 15 experiment
        { 506.0 } [
            1.0 2.0 3.0 4.0 5.0 6.0 7.0 8.0 9.0 10.0 11.0
            "abi_floats" "gap-abi" library-dll dlsym indirect-floats
        ] \ (unit-test) 17 experiment
        { 506.0 } [ callback-floats ~quotation~ with-callback ]
        \ (unit-test) 19 experiment
        { -2610657.0 } [
            1 2 3 4 5 6 7 8 1.0 2.0 3.0 4.0 5.0 6.0 7.0 8.0 -9 9.5
            -1000 10.25 -123456 abi_mixed
        ] \ (unit-test) 22 experiment
        { -2610657.0 } [
            1 2 3 4 5 6 7 8 1.0 2.0 3.0 4.0 5.0 6.0 7.0 8.0 -9 9.5
            -1000 10.25 -123456 "abi_mixed" "gap-abi" library-dll
            dlsym indirect-mixed
        ] \ (unit-test) 24 experiment
        { -2610657.0 } [ callback-mixed ~quotation~ with-callback ]
        \ (unit-test) 26 experiment
        { -35.0 } [ 1 2.5 -3 4.25 -5 -4 direct-var ] \ (unit-test)
        28 experiment
        { 662.0 } [ 1 2 3 4 5 6 7 8 9 10 11 13.0 direct-var-spill ]
        \ (unit-test) 30 experiment
        { -35.0 } [
            1 2.5 -3 4.25 -5 -4 "abi_var" "gap-abi" library-dll
            dlsym indirect-var
        ] \ (unit-test) 34 experiment
        { 662.0 } [
            1 2 3 4 5 6 7 8 9 10 11 13.0 "abi_var_spill" "gap-abi"
            library-dll dlsym indirect-var-spill
        ] \ (unit-test) 37 experiment
        { -35.0 } [ 1 2.5 -3 4.25 -5 -4 syntax-var ] \ (unit-test)
        39 experiment =>
        { 55.0 } [ 1.0 2.0 <pair> 3.0 4.0 <pair> 5 abi_var_hfa ]
        \ (unit-test) 44 experiment
        { 55.0 } [
            1.0 2.0 <pair> 3.0 4.0 <pair>
            5 "abi_var_hfa" "gap-abi" library-dll dlsym
            indirect-var-hfa
        ] \ (unit-test) 46 experiment
        { 47.0 } [ 1 2 3 4 5 6 7 8 -9 10 11 <ints> -12 abi_struct ]
        \ (unit-test) 51 experiment
        { 47.0 } [ struct-callback ~quotation~ with-callback ]
        \ (unit-test) 53 experiment
        { 64.0 } [
            1.0 2.0 3.0 4.0 5.0 6.0 7.0 8.0 9.0 <pair>
            10.0 abi_hfa_boundary
        ] \ (unit-test) 56 experiment
        { 64.0 } [ hfa-callback ~quotation~ with-callback ]
        \ (unit-test) ~37 more~
    ]
(U) [
        2 load-locals -1 get-local <experiment> load-local
        silent-tests? get 0 get-local
        [ load-local 0 get-local experiment. 1 drop-locals ] curry
        unless -2 get-local execute => 0 get-local -1 get-local [
            2 load-locals -1 get-local 0 get-local ~quotation~ curry
            curry ~quotation~ if 2 drop-locals
        ] curry curry [ 2drop "Warning: test skipped!" print ] if
        3 drop-locals
    ]
    experiment
(O) (unit-test)
(O) assert-sequence=
(O) assert-sequence
(O) M\ object throw
(U) [
        OBJ-CURRENT-THREAD special-object error-thread set-global
        current-continuation => error-continuation set-global
        [ original-error set-global ] [ rethrow ] bi
    ]

resource:reference/arm64-gap-abi-20260908/abi-tests.factor: 44

Unit Test: { { 55.0 } [ 1.0 2.0 <pair> 3.0 4.0 <pair> 5 abi_var_hfa ] }

=== Expected:
55.0
=== Got:
1643851264.0
(U) [ c-to-factor => ]
    c-to-factor
(U) [ [ (get-catchstack) push ] dip call => (get-catchstack) pop* ]
(O) command-line-startup
(O) run-script
(U) [
        2dup check-call-effect 2dup [
            ~quotation~ dip
            dup terminated?>> ~quotation~ ~quotation~ if
        ] 2dip => rot [ 2drop ] [ wrong-values ] if
    ]
(U) [
        [ ~quotation~ dip dip ] dip => dup terminated?>>
        [ 2drop f ]
        [ dup in>> length swap out>> length check-datastack ] if
    ]
(U) [ swap [ call ] dip => ]
    dip
(U) [ output>array => datastack. ]
(U) [ [ ~quotation~ ~quotation~ bi ] dip => nsequence ]
    output>sequence
(U) [ [ keep ] dip => call ]
    bi
(U) [ over [ call ] dip => ]
    keep
(U) [
        "cpu.architecture" reload "cpu.arm.64.assembler" reload
        "cpu.arm.64" reload "compiler.cfg.builder.alien" reload
        "resource:reference/arm64-gap-abi-20260908/abi-tests.factor"
        run-test-file => :test-failures "test failures" .
        test-failures get length dup . "compiler errors" .
        compiler-errors get assoc-size dup . + 0 = 0 1 ? exit
    ]
(O) run-test-file
(U) [
        { 40147957488.0 } [
            1 2 3 4 5 6 7 8 -9 250 -300 60000 -70000 3000000000
            -123456789 abi_narrow
        ] \ (unit-test) 8 experiment
        { 40147957488.0 } [
            1 2 3 4 5 6 7 8 -9 250 -300 60000 -70000 3000000000
            -123456789 "abi_narrow" "gap-abi" library-dll dlsym
            indirect-narrow
        ] \ (unit-test) 10 experiment
        { 40147957488.0 }
        [ callback-narrow ~quotation~ with-callback ] \ (unit-test)
        12 experiment
        { 506.0 }
        [ 1.0 2.0 3.0 4.0 5.0 6.0 7.0 8.0 9.0 10.0 11.0 abi_floats ]
        \ (unit-test) 15 experiment
        { 506.0 } [
            1.0 2.0 3.0 4.0 5.0 6.0 7.0 8.0 9.0 10.0 11.0
            "abi_floats" "gap-abi" library-dll dlsym indirect-floats
        ] \ (unit-test) 17 experiment
        { 506.0 } [ callback-floats ~quotation~ with-callback ]
        \ (unit-test) 19 experiment
        { -2610657.0 } [
            1 2 3 4 5 6 7 8 1.0 2.0 3.0 4.0 5.0 6.0 7.0 8.0 -9 9.5
            -1000 10.25 -123456 abi_mixed
        ] \ (unit-test) 22 experiment
        { -2610657.0 } [
            1 2 3 4 5 6 7 8 1.0 2.0 3.0 4.0 5.0 6.0 7.0 8.0 -9 9.5
            -1000 10.25 -123456 "abi_mixed" "gap-abi" library-dll
            dlsym indirect-mixed
        ] \ (unit-test) 24 experiment
        { -2610657.0 } [ callback-mixed ~quotation~ with-callback ]
        \ (unit-test) 26 experiment
        { -35.0 } [ 1 2.5 -3 4.25 -5 -4 direct-var ] \ (unit-test)
        28 experiment
        { 662.0 } [ 1 2 3 4 5 6 7 8 9 10 11 13.0 direct-var-spill ]
        \ (unit-test) 30 experiment
        { -35.0 } [
            1 2.5 -3 4.25 -5 -4 "abi_var" "gap-abi" library-dll
            dlsym indirect-var
        ] \ (unit-test) 34 experiment
        { 662.0 } [
            1 2 3 4 5 6 7 8 9 10 11 13.0 "abi_var_spill" "gap-abi"
            library-dll dlsym indirect-var-spill
        ] \ (unit-test) 37 experiment
        { -35.0 } [ 1 2.5 -3 4.25 -5 -4 syntax-var ] \ (unit-test)
        39 experiment
        { 55.0 } [ 1.0 2.0 <pair> 3.0 4.0 <pair> 5 abi_var_hfa ]
        \ (unit-test) 44 experiment =>
        { 55.0 } [
            1.0 2.0 <pair> 3.0 4.0 <pair>
            5 "abi_var_hfa" "gap-abi" library-dll dlsym
            indirect-var-hfa
        ] \ (unit-test) 46 experiment
        { 47.0 } [ 1 2 3 4 5 6 7 8 -9 10 11 <ints> -12 abi_struct ]
        \ (unit-test) 51 experiment
        { 47.0 } [ struct-callback ~quotation~ with-callback ]
        \ (unit-test) 53 experiment
        { 64.0 } [
            1.0 2.0 3.0 4.0 5.0 6.0 7.0 8.0 9.0 <pair>
            10.0 abi_hfa_boundary
        ] \ (unit-test) 56 experiment
        { 64.0 } [ hfa-callback ~quotation~ with-callback ]
        \ (unit-test) ~37 more~
    ]
(U) [
        2 load-locals -1 get-local <experiment> load-local
        silent-tests? get 0 get-local
        [ load-local 0 get-local experiment. 1 drop-locals ] curry
        unless -2 get-local execute => 0 get-local -1 get-local [
            2 load-locals -1 get-local 0 get-local ~quotation~ curry
            curry ~quotation~ if 2 drop-locals
        ] curry curry [ 2drop "Warning: test skipped!" print ] if
        3 drop-locals
    ]
    experiment
(O) (unit-test)
(O) assert-sequence=
(O) assert-sequence
(O) M\ object throw
(U) [
        OBJ-CURRENT-THREAD special-object error-thread set-global
        current-continuation => error-continuation set-global
        [ original-error set-global ] [ rethrow ] bi
    ]

resource:reference/arm64-gap-abi-20260908/abi-tests.factor: 46

Unit Test: {
    { 55.0 }
    [
        1.0 2.0 <pair> 3.0 4.0 <pair>
        5 "abi_var_hfa" "gap-abi" library-dll dlsym
        indirect-var-hfa
    ]
}

=== Expected:
55.0
=== Got:
1642925312.0
(U) [ c-to-factor => ]
    c-to-factor
(U) [ [ (get-catchstack) push ] dip call => (get-catchstack) pop* ]
(O) command-line-startup
(O) run-script
(U) [
        2dup check-call-effect 2dup [
            ~quotation~ dip
            dup terminated?>> ~quotation~ ~quotation~ if
        ] 2dip => rot [ 2drop ] [ wrong-values ] if
    ]
(U) [
        [ ~quotation~ dip dip ] dip => dup terminated?>>
        [ 2drop f ]
        [ dup in>> length swap out>> length check-datastack ] if
    ]
(U) [ swap [ call ] dip => ]
    dip
(U) [ output>array => datastack. ]
(U) [ [ ~quotation~ ~quotation~ bi ] dip => nsequence ]
    output>sequence
(U) [ [ keep ] dip => call ]
    bi
(U) [ over [ call ] dip => ]
    keep
(U) [
        "cpu.architecture" reload "cpu.arm.64.assembler" reload
        "cpu.arm.64" reload "compiler.cfg.builder.alien" reload
        "resource:reference/arm64-gap-abi-20260908/abi-tests.factor"
        run-test-file => :test-failures "test failures" .
        test-failures get length dup . "compiler errors" .
        compiler-errors get assoc-size dup . + 0 = 0 1 ? exit
    ]
(O) run-test-file
(U) [
        { 40147957488.0 } [
            1 2 3 4 5 6 7 8 -9 250 -300 60000 -70000 3000000000
            -123456789 abi_narrow
        ] \ (unit-test) 8 experiment
        { 40147957488.0 } [
            1 2 3 4 5 6 7 8 -9 250 -300 60000 -70000 3000000000
            -123456789 "abi_narrow" "gap-abi" library-dll dlsym
            indirect-narrow
        ] \ (unit-test) 10 experiment
        { 40147957488.0 }
        [ callback-narrow ~quotation~ with-callback ] \ (unit-test)
        12 experiment
        { 506.0 }
        [ 1.0 2.0 3.0 4.0 5.0 6.0 7.0 8.0 9.0 10.0 11.0 abi_floats ]
        \ (unit-test) 15 experiment
        { 506.0 } [
            1.0 2.0 3.0 4.0 5.0 6.0 7.0 8.0 9.0 10.0 11.0
            "abi_floats" "gap-abi" library-dll dlsym indirect-floats
        ] \ (unit-test) 17 experiment
        { 506.0 } [ callback-floats ~quotation~ with-callback ]
        \ (unit-test) 19 experiment
        { -2610657.0 } [
            1 2 3 4 5 6 7 8 1.0 2.0 3.0 4.0 5.0 6.0 7.0 8.0 -9 9.5
            -1000 10.25 -123456 abi_mixed
        ] \ (unit-test) 22 experiment
        { -2610657.0 } [
            1 2 3 4 5 6 7 8 1.0 2.0 3.0 4.0 5.0 6.0 7.0 8.0 -9 9.5
            -1000 10.25 -123456 "abi_mixed" "gap-abi" library-dll
            dlsym indirect-mixed
        ] \ (unit-test) 24 experiment
        { -2610657.0 } [ callback-mixed ~quotation~ with-callback ]
        \ (unit-test) 26 experiment
        { -35.0 } [ 1 2.5 -3 4.25 -5 -4 direct-var ] \ (unit-test)
        28 experiment
        { 662.0 } [ 1 2 3 4 5 6 7 8 9 10 11 13.0 direct-var-spill ]
        \ (unit-test) 30 experiment
        { -35.0 } [
            1 2.5 -3 4.25 -5 -4 "abi_var" "gap-abi" library-dll
            dlsym indirect-var
        ] \ (unit-test) 34 experiment
        { 662.0 } [
            1 2 3 4 5 6 7 8 9 10 11 13.0 "abi_var_spill" "gap-abi"
            library-dll dlsym indirect-var-spill
        ] \ (unit-test) 37 experiment
        { -35.0 } [ 1 2.5 -3 4.25 -5 -4 syntax-var ] \ (unit-test)
        39 experiment
        { 55.0 } [ 1.0 2.0 <pair> 3.0 4.0 <pair> 5 abi_var_hfa ]
        \ (unit-test) 44 experiment
        { 55.0 } [
            1.0 2.0 <pair> 3.0 4.0 <pair>
            5 "abi_var_hfa" "gap-abi" library-dll dlsym
            indirect-var-hfa
        ] \ (unit-test) 46 experiment =>
        { 47.0 } [ 1 2 3 4 5 6 7 8 -9 10 11 <ints> -12 abi_struct ]
        \ (unit-test) 51 experiment
        { 47.0 } [ struct-callback ~quotation~ with-callback ]
        \ (unit-test) 53 experiment
        { 64.0 } [
            1.0 2.0 3.0 4.0 5.0 6.0 7.0 8.0 9.0 <pair>
            10.0 abi_hfa_boundary
        ] \ (unit-test) 56 experiment
        { 64.0 } [ hfa-callback ~quotation~ with-callback ]
        \ (unit-test) ~37 more~
    ]
(U) [
        2 load-locals -1 get-local <experiment> load-local
        silent-tests? get 0 get-local
        [ load-local 0 get-local experiment. 1 drop-locals ] curry
        unless -2 get-local execute => 0 get-local -1 get-local [
            2 load-locals -1 get-local 0 get-local ~quotation~ curry
            curry ~quotation~ if 2 drop-locals
        ] curry curry [ 2drop "Warning: test skipped!" print ] if
        3 drop-locals
    ]
    experiment
(O) (unit-test)
(O) assert-sequence=
(O) assert-sequence
(O) M\ object throw
(U) [
        OBJ-CURRENT-THREAD special-object error-thread set-global
        current-continuation => error-continuation set-global
        [ original-error set-global ] [ rethrow ] bi
    ]

resource:reference/arm64-gap-abi-20260908/abi-tests.factor: 56

Unit Test: {
    { 64.0 }
    [
        1.0 2.0 3.0 4.0 5.0 6.0 7.0 8.0 9.0 <pair>
        10.0 abi_hfa_boundary
    ]
}

=== Expected:
64.0
=== Got:
47.0
(U) [ c-to-factor => ]
    c-to-factor
(U) [ [ (get-catchstack) push ] dip call => (get-catchstack) pop* ]
(O) command-line-startup
(O) run-script
(U) [
        2dup check-call-effect 2dup [
            ~quotation~ dip
            dup terminated?>> ~quotation~ ~quotation~ if
        ] 2dip => rot [ 2drop ] [ wrong-values ] if
    ]
(U) [
        [ ~quotation~ dip dip ] dip => dup terminated?>>
        [ 2drop f ]
        [ dup in>> length swap out>> length check-datastack ] if
    ]
(U) [ swap [ call ] dip => ]
    dip
(U) [ output>array => datastack. ]
(U) [ [ ~quotation~ ~quotation~ bi ] dip => nsequence ]
    output>sequence
(U) [ [ keep ] dip => call ]
    bi
(U) [ over [ call ] dip => ]
    keep
(U) [
        "cpu.architecture" reload "cpu.arm.64.assembler" reload
        "cpu.arm.64" reload "compiler.cfg.builder.alien" reload
        "resource:reference/arm64-gap-abi-20260908/abi-tests.factor"
        run-test-file => :test-failures "test failures" .
        test-failures get length dup . "compiler errors" .
        compiler-errors get assoc-size dup . + 0 = 0 1 ? exit
    ]
(O) run-test-file
(U) [
        { 40147957488.0 } [
            1 2 3 4 5 6 7 8 -9 250 -300 60000 -70000 3000000000
            -123456789 abi_narrow
        ] \ (unit-test) 8 experiment
        { 40147957488.0 } [
            1 2 3 4 5 6 7 8 -9 250 -300 60000 -70000 3000000000
            -123456789 "abi_narrow" "gap-abi" library-dll dlsym
            indirect-narrow
        ] \ (unit-test) 10 experiment
        { 40147957488.0 }
        [ callback-narrow ~quotation~ with-callback ] \ (unit-test)
        12 experiment
        { 506.0 }
        [ 1.0 2.0 3.0 4.0 5.0 6.0 7.0 8.0 9.0 10.0 11.0 abi_floats ]
        \ (unit-test) 15 experiment
        { 506.0 } [
            1.0 2.0 3.0 4.0 5.0 6.0 7.0 8.0 9.0 10.0 11.0
            "abi_floats" "gap-abi" library-dll dlsym indirect-floats
        ] \ (unit-test) 17 experiment
        { 506.0 } [ callback-floats ~quotation~ with-callback ]
        \ (unit-test) 19 experiment
        { -2610657.0 } [
            1 2 3 4 5 6 7 8 1.0 2.0 3.0 4.0 5.0 6.0 7.0 8.0 -9 9.5
            -1000 10.25 -123456 abi_mixed
        ] \ (unit-test) 22 experiment
        { -2610657.0 } [
            1 2 3 4 5 6 7 8 1.0 2.0 3.0 4.0 5.0 6.0 7.0 8.0 -9 9.5
            -1000 10.25 -123456 "abi_mixed" "gap-abi" library-dll
            dlsym indirect-mixed
        ] \ (unit-test) 24 experiment
        { -2610657.0 } [ callback-mixed ~quotation~ with-callback ]
        \ (unit-test) 26 experiment
        { -35.0 } [ 1 2.5 -3 4.25 -5 -4 direct-var ] \ (unit-test)
        28 experiment
        { 662.0 } [ 1 2 3 4 5 6 7 8 9 10 11 13.0 direct-var-spill ]
        \ (unit-test) 30 experiment
        { -35.0 } [
            1 2.5 -3 4.25 -5 -4 "abi_var" "gap-abi" library-dll
            dlsym indirect-var
        ] \ (unit-test) 34 experiment
        { 662.0 } [
            1 2 3 4 5 6 7 8 9 10 11 13.0 "abi_var_spill" "gap-abi"
            library-dll dlsym indirect-var-spill
        ] \ (unit-test) 37 experiment
        { -35.0 } [ 1 2.5 -3 4.25 -5 -4 syntax-var ] \ (unit-test)
        39 experiment
        { 55.0 } [ 1.0 2.0 <pair> 3.0 4.0 <pair> 5 abi_var_hfa ]
        \ (unit-test) 44 experiment
        { 55.0 } [
            1.0 2.0 <pair> 3.0 4.0 <pair>
            5 "abi_var_hfa" "gap-abi" library-dll dlsym
            indirect-var-hfa
        ] \ (unit-test) 46 experiment
        { 47.0 } [ 1 2 3 4 5 6 7 8 -9 10 11 <ints> -12 abi_struct ]
        \ (unit-test) 51 experiment
        { 47.0 } [ struct-callback ~quotation~ with-callback ]
        \ (unit-test) 53 experiment
        { 64.0 } [
            1.0 2.0 3.0 4.0 5.0 6.0 7.0 8.0 9.0 <pair>
            10.0 abi_hfa_boundary
        ] \ (unit-test) 56 experiment =>
        { 64.0 } [ hfa-callback ~quotation~ with-callback ]
        \ (unit-test) ~37 more~
    ]
(U) [
        2 load-locals -1 get-local <experiment> load-local
        silent-tests? get 0 get-local
        [ load-local 0 get-local experiment. 1 drop-locals ] curry
        unless -2 get-local execute => 0 get-local -1 get-local [
            2 load-locals -1 get-local 0 get-local ~quotation~ curry
            curry ~quotation~ if 2 drop-locals
        ] curry curry [ 2drop "Warning: test skipped!" print ] if
        3 drop-locals
    ]
    experiment
(O) (unit-test)
(O) assert-sequence=
(O) assert-sequence
(O) M\ object throw
(U) [
        OBJ-CURRENT-THREAD special-object error-thread set-global
        current-continuation => error-continuation set-global
        [ original-error set-global ] [ rethrow ] bi
    ]

resource:reference/arm64-gap-abi-20260908/abi-tests.factor: 58

Unit Test: {
    { 64.0 }
    [ hfa-callback [ call_hfa_boundary ] with-callback ]
}

=== Expected:
64.0
=== Got:
54.0
(U) [ c-to-factor => ]
    c-to-factor
(U) [ [ (get-catchstack) push ] dip call => (get-catchstack) pop* ]
(O) command-line-startup
(O) run-script
(U) [
        2dup check-call-effect 2dup [
            ~quotation~ dip
            dup terminated?>> ~quotation~ ~quotation~ if
        ] 2dip => rot [ 2drop ] [ wrong-values ] if
    ]
(U) [
        [ ~quotation~ dip dip ] dip => dup terminated?>>
        [ 2drop f ]
        [ dup in>> length swap out>> length check-datastack ] if
    ]
(U) [ swap [ call ] dip => ]
    dip
(U) [ output>array => datastack. ]
(U) [ [ ~quotation~ ~quotation~ bi ] dip => nsequence ]
    output>sequence
(U) [ [ keep ] dip => call ]
    bi
(U) [ over [ call ] dip => ]
    keep
(U) [
        "cpu.architecture" reload "cpu.arm.64.assembler" reload
        "cpu.arm.64" reload "compiler.cfg.builder.alien" reload
        "resource:reference/arm64-gap-abi-20260908/abi-tests.factor"
        run-test-file => :test-failures "test failures" .
        test-failures get length dup . "compiler errors" .
        compiler-errors get assoc-size dup . + 0 = 0 1 ? exit
    ]
(O) run-test-file
(U) [
        { 40147957488.0 } [
            1 2 3 4 5 6 7 8 -9 250 -300 60000 -70000 3000000000
            -123456789 abi_narrow
        ] \ (unit-test) 8 experiment
        { 40147957488.0 } [
            1 2 3 4 5 6 7 8 -9 250 -300 60000 -70000 3000000000
            -123456789 "abi_narrow" "gap-abi" library-dll dlsym
            indirect-narrow
        ] \ (unit-test) 10 experiment
        { 40147957488.0 }
        [ callback-narrow ~quotation~ with-callback ] \ (unit-test)
        12 experiment
        { 506.0 }
        [ 1.0 2.0 3.0 4.0 5.0 6.0 7.0 8.0 9.0 10.0 11.0 abi_floats ]
        \ (unit-test) 15 experiment
        { 506.0 } [
            1.0 2.0 3.0 4.0 5.0 6.0 7.0 8.0 9.0 10.0 11.0
            "abi_floats" "gap-abi" library-dll dlsym indirect-floats
        ] \ (unit-test) 17 experiment
        { 506.0 } [ callback-floats ~quotation~ with-callback ]
        \ (unit-test) 19 experiment
        { -2610657.0 } [
            1 2 3 4 5 6 7 8 1.0 2.0 3.0 4.0 5.0 6.0 7.0 8.0 -9 9.5
            -1000 10.25 -123456 abi_mixed
        ] \ (unit-test) 22 experiment
        { -2610657.0 } [
            1 2 3 4 5 6 7 8 1.0 2.0 3.0 4.0 5.0 6.0 7.0 8.0 -9 9.5
            -1000 10.25 -123456 "abi_mixed" "gap-abi" library-dll
            dlsym indirect-mixed
        ] \ (unit-test) 24 experiment
        { -2610657.0 } [ callback-mixed ~quotation~ with-callback ]
        \ (unit-test) 26 experiment
        { -35.0 } [ 1 2.5 -3 4.25 -5 -4 direct-var ] \ (unit-test)
        28 experiment
        { 662.0 } [ 1 2 3 4 5 6 7 8 9 10 11 13.0 direct-var-spill ]
        \ (unit-test) 30 experiment
        { -35.0 } [
            1 2.5 -3 4.25 -5 -4 "abi_var" "gap-abi" library-dll
            dlsym indirect-var
        ] \ (unit-test) 34 experiment
        { 662.0 } [
            1 2 3 4 5 6 7 8 9 10 11 13.0 "abi_var_spill" "gap-abi"
            library-dll dlsym indirect-var-spill
        ] \ (unit-test) 37 experiment
        { -35.0 } [ 1 2.5 -3 4.25 -5 -4 syntax-var ] \ (unit-test)
        39 experiment
        { 55.0 } [ 1.0 2.0 <pair> 3.0 4.0 <pair> 5 abi_var_hfa ]
        \ (unit-test) 44 experiment
        { 55.0 } [
            1.0 2.0 <pair> 3.0 4.0 <pair>
            5 "abi_var_hfa" "gap-abi" library-dll dlsym
            indirect-var-hfa
        ] \ (unit-test) 46 experiment
        { 47.0 } [ 1 2 3 4 5 6 7 8 -9 10 11 <ints> -12 abi_struct ]
        \ (unit-test) 51 experiment
        { 47.0 } [ struct-callback ~quotation~ with-callback ]
        \ (unit-test) 53 experiment
        { 64.0 } [
            1.0 2.0 3.0 4.0 5.0 6.0 7.0 8.0 9.0 <pair>
            10.0 abi_hfa_boundary
        ] \ (unit-test) 56 experiment
        { 64.0 } [ hfa-callback ~quotation~ with-callback ]
        \ (unit-test) 58 ~37 more~
    ]
(U) [
        2 load-locals -1 get-local <experiment> load-local
        silent-tests? get 0 get-local
        [ load-local 0 get-local experiment. 1 drop-locals ] curry
        unless -2 get-local execute => 0 get-local -1 get-local [
            2 load-locals -1 get-local 0 get-local ~quotation~ curry
            curry ~quotation~ if 2 drop-locals
        ] curry curry [ 2drop "Warning: test skipped!" print ] if
        3 drop-locals
    ]
    experiment
(O) (unit-test)
(O) assert-sequence=
(O) assert-sequence
(O) M\ object throw
(U) [
        OBJ-CURRENT-THREAD special-object error-thread set-global
        current-continuation => error-continuation set-global
        [ original-error set-global ] [ rethrow ] bi
    ]

resource:reference/arm64-gap-abi-20260908/abi-tests.factor: 66

Unit Test: {
    { 11.0 22.0 33.0 }
    [ <array-hfa> abi_array_hfa array-hfa-values ]
}

=== Expected:
11.0
22.0
33.0
=== Got:
1.0
2.0
3.0
(U) [ c-to-factor => ]
    c-to-factor
(U) [ [ (get-catchstack) push ] dip call => (get-catchstack) pop* ]
(O) command-line-startup
(O) run-script
(U) [
        2dup check-call-effect 2dup [
            ~quotation~ dip
            dup terminated?>> ~quotation~ ~quotation~ if
        ] 2dip => rot [ 2drop ] [ wrong-values ] if
    ]
(U) [
        [ ~quotation~ dip dip ] dip => dup terminated?>>
        [ 2drop f ]
        [ dup in>> length swap out>> length check-datastack ] if
    ]
(U) [ swap [ call ] dip => ]
    dip
(U) [ output>array => datastack. ]
(U) [ [ ~quotation~ ~quotation~ bi ] dip => nsequence ]
    output>sequence
(U) [ [ keep ] dip => call ]
    bi
(U) [ over [ call ] dip => ]
    keep
(U) [
        "cpu.architecture" reload "cpu.arm.64.assembler" reload
        "cpu.arm.64" reload "compiler.cfg.builder.alien" reload
        "resource:reference/arm64-gap-abi-20260908/abi-tests.factor"
        run-test-file => :test-failures "test failures" .
        test-failures get length dup . "compiler errors" .
        compiler-errors get assoc-size dup . + 0 = 0 1 ? exit
    ]
(O) run-test-file
(U) [
        { 40147957488.0 } [
            1 2 3 4 5 6 7 8 -9 250 -300 60000 -70000 3000000000
            -123456789 abi_narrow
        ] \ (unit-test) 8 experiment
        { 40147957488.0 } [
            1 2 3 4 5 6 7 8 -9 250 -300 60000 -70000 3000000000
            -123456789 "abi_narrow" "gap-abi" library-dll dlsym
            indirect-narrow
        ] \ (unit-test) 10 experiment
        { 40147957488.0 }
        [ callback-narrow ~quotation~ with-callback ] \ (unit-test)
        12 experiment
        { 506.0 }
        [ 1.0 2.0 3.0 4.0 5.0 6.0 7.0 8.0 9.0 10.0 11.0 abi_floats ]
        \ (unit-test) 15 experiment
        { 506.0 } [
            1.0 2.0 3.0 4.0 5.0 6.0 7.0 8.0 9.0 10.0 11.0
            "abi_floats" "gap-abi" library-dll dlsym indirect-floats
        ] \ (unit-test) 17 experiment
        { 506.0 } [ callback-floats ~quotation~ with-callback ]
        \ (unit-test) 19 experiment
        { -2610657.0 } [
            1 2 3 4 5 6 7 8 1.0 2.0 3.0 4.0 5.0 6.0 7.0 8.0 -9 9.5
            -1000 10.25 -123456 abi_mixed
        ] \ (unit-test) 22 experiment
        { -2610657.0 } [
            1 2 3 4 5 6 7 8 1.0 2.0 3.0 4.0 5.0 6.0 7.0 8.0 -9 9.5
            -1000 10.25 -123456 "abi_mixed" "gap-abi" library-dll
            dlsym indirect-mixed
        ] \ (unit-test) 24 experiment
        { -2610657.0 } [ callback-mixed ~quotation~ with-callback ]
        \ (unit-test) 26 experiment
        { -35.0 } [ 1 2.5 -3 4.25 -5 -4 direct-var ] \ (unit-test)
        28 experiment
        { 662.0 } [ 1 2 3 4 5 6 7 8 9 10 11 13.0 direct-var-spill ]
        \ (unit-test) 30 experiment
        { -35.0 } [
            1 2.5 -3 4.25 -5 -4 "abi_var" "gap-abi" library-dll
            dlsym indirect-var
        ] \ (unit-test) 34 experiment
        { 662.0 } [
            1 2 3 4 5 6 7 8 9 10 11 13.0 "abi_var_spill" "gap-abi"
            library-dll dlsym indirect-var-spill
        ] \ (unit-test) 37 experiment
        { -35.0 } [ 1 2.5 -3 4.25 -5 -4 syntax-var ] \ (unit-test)
        39 experiment
        { 55.0 } [ 1.0 2.0 <pair> 3.0 4.0 <pair> 5 abi_var_hfa ]
        \ (unit-test) 44 experiment
        { 55.0 } [
            1.0 2.0 <pair> 3.0 4.0 <pair>
            5 "abi_var_hfa" "gap-abi" library-dll dlsym
            indirect-var-hfa
        ] \ (unit-test) 46 experiment
        { 47.0 } [ 1 2 3 4 5 6 7 8 -9 10 11 <ints> -12 abi_struct ]
        \ (unit-test) 51 experiment
        { 47.0 } [ struct-callback ~quotation~ with-callback ]
        \ (unit-test) 53 experiment
        { 64.0 } [
            1.0 2.0 3.0 4.0 5.0 6.0 7.0 8.0 9.0 <pair>
            10.0 abi_hfa_boundary
        ] \ (unit-test) 56 experiment
        { 64.0 } [ hfa-callback ~quotation~ with-callback ]
        \ (unit-test) 58 ~37 more~
    ]
(U) [
        2 load-locals -1 get-local <experiment> load-local
        silent-tests? get 0 get-local
        [ load-local 0 get-local experiment. 1 drop-locals ] curry
        unless -2 get-local execute => 0 get-local -1 get-local [
            2 load-locals -1 get-local 0 get-local ~quotation~ curry
            curry ~quotation~ if 2 drop-locals
        ] curry curry [ 2drop "Warning: test skipped!" print ] if
        3 drop-locals
    ]
    experiment
(O) (unit-test)
(O) assert-sequence=
(O) assert-sequence
(O) M\ object throw
(U) [
        OBJ-CURRENT-THREAD special-object error-thread set-global
        current-continuation => error-continuation set-global
        [ original-error set-global ] [ rethrow ] bi
    ]

resource:reference/arm64-gap-abi-20260908/abi-tests.factor: 68

Unit Test: {
    { 11.0 22.0 33.0 }
    [
        <array-hfa> "abi_array_hfa" "gap-abi" library-dll dlsym
        indirect-array array-hfa-values
    ]
}

=== Expected:
11.0
22.0
33.0
=== Got:
1.0
2.0
3.0
(U) [ c-to-factor => ]
    c-to-factor
(U) [ [ (get-catchstack) push ] dip call => (get-catchstack) pop* ]
(O) command-line-startup
(O) run-script
(U) [
        2dup check-call-effect 2dup [
            ~quotation~ dip
            dup terminated?>> ~quotation~ ~quotation~ if
        ] 2dip => rot [ 2drop ] [ wrong-values ] if
    ]
(U) [
        [ ~quotation~ dip dip ] dip => dup terminated?>>
        [ 2drop f ]
        [ dup in>> length swap out>> length check-datastack ] if
    ]
(U) [ swap [ call ] dip => ]
    dip
(U) [ output>array => datastack. ]
(U) [ [ ~quotation~ ~quotation~ bi ] dip => nsequence ]
    output>sequence
(U) [ [ keep ] dip => call ]
    bi
(U) [ over [ call ] dip => ]
    keep
(U) [
        "cpu.architecture" reload "cpu.arm.64.assembler" reload
        "cpu.arm.64" reload "compiler.cfg.builder.alien" reload
        "resource:reference/arm64-gap-abi-20260908/abi-tests.factor"
        run-test-file => :test-failures "test failures" .
        test-failures get length dup . "compiler errors" .
        compiler-errors get assoc-size dup . + 0 = 0 1 ? exit
    ]
(O) run-test-file
(U) [
        { 40147957488.0 } [
            1 2 3 4 5 6 7 8 -9 250 -300 60000 -70000 3000000000
            -123456789 abi_narrow
        ] \ (unit-test) 8 experiment
        { 40147957488.0 } [
            1 2 3 4 5 6 7 8 -9 250 -300 60000 -70000 3000000000
            -123456789 "abi_narrow" "gap-abi" library-dll dlsym
            indirect-narrow
        ] \ (unit-test) 10 experiment
        { 40147957488.0 }
        [ callback-narrow ~quotation~ with-callback ] \ (unit-test)
        12 experiment
        { 506.0 }
        [ 1.0 2.0 3.0 4.0 5.0 6.0 7.0 8.0 9.0 10.0 11.0 abi_floats ]
        \ (unit-test) 15 experiment
        { 506.0 } [
            1.0 2.0 3.0 4.0 5.0 6.0 7.0 8.0 9.0 10.0 11.0
            "abi_floats" "gap-abi" library-dll dlsym indirect-floats
        ] \ (unit-test) 17 experiment
        { 506.0 } [ callback-floats ~quotation~ with-callback ]
        \ (unit-test) 19 experiment
        { -2610657.0 } [
            1 2 3 4 5 6 7 8 1.0 2.0 3.0 4.0 5.0 6.0 7.0 8.0 -9 9.5
            -1000 10.25 -123456 abi_mixed
        ] \ (unit-test) 22 experiment
        { -2610657.0 } [
            1 2 3 4 5 6 7 8 1.0 2.0 3.0 4.0 5.0 6.0 7.0 8.0 -9 9.5
            -1000 10.25 -123456 "abi_mixed" "gap-abi" library-dll
            dlsym indirect-mixed
        ] \ (unit-test) 24 experiment
        { -2610657.0 } [ callback-mixed ~quotation~ with-callback ]
        \ (unit-test) 26 experiment
        { -35.0 } [ 1 2.5 -3 4.25 -5 -4 direct-var ] \ (unit-test)
        28 experiment
        { 662.0 } [ 1 2 3 4 5 6 7 8 9 10 11 13.0 direct-var-spill ]
        \ (unit-test) 30 experiment
        { -35.0 } [
            1 2.5 -3 4.25 -5 -4 "abi_var" "gap-abi" library-dll
            dlsym indirect-var
        ] \ (unit-test) 34 experiment
        { 662.0 } [
            1 2 3 4 5 6 7 8 9 10 11 13.0 "abi_var_spill" "gap-abi"
            library-dll dlsym indirect-var-spill
        ] \ (unit-test) 37 experiment
        { -35.0 } [ 1 2.5 -3 4.25 -5 -4 syntax-var ] \ (unit-test)
        39 experiment
        { 55.0 } [ 1.0 2.0 <pair> 3.0 4.0 <pair> 5 abi_var_hfa ]
        \ (unit-test) 44 experiment
        { 55.0 } [
            1.0 2.0 <pair> 3.0 4.0 <pair>
            5 "abi_var_hfa" "gap-abi" library-dll dlsym
            indirect-var-hfa
        ] \ (unit-test) 46 experiment
        { 47.0 } [ 1 2 3 4 5 6 7 8 -9 10 11 <ints> -12 abi_struct ]
        \ (unit-test) 51 experiment
        { 47.0 } [ struct-callback ~quotation~ with-callback ]
        \ (unit-test) 53 experiment
        { 64.0 } [
            1.0 2.0 3.0 4.0 5.0 6.0 7.0 8.0 9.0 <pair>
            10.0 abi_hfa_boundary
        ] \ (unit-test) 56 experiment
        { 64.0 } [ hfa-callback ~quotation~ with-callback ]
        \ (unit-test) 58 ~37 more~
    ]
(U) [
        2 load-locals -1 get-local <experiment> load-local
        silent-tests? get 0 get-local
        [ load-local 0 get-local experiment. 1 drop-locals ] curry
        unless -2 get-local execute => 0 get-local -1 get-local [
            2 load-locals -1 get-local 0 get-local ~quotation~ curry
            curry ~quotation~ if 2 drop-locals
        ] curry curry [ 2drop "Warning: test skipped!" print ] if
        3 drop-locals
    ]
    experiment
(O) (unit-test)
(O) assert-sequence=
(O) assert-sequence
(O) M\ object throw
(U) [
        OBJ-CURRENT-THREAD special-object error-thread set-global
        current-continuation => error-continuation set-global
        [ original-error set-global ] [ rethrow ] bi
    ]

resource:reference/arm64-gap-abi-20260908/abi-tests.factor: 70

Unit Test: {
    { 154.0 }
    [ array-callback [ call_array_hfa ] with-callback ]
}

=== Expected:
154.0
=== Got:
143.0
(U) [ c-to-factor => ]
    c-to-factor
(U) [ [ (get-catchstack) push ] dip call => (get-catchstack) pop* ]
(O) command-line-startup
(O) run-script
(U) [
        2dup check-call-effect 2dup [
            ~quotation~ dip
            dup terminated?>> ~quotation~ ~quotation~ if
        ] 2dip => rot [ 2drop ] [ wrong-values ] if
    ]
(U) [
        [ ~quotation~ dip dip ] dip => dup terminated?>>
        [ 2drop f ]
        [ dup in>> length swap out>> length check-datastack ] if
    ]
(U) [ swap [ call ] dip => ]
    dip
(U) [ output>array => datastack. ]
(U) [ [ ~quotation~ ~quotation~ bi ] dip => nsequence ]
    output>sequence
(U) [ [ keep ] dip => call ]
    bi
(U) [ over [ call ] dip => ]
    keep
(U) [
        "cpu.architecture" reload "cpu.arm.64.assembler" reload
        "cpu.arm.64" reload "compiler.cfg.builder.alien" reload
        "resource:reference/arm64-gap-abi-20260908/abi-tests.factor"
        run-test-file => :test-failures "test failures" .
        test-failures get length dup . "compiler errors" .
        compiler-errors get assoc-size dup . + 0 = 0 1 ? exit
    ]
(O) run-test-file
(U) [
        { 40147957488.0 } [
            1 2 3 4 5 6 7 8 -9 250 -300 60000 -70000 3000000000
            -123456789 abi_narrow
        ] \ (unit-test) 8 experiment
        { 40147957488.0 } [
            1 2 3 4 5 6 7 8 -9 250 -300 60000 -70000 3000000000
            -123456789 "abi_narrow" "gap-abi" library-dll dlsym
            indirect-narrow
        ] \ (unit-test) 10 experiment
        { 40147957488.0 }
        [ callback-narrow ~quotation~ with-callback ] \ (unit-test)
        12 experiment
        { 506.0 }
        [ 1.0 2.0 3.0 4.0 5.0 6.0 7.0 8.0 9.0 10.0 11.0 abi_floats ]
        \ (unit-test) 15 experiment
        { 506.0 } [
            1.0 2.0 3.0 4.0 5.0 6.0 7.0 8.0 9.0 10.0 11.0
            "abi_floats" "gap-abi" library-dll dlsym indirect-floats
        ] \ (unit-test) 17 experiment
        { 506.0 } [ callback-floats ~quotation~ with-callback ]
        \ (unit-test) 19 experiment
        { -2610657.0 } [
            1 2 3 4 5 6 7 8 1.0 2.0 3.0 4.0 5.0 6.0 7.0 8.0 -9 9.5
            -1000 10.25 -123456 abi_mixed
        ] \ (unit-test) 22 experiment
        { -2610657.0 } [
            1 2 3 4 5 6 7 8 1.0 2.0 3.0 4.0 5.0 6.0 7.0 8.0 -9 9.5
            -1000 10.25 -123456 "abi_mixed" "gap-abi" library-dll
            dlsym indirect-mixed
        ] \ (unit-test) 24 experiment
        { -2610657.0 } [ callback-mixed ~quotation~ with-callback ]
        \ (unit-test) 26 experiment
        { -35.0 } [ 1 2.5 -3 4.25 -5 -4 direct-var ] \ (unit-test)
        28 experiment
        { 662.0 } [ 1 2 3 4 5 6 7 8 9 10 11 13.0 direct-var-spill ]
        \ (unit-test) 30 experiment
        { -35.0 } [
            1 2.5 -3 4.25 -5 -4 "abi_var" "gap-abi" library-dll
            dlsym indirect-var
        ] \ (unit-test) 34 experiment
        { 662.0 } [
            1 2 3 4 5 6 7 8 9 10 11 13.0 "abi_var_spill" "gap-abi"
            library-dll dlsym indirect-var-spill
        ] \ (unit-test) 37 experiment
        { -35.0 } [ 1 2.5 -3 4.25 -5 -4 syntax-var ] \ (unit-test)
        39 experiment
        { 55.0 } [ 1.0 2.0 <pair> 3.0 4.0 <pair> 5 abi_var_hfa ]
        \ (unit-test) 44 experiment
        { 55.0 } [
            1.0 2.0 <pair> 3.0 4.0 <pair>
            5 "abi_var_hfa" "gap-abi" library-dll dlsym
            indirect-var-hfa
        ] \ (unit-test) 46 experiment
        { 47.0 } [ 1 2 3 4 5 6 7 8 -9 10 11 <ints> -12 abi_struct ]
        \ (unit-test) 51 experiment
        { 47.0 } [ struct-callback ~quotation~ with-callback ]
        \ (unit-test) 53 experiment
        { 64.0 } [
            1.0 2.0 3.0 4.0 5.0 6.0 7.0 8.0 9.0 <pair>
            10.0 abi_hfa_boundary
        ] \ (unit-test) 56 experiment
        { 64.0 } [ hfa-callback ~quotation~ with-callback ]
        \ (unit-test) 58 ~37 more~
    ]
(U) [
        2 load-locals -1 get-local <experiment> load-local
        silent-tests? get 0 get-local
        [ load-local 0 get-local experiment. 1 drop-locals ] curry
        unless -2 get-local execute => 0 get-local -1 get-local [
            2 load-locals -1 get-local 0 get-local ~quotation~ curry
            curry ~quotation~ if 2 drop-locals
        ] curry curry [ 2drop "Warning: test skipped!" print ] if
        3 drop-locals
    ]
    experiment
(O) (unit-test)
(O) assert-sequence=
(O) assert-sequence
(O) M\ object throw
(U) [
        OBJ-CURRENT-THREAD special-object error-thread set-global
        current-continuation => error-continuation set-global
        [ original-error set-global ] [ rethrow ] bi
    ]

resource:reference/arm64-gap-abi-20260908/abi-tests.factor: 72

Unit Test: { { 20.0 } [ 1 <array-hfa> 5.0 abi_var_array ] }

=== Expected:
20.0
=== Got:
1.0
(U) [ c-to-factor => ]
    c-to-factor
(U) [ [ (get-catchstack) push ] dip call => (get-catchstack) pop* ]
(O) command-line-startup
(O) run-script
(U) [
        2dup check-call-effect 2dup [
            ~quotation~ dip
            dup terminated?>> ~quotation~ ~quotation~ if
        ] 2dip => rot [ 2drop ] [ wrong-values ] if
    ]
(U) [
        [ ~quotation~ dip dip ] dip => dup terminated?>>
        [ 2drop f ]
        [ dup in>> length swap out>> length check-datastack ] if
    ]
(U) [ swap [ call ] dip => ]
    dip
(U) [ output>array => datastack. ]
(U) [ [ ~quotation~ ~quotation~ bi ] dip => nsequence ]
    output>sequence
(U) [ [ keep ] dip => call ]
    bi
(U) [ over [ call ] dip => ]
    keep
(U) [
        "cpu.architecture" reload "cpu.arm.64.assembler" reload
        "cpu.arm.64" reload "compiler.cfg.builder.alien" reload
        "resource:reference/arm64-gap-abi-20260908/abi-tests.factor"
        run-test-file => :test-failures "test failures" .
        test-failures get length dup . "compiler errors" .
        compiler-errors get assoc-size dup . + 0 = 0 1 ? exit
    ]
(O) run-test-file
(U) [
        { 40147957488.0 } [
            1 2 3 4 5 6 7 8 -9 250 -300 60000 -70000 3000000000
            -123456789 abi_narrow
        ] \ (unit-test) 8 experiment
        { 40147957488.0 } [
            1 2 3 4 5 6 7 8 -9 250 -300 60000 -70000 3000000000
            -123456789 "abi_narrow" "gap-abi" library-dll dlsym
            indirect-narrow
        ] \ (unit-test) 10 experiment
        { 40147957488.0 }
        [ callback-narrow ~quotation~ with-callback ] \ (unit-test)
        12 experiment
        { 506.0 }
        [ 1.0 2.0 3.0 4.0 5.0 6.0 7.0 8.0 9.0 10.0 11.0 abi_floats ]
        \ (unit-test) 15 experiment
        { 506.0 } [
            1.0 2.0 3.0 4.0 5.0 6.0 7.0 8.0 9.0 10.0 11.0
            "abi_floats" "gap-abi" library-dll dlsym indirect-floats
        ] \ (unit-test) 17 experiment
        { 506.0 } [ callback-floats ~quotation~ with-callback ]
        \ (unit-test) 19 experiment
        { -2610657.0 } [
            1 2 3 4 5 6 7 8 1.0 2.0 3.0 4.0 5.0 6.0 7.0 8.0 -9 9.5
            -1000 10.25 -123456 abi_mixed
        ] \ (unit-test) 22 experiment
        { -2610657.0 } [
            1 2 3 4 5 6 7 8 1.0 2.0 3.0 4.0 5.0 6.0 7.0 8.0 -9 9.5
            -1000 10.25 -123456 "abi_mixed" "gap-abi" library-dll
            dlsym indirect-mixed
        ] \ (unit-test) 24 experiment
        { -2610657.0 } [ callback-mixed ~quotation~ with-callback ]
        \ (unit-test) 26 experiment
        { -35.0 } [ 1 2.5 -3 4.25 -5 -4 direct-var ] \ (unit-test)
        28 experiment
        { 662.0 } [ 1 2 3 4 5 6 7 8 9 10 11 13.0 direct-var-spill ]
        \ (unit-test) 30 experiment
        { -35.0 } [
            1 2.5 -3 4.25 -5 -4 "abi_var" "gap-abi" library-dll
            dlsym indirect-var
        ] \ (unit-test) 34 experiment
        { 662.0 } [
            1 2 3 4 5 6 7 8 9 10 11 13.0 "abi_var_spill" "gap-abi"
            library-dll dlsym indirect-var-spill
        ] \ (unit-test) 37 experiment
        { -35.0 } [ 1 2.5 -3 4.25 -5 -4 syntax-var ] \ (unit-test)
        39 experiment
        { 55.0 } [ 1.0 2.0 <pair> 3.0 4.0 <pair> 5 abi_var_hfa ]
        \ (unit-test) 44 experiment
        { 55.0 } [
            1.0 2.0 <pair> 3.0 4.0 <pair>
            5 "abi_var_hfa" "gap-abi" library-dll dlsym
            indirect-var-hfa
        ] \ (unit-test) 46 experiment
        { 47.0 } [ 1 2 3 4 5 6 7 8 -9 10 11 <ints> -12 abi_struct ]
        \ (unit-test) 51 experiment
        { 47.0 } [ struct-callback ~quotation~ with-callback ]
        \ (unit-test) 53 experiment
        { 64.0 } [
            1.0 2.0 3.0 4.0 5.0 6.0 7.0 8.0 9.0 <pair>
            10.0 abi_hfa_boundary
        ] \ (unit-test) 56 experiment
        { 64.0 } [ hfa-callback ~quotation~ with-callback ]
        \ (unit-test) 58 ~37 more~
    ]
(U) [
        2 load-locals -1 get-local <experiment> load-local
        silent-tests? get 0 get-local
        [ load-local 0 get-local experiment. 1 drop-locals ] curry
        unless -2 get-local execute => 0 get-local -1 get-local [
            2 load-locals -1 get-local 0 get-local ~quotation~ curry
            curry ~quotation~ if 2 drop-locals
        ] curry curry [ 2drop "Warning: test skipped!" print ] if
        3 drop-locals
    ]
    experiment
(O) (unit-test)
(O) assert-sequence=
(O) assert-sequence
(O) M\ object throw
(U) [
        OBJ-CURRENT-THREAD special-object error-thread set-global
        current-continuation => error-continuation set-global
        [ original-error set-global ] [ rethrow ] bi
    ]

resource:reference/arm64-gap-abi-20260908/abi-tests.factor: 77

Unit Test: { { 64.0 } [ 1 2 3 4 5 6 7 8 9 <longs> 10 abi_int_boundary ] }

=== Expected:
64.0
=== Got:
4313595657.0
(U) [ c-to-factor => ]
    c-to-factor
(U) [ [ (get-catchstack) push ] dip call => (get-catchstack) pop* ]
(O) command-line-startup
(O) run-script
(U) [
        2dup check-call-effect 2dup [
            ~quotation~ dip
            dup terminated?>> ~quotation~ ~quotation~ if
        ] 2dip => rot [ 2drop ] [ wrong-values ] if
    ]
(U) [
        [ ~quotation~ dip dip ] dip => dup terminated?>>
        [ 2drop f ]
        [ dup in>> length swap out>> length check-datastack ] if
    ]
(U) [ swap [ call ] dip => ]
    dip
(U) [ output>array => datastack. ]
(U) [ [ ~quotation~ ~quotation~ bi ] dip => nsequence ]
    output>sequence
(U) [ [ keep ] dip => call ]
    bi
(U) [ over [ call ] dip => ]
    keep
(U) [
        "cpu.architecture" reload "cpu.arm.64.assembler" reload
        "cpu.arm.64" reload "compiler.cfg.builder.alien" reload
        "resource:reference/arm64-gap-abi-20260908/abi-tests.factor"
        run-test-file => :test-failures "test failures" .
        test-failures get length dup . "compiler errors" .
        compiler-errors get assoc-size dup . + 0 = 0 1 ? exit
    ]
(O) run-test-file
(U) [
        { 40147957488.0 } [
            1 2 3 4 5 6 7 8 -9 250 -300 60000 -70000 3000000000
            -123456789 abi_narrow
        ] \ (unit-test) 8 experiment
        { 40147957488.0 } [
            1 2 3 4 5 6 7 8 -9 250 -300 60000 -70000 3000000000
            -123456789 "abi_narrow" "gap-abi" library-dll dlsym
            indirect-narrow
        ] \ (unit-test) 10 experiment
        { 40147957488.0 }
        [ callback-narrow ~quotation~ with-callback ] \ (unit-test)
        12 experiment
        { 506.0 }
        [ 1.0 2.0 3.0 4.0 5.0 6.0 7.0 8.0 9.0 10.0 11.0 abi_floats ]
        \ (unit-test) 15 experiment
        { 506.0 } [
            1.0 2.0 3.0 4.0 5.0 6.0 7.0 8.0 9.0 10.0 11.0
            "abi_floats" "gap-abi" library-dll dlsym indirect-floats
        ] \ (unit-test) 17 experiment
        { 506.0 } [ callback-floats ~quotation~ with-callback ]
        \ (unit-test) 19 experiment
        { -2610657.0 } [
            1 2 3 4 5 6 7 8 1.0 2.0 3.0 4.0 5.0 6.0 7.0 8.0 -9 9.5
            -1000 10.25 -123456 abi_mixed
        ] \ (unit-test) 22 experiment
        { -2610657.0 } [
            1 2 3 4 5 6 7 8 1.0 2.0 3.0 4.0 5.0 6.0 7.0 8.0 -9 9.5
            -1000 10.25 -123456 "abi_mixed" "gap-abi" library-dll
            dlsym indirect-mixed
        ] \ (unit-test) 24 experiment
        { -2610657.0 } [ callback-mixed ~quotation~ with-callback ]
        \ (unit-test) 26 experiment
        { -35.0 } [ 1 2.5 -3 4.25 -5 -4 direct-var ] \ (unit-test)
        28 experiment
        { 662.0 } [ 1 2 3 4 5 6 7 8 9 10 11 13.0 direct-var-spill ]
        \ (unit-test) 30 experiment
        { -35.0 } [
            1 2.5 -3 4.25 -5 -4 "abi_var" "gap-abi" library-dll
            dlsym indirect-var
        ] \ (unit-test) 34 experiment
        { 662.0 } [
            1 2 3 4 5 6 7 8 9 10 11 13.0 "abi_var_spill" "gap-abi"
            library-dll dlsym indirect-var-spill
        ] \ (unit-test) 37 experiment
        { -35.0 } [ 1 2.5 -3 4.25 -5 -4 syntax-var ] \ (unit-test)
        39 experiment
        { 55.0 } [ 1.0 2.0 <pair> 3.0 4.0 <pair> 5 abi_var_hfa ]
        \ (unit-test) 44 experiment
        { 55.0 } [
            1.0 2.0 <pair> 3.0 4.0 <pair>
            5 "abi_var_hfa" "gap-abi" library-dll dlsym
            indirect-var-hfa
        ] \ (unit-test) 46 experiment
        { 47.0 } [ 1 2 3 4 5 6 7 8 -9 10 11 <ints> -12 abi_struct ]
        \ (unit-test) 51 experiment
        { 47.0 } [ struct-callback ~quotation~ with-callback ]
        \ (unit-test) 53 experiment
        { 64.0 } [
            1.0 2.0 3.0 4.0 5.0 6.0 7.0 8.0 9.0 <pair>
            10.0 abi_hfa_boundary
        ] \ (unit-test) 56 experiment
        { 64.0 } [ hfa-callback ~quotation~ with-callback ]
        \ (unit-test) 58 ~37 more~
    ]
(U) [
        2 load-locals -1 get-local <experiment> load-local
        silent-tests? get 0 get-local
        [ load-local 0 get-local experiment. 1 drop-locals ] curry
        unless -2 get-local execute => 0 get-local -1 get-local [
            2 load-locals -1 get-local 0 get-local ~quotation~ curry
            curry ~quotation~ if 2 drop-locals
        ] curry curry [ 2drop "Warning: test skipped!" print ] if
        3 drop-locals
    ]
    experiment
(O) (unit-test)
(O) assert-sequence=
(O) assert-sequence
(O) M\ object throw
(U) [
        OBJ-CURRENT-THREAD special-object error-thread set-global
        current-continuation => error-continuation set-global
        [ original-error set-global ] [ rethrow ] bi
    ]

resource:reference/arm64-gap-abi-20260908/abi-tests.factor: 79

Unit Test: {
    { 64.0 }
    [ int-callback [ call_int_boundary ] with-callback ]
}

=== Expected:
64.0
=== Got:
53.0
(U) [ c-to-factor => ]
    c-to-factor
(U) [ [ (get-catchstack) push ] dip call => (get-catchstack) pop* ]
(O) command-line-startup
(O) run-script
(U) [
        2dup check-call-effect 2dup [
            ~quotation~ dip
            dup terminated?>> ~quotation~ ~quotation~ if
        ] 2dip => rot [ 2drop ] [ wrong-values ] if
    ]
(U) [
        [ ~quotation~ dip dip ] dip => dup terminated?>>
        [ 2drop f ]
        [ dup in>> length swap out>> length check-datastack ] if
    ]
(U) [ swap [ call ] dip => ]
    dip
(U) [ output>array => datastack. ]
(U) [ [ ~quotation~ ~quotation~ bi ] dip => nsequence ]
    output>sequence
(U) [ [ keep ] dip => call ]
    bi
(U) [ over [ call ] dip => ]
    keep
(U) [
        "cpu.architecture" reload "cpu.arm.64.assembler" reload
        "cpu.arm.64" reload "compiler.cfg.builder.alien" reload
        "resource:reference/arm64-gap-abi-20260908/abi-tests.factor"
        run-test-file => :test-failures "test failures" .
        test-failures get length dup . "compiler errors" .
        compiler-errors get assoc-size dup . + 0 = 0 1 ? exit
    ]
(O) run-test-file
(U) [
        { 40147957488.0 } [
            1 2 3 4 5 6 7 8 -9 250 -300 60000 -70000 3000000000
            -123456789 abi_narrow
        ] \ (unit-test) 8 experiment
        { 40147957488.0 } [
            1 2 3 4 5 6 7 8 -9 250 -300 60000 -70000 3000000000
            -123456789 "abi_narrow" "gap-abi" library-dll dlsym
            indirect-narrow
        ] \ (unit-test) 10 experiment
        { 40147957488.0 }
        [ callback-narrow ~quotation~ with-callback ] \ (unit-test)
        12 experiment
        { 506.0 }
        [ 1.0 2.0 3.0 4.0 5.0 6.0 7.0 8.0 9.0 10.0 11.0 abi_floats ]
        \ (unit-test) 15 experiment
        { 506.0 } [
            1.0 2.0 3.0 4.0 5.0 6.0 7.0 8.0 9.0 10.0 11.0
            "abi_floats" "gap-abi" library-dll dlsym indirect-floats
        ] \ (unit-test) 17 experiment
        { 506.0 } [ callback-floats ~quotation~ with-callback ]
        \ (unit-test) 19 experiment
        { -2610657.0 } [
            1 2 3 4 5 6 7 8 1.0 2.0 3.0 4.0 5.0 6.0 7.0 8.0 -9 9.5
            -1000 10.25 -123456 abi_mixed
        ] \ (unit-test) 22 experiment
        { -2610657.0 } [
            1 2 3 4 5 6 7 8 1.0 2.0 3.0 4.0 5.0 6.0 7.0 8.0 -9 9.5
            -1000 10.25 -123456 "abi_mixed" "gap-abi" library-dll
            dlsym indirect-mixed
        ] \ (unit-test) 24 experiment
        { -2610657.0 } [ callback-mixed ~quotation~ with-callback ]
        \ (unit-test) 26 experiment
        { -35.0 } [ 1 2.5 -3 4.25 -5 -4 direct-var ] \ (unit-test)
        28 experiment
        { 662.0 } [ 1 2 3 4 5 6 7 8 9 10 11 13.0 direct-var-spill ]
        \ (unit-test) 30 experiment
        { -35.0 } [
            1 2.5 -3 4.25 -5 -4 "abi_var" "gap-abi" library-dll
            dlsym indirect-var
        ] \ (unit-test) 34 experiment
        { 662.0 } [
            1 2 3 4 5 6 7 8 9 10 11 13.0 "abi_var_spill" "gap-abi"
            library-dll dlsym indirect-var-spill
        ] \ (unit-test) 37 experiment
        { -35.0 } [ 1 2.5 -3 4.25 -5 -4 syntax-var ] \ (unit-test)
        39 experiment
        { 55.0 } [ 1.0 2.0 <pair> 3.0 4.0 <pair> 5 abi_var_hfa ]
        \ (unit-test) 44 experiment
        { 55.0 } [
            1.0 2.0 <pair> 3.0 4.0 <pair>
            5 "abi_var_hfa" "gap-abi" library-dll dlsym
            indirect-var-hfa
        ] \ (unit-test) 46 experiment
        { 47.0 } [ 1 2 3 4 5 6 7 8 -9 10 11 <ints> -12 abi_struct ]
        \ (unit-test) 51 experiment
        { 47.0 } [ struct-callback ~quotation~ with-callback ]
        \ (unit-test) 53 experiment
        { 64.0 } [
            1.0 2.0 3.0 4.0 5.0 6.0 7.0 8.0 9.0 <pair>
            10.0 abi_hfa_boundary
        ] \ (unit-test) 56 experiment
        { 64.0 } [ hfa-callback ~quotation~ with-callback ]
        \ (unit-test) 58 ~37 more~
    ]
(U) [
        2 load-locals -1 get-local <experiment> load-local
        silent-tests? get 0 get-local
        [ load-local 0 get-local experiment. 1 drop-locals ] curry
        unless -2 get-local execute => 0 get-local -1 get-local [
            2 load-locals -1 get-local 0 get-local ~quotation~ curry
            curry ~quotation~ if 2 drop-locals
        ] curry curry [ 2drop "Warning: test skipped!" print ] if
        3 drop-locals
    ]
    experiment
(O) (unit-test)
(O) assert-sequence=
(O) assert-sequence
(O) M\ object throw
(U) [
        OBJ-CURRENT-THREAD special-object error-thread set-global
        current-continuation => error-continuation set-global
        [ original-error set-global ] [ rethrow ] bi
    ]

resource:reference/arm64-gap-abi-20260908/abi-tests.factor: 81

Unit Test: {
    { 107.0 }
    [
        1 2 3 4 5 6 7 8 1.0 2.0 3.0 4.0 5.0 6.0 7.0 8.0 -9 10.0
        11.0 <pair> 12.0 abi_hfa_stack
    ]
}

=== Expected:
107.0
=== Got:
NAN: -20000000
(U) [ c-to-factor => ]
    c-to-factor
(U) [ [ (get-catchstack) push ] dip call => (get-catchstack) pop* ]
(O) command-line-startup
(O) run-script
(U) [
        2dup check-call-effect 2dup [
            ~quotation~ dip
            dup terminated?>> ~quotation~ ~quotation~ if
        ] 2dip => rot [ 2drop ] [ wrong-values ] if
    ]
(U) [
        [ ~quotation~ dip dip ] dip => dup terminated?>>
        [ 2drop f ]
        [ dup in>> length swap out>> length check-datastack ] if
    ]
(U) [ swap [ call ] dip => ]
    dip
(U) [ output>array => datastack. ]
(U) [ [ ~quotation~ ~quotation~ bi ] dip => nsequence ]
    output>sequence
(U) [ [ keep ] dip => call ]
    bi
(U) [ over [ call ] dip => ]
    keep
(U) [
        "cpu.architecture" reload "cpu.arm.64.assembler" reload
        "cpu.arm.64" reload "compiler.cfg.builder.alien" reload
        "resource:reference/arm64-gap-abi-20260908/abi-tests.factor"
        run-test-file => :test-failures "test failures" .
        test-failures get length dup . "compiler errors" .
        compiler-errors get assoc-size dup . + 0 = 0 1 ? exit
    ]
(O) run-test-file
(U) [
        2 load-locals -1 get-local <experiment> load-local
        silent-tests? get 0 get-local
        [ load-local 0 get-local experiment. 1 drop-locals ] curry
        unless -2 get-local execute => 0 get-local -1 get-local [
            2 load-locals -1 get-local 0 get-local ~quotation~ curry
            curry ~quotation~ if 2 drop-locals
        ] curry curry [ 2drop "Warning: test skipped!" print ] if
        3 drop-locals
    ]
    experiment
(O) (unit-test)
(O) assert-sequence=
(O) assert-sequence
(O) M\ object throw
(U) [
        OBJ-CURRENT-THREAD special-object error-thread set-global
        current-continuation => error-continuation set-global
        [ original-error set-global ] [ rethrow ] bi
    ]
"test failures"
25
"compiler errors"
0
