linear-scan-allocator
Unit Test: {
    { t }
    [
        {
            T{ ##mul { dst 2 } { src1 0 } { src2 1 } }
            T{ ##neg { dst 3 } { src 2 } }
        } fused-insns last
        T{ ##mneg { dst 3 } { src1 0 } { src2 1 } } =
    ]
}
Unit Test: {
    { 0 }
    [
        {
            T{ ##mul { dst 2 } { src1 0 } { src2 1 } }
            T{ ##neg { dst 3 } { src 2 } }
            T{ ##add { dst 4 } { src1 2 } { src2 3 } }
        } fused-insns [ ##mneg? ] count
    ]
}
Unit Test: {
    { 0 }
    [
        {
            T{ ##fixnum-mul { dst 2 } { src1 0 } { src2 1 } }
            T{ ##neg { dst 3 } { src 2 } }
        } fused-insns [ ##mneg? ] count
    ]
}
Unit Test: {
    { 1 }
    [
        [ { fixnum fixnum } declare fixnum*fast -1 fixnum*fast ]
        [ ##mneg? ] count-insns
    ]
}
Unit Test: {
    { 0 }
    [
        [ { fixnum fixnum } declare fixnum*fast -1 fixnum*fast ]
        [ ##mul? ] count-insns
    ]
}
Unit Test: {
    { -42 }
    [
        6 7
        [ { fixnum fixnum } declare fixnum*fast -1 fixnum*fast ]
        compile-call
    ]
}
Unit Test: {
    { 42 }
    [
        -6 7
        [ { fixnum fixnum } declare fixnum*fast -1 fixnum*fast ]
        compile-call
    ]
}
Unit Test: {
    { 0 }
    [
        0 -7
        [ { fixnum fixnum } declare fixnum*fast -1 fixnum*fast ]
        compile-call
    ]
}
Unit Test: {
    { -49 }
    [
        7
        [ { fixnum } declare dup fixnum*fast -1 fixnum*fast ]
        compile-call
    ]
}
Unit Test: {
    { t }
    [
        most-negative-fixnum 1
        [ { fixnum fixnum } declare fixnum*fast -1 fixnum*fast ]
        compile-call most-negative-fixnum =
    ]
}
Unit Test: {
    { 2 }
    [
        most-positive-fixnum 2
        [ { fixnum fixnum } declare fixnum*fast -1 fixnum*fast ]
        compile-call
    ]
}
Unit Test: {
    { t }
    [
        most-positive-fixnum 2 * neg most-positive-fixnum 2
        [ { fixnum fixnum } declare * neg ] compile-call =
    ]
}
Unit Test: { { 0 } [ shared-use-in-successor ] }
resource:basis/compiler/tests/alien.factor
Must Fail: { [ [ void { } "cdecl" alien-indirect ] infer ] }
Must Fail: { [ [ "void" { } cdecl alien-indirect ] infer ] }
Must Fail: { [ [ void* 3 cdecl alien-indirect ] infer ] }
Must Fail: { [ [ void* { "int" } cdecl alien-indirect ] infer ] }
Must Fail: { [ [ void* { int } cdecl { } alien-callback ] infer ] }
Unit Test: { { } [ ffi_test_0 ] }
Unit Test: { { 3 } [ ffi_test_1 ] }
Unit Test: { { } [ \ ffi_test_1 def>> [ drop ] append compile-call ] }
Unit Test: { { 5 } [ 2 3 ffi_test_2 ] }
Must Fail: { [ "hi" 3 ffi_test_2 ] }
Unit Test: { { 25 } [ 2 3 4 5 ffi_test_3 ] }
Unit Test: { { 1.5 } [ ffi_test_4 ] }
Unit Test: { { 1.5 } [ ffi_test_5 ] }
Unit Test: { { 28 } [ 1 2 3 4 5 6 7 ffi_test_9 ] }
Must Fail: { [ "a" 2 3 4 5 6 7 ffi_test_9 ] }
Must Fail: { [ 1 2 3 4 5 6 "a" ffi_test_9 ] }
Unit Test: { { 14 } [ 1 2 3 make-FOO 4 ffi_test_11 ] }
Unit Test: { { 66 } [ 1 2 3 4 5 6 7 8 9 10 11 ffi_test_13 ] }
Unit Test: { { 11 6 } [ 11 6 ffi_test_14 [ x>> ] [ y>> ] bi ] }
Unit Test: { { "foo" } [ "xy" "zt" ffi_test_15 ] }
Unit Test: { { "bar" } [ "xy" "xy" ffi_test_15 ] }
Must Fail: { [ 1 2 ffi_test_15 ] }
Unit Test: {
    { 11 6 -7 }
    [ 11 6 -7 ffi_test_16 [ x>> ] [ y>> ] [ z>> ] tri ]
}
Unit Test: { { 11 } [ 11 ffi_test_17 x>> ] }
Must Fail With: { [ [ alien-indirect ] infer ] [ inference-error? ] }
Must Infer As: { { 1 1 } [ indirect-test-1 ] }
Unit Test: { { 3 } [ "ffi_test_1" "f-cdecl" address-of indirect-test-1 ] }
Must Infer As: { { 1 0 } [ indirect-test-1' ] }
Unit Test: { { } [ "ffi_test_1" "f-cdecl" address-of indirect-test-1' ] }
Must Fail: { [ -1 indirect-test-1 ] }
Must Infer As: { { 3 1 } [ indirect-test-2 ] }
Unit Test: {
    { 5 }
    [ 2 3 "ffi_test_2" "f-cdecl" address-of indirect-test-2 ]
}
Unit Test: { { f } [ "f-stdcall" library-dll f = ] }
Unit Test: { { stdcall } [ "f-stdcall" lookup-library abi>> ] }
Unit Test: { { 25 } [ 2 3 4 5 ffi_test_18 ] }
Unit Test: {
    { 11 6 -7 }
    [ 11 6 -7 ffi_test_19 [ x>> ] [ y>> ] [ z>> ] tri ]
}
Unit Test: { { 25 85 } [ 2 3 4 5 6 7 8 9 multi_ffi_test_18 ] }
Unit Test: { { 6.0 } [ 3.0 2.0 ffi_test_6 ] }
Must Fail: { [ "a" "b" ffi_test_6 ] }
Unit Test: { { 6.0 } [ 3.0 2.0 ffi_test_7 ] }
Unit Test: { { 19.0 } [ 3.0 2.0 1.0 6.0 7 ffi_test_8 ] }
Unit Test: { { -34 } [ 1 2 3.0 4 5.0 6 7 8 ffi_test_10 ] }
Unit Test: { { } [ 1.0 2.0 3.0 4.0 5.0 6.0 7.0 8.0 9.0 ffi_test_20 ] }
Unit Test: { { 861 3 } [ 42 [ ] each-integer ffi_test_31 ] }
Unit Test: { { 861.0 } [ 42 [ >float ] each-integer ffi_test_31_point_5 ] }
Unit Test: { { 121932631112635269 } [ 123456789 987654321 ffi_test_21 ] }
Unit Test: {
    { 987655432 }
    [ 1111 121932631112635269 123456789 ffi_test_22 ]
}
Must Fail: { [ 1111 f 123456789 ffi_test_22 ] }
Unit Test: { { 45 } [ 1 2 3.0 4.0 5.0 6.0 <RECT> 7 8 9 ffi_test_12 ] }
Must Fail: { [ 1 2 { 1 2 3 } 7 8 9 ffi_test_12 ] }
Unit Test: {
    { 32.0 }
    [
        { 1.0 2.0 3.0 } float >c-array
        { 4.0 5.0 6.0 } float >c-array ffi_test_23
    ]
}
Unit Test: { { S{ test-struct-1 { x char-array{ 1 } } } } [ ffi_test_24 ] }
Unit Test: {
    { S{ test-struct-2 { x char-array{ 1 2 } } } }
    [ ffi_test_25 ]
}
Unit Test: {
    { S{ test-struct-3 { x char-array{ 1 2 3 } } } }
    [ ffi_test_26 ]
}
Unit Test: {
    { S{ test-struct-4 { x char-array{ 1 2 3 4 } } } }
    [ ffi_test_27 ]
}
Unit Test: {
    { S{ test-struct-5 { x char-array{ 1 2 3 4 5 } } } }
    [ ffi_test_28 ]
}
Unit Test: {
    { S{ test-struct-6 { x char-array{ 1 2 3 4 5 6 } } } }
    [ ffi_test_29 ]
}
Unit Test: {
    { S{ test-struct-7 { x char-array{ 1 2 3 4 5 6 7 } } } }
    [ ffi_test_30 ]
}
Unit Test: {
    { 9.0 }
    [ test-struct-8 <struct> 1.0 >>x 2.0 >>y 3 ffi_test_32 ]
}
Unit Test: {
    { 9.0 }
    [ test-struct-9 <struct> 1.0 >>x 2.0 >>y 3 ffi_test_33 ]
}
Unit Test: {
    { 9.0 }
    [ test-struct-10 <struct> 1.0 >>x 2 >>y 3 ffi_test_34 ]
}
Unit Test: {
    { 9.0 }
    [ test-struct-11 <struct> 1 >>x 2 >>y 3 ffi_test_35 ]
}
Unit Test: { { 1.23456 } [ 1.23456 make-struct-12 ffi_test_36 ] }
Unit Test: { { t } [ 31 2^ 32 2^ ffi_test_38 63 2^ = ] }
Unit Test: { { t } [ callback-throws [ alien? ] with-callback ] }
Unit Test: {
    { 0 1 }
    [ [ callback-1 ] infer [ in>> length ] [ out>> length ] bi ]
}
Unit Test: { { t } [ callback-1 [ alien? ] with-callback ] }
Unit Test: { { } [ callback-1 [ callback_test_1 ] with-callback ] }
Unit Test: { { } [ callback-2 [ callback_test_1 ] with-callback ] }
Unit Test: {
    { t 3 5 }
    [
        [
            (get-namestack) 3 "x" set callback-3
            [ callback_test_1 ] with-callback
            (get-namestack) eq? "x" get "x" get-global
        ] with-scope
    ]
}
Unit Test: {
    { "testing" }
    [ "testing" callback-5 [ callback_test_1 ] with-callback ]
}
Unit Test: {
    { "testing" }
    [ "testing" callback-5b [ callback_test_1 ] with-callback ]
}
Unit Test: {
    { 1 2 3 }
    [ callback-6 [ callback_test_1 1 2 3 ] with-callback ]
}
Unit Test: {
    { 1 2 3 }
    [ callback-7 [ callback_test_1 1 2 3 ] with-callback ]
}
Unit Test: { { f } [ namespace global eq? ] }
Unit Test: { { } [ callback-8 [ callback_test_1 ] with-callback ] }
Unit Test: { { } [ ffi_test_36_point_5 ] }
Unit Test: { { 1 } [ callback-9 [ ffi_test_37 ] with-callback ] }
Unit Test: { { 7 } [ callback-9 [ ffi_test_37 ] with-callback ] }
Unit Test: { { 21 } [ 12347 12347 make-test-struct-13 ffi_test_39 ] }
Unit Test: {
    { byte-array 1.0 2.0 3.0 4.0 }
    [
        1.0 2.0 3.0 4.0 <double-rect> double-rect-callback [
            double-rect-test
            [ >c-ptr class-of ] [ >double-rect< ] bi
        ] with-callback
    ]
}
Unit Test: { { 1.0 2.0 } [ 1.0 2.0 ffi_test_40 [ x1>> ] [ x2>> ] bi ] }
Unit Test: {
    { 1.0 2.0 }
    [
        1.0 2.0 callback-10
        [ callback-10-test [ x1>> ] [ x2>> ] bi ] with-callback
    ]
}
Unit Test: { { 1 2.0 } [ 1 2.0 ffi_test_41 [ a>> ] [ x>> ] bi ] }
Unit Test: {
    { 1 2.0 }
    [
        1 2.0 callback-11
        [ callback-11-test [ a>> ] [ x>> ] bi ] with-callback
    ]
}
Unit Test: { { 1.0 2.0 } [ 1.0 2.0 ffi_test_42 [ x>> ] [ y>> ] bi ] }
Unit Test: {
    { 1.0 2.0 }
    [
        1.0 2.0 callback-12
        [ callback-12-test [ x>> ] [ y>> ] bi ] with-callback
    ]
}
Unit Test: { { 1.0 2 } [ 1.0 2 ffi_test_43 [ x>> ] [ a>> ] bi ] }
Unit Test: {
    { 1.0 2 }
    [
        1.0 2 callback-13
        [ callback-13-test [ x>> ] [ a>> ] bi ] with-callback
    ]
}
Unit Test: { { 1.0 2.0 } [ ffi_test_44 [ x1>> ] [ x2>> ] bi ] }
Must Not Fail: { [ stack-frame-bustage ] }
Unit Test: { { C{ 3.0 0.0 } } [ 3 ffi_test_45 ] }
Unit Test: { { C{ 3.0 0.0 } } [ 3 ffi_test_46 ] }
Unit Test: { { C{ 4.0 4.0 } } [ C{ 1.0 2.0 } C{ 1.5 1.0 } ffi_test_47 ] }
Unit Test: {
    { 123 }
    [ bool-field-test <struct> 123 >>parents ffi_test_48 ]
}
Unit Test: {
    { 200 }
    [
        thread-callback-2
        [ thread-callback-invoker ] with-callback
    ]
}
Unit Test: { { 100 } [ "p" get ?promise ] }
Unit Test: { { } [ assembly-test-1 ] }
Unit Test: { { f } [ "f-fastcall" library-dll f = ] }
Unit Test: { { fastcall } [ "f-fastcall" lookup-library abi>> ] }
Unit Test: { { 4 } [ 3 ffi_test_49 ] }
Unit Test: { { 8 } [ 3 4 ffi_test_50 ] }
Unit Test: { { 13 } [ 3 4 5 ffi_test_51 ] }
Unit Test: { { 13 22 } [ 3 4 5 6 7 8 multi_ffi_test_51 ] }
Unit Test: { { t } [ most-positive-fixnum 1 + [ ffi_test_59 ] keep = ] }
Unit Test: { { t } [ most-positive-fixnum 1 + [ ffi_test_60 ] keep = ] }
Unit Test: { { -1 } [ -1 ffi_test_59 ] }
Unit Test: { { -1 } [ 18446744073709551615 ffi_test_59 ] }
Unit Test: { { 18446744073709551615 } [ -1 ffi_test_60 ] }
Unit Test: {
    { 18446744073709551615 }
    [ 18446744073709551615 ffi_test_60 ]
}
Unit Test: { { 13 } [ 3 4.0 5 ffi_test_52 ] }
Unit Test: { { 19 } [ 3 4.0 5 6 ffi_test_53 ] }
Unit Test: { { S{ test-struct-11 { x 7 } { y -1 } } } [ 3 4 ffi_test_57 ] }
Unit Test: {
    { S{ test-struct-11 { x 7 } { y -3 } } }
    [ 3 4 7 ffi_test_58 ]
}
Unit Test: {
    { 8 }
    [
        3 4 "ffi_test_50" "f-cdecl" address-of
        fastcall-ii-indirect
    ]
}
Unit Test: {
    { 13 }
    [
        3 4 5 "ffi_test_51" "f-cdecl" address-of
        fastcall-iii-indirect
    ]
}
Unit Test: {
    { 13 }
    [
        3 4.0 5 "ffi_test_52" "f-cdecl" address-of
        fastcall-ifi-indirect
    ]
}
Unit Test: {
    { 19 }
    [
        3 4.0 5 6 "ffi_test_53" "f-cdecl" address-of
        fastcall-ifii-indirect
    ]
}
Unit Test: {
    { S{ test-struct-11 { x 7 } { y -1 } } }
    [
        3 4 "ffi_test_57" "f-cdecl" address-of
        fastcall-struct-return-ii-indirect
    ]
}
Unit Test: {
    { S{ test-struct-11 { x 7 } { y -3 } } }
    [
        3 4 7 "ffi_test_58" "f-cdecl" address-of
        fastcall-struct-return-iii-indirect
    ]
}
Unit Test: {
    { 8 }
    [
        3 4 fastcall-ii-callback
        [ fastcall-ii-indirect ] with-callback
    ]
}
Unit Test: {
    { 13 }
    [
        3 4 5 fastcall-iii-callback
        [ fastcall-iii-indirect ] with-callback
    ]
}
Unit Test: {
    { 13 }
    [
        3 4.0 5 fastcall-ifi-callback
        [ fastcall-ifi-indirect ] with-callback
    ]
}
Unit Test: {
    { 19 }
    [
        3 4.0 5 6 fastcall-ifii-callback
        [ fastcall-ifii-indirect ] with-callback
    ]
}
Unit Test: {
    { S{ test-struct-11 { x 7 } { y -1 } } }
    [
        3 4 fastcall-struct-return-ii-callback
        [ fastcall-struct-return-ii-indirect ] with-callback
    ]
}
Unit Test: {
    { S{ test-struct-11 { x 7 } { y -3 } } }
    [
        3 4 7 fastcall-struct-return-iii-callback
        [ fastcall-struct-return-iii-indirect ] with-callback
    ]
}
Unit Test: {
    { 661 }
    [
        100 500 50 10 1 x64-regression-1
        [ x64-regression-2 ] with-callback
    ]
}
Unit Test: { { 3 } [ blah ] }
Unit Test: { { 12 } [ out-param-test-1 ] }
Unit Test: { { 12 } [ out-param-test-2 ] }
Unit Test: { { 3.0 4.0 } [ out-param-test-3 ] }
Unit Test: {
    { 12 }
    [
        6 out-param-callback
        [ out-param-indirect ] with-callback
    ]
}
Unit Test: {
    { T{ some-tuple { x 5.0 } } }
    [
        [
            some-tuple new aa-callback-1
            [ aa-indirect-1 ] with-callback >>x
        ] compile-call
    ]
}
Unit Test: { { } [ anton's-regression ] }
Unit Test: { { t } [ ffi_test_61 bool-and-ptr? ] }
Unit Test: { { { t f } } [ ffi_test_61 [ b>> ] [ ptr>> ] bi 2array ] }
Unit Test: {
    { S{ uint-pair { a 2882400171 } { b 305419896 } } }
    [ ffi_test_62 ]
}
Unit Test: {
    {
        S{ ulonglong-pair
            { a 12379814471884843981 }
            { b 1311768467302729063 }
        }
    }
    [ ffi_test_63 ]
}
Unit Test: {
    { t }
    [
        10 [ [ 100 random ] twice 2array ] replicate [
            [
                first2 [ <alien> ] dip bug1021_test_1
                alien-address
            ] map
        ] [ [ first2 sq + ] map ] bi =
    ]
}
Unit Test: {
    { }
    [
        minor-gc 2000
        [ 101 <alien> run-test [ alien-address ] map drop ]
        times
    ]
}
Unit Test: { { 30 60 } [ 2 10 20 do-sum-ints2 3 10 20 30 do-sum-ints3 ] }
Unit Test: {
    { 27.0 22.0 }
    [ 2 7 20 do-sum-doubles2 3 5 10 7 do-sum-doubles3 ]
}
Unit Test: { { } [ 10000 [ 0 doit 33 assert= ] times ] }
Unit Test: {
    { 28 }
    [
        1 2 3
        S{ test_struct_66 { mem1 4 } { mem2 5 } }
        S{ test_struct_66 { mem1 6 } { mem2 7 } } ffi_test_66
    ]
}
Unit Test: {
    { 28 }
    [
        1 2 3
        S{ test_struct_66 { mem1 4 } { mem2 5 } }
        S{ test_struct_66 { mem1 6 } { mem2 7 } } callback-14
        [ callback-14-test ] with-callback
    ]
}
Unit Test: {
    { 44 }
    [
        1 2 3
        S{ test_struct_66 { mem1 4 } { mem2 5 } }
        S{ test_struct_66 { mem1 6 } { mem2 7 } } 8 ffi_test_67
    ]
}
Unit Test: {
    { 44 }
    [
        1 2 3
        S{ test_struct_66 { mem1 4 } { mem2 5 } }
        S{ test_struct_66 { mem1 6 } { mem2 7 } } 8 callback-15
        [ callback-15-test ] with-callback
    ]
}
Unit Test: {
    { 55 }
    [
        1 2 3
        S{ test_struct_66 { mem1 4 } { mem2 5 } }
        S{ test_struct_68 { mem1 6 } { mem2 7 } { mem3 8 } }
        S{ test_struct_66 { mem1 9 } { mem2 10 } } ffi_test_68
    ]
}
Unit Test: {
    { 55 }
    [
        1 2 3
        S{ test_struct_66 { mem1 4 } { mem2 5 } }
        S{ test_struct_68 { mem1 6 } { mem2 7 } { mem3 8 } }
        S{ test_struct_66 { mem1 9 } { mem2 10 } } callback-16
        [ callback-16-test ] with-callback
    ]
}
Unit Test: {
    { 55 }
    [
        1 2 3
        S{ test_struct_66 { mem1 4 } { mem2 5 } }
        S{ test_struct_69 { mem1 6.0 } { mem2 7 } { mem3 8 } }
        S{ test_struct_66 { mem1 9 } { mem2 10 } } ffi_test_69
    ]
}
Unit Test: {
    { 55 }
    [
        1 2 3
        S{ test_struct_66 { mem1 4 } { mem2 5 } }
        S{ test_struct_69 { mem1 6.0 } { mem2 7 } { mem3 8 } }
        S{ test_struct_66 { mem1 9 } { mem2 10 } } callback-17
        [ callback-17-test ] with-callback
    ]
}
Unit Test: {
    { 36 }
    [
        S{ test_struct_68 { mem1 1 } { mem2 2 } { mem3 3 } }
        S{ test_struct_68 { mem1 4 } { mem2 5 } { mem3 6 } }
        S{ test_struct_66 { mem1 7 } { mem2 8 } } ffi_test_70
    ]
}
Unit Test: {
    { 36 }
    [
        S{ test_struct_68 { mem1 1 } { mem2 2 } { mem3 3 } }
        S{ test_struct_68 { mem1 4 } { mem2 5 } { mem3 6 } }
        S{ test_struct_66 { mem1 7 } { mem2 8 } } callback-18
        [ callback-18-test ] with-callback
    ]
}
resource:basis/compiler/tests/alien-large-return.factor
Unit Test: {
    { 6 15 24 }
    [
        1 2 3 4 5 6 7 8 9 ffi_test_large_return
        large-return-values
    ]
}
Unit Test: {
    { -6 -15 -24 }
    [
        -1 -2 -3 -4 -5 -6 -7 -8 -9 ffi_test_large_return
        large-return-values
    ]
}
Unit Test: {
    { 6 15 24 }
    [
        1 2 3 4 5 6 7 8 9 "ffi_test_large_return"
        "large-return-test" library-dll dlsym
        indirect-large-return large-return-values
    ]
}
Unit Test: {
    { 45 }
    [
        large-return-callback
        [ ffi_test_large_return_callback ] with-callback
    ]
}
Unit Test: {
    { 45 }
    [
        nested-large-return-callback
        [ ffi_test_large_return_callback ] with-callback
    ]
}
resource:basis/compiler/tests/alien-small-floats.factor
Unit Test: { { 1.5 } [ 1.5 half_identity ] }
Unit Test: {
    { -2.5 }
    [
        -2.5 "half_identity" "small-floats-test" library-dll
        dlsym half-indirect
    ]
}
Unit Test: { { 16.0 } [ 1 2.5 3.0 4.5 5 half_mixed ] }
Unit Test: { { 2.0 } [ half-cb [ 1.5 half_callback ] with-callback ] }
Unit Test: { { 55.0 } [ 1 2 3 4 5 6 7 8 9 10 half_overflow ] }
Unit Test: {
    { 55.0 }
    [
        half-overflow-cb
        [ half_overflow_callback ] with-callback
    ]
}
Unit Test: {
    { t }
    [
        {
            0.0
            -0.0
            1.0
            -1.0
            1.00048828125
            1.00146484375
            1.00390625
            1.01171875
            5.960464477539063e-8
            0.00006103515625
            65504.0
            65520.0
            1/0.
            -1/0.
        }
        [ [ half_bits ] [ half_convert float>half-bits ] bi = ]
        all?
    ]
}
Unit Test: {
    { t }
    [
        {
            0
            1
            2
            127
            128
            255
            256
            1023
            1024
            16383
            16384
            30000
            32768
            32769
            49152
        } [ [ half_from_bits float>half-bits ] keep = ] all?
    ]
}
Unit Test: { { 1.5 } [ 1.5 bfloat_identity ] }
Unit Test: {
    { -2.5 }
    [
        -2.5 "bfloat_identity" "small-floats-test" library-dll
        dlsym bfloat-indirect
    ]
}
Unit Test: { { 16.0 } [ 1 2.5 3.0 4.5 5 bfloat_mixed ] }
Unit Test: { { 2.0 } [ bfloat-cb [ 1.5 bfloat_callback ] with-callback ] }
Unit Test: { { 55.0 } [ 1 2 3 4 5 6 7 8 9 10 bfloat_overflow ] }
Unit Test: {
    { 55.0 }
    [
        bfloat-overflow-cb
        [ bfloat_overflow_callback ] with-callback
    ]
}
Unit Test: {
    { t }
    [
        {
            0.0
            -0.0
            1.0
            -1.0
            1.00048828125
            1.00146484375
            1.00390625
            1.01171875
            5.960464477539063e-8
            0.00006103515625
            65504.0
            65520.0
            1/0.
            -1/0.
        } [
            [ bfloat_bits ] [ bfloat_convert float>bfloat-bits ]
            bi =
        ] all?
    ]
}
Unit Test: {
    { t }
    [
        {
            0
            1
            2
            127
            128
            255
            256
            1023
            1024
            16383
            16384
            30000
            32768
            32769
            49152
        } [ [ bfloat_from_bits float>bfloat-bits ] keep = ] all?
    ]
}
Unit Test: {
    { 4.0 }
    [ mixed-small <struct> 1.5 >>a 2.5 >>b mixed_small_sum ]
}
Unit Test: {
    { t }
    [
        65536 <iota> [
            [ half_from_bits float>half-bits ]
            [ half-bits>float float>half-bits ] bi =
        ] all?
    ]
}
Unit Test: {
    { t }
    [
        65536 <iota> [
            [ bfloat_from_bits float>bfloat-bits ]
            [ bfloat-bits>float float>bfloat-bits ] bi =
        ] all?
    ]
}
Unit Test: { { 11.5 } [ 0 1.5 2.5 3 4.5 half_varargs ] }
Unit Test: { { 11.5 } [ 0 1.5 2.5 3 4.5 bfloat_varargs ] }
Unit Test: { { 1.0 1.0 } [ half_dirty_result bfloat_dirty_result ] }
Unit Test: { { 2.0 } [ 0 1.00048828125 1.00048828125 0 0.0 half_varargs ] }
Unit Test: { { 2.0 } [ 0 1.00390625 1.00390625 0 0.0 bfloat_varargs ] }
Unit Test: { { 806016 } [ 1 8 2 3 4 5 6 7 8 9 varout_half_bits ] }
Unit Test: { { 745872 } [ 1 8 2 3 4 5 6 7 8 9 varout_bfloat_bits ] }
Unit Test: {
    { 212.0 }
    [
        1
        float-4{ 1.0 2.0 3.0 4.0 } float-4{ 5.0 6.0 7.0 8.0 }
        float-4{ 9.0 10.0 11.0 12.0 } varout-vector-hva boa
        1 varout_vector_args
    ]
}
resource:basis/compiler/tests/alien-arm64-abi.factor
Unit Test: {
    { 40147957488.0 }
    [
        1 2 3 4 5 6 7 8 -9 250 -300 60000 -70000 3000000000
        -123456789 abi_narrow
    ]
}
Unit Test: {
    { 40147957488.0 }
    [
        1 2 3 4 5 6 7 8 -9 250 -300 60000 -70000 3000000000
        -123456789 "abi_narrow" "gap-abi" library-dll dlsym
        indirect-narrow
    ]
}
Unit Test: {
    { 40147957488.0 }
    [ callback-narrow [ call_narrow ] with-callback ]
}
Unit Test: {
    { 506.0 }
    [ 1.0 2.0 3.0 4.0 5.0 6.0 7.0 8.0 9.0 10.0 11.0 abi_floats ]
}
Unit Test: {
    { 506.0 }
    [
        1.0 2.0 3.0 4.0 5.0 6.0 7.0 8.0 9.0 10.0 11.0
        "abi_floats" "gap-abi" library-dll dlsym indirect-floats
    ]
}
Unit Test: { { 506.0 } [ callback-floats [ call_floats ] with-callback ] }
Unit Test: {
    { -2610657.0 }
    [
        1 2 3 4 5 6 7 8 1.0 2.0 3.0 4.0 5.0 6.0 7.0 8.0 -9 9.5
        -1000 10.25 -123456 abi_mixed
    ]
}
Unit Test: {
    { -2610657.0 }
    [
        1 2 3 4 5 6 7 8 1.0 2.0 3.0 4.0 5.0 6.0 7.0 8.0 -9 9.5
        -1000 10.25 -123456 "abi_mixed" "gap-abi" library-dll
        dlsym indirect-mixed
    ]
}
Unit Test: {
    { -2610657.0 }
    [ callback-mixed [ call_mixed ] with-callback ]
}
Unit Test: { { -35.0 } [ 1 2.5 -3 4.25 -5 -4 direct-var ] }
Unit Test: { { 662.0 } [ 1 2 3 4 5 6 7 8 9 10 11 13.0 direct-var-spill ] }
Unit Test: {
    { -35.0 }
    [
        1 2.5 -3 4.25 -5 -4 "abi_var" "gap-abi" library-dll
        dlsym indirect-var
    ]
}
Unit Test: {
    { 662.0 }
    [
        1 2 3 4 5 6 7 8 9 10 11 13.0 "abi_var_spill" "gap-abi"
        library-dll dlsym indirect-var-spill
    ]
}
Unit Test: { { -35.0 } [ 1 2.5 -3 4.25 -5 -4 syntax-var ] }
Unit Test: { { 55.0 } [ 1.0 2.0 <pair> 3.0 4.0 <pair> 5 abi_var_hfa ] }
Unit Test: {
    { 55.0 }
    [
        1.0 2.0 <pair> 3.0 4.0 <pair>
        5 "abi_var_hfa" "gap-abi" library-dll dlsym
        indirect-var-hfa
    ]
}
Unit Test: { { 47.0 } [ 1 2 3 4 5 6 7 8 -9 10 11 <ints> -12 abi_struct ] }
Unit Test: { { 47.0 } [ struct-callback [ call_struct ] with-callback ] }
Unit Test: {
    { 64.0 }
    [
        1.0 2.0 3.0 4.0 5.0 6.0 7.0 8.0 9.0 <pair>
        10.0 abi_hfa_boundary
    ]
}
Unit Test: {
    { 64.0 }
    [ hfa-callback [ call_hfa_boundary ] with-callback ]
}
Unit Test: {
    { 11.0 22.0 33.0 }
    [ <array-hfa> abi_array_hfa array-hfa-values ]
}
Unit Test: {
    { 11.0 22.0 33.0 }
    [
        <array-hfa> "abi_array_hfa" "gap-abi" library-dll dlsym
        indirect-array array-hfa-values
    ]
}
Unit Test: {
    { 154.0 }
    [ array-callback [ call_array_hfa ] with-callback ]
}
Unit Test: { { 20.0 } [ 1 <array-hfa> 5.0 abi_var_array ] }
Unit Test: { { 64.0 } [ 1 2 3 4 5 6 7 8 9 <longs> 10 abi_int_boundary ] }
Unit Test: {
    { 64.0 }
    [ int-callback [ call_int_boundary ] with-callback ]
}
Unit Test: {
    { 107.0 }
    [
        1 2 3 4 5 6 7 8 1.0 2.0 3.0 4.0 5.0 6.0 7.0 8.0 -9 10.0
        11.0 <pair> 12.0 abi_hfa_stack
    ]
}
resource:basis/compiler/tests/alien-varargs.factor
Unit Test: { { 255 } [ [ va_c_controls ] compile-call ] }
Unit Test: {
    { 0 }
    [
        [
            [ read-ints ] int-reader
            [ 0 va_call_ints ] with-callback
        ] compile-call
    ]
}
Unit Test: {
    { -1 }
    [
        [
            [ read-ints ] int-reader
            [ 1 va_call_ints ] with-callback
        ] compile-call
    ]
}
Unit Test: {
    { -28 }
    [
        [
            [ read-ints ] int-reader
            [ 7 va_call_ints ] with-callback
        ] compile-call
    ]
}
Unit Test: {
    { 78 }
    [
        [
            [ read-ints ] int-reader
            [ 12 va_call_ints ] with-callback
        ] compile-call
    ]
}
Unit Test: {
    { 78 }
    [
        [
            [ gc read-ints ] int-reader
            [ 12 va_call_ints ] with-callback
        ] compile-call
    ]
}
Unit Test: {
    { 1259.75 }
    [
        [
            double { int double } cdecl
            [ read-mixed ] alien-callback-varargs
            [ va_call_mixed ] with-callback
        ] compile-call
    ]
}
Unit Test: {
    { 86.0 }
    [
        [
            [
                14 load-locals -13 get-local -12 get-local +
                -11 get-local + -10 get-local + -9 get-local +
                -8 get-local + -7 get-local + -6 get-local +
                -5 get-local + -4 get-local + -3 get-local +
                -2 get-local 2 * + -1 get-local 3 * +
                0 get-local 4 * + 14 drop-locals
            ] named-spill-reader
            [ va_call_named_spill ] with-callback
        ] compile-call
    ]
}
Unit Test: {
    { 5.0 }
    [
        [
            [ read-aggregates ] aggregate-reader
            [ va_call_aggregates ] with-callback
        ] compile-call
    ]
}
Unit Test: { { 1 } [ [ va_hfa_spill_control ] compile-call ] }
Unit Test: {
    { 364.0 }
    [
        [
            [
                12 load-locals -11 get-local -10 get-local +
                -9 get-local + -8 get-local + -7 get-local +
                -6 get-local + -5 get-local + -4 get-local +
                -3 get-local x>> + -3 get-local y>> 2 * +
                -2 get-local 3 * +
                -1 get-local values>> first 4 * +
                -1 get-local values>> second 5 * +
                -1 get-local values>> third 6 * +
                0 get-local 7 * + 12 drop-locals
            ] hfa-spill-reader
            [ va_call_hfa_spill ] with-callback
        ] compile-call
    ]
}
Unit Test: {
    { -15769158013578 }
    [
        [
            [
                2 load-locals -1 get-local drop
                va-big <struct> 0 get-local longlong va-arg >>x
                0 get-local longlong va-arg >>y
                0 get-local longlong va-arg >>z
                [ gc read-ints ] int-reader
                [ 12 va_call_ints ] with-callback drop
                gc 2 drop-locals
            ] big-reader [ va_call_big_return ] with-callback
        ] compile-call
    ]
}
Unit Test: {
    { -3.75 }
    [
        [
            [
                3 load-locals -2 get-local drop
                va-pair <struct> -1 get-local >>x
                0 get-local >>y 3 drop-locals
            ] pair-reader [ va_call_pair_return ] with-callback
        ] compile-call
    ]
}
Unit Test: {
    { 3 }
    [
        [
            [
                2 load-locals -1 get-local drop
                0 get-local int va-arg 0 get-local va-copy int
                va-arg + 0 get-local int va-arg + 2 drop-locals
            ] int-reader [ 12 va_call_ints ] with-callback
        ] compile-call
    ]
}
Unit Test: {
    { 79 }
    [
        [
            [
                2 load-locals -1 get-local drop
                0 get-local int va-arg nested-int-callback
                [ 12 va_call_ints ] with-callback +
                0 get-local int va-arg + 2 drop-locals
            ] int-reader [ 12 va_call_ints ] with-callback
        ] compile-call
    ]
}
Unit Test: {
    { -1 }
    [
        [
            [
                2 load-locals -1 get-local drop
                0 get-local outer-args set-global
                nested-context-callback
                [ 0 va_call_ints ] with-callback drop
                0 get-local int va-arg 2 drop-locals
            ] int-reader [ 12 va_call_ints ] with-callback
        ] compile-call
    ]
}
Must Fail With: { [ outer-args get int va-arg ] [ expired-va-list? ] }
Unit Test: {
    { 0 }
    [
        [
            [
                2 load-locals -1 get-local drop
                0 get-local va-copy escaped-args set-global
                0 2 drop-locals
            ] int-reader [ 12 va_call_ints ] with-callback
        ] compile-call
    ]
}
Must Fail With: {
    [ [ escaped-args get int va-arg ] compile-call ]
    [ expired-va-list? ]
}
Unit Test: {
    { 0 }
    [
        [
            [ read-ints ] list-reader
            [ 0 va_call_list ] with-callback
        ] compile-call
    ]
}
Unit Test: {
    { 78 }
    [
        [
            [ read-ints ] list-reader
            [ 12 va_call_list ] with-callback
        ] compile-call
    ]
}
Unit Test: {
    { 155 }
    [
        [
            [
                2 load-locals
                -1 get-local 0 get-local va_sum_list
                -1 get-local 0 get-local va_sum_list +
                0 get-local int va-arg + 2 drop-locals
            ] list-reader [ 12 va_call_list ] with-callback
        ] compile-call
    ]
}
Unit Test: {
    { 155 }
    [
        [
            [
                2 load-locals
                -1 get-local 0 get-local va_sum_list
                -1 get-local 0 get-local va_sum_list +
                0 get-local int va-arg + 2 drop-locals
            ] int-reader [ 12 va_call_ints ] with-callback
        ] compile-call
    ]
}
Unit Test: {
    { 30 "value:-42:1.250:-1234567890123" }
    [ [ 128 formatted ] compile-call ]
}
Unit Test: { { 30 "value:-" } [ [ 8 formatted ] compile-call ] }
Unit Test: { { 30 "" } [ [ 0 formatted ] compile-call ] }
Unit Test: {
    { 30 "value:-42:1.250:-1234567890123" }
    [
        [
            [
                2 load-locals 128 <byte-array> load-local
                0 get-local 128 -2 get-local -1 get-local
                va-vsnprintf 0 get-local utf8 alien>string
                formatted-text set-global 3 drop-locals
            ] format-list-reader
            [ va_call_format_list ] with-callback
            formatted-text get
        ] compile-call
    ]
}
Unit Test: {
    { 25 ":-42:1.250:-1234567890123" }
    [
        [
            [
                2 load-locals -1 get-local drop
                0 get-local c-string va-arg drop
                128 <byte-array> load-local
                0 get-local 128 ":%d:%.*f:%lld" -1 get-local
                va-vsnprintf 0 get-local utf8 alien>string
                formatted-text set-global 3 drop-locals
            ] format-list-reader
            [ va_call_format_list ] with-callback
            formatted-text get
        ] compile-call
    ]
}
Unit Test: { { 1 } [ [ va_small_controls ] compile-call ] }
Unit Test: {
    { 384.5 }
    [
        [
            [
                4 load-locals gc -3 get-local -2 get-local 2 * +
                -1 get-local + 0 get-local half va-arg +
                0 get-local bfloat va-arg 2 * +
                0 get-local half va-arg 3 * +
                0 get-local bfloat va-arg 4 * +
                0 get-local half va-arg 5 * +
                0 get-local bfloat va-arg 6 * +
                0 get-local half va-arg 7 * +
                0 get-local bfloat va-arg 8 * +
                0 get-local half va-arg 9 * +
                0 get-local bfloat va-arg 10 * + 4 drop-locals
            ] small-reader [ va_call_small ] with-callback
        ] compile-call
    ]
}
Unit Test: {
    { 3.75 }
    [
        [
            [
                3 load-locals -2 get-local drop
                gc -1 get-local 0 get-local + 3 drop-locals
            ] small-return-reader
            [ va_call_small_return ] with-callback
        ] compile-call
    ]
}
Unit Test: { { 30 "value:-42:1.250:-1234567890123" } [ direct-formatted ] }
resource:basis/compiler/tests/alien-varargs-outgoing.factor
Unit Test: { { 570.0 } [ varout_control ] }
Unit Test: { { 317.0 } [ varout_split_control ] }
Unit Test: { { 285.0 } [ 1 2 3 4 5 6 7 8 9 varout_mixed ] }
Unit Test: {
    { 285.0 }
    [
        1 2 varout-small-hfa boa 3 4 5 varout-pair boa
        6 7 8 varout-hfa boa 9 varout_hfas
    ]
}
Unit Test: {
    { 317.0 }
    [ 1 2 3 4 5 6 7 4 5 varout-pair boa 10 varout_split ]
}
Unit Test: {
    { 16.0 27.0 38.0 }
    [
        10 6 7 8 varout-hfa boa varout_return
        [ x>> ] [ y>> ] [ z>> ] tri
    ]
}
Unit Test: {
    { 285.0 }
    [
        1 2 3 4 5 6 7 8 9 "varout_mixed" "varargs-outgoing"
        library-dll dlsym indirect-varout-mixed
    ]
}
Unit Test: {
    { 0 }
    [
        1 2 3 align-prior boa
        float-4{ 1.0 2.0 3.0 4.0 } float-4{ 5.0 6.0 7.0 8.0 }
        align-hva boa 1 varout_hva_alignment
    ]
}
Unit Test: {
    { 0 }
    [
        1 2 3 align-prior boa
        float-4{ 1.0 2.0 3.0 4.0 } float-4{ 5.0 6.0 7.0 8.0 }
        align-hva boa
        1 "varout_hva_alignment" "varargs-outgoing" library-dll
        dlsym indirect-alignment
    ]
}
Unit Test: {
    { 0 }
    [
        1 2 3 align-prior boa 1 varout_return_alignment
        alignment>>
    ]
}
Unit Test: {
    { t }
    [ align-vector-first heap-size varout_vector_first_size = ]
}
Unit Test: {
    { t }
    [
        align-vector-first c-type-align
        varout_vector_first_align =
    ]
}
Unit Test: {
    { t }
    [
        align-vector-union c-type-align
        varout_vector_union_align =
    ]
}
Unit Test: {
    { 36.0 }
    [
        1 2 float-4{ 1.0 2.0 3.0 4.0 } 3 align-vector-first boa
        varout_vector_first_after_int
    ]
}
Unit Test: {
    { 36.0 }
    [
        1 2 align-vector-union <struct>
        float-4{ 1.0 2.0 3.0 4.0 } >>value
        3 varout_vector_union_after_int
    ]
}
Unit Test: {
    { 2 30.0 }
    [
        64 malloc load-local 0 get-local [
            load-local 0 get-local [
                load-local 2 0 get-local 0 set-alien-signed-4
                1.0 0 get-local 16 set-alien-float
                2.0 0 get-local 20 set-alien-float
                3.0 0 get-local 24 set-alien-float
                4.0 0 get-local 28 set-alien-float
                0 get-local f f 0 0 macos <platform-va-cursor>
                load-local
                0 get-local int va-arg 0 get-local
                align-vector-union va-arg value>>
                { 1 2 3 4 } [ * ] 2map sum 2 drop-locals
            ] curry with-va-scope 1 drop-locals
        ] curry 0 get-local
        [ load-local 0 get-local free 1 drop-locals ] curry
        finally 1 drop-locals
    ]
}
resource:basis/compiler/tests/alien-varargs-promotions.factor
Unit Test: {
    { { 1 0 -1 255 65535 -7 65530 } }
    [ [ 7 <iota> [ vap_control_integer ] map ] compile-call ]
}
Unit Test: { { 1 } [ [ 0 t vap-bool ] compile-call ] }
Unit Test: { { 0 } [ [ 0 f vap-bool ] compile-call ] }
Unit Test: {
    { 1 }
    [ [ 0 "non-false Factor object" vap-bool ] compile-call ]
}
Unit Test: { { -7 } [ [ 0 -7 vap-char ] compile-call ] }
Unit Test: { { -1 } [ [ 0 255 vap-char ] compile-call ] }
Unit Test: { { 255 } [ [ 0 -1 vap-uchar ] compile-call ] }
Unit Test: { { 65535 } [ [ 0 -1 vap-ushort ] compile-call ] }
Unit Test: {
    { -7 }
    [
        [
            0 6148914691236517205 vap_poison drop
            0 vap-negative vap-signed
        ]
        compile-call
    ]
}
Unit Test: {
    { 65530 }
    [
        [
            0 6148914691236517205 vap_poison drop
            0 vap-positive vap-unsigned
        ]
        compile-call
    ]
}
Unit Test: { { -7 } [ [ 0 -7 vap-signed ] compile-call ] }
Unit Test: { { 65530 } [ [ 0 65530 vap-unsigned ] compile-call ] }
Unit Test: {
    { 0.10000000149011612 }
    [ [ vap_control_float ] compile-call ]
}
Unit Test: {
    { t }
    [ [ 0 0.1 vap-float vap_control_float = ] compile-call ]
}
Unit Test: {
    { 1 }
    [
        [
            0 t "vap_read_integer" "varargs-promotions"
            library-dll dlsym indirect-vap-bool
        ]
        compile-call
    ]
}
Unit Test: {
    { 65530 }
    [
        [
            0 vap-positive "vap_read_integer"
            "varargs-promotions" library-dll dlsym
            indirect-vap-unsigned
        ]
        compile-call
    ]
}
Unit Test: {
    { { 1 -7 65530 0.10000000149011612 } }
    [
        [
            [
                2 load-locals -1 get-local drop
                0 get-local bool va-arg 0 get-local
                vap-signed-enum va-arg 0 get-local
                vap-unsigned-enum va-arg 0 get-local float
                va-arg 4array promotion-values set-global
                0.0 2 drop-locals
            ] vap-runtime-reader
            [ vap_call_reader ] with-callback drop
            promotion-values get
        ]
        compile-call
    ]
}
Unit Test: {
    { { 1 -7 65530 0.10000000149011612 } }
    [
        [
            [
                5 load-locals -4 get-local drop
                -3 get-local -2 get-local -1 get-local 0
                get-local 4array promotion-values set-global
                0.0 5 drop-locals
            ] vap-tail-reader [ vap_call_reader ] with-callback
            drop promotion-values get
        ]
        compile-call
    ]
}
resource:basis/compiler/tests/alien-arm64-unions.factor
Unit Test: { { 11.25 } [ au-one <struct> 1.25 >>a 10.0 au_take_one ] }
Unit Test: {
    { 16.25 }
    [
        au-two <struct> 1.25 2.5 au-pair boa >>pair
        10.0 au_take_two
    ]
}
Unit Test: {
    { 40.0 }
    [
        au-four <struct> 1.0 2.0 3.0 4.0 au-quad boa >>quad
        10.0 au_take_four
    ]
}
Unit Test: {
    { 16.25 }
    [
        au-one <struct> 1.25 >>a 2.5 au-nested boa
        10.0 au_take_nested
    ]
}
Unit Test: { { 13.75 } [ au-mixed <struct> 3.75 >>b 10.0 au_take_mixed ] }
Unit Test: { { 1.25 } [ 1.25 au_return_one a>> ] }
Unit Test: {
    { 1.25 2.5 }
    [ 1.25 2.5 au_return_two pair>> [ a>> ] [ b>> ] bi ]
}
Unit Test: {
    { 1.0 2.0 3.0 4.0 }
    [
        1.0 2.0 3.0 4.0 au_return_four quad>>
        { [ a>> ] [ b>> ] [ c>> ] [ d>> ] } cleave
    ]
}
Unit Test: {
    { 23.25 }
    [
        7 au-two <struct> 1.25 2.5 au-pair boa >>pair
        10.0 au_variadic
    ]
}
Unit Test: {
    { 11.25 }
    [ [ [ swap a>> + ] au-one-cb au_call_one ] compile-call ]
}
Unit Test: {
    { 16.25 }
    [
        [
            [ swap pair>> [ a>> ] [ b>> 2 * ] bi + + ] au-two-cb
            au_call_two
        ] compile-call
    ]
}
Unit Test: {
    { 40.0 }
    [
        [
            [
                swap quad>>
                { [ a>> ] [ b>> 2 * ] [ c>> 3 * ] [ d>> 4 * ] }
                cleave + + + +
            ] au-four-cb au_call_four
        ] compile-call
    ]
}
Unit Test: { { 1 } [ au_c_controls ] }
Unit Test: { { 16 } [ au-padded heap-size ] }
Unit Test: { { 16.25 } [ 1.25 2.5 au-padded boa 10.0 au_take_padded ] }
Unit Test: {
    { 16.25 }
    [
        au-padded-union <struct> 1.25 2.5 au-padded boa >>padded
        10.0 au_take_padded_union
    ]
}
Unit Test: {
    { 1.25 2.5 }
    [ 1.25 2.5 au_return_padded [ a>> ] [ b>> ] bi ]
}
Unit Test: {
    { 16.25 }
    [
        [
            [ swap [ a>> ] [ b>> 2 * ] bi + + ] au-padded-cb
            au_call_padded
        ] compile-call
    ]
}
Unit Test: {
    { 37.25 }
    [
        1.0 2.0 3.0 4.0 5.0 6.0 au-two <struct> 1.25 2.5 au-pair
        boa >>pair 10.0 au_take_spill
    ]
}
Unit Test: {
    { 37.25 }
    [
        [
            [
                swap pair>> [ a>> ] [ b>> 2 * ] bi + + + + + + +
                +
            ] au-spill-cb au_call_spill
        ] compile-call
    ]
}
Unit Test: {
    { 40.0 }
    [
        au-vector <struct> float-4{ 1.0 2.0 3.0 4.0 } >>a
        10.0 au_take_vector
    ]
}
Unit Test: {
    { float-4{ 1.0 2.0 3.0 4.0 } }
    [ 1.0 2.0 3.0 4.0 au_return_vector a>> ]
}
Unit Test: {
    { 40.0 }
    [
        [
            [
                swap a>> {
                    [ first ]
                    [ second 2 * ]
                    [ third 3 * ]
                    [ fourth 4 * ]
                } cleave + + + +
            ] au-vector-cb au_call_vector
        ] compile-call
    ]
}
Unit Test: {
    { 46.0 }
    [
        au-vector-two <struct>
        float-4{ 1.0 2.0 3.0 4.0 } float-4{ 5.0 6.0 7.0 8.0 }
        au-fvec-pair boa >>a 10.0 au_take_vector_two
    ]
}
Unit Test: {
    { float-4{ 1.0 2.0 3.0 4.0 } float-4{ 5.0 6.0 7.0 8.0 } }
    [ au_return_vector_two a>> [ a>> ] [ b>> ] bi ]
}
Unit Test: {
    { 23.25 }
    [
        [
            [
                2 load-locals 0 get-local au-two va-arg pair>>
                [ a>> ] [ b>> 2 * ] bi +
                0 get-local double va-arg + -1 get-local +
                2 drop-locals
            ] au-dynamic-cb au_call_variadic
        ] compile-call
    ]
}
Unit Test: {
    { 23.25 }
    [
        [
            [ swap pair>> [ a>> ] [ b>> 2 * ] bi + + + ]
            au-typed-cb au-call-typed
        ] compile-call
    ]
}
Unit Test: {
    { 53.0 }
    [
        [
            [
                2 load-locals
                0 get-local au-vector-two va-arg a>>
                [ a>> sum ] [ b>> sum ] bi +
                0 get-local double va-arg + -1 get-local +
                2 drop-locals
            ] au-dynamic-cb au_call_vector_variadic
        ] compile-call
    ]
}
Unit Test: {
    { 53.0 }
    [
        [
            [ swap a>> [ a>> sum ] [ b>> sum ] bi + + + ]
            au-vector-typed-cb au-call-vector-typed
        ] compile-call
    ]
}
Unit Test: { { 1 } [ au_small_controls ] }
Unit Test: { { 11.25 } [ au-small <struct> 1.25 >>a 10.0 au_take_small ] }
Unit Test: { { 12.5 } [ au-bsmall <struct> 2.5 >>a 10.0 au_take_bsmall ] }
Unit Test: { { 1.25 } [ 1.25 au_return_small a>> ] }
Unit Test: { { 2.5 } [ 2.5 au_return_bsmall a>> ] }
Unit Test: {
    { 16.25 }
    [
        au-small <struct> 1.25 >>a au-bsmall <struct> 2.5 >>a
        au-small-pair boa 10.0 au_take_small_pair
    ]
}
Unit Test: {
    { 16.25 }
    [
        [
            [ swap small-pair-value + ] au-small-pair-cb
            au_call_small_pair
        ] compile-call
    ]
}
Unit Test: {
    { 23.25 }
    [
        [
            [
                2 load-locals
                0 get-local au-small-pair va-arg
                small-pair-value 0 get-local double va-arg +
                -1 get-local + 2 drop-locals
            ] au-small-dynamic-cb au_call_small_variadic
        ] compile-call
    ]
}
Unit Test: {
    { 23.25 }
    [
        [
            [ swap small-pair-value + + ] au-small-typed-cb
            au-call-small-typed
        ] compile-call
    ]
}
greedy-allocator
Unit Test: {
    { t }
    [
        {
            T{ ##mul { dst 2 } { src1 0 } { src2 1 } }
            T{ ##neg { dst 3 } { src 2 } }
        } fused-insns last
        T{ ##mneg { dst 3 } { src1 0 } { src2 1 } } =
    ]
}
Unit Test: {
    { 0 }
    [
        {
            T{ ##mul { dst 2 } { src1 0 } { src2 1 } }
            T{ ##neg { dst 3 } { src 2 } }
            T{ ##add { dst 4 } { src1 2 } { src2 3 } }
        } fused-insns [ ##mneg? ] count
    ]
}
Unit Test: {
    { 0 }
    [
        {
            T{ ##fixnum-mul { dst 2 } { src1 0 } { src2 1 } }
            T{ ##neg { dst 3 } { src 2 } }
        } fused-insns [ ##mneg? ] count
    ]
}
Unit Test: {
    { 1 }
    [
        [ { fixnum fixnum } declare fixnum*fast -1 fixnum*fast ]
        [ ##mneg? ] count-insns
    ]
}
Unit Test: {
    { 0 }
    [
        [ { fixnum fixnum } declare fixnum*fast -1 fixnum*fast ]
        [ ##mul? ] count-insns
    ]
}
Unit Test: {
    { -42 }
    [
        6 7
        [ { fixnum fixnum } declare fixnum*fast -1 fixnum*fast ]
        compile-call
    ]
}
Unit Test: {
    { 42 }
    [
        -6 7
        [ { fixnum fixnum } declare fixnum*fast -1 fixnum*fast ]
        compile-call
    ]
}
Unit Test: {
    { 0 }
    [
        0 -7
        [ { fixnum fixnum } declare fixnum*fast -1 fixnum*fast ]
        compile-call
    ]
}
Unit Test: {
    { -49 }
    [
        7
        [ { fixnum } declare dup fixnum*fast -1 fixnum*fast ]
        compile-call
    ]
}
Unit Test: {
    { t }
    [
        most-negative-fixnum 1
        [ { fixnum fixnum } declare fixnum*fast -1 fixnum*fast ]
        compile-call most-negative-fixnum =
    ]
}
Unit Test: {
    { 2 }
    [
        most-positive-fixnum 2
        [ { fixnum fixnum } declare fixnum*fast -1 fixnum*fast ]
        compile-call
    ]
}
Unit Test: {
    { t }
    [
        most-positive-fixnum 2 * neg most-positive-fixnum 2
        [ { fixnum fixnum } declare * neg ] compile-call =
    ]
}
Unit Test: { { 0 } [ shared-use-in-successor ] }
resource:basis/compiler/tests/alien.factor
Must Fail: { [ [ void { } "cdecl" alien-indirect ] infer ] }
Must Fail: { [ [ "void" { } cdecl alien-indirect ] infer ] }
Must Fail: { [ [ void* 3 cdecl alien-indirect ] infer ] }
Must Fail: { [ [ void* { "int" } cdecl alien-indirect ] infer ] }
Must Fail: { [ [ void* { int } cdecl { } alien-callback ] infer ] }
Unit Test: { { } [ ffi_test_0 ] }
Unit Test: { { 3 } [ ffi_test_1 ] }
Unit Test: { { } [ \ ffi_test_1 def>> [ drop ] append compile-call ] }
Unit Test: { { 5 } [ 2 3 ffi_test_2 ] }
Must Fail: { [ "hi" 3 ffi_test_2 ] }
Unit Test: { { 25 } [ 2 3 4 5 ffi_test_3 ] }
Unit Test: { { 1.5 } [ ffi_test_4 ] }
Unit Test: { { 1.5 } [ ffi_test_5 ] }
Unit Test: { { 28 } [ 1 2 3 4 5 6 7 ffi_test_9 ] }
Must Fail: { [ "a" 2 3 4 5 6 7 ffi_test_9 ] }
Must Fail: { [ 1 2 3 4 5 6 "a" ffi_test_9 ] }
Unit Test: { { 14 } [ 1 2 3 make-FOO 4 ffi_test_11 ] }
Unit Test: { { 66 } [ 1 2 3 4 5 6 7 8 9 10 11 ffi_test_13 ] }
Unit Test: { { 11 6 } [ 11 6 ffi_test_14 [ x>> ] [ y>> ] bi ] }
Unit Test: { { "foo" } [ "xy" "zt" ffi_test_15 ] }
Unit Test: { { "bar" } [ "xy" "xy" ffi_test_15 ] }
Must Fail: { [ 1 2 ffi_test_15 ] }
Unit Test: {
    { 11 6 -7 }
    [ 11 6 -7 ffi_test_16 [ x>> ] [ y>> ] [ z>> ] tri ]
}
Unit Test: { { 11 } [ 11 ffi_test_17 x>> ] }
Must Fail With: { [ [ alien-indirect ] infer ] [ inference-error? ] }
Must Infer As: { { 1 1 } [ indirect-test-1 ] }
Unit Test: { { 3 } [ "ffi_test_1" "f-cdecl" address-of indirect-test-1 ] }
Must Infer As: { { 1 0 } [ indirect-test-1' ] }
Unit Test: { { } [ "ffi_test_1" "f-cdecl" address-of indirect-test-1' ] }
Must Fail: { [ -1 indirect-test-1 ] }
Must Infer As: { { 3 1 } [ indirect-test-2 ] }
Unit Test: {
    { 5 }
    [ 2 3 "ffi_test_2" "f-cdecl" address-of indirect-test-2 ]
}
Unit Test: { { f } [ "f-stdcall" library-dll f = ] }
Unit Test: { { stdcall } [ "f-stdcall" lookup-library abi>> ] }
Unit Test: { { 25 } [ 2 3 4 5 ffi_test_18 ] }
Unit Test: {
    { 11 6 -7 }
    [ 11 6 -7 ffi_test_19 [ x>> ] [ y>> ] [ z>> ] tri ]
}
Unit Test: { { 25 85 } [ 2 3 4 5 6 7 8 9 multi_ffi_test_18 ] }
Unit Test: { { 6.0 } [ 3.0 2.0 ffi_test_6 ] }
Must Fail: { [ "a" "b" ffi_test_6 ] }
Unit Test: { { 6.0 } [ 3.0 2.0 ffi_test_7 ] }
Unit Test: { { 19.0 } [ 3.0 2.0 1.0 6.0 7 ffi_test_8 ] }
Unit Test: { { -34 } [ 1 2 3.0 4 5.0 6 7 8 ffi_test_10 ] }
Unit Test: { { } [ 1.0 2.0 3.0 4.0 5.0 6.0 7.0 8.0 9.0 ffi_test_20 ] }
Unit Test: { { 861 3 } [ 42 [ ] each-integer ffi_test_31 ] }
Unit Test: { { 861.0 } [ 42 [ >float ] each-integer ffi_test_31_point_5 ] }
Unit Test: { { 121932631112635269 } [ 123456789 987654321 ffi_test_21 ] }
Unit Test: {
    { 987655432 }
    [ 1111 121932631112635269 123456789 ffi_test_22 ]
}
Must Fail: { [ 1111 f 123456789 ffi_test_22 ] }
Unit Test: { { 45 } [ 1 2 3.0 4.0 5.0 6.0 <RECT> 7 8 9 ffi_test_12 ] }
Must Fail: { [ 1 2 { 1 2 3 } 7 8 9 ffi_test_12 ] }
Unit Test: {
    { 32.0 }
    [
        { 1.0 2.0 3.0 } float >c-array
        { 4.0 5.0 6.0 } float >c-array ffi_test_23
    ]
}
Unit Test: { { S{ test-struct-1 { x char-array{ 1 } } } } [ ffi_test_24 ] }
Unit Test: {
    { S{ test-struct-2 { x char-array{ 1 2 } } } }
    [ ffi_test_25 ]
}
Unit Test: {
    { S{ test-struct-3 { x char-array{ 1 2 3 } } } }
    [ ffi_test_26 ]
}
Unit Test: {
    { S{ test-struct-4 { x char-array{ 1 2 3 4 } } } }
    [ ffi_test_27 ]
}
Unit Test: {
    { S{ test-struct-5 { x char-array{ 1 2 3 4 5 } } } }
    [ ffi_test_28 ]
}
Unit Test: {
    { S{ test-struct-6 { x char-array{ 1 2 3 4 5 6 } } } }
    [ ffi_test_29 ]
}
Unit Test: {
    { S{ test-struct-7 { x char-array{ 1 2 3 4 5 6 7 } } } }
    [ ffi_test_30 ]
}
Unit Test: {
    { 9.0 }
    [ test-struct-8 <struct> 1.0 >>x 2.0 >>y 3 ffi_test_32 ]
}
Unit Test: {
    { 9.0 }
    [ test-struct-9 <struct> 1.0 >>x 2.0 >>y 3 ffi_test_33 ]
}
Unit Test: {
    { 9.0 }
    [ test-struct-10 <struct> 1.0 >>x 2 >>y 3 ffi_test_34 ]
}
Unit Test: {
    { 9.0 }
    [ test-struct-11 <struct> 1 >>x 2 >>y 3 ffi_test_35 ]
}
Unit Test: { { 1.23456 } [ 1.23456 make-struct-12 ffi_test_36 ] }
Unit Test: { { t } [ 31 2^ 32 2^ ffi_test_38 63 2^ = ] }
Unit Test: { { t } [ callback-throws [ alien? ] with-callback ] }
Unit Test: {
    { 0 1 }
    [ [ callback-1 ] infer [ in>> length ] [ out>> length ] bi ]
}
Unit Test: { { t } [ callback-1 [ alien? ] with-callback ] }
Unit Test: { { } [ callback-1 [ callback_test_1 ] with-callback ] }
Unit Test: { { } [ callback-2 [ callback_test_1 ] with-callback ] }
Unit Test: {
    { t 3 5 }
    [
        [
            (get-namestack) 3 "x" set callback-3
            [ callback_test_1 ] with-callback
            (get-namestack) eq? "x" get "x" get-global
        ] with-scope
    ]
}
Unit Test: {
    { "testing" }
    [ "testing" callback-5 [ callback_test_1 ] with-callback ]
}
Unit Test: {
    { "testing" }
    [ "testing" callback-5b [ callback_test_1 ] with-callback ]
}
Unit Test: {
    { 1 2 3 }
    [ callback-6 [ callback_test_1 1 2 3 ] with-callback ]
}
Unit Test: {
    { 1 2 3 }
    [ callback-7 [ callback_test_1 1 2 3 ] with-callback ]
}
Unit Test: { { f } [ namespace global eq? ] }
Unit Test: { { } [ callback-8 [ callback_test_1 ] with-callback ] }
Unit Test: { { } [ ffi_test_36_point_5 ] }
Unit Test: { { 1 } [ callback-9 [ ffi_test_37 ] with-callback ] }
Unit Test: { { 7 } [ callback-9 [ ffi_test_37 ] with-callback ] }
Unit Test: { { 21 } [ 12347 12347 make-test-struct-13 ffi_test_39 ] }
Unit Test: {
    { byte-array 1.0 2.0 3.0 4.0 }
    [
        1.0 2.0 3.0 4.0 <double-rect> double-rect-callback [
            double-rect-test
            [ >c-ptr class-of ] [ >double-rect< ] bi
        ] with-callback
    ]
}
Unit Test: { { 1.0 2.0 } [ 1.0 2.0 ffi_test_40 [ x1>> ] [ x2>> ] bi ] }
Unit Test: {
    { 1.0 2.0 }
    [
        1.0 2.0 callback-10
        [ callback-10-test [ x1>> ] [ x2>> ] bi ] with-callback
    ]
}
Unit Test: { { 1 2.0 } [ 1 2.0 ffi_test_41 [ a>> ] [ x>> ] bi ] }
Unit Test: {
    { 1 2.0 }
    [
        1 2.0 callback-11
        [ callback-11-test [ a>> ] [ x>> ] bi ] with-callback
    ]
}
Unit Test: { { 1.0 2.0 } [ 1.0 2.0 ffi_test_42 [ x>> ] [ y>> ] bi ] }
Unit Test: {
    { 1.0 2.0 }
    [
        1.0 2.0 callback-12
        [ callback-12-test [ x>> ] [ y>> ] bi ] with-callback
    ]
}
Unit Test: { { 1.0 2 } [ 1.0 2 ffi_test_43 [ x>> ] [ a>> ] bi ] }
Unit Test: {
    { 1.0 2 }
    [
        1.0 2 callback-13
        [ callback-13-test [ x>> ] [ a>> ] bi ] with-callback
    ]
}
Unit Test: { { 1.0 2.0 } [ ffi_test_44 [ x1>> ] [ x2>> ] bi ] }
Must Not Fail: { [ stack-frame-bustage ] }
Unit Test: { { C{ 3.0 0.0 } } [ 3 ffi_test_45 ] }
Unit Test: { { C{ 3.0 0.0 } } [ 3 ffi_test_46 ] }
Unit Test: { { C{ 4.0 4.0 } } [ C{ 1.0 2.0 } C{ 1.5 1.0 } ffi_test_47 ] }
Unit Test: {
    { 123 }
    [ bool-field-test <struct> 123 >>parents ffi_test_48 ]
}
Unit Test: {
    { 200 }
    [
        thread-callback-2
        [ thread-callback-invoker ] with-callback
    ]
}
Unit Test: { { 100 } [ "p" get ?promise ] }
Unit Test: { { } [ assembly-test-1 ] }
Unit Test: { { f } [ "f-fastcall" library-dll f = ] }
Unit Test: { { fastcall } [ "f-fastcall" lookup-library abi>> ] }
Unit Test: { { 4 } [ 3 ffi_test_49 ] }
Unit Test: { { 8 } [ 3 4 ffi_test_50 ] }
Unit Test: { { 13 } [ 3 4 5 ffi_test_51 ] }
Unit Test: { { 13 22 } [ 3 4 5 6 7 8 multi_ffi_test_51 ] }
Unit Test: { { t } [ most-positive-fixnum 1 + [ ffi_test_59 ] keep = ] }
Unit Test: { { t } [ most-positive-fixnum 1 + [ ffi_test_60 ] keep = ] }
Unit Test: { { -1 } [ -1 ffi_test_59 ] }
Unit Test: { { -1 } [ 18446744073709551615 ffi_test_59 ] }
Unit Test: { { 18446744073709551615 } [ -1 ffi_test_60 ] }
Unit Test: {
    { 18446744073709551615 }
    [ 18446744073709551615 ffi_test_60 ]
}
Unit Test: { { 13 } [ 3 4.0 5 ffi_test_52 ] }
Unit Test: { { 19 } [ 3 4.0 5 6 ffi_test_53 ] }
Unit Test: { { S{ test-struct-11 { x 7 } { y -1 } } } [ 3 4 ffi_test_57 ] }
Unit Test: {
    { S{ test-struct-11 { x 7 } { y -3 } } }
    [ 3 4 7 ffi_test_58 ]
}
Unit Test: {
    { 8 }
    [
        3 4 "ffi_test_50" "f-cdecl" address-of
        fastcall-ii-indirect
    ]
}
Unit Test: {
    { 13 }
    [
        3 4 5 "ffi_test_51" "f-cdecl" address-of
        fastcall-iii-indirect
    ]
}
Unit Test: {
    { 13 }
    [
        3 4.0 5 "ffi_test_52" "f-cdecl" address-of
        fastcall-ifi-indirect
    ]
}
Unit Test: {
    { 19 }
    [
        3 4.0 5 6 "ffi_test_53" "f-cdecl" address-of
        fastcall-ifii-indirect
    ]
}
Unit Test: {
    { S{ test-struct-11 { x 7 } { y -1 } } }
    [
        3 4 "ffi_test_57" "f-cdecl" address-of
        fastcall-struct-return-ii-indirect
    ]
}
Unit Test: {
    { S{ test-struct-11 { x 7 } { y -3 } } }
    [
        3 4 7 "ffi_test_58" "f-cdecl" address-of
        fastcall-struct-return-iii-indirect
    ]
}
Unit Test: {
    { 8 }
    [
        3 4 fastcall-ii-callback
        [ fastcall-ii-indirect ] with-callback
    ]
}
Unit Test: {
    { 13 }
    [
        3 4 5 fastcall-iii-callback
        [ fastcall-iii-indirect ] with-callback
    ]
}
Unit Test: {
    { 13 }
    [
        3 4.0 5 fastcall-ifi-callback
        [ fastcall-ifi-indirect ] with-callback
    ]
}
Unit Test: {
    { 19 }
    [
        3 4.0 5 6 fastcall-ifii-callback
        [ fastcall-ifii-indirect ] with-callback
    ]
}
Unit Test: {
    { S{ test-struct-11 { x 7 } { y -1 } } }
    [
        3 4 fastcall-struct-return-ii-callback
        [ fastcall-struct-return-ii-indirect ] with-callback
    ]
}
Unit Test: {
    { S{ test-struct-11 { x 7 } { y -3 } } }
    [
        3 4 7 fastcall-struct-return-iii-callback
        [ fastcall-struct-return-iii-indirect ] with-callback
    ]
}
Unit Test: {
    { 661 }
    [
        100 500 50 10 1 x64-regression-1
        [ x64-regression-2 ] with-callback
    ]
}
Unit Test: { { 3 } [ blah ] }
Unit Test: { { 12 } [ out-param-test-1 ] }
Unit Test: { { 12 } [ out-param-test-2 ] }
Unit Test: { { 3.0 4.0 } [ out-param-test-3 ] }
Unit Test: {
    { 12 }
    [
        6 out-param-callback
        [ out-param-indirect ] with-callback
    ]
}
Unit Test: {
    { T{ some-tuple { x 5.0 } } }
    [
        [
            some-tuple new aa-callback-1
            [ aa-indirect-1 ] with-callback >>x
        ] compile-call
    ]
}
Unit Test: { { } [ anton's-regression ] }
Unit Test: { { t } [ ffi_test_61 bool-and-ptr? ] }
Unit Test: { { { t f } } [ ffi_test_61 [ b>> ] [ ptr>> ] bi 2array ] }
Unit Test: {
    { S{ uint-pair { a 2882400171 } { b 305419896 } } }
    [ ffi_test_62 ]
}
Unit Test: {
    {
        S{ ulonglong-pair
            { a 12379814471884843981 }
            { b 1311768467302729063 }
        }
    }
    [ ffi_test_63 ]
}
Unit Test: {
    { t }
    [
        10 [ [ 100 random ] twice 2array ] replicate [
            [
                first2 [ <alien> ] dip bug1021_test_1
                alien-address
            ] map
        ] [ [ first2 sq + ] map ] bi =
    ]
}
Unit Test: {
    { }
    [
        minor-gc 2000
        [ 101 <alien> run-test [ alien-address ] map drop ]
        times
    ]
}
Unit Test: { { 30 60 } [ 2 10 20 do-sum-ints2 3 10 20 30 do-sum-ints3 ] }
Unit Test: {
    { 27.0 22.0 }
    [ 2 7 20 do-sum-doubles2 3 5 10 7 do-sum-doubles3 ]
}
Unit Test: { { } [ 10000 [ 0 doit 33 assert= ] times ] }
Unit Test: {
    { 28 }
    [
        1 2 3
        S{ test_struct_66 { mem1 4 } { mem2 5 } }
        S{ test_struct_66 { mem1 6 } { mem2 7 } } ffi_test_66
    ]
}
Unit Test: {
    { 28 }
    [
        1 2 3
        S{ test_struct_66 { mem1 4 } { mem2 5 } }
        S{ test_struct_66 { mem1 6 } { mem2 7 } } callback-14
        [ callback-14-test ] with-callback
    ]
}
Unit Test: {
    { 44 }
    [
        1 2 3
        S{ test_struct_66 { mem1 4 } { mem2 5 } }
        S{ test_struct_66 { mem1 6 } { mem2 7 } } 8 ffi_test_67
    ]
}
Unit Test: {
    { 44 }
    [
        1 2 3
        S{ test_struct_66 { mem1 4 } { mem2 5 } }
        S{ test_struct_66 { mem1 6 } { mem2 7 } } 8 callback-15
        [ callback-15-test ] with-callback
    ]
}
Unit Test: {
    { 55 }
    [
        1 2 3
        S{ test_struct_66 { mem1 4 } { mem2 5 } }
        S{ test_struct_68 { mem1 6 } { mem2 7 } { mem3 8 } }
        S{ test_struct_66 { mem1 9 } { mem2 10 } } ffi_test_68
    ]
}
Unit Test: {
    { 55 }
    [
        1 2 3
        S{ test_struct_66 { mem1 4 } { mem2 5 } }
        S{ test_struct_68 { mem1 6 } { mem2 7 } { mem3 8 } }
        S{ test_struct_66 { mem1 9 } { mem2 10 } } callback-16
        [ callback-16-test ] with-callback
    ]
}
Unit Test: {
    { 55 }
    [
        1 2 3
        S{ test_struct_66 { mem1 4 } { mem2 5 } }
        S{ test_struct_69 { mem1 6.0 } { mem2 7 } { mem3 8 } }
        S{ test_struct_66 { mem1 9 } { mem2 10 } } ffi_test_69
    ]
}
Unit Test: {
    { 55 }
    [
        1 2 3
        S{ test_struct_66 { mem1 4 } { mem2 5 } }
        S{ test_struct_69 { mem1 6.0 } { mem2 7 } { mem3 8 } }
        S{ test_struct_66 { mem1 9 } { mem2 10 } } callback-17
        [ callback-17-test ] with-callback
    ]
}
Unit Test: {
    { 36 }
    [
        S{ test_struct_68 { mem1 1 } { mem2 2 } { mem3 3 } }
        S{ test_struct_68 { mem1 4 } { mem2 5 } { mem3 6 } }
        S{ test_struct_66 { mem1 7 } { mem2 8 } } ffi_test_70
    ]
}
Unit Test: {
    { 36 }
    [
        S{ test_struct_68 { mem1 1 } { mem2 2 } { mem3 3 } }
        S{ test_struct_68 { mem1 4 } { mem2 5 } { mem3 6 } }
        S{ test_struct_66 { mem1 7 } { mem2 8 } } callback-18
        [ callback-18-test ] with-callback
    ]
}
resource:basis/compiler/tests/alien-large-return.factor
Unit Test: {
    { 6 15 24 }
    [
        1 2 3 4 5 6 7 8 9 ffi_test_large_return
        large-return-values
    ]
}
Unit Test: {
    { -6 -15 -24 }
    [
        -1 -2 -3 -4 -5 -6 -7 -8 -9 ffi_test_large_return
        large-return-values
    ]
}
Unit Test: {
    { 6 15 24 }
    [
        1 2 3 4 5 6 7 8 9 "ffi_test_large_return"
        "large-return-test" library-dll dlsym
        indirect-large-return large-return-values
    ]
}
Unit Test: {
    { 45 }
    [
        large-return-callback
        [ ffi_test_large_return_callback ] with-callback
    ]
}
Unit Test: {
    { 45 }
    [
        nested-large-return-callback
        [ ffi_test_large_return_callback ] with-callback
    ]
}
resource:basis/compiler/tests/alien-small-floats.factor
Unit Test: { { 1.5 } [ 1.5 half_identity ] }
Unit Test: {
    { -2.5 }
    [
        -2.5 "half_identity" "small-floats-test" library-dll
        dlsym half-indirect
    ]
}
Unit Test: { { 16.0 } [ 1 2.5 3.0 4.5 5 half_mixed ] }
Unit Test: { { 2.0 } [ half-cb [ 1.5 half_callback ] with-callback ] }
Unit Test: { { 55.0 } [ 1 2 3 4 5 6 7 8 9 10 half_overflow ] }
Unit Test: {
    { 55.0 }
    [
        half-overflow-cb
        [ half_overflow_callback ] with-callback
    ]
}
Unit Test: {
    { t }
    [
        {
            0.0
            -0.0
            1.0
            -1.0
            1.00048828125
            1.00146484375
            1.00390625
            1.01171875
            5.960464477539063e-8
            0.00006103515625
            65504.0
            65520.0
            1/0.
            -1/0.
        }
        [ [ half_bits ] [ half_convert float>half-bits ] bi = ]
        all?
    ]
}
Unit Test: {
    { t }
    [
        {
            0
            1
            2
            127
            128
            255
            256
            1023
            1024
            16383
            16384
            30000
            32768
            32769
            49152
        } [ [ half_from_bits float>half-bits ] keep = ] all?
    ]
}
Unit Test: { { 1.5 } [ 1.5 bfloat_identity ] }
Unit Test: {
    { -2.5 }
    [
        -2.5 "bfloat_identity" "small-floats-test" library-dll
        dlsym bfloat-indirect
    ]
}
Unit Test: { { 16.0 } [ 1 2.5 3.0 4.5 5 bfloat_mixed ] }
Unit Test: { { 2.0 } [ bfloat-cb [ 1.5 bfloat_callback ] with-callback ] }
Unit Test: { { 55.0 } [ 1 2 3 4 5 6 7 8 9 10 bfloat_overflow ] }
Unit Test: {
    { 55.0 }
    [
        bfloat-overflow-cb
        [ bfloat_overflow_callback ] with-callback
    ]
}
Unit Test: {
    { t }
    [
        {
            0.0
            -0.0
            1.0
            -1.0
            1.00048828125
            1.00146484375
            1.00390625
            1.01171875
            5.960464477539063e-8
            0.00006103515625
            65504.0
            65520.0
            1/0.
            -1/0.
        } [
            [ bfloat_bits ] [ bfloat_convert float>bfloat-bits ]
            bi =
        ] all?
    ]
}
Unit Test: {
    { t }
    [
        {
            0
            1
            2
            127
            128
            255
            256
            1023
            1024
            16383
            16384
            30000
            32768
            32769
            49152
        } [ [ bfloat_from_bits float>bfloat-bits ] keep = ] all?
    ]
}
Unit Test: {
    { 4.0 }
    [ mixed-small <struct> 1.5 >>a 2.5 >>b mixed_small_sum ]
}
Unit Test: {
    { t }
    [
        65536 <iota> [
            [ half_from_bits float>half-bits ]
            [ half-bits>float float>half-bits ] bi =
        ] all?
    ]
}
Unit Test: {
    { t }
    [
        65536 <iota> [
            [ bfloat_from_bits float>bfloat-bits ]
            [ bfloat-bits>float float>bfloat-bits ] bi =
        ] all?
    ]
}
Unit Test: { { 11.5 } [ 0 1.5 2.5 3 4.5 half_varargs ] }
Unit Test: { { 11.5 } [ 0 1.5 2.5 3 4.5 bfloat_varargs ] }
Unit Test: { { 1.0 1.0 } [ half_dirty_result bfloat_dirty_result ] }
Unit Test: { { 2.0 } [ 0 1.00048828125 1.00048828125 0 0.0 half_varargs ] }
Unit Test: { { 2.0 } [ 0 1.00390625 1.00390625 0 0.0 bfloat_varargs ] }
Unit Test: { { 806016 } [ 1 8 2 3 4 5 6 7 8 9 varout_half_bits ] }
Unit Test: { { 745872 } [ 1 8 2 3 4 5 6 7 8 9 varout_bfloat_bits ] }
Unit Test: {
    { 212.0 }
    [
        1
        float-4{ 1.0 2.0 3.0 4.0 } float-4{ 5.0 6.0 7.0 8.0 }
        float-4{ 9.0 10.0 11.0 12.0 } varout-vector-hva boa
        1 varout_vector_args
    ]
}
resource:basis/compiler/tests/alien-arm64-abi.factor
Unit Test: {
    { 40147957488.0 }
    [
        1 2 3 4 5 6 7 8 -9 250 -300 60000 -70000 3000000000
        -123456789 abi_narrow
    ]
}
Unit Test: {
    { 40147957488.0 }
    [
        1 2 3 4 5 6 7 8 -9 250 -300 60000 -70000 3000000000
        -123456789 "abi_narrow" "gap-abi" library-dll dlsym
        indirect-narrow
    ]
}
Unit Test: {
    { 40147957488.0 }
    [ callback-narrow [ call_narrow ] with-callback ]
}
Unit Test: {
    { 506.0 }
    [ 1.0 2.0 3.0 4.0 5.0 6.0 7.0 8.0 9.0 10.0 11.0 abi_floats ]
}
Unit Test: {
    { 506.0 }
    [
        1.0 2.0 3.0 4.0 5.0 6.0 7.0 8.0 9.0 10.0 11.0
        "abi_floats" "gap-abi" library-dll dlsym indirect-floats
    ]
}
Unit Test: { { 506.0 } [ callback-floats [ call_floats ] with-callback ] }
Unit Test: {
    { -2610657.0 }
    [
        1 2 3 4 5 6 7 8 1.0 2.0 3.0 4.0 5.0 6.0 7.0 8.0 -9 9.5
        -1000 10.25 -123456 abi_mixed
    ]
}
Unit Test: {
    { -2610657.0 }
    [
        1 2 3 4 5 6 7 8 1.0 2.0 3.0 4.0 5.0 6.0 7.0 8.0 -9 9.5
        -1000 10.25 -123456 "abi_mixed" "gap-abi" library-dll
        dlsym indirect-mixed
    ]
}
Unit Test: {
    { -2610657.0 }
    [ callback-mixed [ call_mixed ] with-callback ]
}
Unit Test: { { -35.0 } [ 1 2.5 -3 4.25 -5 -4 direct-var ] }
Unit Test: { { 662.0 } [ 1 2 3 4 5 6 7 8 9 10 11 13.0 direct-var-spill ] }
Unit Test: {
    { -35.0 }
    [
        1 2.5 -3 4.25 -5 -4 "abi_var" "gap-abi" library-dll
        dlsym indirect-var
    ]
}
Unit Test: {
    { 662.0 }
    [
        1 2 3 4 5 6 7 8 9 10 11 13.0 "abi_var_spill" "gap-abi"
        library-dll dlsym indirect-var-spill
    ]
}
Unit Test: { { -35.0 } [ 1 2.5 -3 4.25 -5 -4 syntax-var ] }
Unit Test: { { 55.0 } [ 1.0 2.0 <pair> 3.0 4.0 <pair> 5 abi_var_hfa ] }
Unit Test: {
    { 55.0 }
    [
        1.0 2.0 <pair> 3.0 4.0 <pair>
        5 "abi_var_hfa" "gap-abi" library-dll dlsym
        indirect-var-hfa
    ]
}
Unit Test: { { 47.0 } [ 1 2 3 4 5 6 7 8 -9 10 11 <ints> -12 abi_struct ] }
Unit Test: { { 47.0 } [ struct-callback [ call_struct ] with-callback ] }
Unit Test: {
    { 64.0 }
    [
        1.0 2.0 3.0 4.0 5.0 6.0 7.0 8.0 9.0 <pair>
        10.0 abi_hfa_boundary
    ]
}
Unit Test: {
    { 64.0 }
    [ hfa-callback [ call_hfa_boundary ] with-callback ]
}
Unit Test: {
    { 11.0 22.0 33.0 }
    [ <array-hfa> abi_array_hfa array-hfa-values ]
}
Unit Test: {
    { 11.0 22.0 33.0 }
    [
        <array-hfa> "abi_array_hfa" "gap-abi" library-dll dlsym
        indirect-array array-hfa-values
    ]
}
Unit Test: {
    { 154.0 }
    [ array-callback [ call_array_hfa ] with-callback ]
}
Unit Test: { { 20.0 } [ 1 <array-hfa> 5.0 abi_var_array ] }
Unit Test: { { 64.0 } [ 1 2 3 4 5 6 7 8 9 <longs> 10 abi_int_boundary ] }
Unit Test: {
    { 64.0 }
    [ int-callback [ call_int_boundary ] with-callback ]
}
Unit Test: {
    { 107.0 }
    [
        1 2 3 4 5 6 7 8 1.0 2.0 3.0 4.0 5.0 6.0 7.0 8.0 -9 10.0
        11.0 <pair> 12.0 abi_hfa_stack
    ]
}
resource:basis/compiler/tests/alien-varargs.factor
Unit Test: { { 255 } [ [ va_c_controls ] compile-call ] }
Unit Test: {
    { 0 }
    [
        [
            [ read-ints ] int-reader
            [ 0 va_call_ints ] with-callback
        ] compile-call
    ]
}
Unit Test: {
    { -1 }
    [
        [
            [ read-ints ] int-reader
            [ 1 va_call_ints ] with-callback
        ] compile-call
    ]
}
Unit Test: {
    { -28 }
    [
        [
            [ read-ints ] int-reader
            [ 7 va_call_ints ] with-callback
        ] compile-call
    ]
}
Unit Test: {
    { 78 }
    [
        [
            [ read-ints ] int-reader
            [ 12 va_call_ints ] with-callback
        ] compile-call
    ]
}
Unit Test: {
    { 78 }
    [
        [
            [ gc read-ints ] int-reader
            [ 12 va_call_ints ] with-callback
        ] compile-call
    ]
}
Unit Test: {
    { 1259.75 }
    [
        [
            double { int double } cdecl
            [ read-mixed ] alien-callback-varargs
            [ va_call_mixed ] with-callback
        ] compile-call
    ]
}
Unit Test: {
    { 86.0 }
    [
        [
            [
                14 load-locals -13 get-local -12 get-local +
                -11 get-local + -10 get-local + -9 get-local +
                -8 get-local + -7 get-local + -6 get-local +
                -5 get-local + -4 get-local + -3 get-local +
                -2 get-local 2 * + -1 get-local 3 * +
                0 get-local 4 * + 14 drop-locals
            ] named-spill-reader
            [ va_call_named_spill ] with-callback
        ] compile-call
    ]
}
Unit Test: {
    { 5.0 }
    [
        [
            [ read-aggregates ] aggregate-reader
            [ va_call_aggregates ] with-callback
        ] compile-call
    ]
}
Unit Test: { { 1 } [ [ va_hfa_spill_control ] compile-call ] }
Unit Test: {
    { 364.0 }
    [
        [
            [
                12 load-locals -11 get-local -10 get-local +
                -9 get-local + -8 get-local + -7 get-local +
                -6 get-local + -5 get-local + -4 get-local +
                -3 get-local x>> + -3 get-local y>> 2 * +
                -2 get-local 3 * +
                -1 get-local values>> first 4 * +
                -1 get-local values>> second 5 * +
                -1 get-local values>> third 6 * +
                0 get-local 7 * + 12 drop-locals
            ] hfa-spill-reader
            [ va_call_hfa_spill ] with-callback
        ] compile-call
    ]
}
Unit Test: {
    { -15769158013578 }
    [
        [
            [
                2 load-locals -1 get-local drop
                va-big <struct> 0 get-local longlong va-arg >>x
                0 get-local longlong va-arg >>y
                0 get-local longlong va-arg >>z
                [ gc read-ints ] int-reader
                [ 12 va_call_ints ] with-callback drop
                gc 2 drop-locals
            ] big-reader [ va_call_big_return ] with-callback
        ] compile-call
    ]
}
Unit Test: {
    { -3.75 }
    [
        [
            [
                3 load-locals -2 get-local drop
                va-pair <struct> -1 get-local >>x
                0 get-local >>y 3 drop-locals
            ] pair-reader [ va_call_pair_return ] with-callback
        ] compile-call
    ]
}
Unit Test: {
    { 3 }
    [
        [
            [
                2 load-locals -1 get-local drop
                0 get-local int va-arg 0 get-local va-copy int
                va-arg + 0 get-local int va-arg + 2 drop-locals
            ] int-reader [ 12 va_call_ints ] with-callback
        ] compile-call
    ]
}
Unit Test: {
    { 79 }
    [
        [
            [
                2 load-locals -1 get-local drop
                0 get-local int va-arg nested-int-callback
                [ 12 va_call_ints ] with-callback +
                0 get-local int va-arg + 2 drop-locals
            ] int-reader [ 12 va_call_ints ] with-callback
        ] compile-call
    ]
}
Unit Test: {
    { -1 }
    [
        [
            [
                2 load-locals -1 get-local drop
                0 get-local outer-args set-global
                nested-context-callback
                [ 0 va_call_ints ] with-callback drop
                0 get-local int va-arg 2 drop-locals
            ] int-reader [ 12 va_call_ints ] with-callback
        ] compile-call
    ]
}
Must Fail With: { [ outer-args get int va-arg ] [ expired-va-list? ] }
Unit Test: {
    { 0 }
    [
        [
            [
                2 load-locals -1 get-local drop
                0 get-local va-copy escaped-args set-global
                0 2 drop-locals
            ] int-reader [ 12 va_call_ints ] with-callback
        ] compile-call
    ]
}
Must Fail With: {
    [ [ escaped-args get int va-arg ] compile-call ]
    [ expired-va-list? ]
}
Unit Test: {
    { 0 }
    [
        [
            [ read-ints ] list-reader
            [ 0 va_call_list ] with-callback
        ] compile-call
    ]
}
Unit Test: {
    { 78 }
    [
        [
            [ read-ints ] list-reader
            [ 12 va_call_list ] with-callback
        ] compile-call
    ]
}
Unit Test: {
    { 155 }
    [
        [
            [
                2 load-locals
                -1 get-local 0 get-local va_sum_list
                -1 get-local 0 get-local va_sum_list +
                0 get-local int va-arg + 2 drop-locals
            ] list-reader [ 12 va_call_list ] with-callback
        ] compile-call
    ]
}
Unit Test: {
    { 155 }
    [
        [
            [
                2 load-locals
                -1 get-local 0 get-local va_sum_list
                -1 get-local 0 get-local va_sum_list +
                0 get-local int va-arg + 2 drop-locals
            ] int-reader [ 12 va_call_ints ] with-callback
        ] compile-call
    ]
}
Unit Test: {
    { 30 "value:-42:1.250:-1234567890123" }
    [ [ 128 formatted ] compile-call ]
}
Unit Test: { { 30 "value:-" } [ [ 8 formatted ] compile-call ] }
Unit Test: { { 30 "" } [ [ 0 formatted ] compile-call ] }
Unit Test: {
    { 30 "value:-42:1.250:-1234567890123" }
    [
        [
            [
                2 load-locals 128 <byte-array> load-local
                0 get-local 128 -2 get-local -1 get-local
                va-vsnprintf 0 get-local utf8 alien>string
                formatted-text set-global 3 drop-locals
            ] format-list-reader
            [ va_call_format_list ] with-callback
            formatted-text get
        ] compile-call
    ]
}
Unit Test: {
    { 25 ":-42:1.250:-1234567890123" }
    [
        [
            [
                2 load-locals -1 get-local drop
                0 get-local c-string va-arg drop
                128 <byte-array> load-local
                0 get-local 128 ":%d:%.*f:%lld" -1 get-local
                va-vsnprintf 0 get-local utf8 alien>string
                formatted-text set-global 3 drop-locals
            ] format-list-reader
            [ va_call_format_list ] with-callback
            formatted-text get
        ] compile-call
    ]
}
Unit Test: { { 1 } [ [ va_small_controls ] compile-call ] }
Unit Test: {
    { 384.5 }
    [
        [
            [
                4 load-locals gc -3 get-local -2 get-local 2 * +
                -1 get-local + 0 get-local half va-arg +
                0 get-local bfloat va-arg 2 * +
                0 get-local half va-arg 3 * +
                0 get-local bfloat va-arg 4 * +
                0 get-local half va-arg 5 * +
                0 get-local bfloat va-arg 6 * +
                0 get-local half va-arg 7 * +
                0 get-local bfloat va-arg 8 * +
                0 get-local half va-arg 9 * +
                0 get-local bfloat va-arg 10 * + 4 drop-locals
            ] small-reader [ va_call_small ] with-callback
        ] compile-call
    ]
}
Unit Test: {
    { 3.75 }
    [
        [
            [
                3 load-locals -2 get-local drop
                gc -1 get-local 0 get-local + 3 drop-locals
            ] small-return-reader
            [ va_call_small_return ] with-callback
        ] compile-call
    ]
}
Unit Test: { { 30 "value:-42:1.250:-1234567890123" } [ direct-formatted ] }
resource:basis/compiler/tests/alien-varargs-outgoing.factor
Unit Test: { { 570.0 } [ varout_control ] }
Unit Test: { { 317.0 } [ varout_split_control ] }
Unit Test: { { 285.0 } [ 1 2 3 4 5 6 7 8 9 varout_mixed ] }
Unit Test: {
    { 285.0 }
    [
        1 2 varout-small-hfa boa 3 4 5 varout-pair boa
        6 7 8 varout-hfa boa 9 varout_hfas
    ]
}
Unit Test: {
    { 317.0 }
    [ 1 2 3 4 5 6 7 4 5 varout-pair boa 10 varout_split ]
}
Unit Test: {
    { 16.0 27.0 38.0 }
    [
        10 6 7 8 varout-hfa boa varout_return
        [ x>> ] [ y>> ] [ z>> ] tri
    ]
}
Unit Test: {
    { 285.0 }
    [
        1 2 3 4 5 6 7 8 9 "varout_mixed" "varargs-outgoing"
        library-dll dlsym indirect-varout-mixed
    ]
}
Unit Test: {
    { 0 }
    [
        1 2 3 align-prior boa
        float-4{ 1.0 2.0 3.0 4.0 } float-4{ 5.0 6.0 7.0 8.0 }
        align-hva boa 1 varout_hva_alignment
    ]
}
Unit Test: {
    { 0 }
    [
        1 2 3 align-prior boa
        float-4{ 1.0 2.0 3.0 4.0 } float-4{ 5.0 6.0 7.0 8.0 }
        align-hva boa
        1 "varout_hva_alignment" "varargs-outgoing" library-dll
        dlsym indirect-alignment
    ]
}
Unit Test: {
    { 0 }
    [
        1 2 3 align-prior boa 1 varout_return_alignment
        alignment>>
    ]
}
Unit Test: {
    { t }
    [ align-vector-first heap-size varout_vector_first_size = ]
}
Unit Test: {
    { t }
    [
        align-vector-first c-type-align
        varout_vector_first_align =
    ]
}
Unit Test: {
    { t }
    [
        align-vector-union c-type-align
        varout_vector_union_align =
    ]
}
Unit Test: {
    { 36.0 }
    [
        1 2 float-4{ 1.0 2.0 3.0 4.0 } 3 align-vector-first boa
        varout_vector_first_after_int
    ]
}
Unit Test: {
    { 36.0 }
    [
        1 2 align-vector-union <struct>
        float-4{ 1.0 2.0 3.0 4.0 } >>value
        3 varout_vector_union_after_int
    ]
}
Unit Test: {
    { 2 30.0 }
    [
        64 malloc load-local 0 get-local [
            load-local 0 get-local [
                load-local 2 0 get-local 0 set-alien-signed-4
                1.0 0 get-local 16 set-alien-float
                2.0 0 get-local 20 set-alien-float
                3.0 0 get-local 24 set-alien-float
                4.0 0 get-local 28 set-alien-float
                0 get-local f f 0 0 macos <platform-va-cursor>
                load-local
                0 get-local int va-arg 0 get-local
                align-vector-union va-arg value>>
                { 1 2 3 4 } [ * ] 2map sum 2 drop-locals
            ] curry with-va-scope 1 drop-locals
        ] curry 0 get-local
        [ load-local 0 get-local free 1 drop-locals ] curry
        finally 1 drop-locals
    ]
}
resource:basis/compiler/tests/alien-varargs-promotions.factor
Unit Test: {
    { { 1 0 -1 255 65535 -7 65530 } }
    [ [ 7 <iota> [ vap_control_integer ] map ] compile-call ]
}
Unit Test: { { 1 } [ [ 0 t vap-bool ] compile-call ] }
Unit Test: { { 0 } [ [ 0 f vap-bool ] compile-call ] }
Unit Test: {
    { 1 }
    [ [ 0 "non-false Factor object" vap-bool ] compile-call ]
}
Unit Test: { { -7 } [ [ 0 -7 vap-char ] compile-call ] }
Unit Test: { { -1 } [ [ 0 255 vap-char ] compile-call ] }
Unit Test: { { 255 } [ [ 0 -1 vap-uchar ] compile-call ] }
Unit Test: { { 65535 } [ [ 0 -1 vap-ushort ] compile-call ] }
Unit Test: {
    { -7 }
    [
        [
            0 6148914691236517205 vap_poison drop
            0 vap-negative vap-signed
        ]
        compile-call
    ]
}
Unit Test: {
    { 65530 }
    [
        [
            0 6148914691236517205 vap_poison drop
            0 vap-positive vap-unsigned
        ]
        compile-call
    ]
}
Unit Test: { { -7 } [ [ 0 -7 vap-signed ] compile-call ] }
Unit Test: { { 65530 } [ [ 0 65530 vap-unsigned ] compile-call ] }
Unit Test: {
    { 0.10000000149011612 }
    [ [ vap_control_float ] compile-call ]
}
Unit Test: {
    { t }
    [ [ 0 0.1 vap-float vap_control_float = ] compile-call ]
}
Unit Test: {
    { 1 }
    [
        [
            0 t "vap_read_integer" "varargs-promotions"
            library-dll dlsym indirect-vap-bool
        ]
        compile-call
    ]
}
Unit Test: {
    { 65530 }
    [
        [
            0 vap-positive "vap_read_integer"
            "varargs-promotions" library-dll dlsym
            indirect-vap-unsigned
        ]
        compile-call
    ]
}
Unit Test: {
    { { 1 -7 65530 0.10000000149011612 } }
    [
        [
            [
                2 load-locals -1 get-local drop
                0 get-local bool va-arg 0 get-local
                vap-signed-enum va-arg 0 get-local
                vap-unsigned-enum va-arg 0 get-local float
                va-arg 4array promotion-values set-global
                0.0 2 drop-locals
            ] vap-runtime-reader
            [ vap_call_reader ] with-callback drop
            promotion-values get
        ]
        compile-call
    ]
}
Unit Test: {
    { { 1 -7 65530 0.10000000149011612 } }
    [
        [
            [
                5 load-locals -4 get-local drop
                -3 get-local -2 get-local -1 get-local 0
                get-local 4array promotion-values set-global
                0.0 5 drop-locals
            ] vap-tail-reader [ vap_call_reader ] with-callback
            drop promotion-values get
        ]
        compile-call
    ]
}
resource:basis/compiler/tests/alien-arm64-unions.factor
Unit Test: { { 11.25 } [ au-one <struct> 1.25 >>a 10.0 au_take_one ] }
Unit Test: {
    { 16.25 }
    [
        au-two <struct> 1.25 2.5 au-pair boa >>pair
        10.0 au_take_two
    ]
}
Unit Test: {
    { 40.0 }
    [
        au-four <struct> 1.0 2.0 3.0 4.0 au-quad boa >>quad
        10.0 au_take_four
    ]
}
Unit Test: {
    { 16.25 }
    [
        au-one <struct> 1.25 >>a 2.5 au-nested boa
        10.0 au_take_nested
    ]
}
Unit Test: { { 13.75 } [ au-mixed <struct> 3.75 >>b 10.0 au_take_mixed ] }
Unit Test: { { 1.25 } [ 1.25 au_return_one a>> ] }
Unit Test: {
    { 1.25 2.5 }
    [ 1.25 2.5 au_return_two pair>> [ a>> ] [ b>> ] bi ]
}
Unit Test: {
    { 1.0 2.0 3.0 4.0 }
    [
        1.0 2.0 3.0 4.0 au_return_four quad>>
        { [ a>> ] [ b>> ] [ c>> ] [ d>> ] } cleave
    ]
}
Unit Test: {
    { 23.25 }
    [
        7 au-two <struct> 1.25 2.5 au-pair boa >>pair
        10.0 au_variadic
    ]
}
Unit Test: {
    { 11.25 }
    [ [ [ swap a>> + ] au-one-cb au_call_one ] compile-call ]
}
Unit Test: {
    { 16.25 }
    [
        [
            [ swap pair>> [ a>> ] [ b>> 2 * ] bi + + ] au-two-cb
            au_call_two
        ] compile-call
    ]
}
Unit Test: {
    { 40.0 }
    [
        [
            [
                swap quad>>
                { [ a>> ] [ b>> 2 * ] [ c>> 3 * ] [ d>> 4 * ] }
                cleave + + + +
            ] au-four-cb au_call_four
        ] compile-call
    ]
}
Unit Test: { { 1 } [ au_c_controls ] }
Unit Test: { { 16 } [ au-padded heap-size ] }
Unit Test: { { 16.25 } [ 1.25 2.5 au-padded boa 10.0 au_take_padded ] }
Unit Test: {
    { 16.25 }
    [
        au-padded-union <struct> 1.25 2.5 au-padded boa >>padded
        10.0 au_take_padded_union
    ]
}
Unit Test: {
    { 1.25 2.5 }
    [ 1.25 2.5 au_return_padded [ a>> ] [ b>> ] bi ]
}
Unit Test: {
    { 16.25 }
    [
        [
            [ swap [ a>> ] [ b>> 2 * ] bi + + ] au-padded-cb
            au_call_padded
        ] compile-call
    ]
}
Unit Test: {
    { 37.25 }
    [
        1.0 2.0 3.0 4.0 5.0 6.0 au-two <struct> 1.25 2.5 au-pair
        boa >>pair 10.0 au_take_spill
    ]
}
Unit Test: {
    { 37.25 }
    [
        [
            [
                swap pair>> [ a>> ] [ b>> 2 * ] bi + + + + + + +
                +
            ] au-spill-cb au_call_spill
        ] compile-call
    ]
}
Unit Test: {
    { 40.0 }
    [
        au-vector <struct> float-4{ 1.0 2.0 3.0 4.0 } >>a
        10.0 au_take_vector
    ]
}
Unit Test: {
    { float-4{ 1.0 2.0 3.0 4.0 } }
    [ 1.0 2.0 3.0 4.0 au_return_vector a>> ]
}
Unit Test: {
    { 40.0 }
    [
        [
            [
                swap a>> {
                    [ first ]
                    [ second 2 * ]
                    [ third 3 * ]
                    [ fourth 4 * ]
                } cleave + + + +
            ] au-vector-cb au_call_vector
        ] compile-call
    ]
}
Unit Test: {
    { 46.0 }
    [
        au-vector-two <struct>
        float-4{ 1.0 2.0 3.0 4.0 } float-4{ 5.0 6.0 7.0 8.0 }
        au-fvec-pair boa >>a 10.0 au_take_vector_two
    ]
}
Unit Test: {
    { float-4{ 1.0 2.0 3.0 4.0 } float-4{ 5.0 6.0 7.0 8.0 } }
    [ au_return_vector_two a>> [ a>> ] [ b>> ] bi ]
}
Unit Test: {
    { 23.25 }
    [
        [
            [
                2 load-locals 0 get-local au-two va-arg pair>>
                [ a>> ] [ b>> 2 * ] bi +
                0 get-local double va-arg + -1 get-local +
                2 drop-locals
            ] au-dynamic-cb au_call_variadic
        ] compile-call
    ]
}
Unit Test: {
    { 23.25 }
    [
        [
            [ swap pair>> [ a>> ] [ b>> 2 * ] bi + + + ]
            au-typed-cb au-call-typed
        ] compile-call
    ]
}
Unit Test: {
    { 53.0 }
    [
        [
            [
                2 load-locals
                0 get-local au-vector-two va-arg a>>
                [ a>> sum ] [ b>> sum ] bi +
                0 get-local double va-arg + -1 get-local +
                2 drop-locals
            ] au-dynamic-cb au_call_vector_variadic
        ] compile-call
    ]
}
Unit Test: {
    { 53.0 }
    [
        [
            [ swap a>> [ a>> sum ] [ b>> sum ] bi + + + ]
            au-vector-typed-cb au-call-vector-typed
        ] compile-call
    ]
}
Unit Test: { { 1 } [ au_small_controls ] }
Unit Test: { { 11.25 } [ au-small <struct> 1.25 >>a 10.0 au_take_small ] }
Unit Test: { { 12.5 } [ au-bsmall <struct> 2.5 >>a 10.0 au_take_bsmall ] }
Unit Test: { { 1.25 } [ 1.25 au_return_small a>> ] }
Unit Test: { { 2.5 } [ 2.5 au_return_bsmall a>> ] }
Unit Test: {
    { 16.25 }
    [
        au-small <struct> 1.25 >>a au-bsmall <struct> 2.5 >>a
        au-small-pair boa 10.0 au_take_small_pair
    ]
}
Unit Test: {
    { 16.25 }
    [
        [
            [ swap small-pair-value + ] au-small-pair-cb
            au_call_small_pair
        ] compile-call
    ]
}
Unit Test: {
    { 23.25 }
    [
        [
            [
                2 load-locals
                0 get-local au-small-pair va-arg
                small-pair-value 0 get-local double va-arg +
                -1 get-local + 2 drop-locals
            ] au-small-dynamic-cb au_call_small_variadic
        ] compile-call
    ]
}
Unit Test: {
    { 23.25 }
    [
        [
            [ swap small-pair-value + + ] au-small-typed-cb
            au-call-small-typed
        ] compile-call
    ]
}
backtracking-allocator
Unit Test: {
    { t }
    [
        {
            T{ ##mul { dst 2 } { src1 0 } { src2 1 } }
            T{ ##neg { dst 3 } { src 2 } }
        } fused-insns last
        T{ ##mneg { dst 3 } { src1 0 } { src2 1 } } =
    ]
}
Unit Test: {
    { 0 }
    [
        {
            T{ ##mul { dst 2 } { src1 0 } { src2 1 } }
            T{ ##neg { dst 3 } { src 2 } }
            T{ ##add { dst 4 } { src1 2 } { src2 3 } }
        } fused-insns [ ##mneg? ] count
    ]
}
Unit Test: {
    { 0 }
    [
        {
            T{ ##fixnum-mul { dst 2 } { src1 0 } { src2 1 } }
            T{ ##neg { dst 3 } { src 2 } }
        } fused-insns [ ##mneg? ] count
    ]
}
Unit Test: {
    { 1 }
    [
        [ { fixnum fixnum } declare fixnum*fast -1 fixnum*fast ]
        [ ##mneg? ] count-insns
    ]
}
Unit Test: {
    { 0 }
    [
        [ { fixnum fixnum } declare fixnum*fast -1 fixnum*fast ]
        [ ##mul? ] count-insns
    ]
}
Unit Test: {
    { -42 }
    [
        6 7
        [ { fixnum fixnum } declare fixnum*fast -1 fixnum*fast ]
        compile-call
    ]
}
Unit Test: {
    { 42 }
    [
        -6 7
        [ { fixnum fixnum } declare fixnum*fast -1 fixnum*fast ]
        compile-call
    ]
}
Unit Test: {
    { 0 }
    [
        0 -7
        [ { fixnum fixnum } declare fixnum*fast -1 fixnum*fast ]
        compile-call
    ]
}
Unit Test: {
    { -49 }
    [
        7
        [ { fixnum } declare dup fixnum*fast -1 fixnum*fast ]
        compile-call
    ]
}
Unit Test: {
    { t }
    [
        most-negative-fixnum 1
        [ { fixnum fixnum } declare fixnum*fast -1 fixnum*fast ]
        compile-call most-negative-fixnum =
    ]
}
Unit Test: {
    { 2 }
    [
        most-positive-fixnum 2
        [ { fixnum fixnum } declare fixnum*fast -1 fixnum*fast ]
        compile-call
    ]
}
Unit Test: {
    { t }
    [
        most-positive-fixnum 2 * neg most-positive-fixnum 2
        [ { fixnum fixnum } declare * neg ] compile-call =
    ]
}
Unit Test: { { 0 } [ shared-use-in-successor ] }
resource:basis/compiler/tests/alien.factor
Must Fail: { [ [ void { } "cdecl" alien-indirect ] infer ] }
Must Fail: { [ [ "void" { } cdecl alien-indirect ] infer ] }
Must Fail: { [ [ void* 3 cdecl alien-indirect ] infer ] }
Must Fail: { [ [ void* { "int" } cdecl alien-indirect ] infer ] }
Must Fail: { [ [ void* { int } cdecl { } alien-callback ] infer ] }
Unit Test: { { } [ ffi_test_0 ] }
Unit Test: { { 3 } [ ffi_test_1 ] }
Unit Test: { { } [ \ ffi_test_1 def>> [ drop ] append compile-call ] }
Unit Test: { { 5 } [ 2 3 ffi_test_2 ] }
Must Fail: { [ "hi" 3 ffi_test_2 ] }
Unit Test: { { 25 } [ 2 3 4 5 ffi_test_3 ] }
Unit Test: { { 1.5 } [ ffi_test_4 ] }
Unit Test: { { 1.5 } [ ffi_test_5 ] }
Unit Test: { { 28 } [ 1 2 3 4 5 6 7 ffi_test_9 ] }
Must Fail: { [ "a" 2 3 4 5 6 7 ffi_test_9 ] }
Must Fail: { [ 1 2 3 4 5 6 "a" ffi_test_9 ] }
Unit Test: { { 14 } [ 1 2 3 make-FOO 4 ffi_test_11 ] }
Unit Test: { { 66 } [ 1 2 3 4 5 6 7 8 9 10 11 ffi_test_13 ] }
Unit Test: { { 11 6 } [ 11 6 ffi_test_14 [ x>> ] [ y>> ] bi ] }
Unit Test: { { "foo" } [ "xy" "zt" ffi_test_15 ] }
Unit Test: { { "bar" } [ "xy" "xy" ffi_test_15 ] }
Must Fail: { [ 1 2 ffi_test_15 ] }
Unit Test: {
    { 11 6 -7 }
    [ 11 6 -7 ffi_test_16 [ x>> ] [ y>> ] [ z>> ] tri ]
}
Unit Test: { { 11 } [ 11 ffi_test_17 x>> ] }
Must Fail With: { [ [ alien-indirect ] infer ] [ inference-error? ] }
Must Infer As: { { 1 1 } [ indirect-test-1 ] }
Unit Test: { { 3 } [ "ffi_test_1" "f-cdecl" address-of indirect-test-1 ] }
Must Infer As: { { 1 0 } [ indirect-test-1' ] }
Unit Test: { { } [ "ffi_test_1" "f-cdecl" address-of indirect-test-1' ] }
Must Fail: { [ -1 indirect-test-1 ] }
Must Infer As: { { 3 1 } [ indirect-test-2 ] }
Unit Test: {
    { 5 }
    [ 2 3 "ffi_test_2" "f-cdecl" address-of indirect-test-2 ]
}
Unit Test: { { f } [ "f-stdcall" library-dll f = ] }
Unit Test: { { stdcall } [ "f-stdcall" lookup-library abi>> ] }
Unit Test: { { 25 } [ 2 3 4 5 ffi_test_18 ] }
Unit Test: {
    { 11 6 -7 }
    [ 11 6 -7 ffi_test_19 [ x>> ] [ y>> ] [ z>> ] tri ]
}
Unit Test: { { 25 85 } [ 2 3 4 5 6 7 8 9 multi_ffi_test_18 ] }
Unit Test: { { 6.0 } [ 3.0 2.0 ffi_test_6 ] }
Must Fail: { [ "a" "b" ffi_test_6 ] }
Unit Test: { { 6.0 } [ 3.0 2.0 ffi_test_7 ] }
Unit Test: { { 19.0 } [ 3.0 2.0 1.0 6.0 7 ffi_test_8 ] }
Unit Test: { { -34 } [ 1 2 3.0 4 5.0 6 7 8 ffi_test_10 ] }
Unit Test: { { } [ 1.0 2.0 3.0 4.0 5.0 6.0 7.0 8.0 9.0 ffi_test_20 ] }
Unit Test: { { 861 3 } [ 42 [ ] each-integer ffi_test_31 ] }
Unit Test: { { 861.0 } [ 42 [ >float ] each-integer ffi_test_31_point_5 ] }
Unit Test: { { 121932631112635269 } [ 123456789 987654321 ffi_test_21 ] }
Unit Test: {
    { 987655432 }
    [ 1111 121932631112635269 123456789 ffi_test_22 ]
}
Must Fail: { [ 1111 f 123456789 ffi_test_22 ] }
Unit Test: { { 45 } [ 1 2 3.0 4.0 5.0 6.0 <RECT> 7 8 9 ffi_test_12 ] }
Must Fail: { [ 1 2 { 1 2 3 } 7 8 9 ffi_test_12 ] }
Unit Test: {
    { 32.0 }
    [
        { 1.0 2.0 3.0 } float >c-array
        { 4.0 5.0 6.0 } float >c-array ffi_test_23
    ]
}
Unit Test: { { S{ test-struct-1 { x char-array{ 1 } } } } [ ffi_test_24 ] }
Unit Test: {
    { S{ test-struct-2 { x char-array{ 1 2 } } } }
    [ ffi_test_25 ]
}
Unit Test: {
    { S{ test-struct-3 { x char-array{ 1 2 3 } } } }
    [ ffi_test_26 ]
}
Unit Test: {
    { S{ test-struct-4 { x char-array{ 1 2 3 4 } } } }
    [ ffi_test_27 ]
}
Unit Test: {
    { S{ test-struct-5 { x char-array{ 1 2 3 4 5 } } } }
    [ ffi_test_28 ]
}
Unit Test: {
    { S{ test-struct-6 { x char-array{ 1 2 3 4 5 6 } } } }
    [ ffi_test_29 ]
}
Unit Test: {
    { S{ test-struct-7 { x char-array{ 1 2 3 4 5 6 7 } } } }
    [ ffi_test_30 ]
}
Unit Test: {
    { 9.0 }
    [ test-struct-8 <struct> 1.0 >>x 2.0 >>y 3 ffi_test_32 ]
}
Unit Test: {
    { 9.0 }
    [ test-struct-9 <struct> 1.0 >>x 2.0 >>y 3 ffi_test_33 ]
}
Unit Test: {
    { 9.0 }
    [ test-struct-10 <struct> 1.0 >>x 2 >>y 3 ffi_test_34 ]
}
Unit Test: {
    { 9.0 }
    [ test-struct-11 <struct> 1 >>x 2 >>y 3 ffi_test_35 ]
}
Unit Test: { { 1.23456 } [ 1.23456 make-struct-12 ffi_test_36 ] }
Unit Test: { { t } [ 31 2^ 32 2^ ffi_test_38 63 2^ = ] }
Unit Test: { { t } [ callback-throws [ alien? ] with-callback ] }
Unit Test: {
    { 0 1 }
    [ [ callback-1 ] infer [ in>> length ] [ out>> length ] bi ]
}
Unit Test: { { t } [ callback-1 [ alien? ] with-callback ] }
Unit Test: { { } [ callback-1 [ callback_test_1 ] with-callback ] }
Unit Test: { { } [ callback-2 [ callback_test_1 ] with-callback ] }
Unit Test: {
    { t 3 5 }
    [
        [
            (get-namestack) 3 "x" set callback-3
            [ callback_test_1 ] with-callback
            (get-namestack) eq? "x" get "x" get-global
        ] with-scope
    ]
}
Unit Test: {
    { "testing" }
    [ "testing" callback-5 [ callback_test_1 ] with-callback ]
}
Unit Test: {
    { "testing" }
    [ "testing" callback-5b [ callback_test_1 ] with-callback ]
}
Unit Test: {
    { 1 2 3 }
    [ callback-6 [ callback_test_1 1 2 3 ] with-callback ]
}
Unit Test: {
    { 1 2 3 }
    [ callback-7 [ callback_test_1 1 2 3 ] with-callback ]
}
Unit Test: { { f } [ namespace global eq? ] }
Unit Test: { { } [ callback-8 [ callback_test_1 ] with-callback ] }
Unit Test: { { } [ ffi_test_36_point_5 ] }
Unit Test: { { 1 } [ callback-9 [ ffi_test_37 ] with-callback ] }
Unit Test: { { 7 } [ callback-9 [ ffi_test_37 ] with-callback ] }
Unit Test: { { 21 } [ 12347 12347 make-test-struct-13 ffi_test_39 ] }
Unit Test: {
    { byte-array 1.0 2.0 3.0 4.0 }
    [
        1.0 2.0 3.0 4.0 <double-rect> double-rect-callback [
            double-rect-test
            [ >c-ptr class-of ] [ >double-rect< ] bi
        ] with-callback
    ]
}
Unit Test: { { 1.0 2.0 } [ 1.0 2.0 ffi_test_40 [ x1>> ] [ x2>> ] bi ] }
Unit Test: {
    { 1.0 2.0 }
    [
        1.0 2.0 callback-10
        [ callback-10-test [ x1>> ] [ x2>> ] bi ] with-callback
    ]
}
Unit Test: { { 1 2.0 } [ 1 2.0 ffi_test_41 [ a>> ] [ x>> ] bi ] }
Unit Test: {
    { 1 2.0 }
    [
        1 2.0 callback-11
        [ callback-11-test [ a>> ] [ x>> ] bi ] with-callback
    ]
}
Unit Test: { { 1.0 2.0 } [ 1.0 2.0 ffi_test_42 [ x>> ] [ y>> ] bi ] }
Unit Test: {
    { 1.0 2.0 }
    [
        1.0 2.0 callback-12
        [ callback-12-test [ x>> ] [ y>> ] bi ] with-callback
    ]
}
Unit Test: { { 1.0 2 } [ 1.0 2 ffi_test_43 [ x>> ] [ a>> ] bi ] }
Unit Test: {
    { 1.0 2 }
    [
        1.0 2 callback-13
        [ callback-13-test [ x>> ] [ a>> ] bi ] with-callback
    ]
}
Unit Test: { { 1.0 2.0 } [ ffi_test_44 [ x1>> ] [ x2>> ] bi ] }
Must Not Fail: { [ stack-frame-bustage ] }
Unit Test: { { C{ 3.0 0.0 } } [ 3 ffi_test_45 ] }
Unit Test: { { C{ 3.0 0.0 } } [ 3 ffi_test_46 ] }
Unit Test: { { C{ 4.0 4.0 } } [ C{ 1.0 2.0 } C{ 1.5 1.0 } ffi_test_47 ] }
Unit Test: {
    { 123 }
    [ bool-field-test <struct> 123 >>parents ffi_test_48 ]
}
Unit Test: {
    { 200 }
    [
        thread-callback-2
        [ thread-callback-invoker ] with-callback
    ]
}
Unit Test: { { 100 } [ "p" get ?promise ] }
Unit Test: { { } [ assembly-test-1 ] }
Unit Test: { { f } [ "f-fastcall" library-dll f = ] }
Unit Test: { { fastcall } [ "f-fastcall" lookup-library abi>> ] }
Unit Test: { { 4 } [ 3 ffi_test_49 ] }
Unit Test: { { 8 } [ 3 4 ffi_test_50 ] }
Unit Test: { { 13 } [ 3 4 5 ffi_test_51 ] }
Unit Test: { { 13 22 } [ 3 4 5 6 7 8 multi_ffi_test_51 ] }
Unit Test: { { t } [ most-positive-fixnum 1 + [ ffi_test_59 ] keep = ] }
Unit Test: { { t } [ most-positive-fixnum 1 + [ ffi_test_60 ] keep = ] }
Unit Test: { { -1 } [ -1 ffi_test_59 ] }
Unit Test: { { -1 } [ 18446744073709551615 ffi_test_59 ] }
Unit Test: { { 18446744073709551615 } [ -1 ffi_test_60 ] }
Unit Test: {
    { 18446744073709551615 }
    [ 18446744073709551615 ffi_test_60 ]
}
Unit Test: { { 13 } [ 3 4.0 5 ffi_test_52 ] }
Unit Test: { { 19 } [ 3 4.0 5 6 ffi_test_53 ] }
Unit Test: { { S{ test-struct-11 { x 7 } { y -1 } } } [ 3 4 ffi_test_57 ] }
Unit Test: {
    { S{ test-struct-11 { x 7 } { y -3 } } }
    [ 3 4 7 ffi_test_58 ]
}
Unit Test: {
    { 8 }
    [
        3 4 "ffi_test_50" "f-cdecl" address-of
        fastcall-ii-indirect
    ]
}
Unit Test: {
    { 13 }
    [
        3 4 5 "ffi_test_51" "f-cdecl" address-of
        fastcall-iii-indirect
    ]
}
Unit Test: {
    { 13 }
    [
        3 4.0 5 "ffi_test_52" "f-cdecl" address-of
        fastcall-ifi-indirect
    ]
}
Unit Test: {
    { 19 }
    [
        3 4.0 5 6 "ffi_test_53" "f-cdecl" address-of
        fastcall-ifii-indirect
    ]
}
Unit Test: {
    { S{ test-struct-11 { x 7 } { y -1 } } }
    [
        3 4 "ffi_test_57" "f-cdecl" address-of
        fastcall-struct-return-ii-indirect
    ]
}
Unit Test: {
    { S{ test-struct-11 { x 7 } { y -3 } } }
    [
        3 4 7 "ffi_test_58" "f-cdecl" address-of
        fastcall-struct-return-iii-indirect
    ]
}
Unit Test: {
    { 8 }
    [
        3 4 fastcall-ii-callback
        [ fastcall-ii-indirect ] with-callback
    ]
}
Unit Test: {
    { 13 }
    [
        3 4 5 fastcall-iii-callback
        [ fastcall-iii-indirect ] with-callback
    ]
}
Unit Test: {
    { 13 }
    [
        3 4.0 5 fastcall-ifi-callback
        [ fastcall-ifi-indirect ] with-callback
    ]
}
Unit Test: {
    { 19 }
    [
        3 4.0 5 6 fastcall-ifii-callback
        [ fastcall-ifii-indirect ] with-callback
    ]
}
Unit Test: {
    { S{ test-struct-11 { x 7 } { y -1 } } }
    [
        3 4 fastcall-struct-return-ii-callback
        [ fastcall-struct-return-ii-indirect ] with-callback
    ]
}
Unit Test: {
    { S{ test-struct-11 { x 7 } { y -3 } } }
    [
        3 4 7 fastcall-struct-return-iii-callback
        [ fastcall-struct-return-iii-indirect ] with-callback
    ]
}
Unit Test: {
    { 661 }
    [
        100 500 50 10 1 x64-regression-1
        [ x64-regression-2 ] with-callback
    ]
}
Unit Test: { { 3 } [ blah ] }
Unit Test: { { 12 } [ out-param-test-1 ] }
Unit Test: { { 12 } [ out-param-test-2 ] }
Unit Test: { { 3.0 4.0 } [ out-param-test-3 ] }
Unit Test: {
    { 12 }
    [
        6 out-param-callback
        [ out-param-indirect ] with-callback
    ]
}
Unit Test: {
    { T{ some-tuple { x 5.0 } } }
    [
        [
            some-tuple new aa-callback-1
            [ aa-indirect-1 ] with-callback >>x
        ] compile-call
    ]
}
Unit Test: { { } [ anton's-regression ] }
Unit Test: { { t } [ ffi_test_61 bool-and-ptr? ] }
Unit Test: { { { t f } } [ ffi_test_61 [ b>> ] [ ptr>> ] bi 2array ] }
Unit Test: {
    { S{ uint-pair { a 2882400171 } { b 305419896 } } }
    [ ffi_test_62 ]
}
Unit Test: {
    {
        S{ ulonglong-pair
            { a 12379814471884843981 }
            { b 1311768467302729063 }
        }
    }
    [ ffi_test_63 ]
}
Unit Test: {
    { t }
    [
        10 [ [ 100 random ] twice 2array ] replicate [
            [
                first2 [ <alien> ] dip bug1021_test_1
                alien-address
            ] map
        ] [ [ first2 sq + ] map ] bi =
    ]
}
Unit Test: {
    { }
    [
        minor-gc 2000
        [ 101 <alien> run-test [ alien-address ] map drop ]
        times
    ]
}
Unit Test: { { 30 60 } [ 2 10 20 do-sum-ints2 3 10 20 30 do-sum-ints3 ] }
Unit Test: {
    { 27.0 22.0 }
    [ 2 7 20 do-sum-doubles2 3 5 10 7 do-sum-doubles3 ]
}
Unit Test: { { } [ 10000 [ 0 doit 33 assert= ] times ] }
Unit Test: {
    { 28 }
    [
        1 2 3
        S{ test_struct_66 { mem1 4 } { mem2 5 } }
        S{ test_struct_66 { mem1 6 } { mem2 7 } } ffi_test_66
    ]
}
Unit Test: {
    { 28 }
    [
        1 2 3
        S{ test_struct_66 { mem1 4 } { mem2 5 } }
        S{ test_struct_66 { mem1 6 } { mem2 7 } } callback-14
        [ callback-14-test ] with-callback
    ]
}
Unit Test: {
    { 44 }
    [
        1 2 3
        S{ test_struct_66 { mem1 4 } { mem2 5 } }
        S{ test_struct_66 { mem1 6 } { mem2 7 } } 8 ffi_test_67
    ]
}
Unit Test: {
    { 44 }
    [
        1 2 3
        S{ test_struct_66 { mem1 4 } { mem2 5 } }
        S{ test_struct_66 { mem1 6 } { mem2 7 } } 8 callback-15
        [ callback-15-test ] with-callback
    ]
}
Unit Test: {
    { 55 }
    [
        1 2 3
        S{ test_struct_66 { mem1 4 } { mem2 5 } }
        S{ test_struct_68 { mem1 6 } { mem2 7 } { mem3 8 } }
        S{ test_struct_66 { mem1 9 } { mem2 10 } } ffi_test_68
    ]
}
Unit Test: {
    { 55 }
    [
        1 2 3
        S{ test_struct_66 { mem1 4 } { mem2 5 } }
        S{ test_struct_68 { mem1 6 } { mem2 7 } { mem3 8 } }
        S{ test_struct_66 { mem1 9 } { mem2 10 } } callback-16
        [ callback-16-test ] with-callback
    ]
}
Unit Test: {
    { 55 }
    [
        1 2 3
        S{ test_struct_66 { mem1 4 } { mem2 5 } }
        S{ test_struct_69 { mem1 6.0 } { mem2 7 } { mem3 8 } }
        S{ test_struct_66 { mem1 9 } { mem2 10 } } ffi_test_69
    ]
}
Unit Test: {
    { 55 }
    [
        1 2 3
        S{ test_struct_66 { mem1 4 } { mem2 5 } }
        S{ test_struct_69 { mem1 6.0 } { mem2 7 } { mem3 8 } }
        S{ test_struct_66 { mem1 9 } { mem2 10 } } callback-17
        [ callback-17-test ] with-callback
    ]
}
Unit Test: {
    { 36 }
    [
        S{ test_struct_68 { mem1 1 } { mem2 2 } { mem3 3 } }
        S{ test_struct_68 { mem1 4 } { mem2 5 } { mem3 6 } }
        S{ test_struct_66 { mem1 7 } { mem2 8 } } ffi_test_70
    ]
}
Unit Test: {
    { 36 }
    [
        S{ test_struct_68 { mem1 1 } { mem2 2 } { mem3 3 } }
        S{ test_struct_68 { mem1 4 } { mem2 5 } { mem3 6 } }
        S{ test_struct_66 { mem1 7 } { mem2 8 } } callback-18
        [ callback-18-test ] with-callback
    ]
}
resource:basis/compiler/tests/alien-large-return.factor
Unit Test: {
    { 6 15 24 }
    [
        1 2 3 4 5 6 7 8 9 ffi_test_large_return
        large-return-values
    ]
}
Unit Test: {
    { -6 -15 -24 }
    [
        -1 -2 -3 -4 -5 -6 -7 -8 -9 ffi_test_large_return
        large-return-values
    ]
}
Unit Test: {
    { 6 15 24 }
    [
        1 2 3 4 5 6 7 8 9 "ffi_test_large_return"
        "large-return-test" library-dll dlsym
        indirect-large-return large-return-values
    ]
}
Unit Test: {
    { 45 }
    [
        large-return-callback
        [ ffi_test_large_return_callback ] with-callback
    ]
}
Unit Test: {
    { 45 }
    [
        nested-large-return-callback
        [ ffi_test_large_return_callback ] with-callback
    ]
}
resource:basis/compiler/tests/alien-small-floats.factor
Unit Test: { { 1.5 } [ 1.5 half_identity ] }
Unit Test: {
    { -2.5 }
    [
        -2.5 "half_identity" "small-floats-test" library-dll
        dlsym half-indirect
    ]
}
Unit Test: { { 16.0 } [ 1 2.5 3.0 4.5 5 half_mixed ] }
Unit Test: { { 2.0 } [ half-cb [ 1.5 half_callback ] with-callback ] }
Unit Test: { { 55.0 } [ 1 2 3 4 5 6 7 8 9 10 half_overflow ] }
Unit Test: {
    { 55.0 }
    [
        half-overflow-cb
        [ half_overflow_callback ] with-callback
    ]
}
Unit Test: {
    { t }
    [
        {
            0.0
            -0.0
            1.0
            -1.0
            1.00048828125
            1.00146484375
            1.00390625
            1.01171875
            5.960464477539063e-8
            0.00006103515625
            65504.0
            65520.0
            1/0.
            -1/0.
        }
        [ [ half_bits ] [ half_convert float>half-bits ] bi = ]
        all?
    ]
}
Unit Test: {
    { t }
    [
        {
            0
            1
            2
            127
            128
            255
            256
            1023
            1024
            16383
            16384
            30000
            32768
            32769
            49152
        } [ [ half_from_bits float>half-bits ] keep = ] all?
    ]
}
Unit Test: { { 1.5 } [ 1.5 bfloat_identity ] }
Unit Test: {
    { -2.5 }
    [
        -2.5 "bfloat_identity" "small-floats-test" library-dll
        dlsym bfloat-indirect
    ]
}
Unit Test: { { 16.0 } [ 1 2.5 3.0 4.5 5 bfloat_mixed ] }
Unit Test: { { 2.0 } [ bfloat-cb [ 1.5 bfloat_callback ] with-callback ] }
Unit Test: { { 55.0 } [ 1 2 3 4 5 6 7 8 9 10 bfloat_overflow ] }
Unit Test: {
    { 55.0 }
    [
        bfloat-overflow-cb
        [ bfloat_overflow_callback ] with-callback
    ]
}
Unit Test: {
    { t }
    [
        {
            0.0
            -0.0
            1.0
            -1.0
            1.00048828125
            1.00146484375
            1.00390625
            1.01171875
            5.960464477539063e-8
            0.00006103515625
            65504.0
            65520.0
            1/0.
            -1/0.
        } [
            [ bfloat_bits ] [ bfloat_convert float>bfloat-bits ]
            bi =
        ] all?
    ]
}
Unit Test: {
    { t }
    [
        {
            0
            1
            2
            127
            128
            255
            256
            1023
            1024
            16383
            16384
            30000
            32768
            32769
            49152
        } [ [ bfloat_from_bits float>bfloat-bits ] keep = ] all?
    ]
}
Unit Test: {
    { 4.0 }
    [ mixed-small <struct> 1.5 >>a 2.5 >>b mixed_small_sum ]
}
Unit Test: {
    { t }
    [
        65536 <iota> [
            [ half_from_bits float>half-bits ]
            [ half-bits>float float>half-bits ] bi =
        ] all?
    ]
}
Unit Test: {
    { t }
    [
        65536 <iota> [
            [ bfloat_from_bits float>bfloat-bits ]
            [ bfloat-bits>float float>bfloat-bits ] bi =
        ] all?
    ]
}
Unit Test: { { 11.5 } [ 0 1.5 2.5 3 4.5 half_varargs ] }
Unit Test: { { 11.5 } [ 0 1.5 2.5 3 4.5 bfloat_varargs ] }
Unit Test: { { 1.0 1.0 } [ half_dirty_result bfloat_dirty_result ] }
Unit Test: { { 2.0 } [ 0 1.00048828125 1.00048828125 0 0.0 half_varargs ] }
Unit Test: { { 2.0 } [ 0 1.00390625 1.00390625 0 0.0 bfloat_varargs ] }
Unit Test: { { 806016 } [ 1 8 2 3 4 5 6 7 8 9 varout_half_bits ] }
Unit Test: { { 745872 } [ 1 8 2 3 4 5 6 7 8 9 varout_bfloat_bits ] }
Unit Test: {
    { 212.0 }
    [
        1
        float-4{ 1.0 2.0 3.0 4.0 } float-4{ 5.0 6.0 7.0 8.0 }
        float-4{ 9.0 10.0 11.0 12.0 } varout-vector-hva boa
        1 varout_vector_args
    ]
}
resource:basis/compiler/tests/alien-arm64-abi.factor
Unit Test: {
    { 40147957488.0 }
    [
        1 2 3 4 5 6 7 8 -9 250 -300 60000 -70000 3000000000
        -123456789 abi_narrow
    ]
}
Unit Test: {
    { 40147957488.0 }
    [
        1 2 3 4 5 6 7 8 -9 250 -300 60000 -70000 3000000000
        -123456789 "abi_narrow" "gap-abi" library-dll dlsym
        indirect-narrow
    ]
}
Unit Test: {
    { 40147957488.0 }
    [ callback-narrow [ call_narrow ] with-callback ]
}
Unit Test: {
    { 506.0 }
    [ 1.0 2.0 3.0 4.0 5.0 6.0 7.0 8.0 9.0 10.0 11.0 abi_floats ]
}
Unit Test: {
    { 506.0 }
    [
        1.0 2.0 3.0 4.0 5.0 6.0 7.0 8.0 9.0 10.0 11.0
        "abi_floats" "gap-abi" library-dll dlsym indirect-floats
    ]
}
Unit Test: { { 506.0 } [ callback-floats [ call_floats ] with-callback ] }
Unit Test: {
    { -2610657.0 }
    [
        1 2 3 4 5 6 7 8 1.0 2.0 3.0 4.0 5.0 6.0 7.0 8.0 -9 9.5
        -1000 10.25 -123456 abi_mixed
    ]
}
Unit Test: {
    { -2610657.0 }
    [
        1 2 3 4 5 6 7 8 1.0 2.0 3.0 4.0 5.0 6.0 7.0 8.0 -9 9.5
        -1000 10.25 -123456 "abi_mixed" "gap-abi" library-dll
        dlsym indirect-mixed
    ]
}
Unit Test: {
    { -2610657.0 }
    [ callback-mixed [ call_mixed ] with-callback ]
}
Unit Test: { { -35.0 } [ 1 2.5 -3 4.25 -5 -4 direct-var ] }
Unit Test: { { 662.0 } [ 1 2 3 4 5 6 7 8 9 10 11 13.0 direct-var-spill ] }
Unit Test: {
    { -35.0 }
    [
        1 2.5 -3 4.25 -5 -4 "abi_var" "gap-abi" library-dll
        dlsym indirect-var
    ]
}
Unit Test: {
    { 662.0 }
    [
        1 2 3 4 5 6 7 8 9 10 11 13.0 "abi_var_spill" "gap-abi"
        library-dll dlsym indirect-var-spill
    ]
}
Unit Test: { { -35.0 } [ 1 2.5 -3 4.25 -5 -4 syntax-var ] }
Unit Test: { { 55.0 } [ 1.0 2.0 <pair> 3.0 4.0 <pair> 5 abi_var_hfa ] }
Unit Test: {
    { 55.0 }
    [
        1.0 2.0 <pair> 3.0 4.0 <pair>
        5 "abi_var_hfa" "gap-abi" library-dll dlsym
        indirect-var-hfa
    ]
}
Unit Test: { { 47.0 } [ 1 2 3 4 5 6 7 8 -9 10 11 <ints> -12 abi_struct ] }
Unit Test: { { 47.0 } [ struct-callback [ call_struct ] with-callback ] }
Unit Test: {
    { 64.0 }
    [
        1.0 2.0 3.0 4.0 5.0 6.0 7.0 8.0 9.0 <pair>
        10.0 abi_hfa_boundary
    ]
}
Unit Test: {
    { 64.0 }
    [ hfa-callback [ call_hfa_boundary ] with-callback ]
}
Unit Test: {
    { 11.0 22.0 33.0 }
    [ <array-hfa> abi_array_hfa array-hfa-values ]
}
Unit Test: {
    { 11.0 22.0 33.0 }
    [
        <array-hfa> "abi_array_hfa" "gap-abi" library-dll dlsym
        indirect-array array-hfa-values
    ]
}
Unit Test: {
    { 154.0 }
    [ array-callback [ call_array_hfa ] with-callback ]
}
Unit Test: { { 20.0 } [ 1 <array-hfa> 5.0 abi_var_array ] }
Unit Test: { { 64.0 } [ 1 2 3 4 5 6 7 8 9 <longs> 10 abi_int_boundary ] }
Unit Test: {
    { 64.0 }
    [ int-callback [ call_int_boundary ] with-callback ]
}
Unit Test: {
    { 107.0 }
    [
        1 2 3 4 5 6 7 8 1.0 2.0 3.0 4.0 5.0 6.0 7.0 8.0 -9 10.0
        11.0 <pair> 12.0 abi_hfa_stack
    ]
}
resource:basis/compiler/tests/alien-varargs.factor
Unit Test: { { 255 } [ [ va_c_controls ] compile-call ] }
Unit Test: {
    { 0 }
    [
        [
            [ read-ints ] int-reader
            [ 0 va_call_ints ] with-callback
        ] compile-call
    ]
}
Unit Test: {
    { -1 }
    [
        [
            [ read-ints ] int-reader
            [ 1 va_call_ints ] with-callback
        ] compile-call
    ]
}
Unit Test: {
    { -28 }
    [
        [
            [ read-ints ] int-reader
            [ 7 va_call_ints ] with-callback
        ] compile-call
    ]
}
Unit Test: {
    { 78 }
    [
        [
            [ read-ints ] int-reader
            [ 12 va_call_ints ] with-callback
        ] compile-call
    ]
}
Unit Test: {
    { 78 }
    [
        [
            [ gc read-ints ] int-reader
            [ 12 va_call_ints ] with-callback
        ] compile-call
    ]
}
Unit Test: {
    { 1259.75 }
    [
        [
            double { int double } cdecl
            [ read-mixed ] alien-callback-varargs
            [ va_call_mixed ] with-callback
        ] compile-call
    ]
}
Unit Test: {
    { 86.0 }
    [
        [
            [
                14 load-locals -13 get-local -12 get-local +
                -11 get-local + -10 get-local + -9 get-local +
                -8 get-local + -7 get-local + -6 get-local +
                -5 get-local + -4 get-local + -3 get-local +
                -2 get-local 2 * + -1 get-local 3 * +
                0 get-local 4 * + 14 drop-locals
            ] named-spill-reader
            [ va_call_named_spill ] with-callback
        ] compile-call
    ]
}
Unit Test: {
    { 5.0 }
    [
        [
            [ read-aggregates ] aggregate-reader
            [ va_call_aggregates ] with-callback
        ] compile-call
    ]
}
Unit Test: { { 1 } [ [ va_hfa_spill_control ] compile-call ] }
Unit Test: {
    { 364.0 }
    [
        [
            [
                12 load-locals -11 get-local -10 get-local +
                -9 get-local + -8 get-local + -7 get-local +
                -6 get-local + -5 get-local + -4 get-local +
                -3 get-local x>> + -3 get-local y>> 2 * +
                -2 get-local 3 * +
                -1 get-local values>> first 4 * +
                -1 get-local values>> second 5 * +
                -1 get-local values>> third 6 * +
                0 get-local 7 * + 12 drop-locals
            ] hfa-spill-reader
            [ va_call_hfa_spill ] with-callback
        ] compile-call
    ]
}
Unit Test: {
    { -15769158013578 }
    [
        [
            [
                2 load-locals -1 get-local drop
                va-big <struct> 0 get-local longlong va-arg >>x
                0 get-local longlong va-arg >>y
                0 get-local longlong va-arg >>z
                [ gc read-ints ] int-reader
                [ 12 va_call_ints ] with-callback drop
                gc 2 drop-locals
            ] big-reader [ va_call_big_return ] with-callback
        ] compile-call
    ]
}
Unit Test: {
    { -3.75 }
    [
        [
            [
                3 load-locals -2 get-local drop
                va-pair <struct> -1 get-local >>x
                0 get-local >>y 3 drop-locals
            ] pair-reader [ va_call_pair_return ] with-callback
        ] compile-call
    ]
}
Unit Test: {
    { 3 }
    [
        [
            [
                2 load-locals -1 get-local drop
                0 get-local int va-arg 0 get-local va-copy int
                va-arg + 0 get-local int va-arg + 2 drop-locals
            ] int-reader [ 12 va_call_ints ] with-callback
        ] compile-call
    ]
}
Unit Test: {
    { 79 }
    [
        [
            [
                2 load-locals -1 get-local drop
                0 get-local int va-arg nested-int-callback
                [ 12 va_call_ints ] with-callback +
                0 get-local int va-arg + 2 drop-locals
            ] int-reader [ 12 va_call_ints ] with-callback
        ] compile-call
    ]
}
Unit Test: {
    { -1 }
    [
        [
            [
                2 load-locals -1 get-local drop
                0 get-local outer-args set-global
                nested-context-callback
                [ 0 va_call_ints ] with-callback drop
                0 get-local int va-arg 2 drop-locals
            ] int-reader [ 12 va_call_ints ] with-callback
        ] compile-call
    ]
}
Must Fail With: { [ outer-args get int va-arg ] [ expired-va-list? ] }
Unit Test: {
    { 0 }
    [
        [
            [
                2 load-locals -1 get-local drop
                0 get-local va-copy escaped-args set-global
                0 2 drop-locals
            ] int-reader [ 12 va_call_ints ] with-callback
        ] compile-call
    ]
}
Must Fail With: {
    [ [ escaped-args get int va-arg ] compile-call ]
    [ expired-va-list? ]
}
Unit Test: {
    { 0 }
    [
        [
            [ read-ints ] list-reader
            [ 0 va_call_list ] with-callback
        ] compile-call
    ]
}
Unit Test: {
    { 78 }
    [
        [
            [ read-ints ] list-reader
            [ 12 va_call_list ] with-callback
        ] compile-call
    ]
}
Unit Test: {
    { 155 }
    [
        [
            [
                2 load-locals
                -1 get-local 0 get-local va_sum_list
                -1 get-local 0 get-local va_sum_list +
                0 get-local int va-arg + 2 drop-locals
            ] list-reader [ 12 va_call_list ] with-callback
        ] compile-call
    ]
}
Unit Test: {
    { 155 }
    [
        [
            [
                2 load-locals
                -1 get-local 0 get-local va_sum_list
                -1 get-local 0 get-local va_sum_list +
                0 get-local int va-arg + 2 drop-locals
            ] int-reader [ 12 va_call_ints ] with-callback
        ] compile-call
    ]
}
Unit Test: {
    { 30 "value:-42:1.250:-1234567890123" }
    [ [ 128 formatted ] compile-call ]
}
Unit Test: { { 30 "value:-" } [ [ 8 formatted ] compile-call ] }
Unit Test: { { 30 "" } [ [ 0 formatted ] compile-call ] }
Unit Test: {
    { 30 "value:-42:1.250:-1234567890123" }
    [
        [
            [
                2 load-locals 128 <byte-array> load-local
                0 get-local 128 -2 get-local -1 get-local
                va-vsnprintf 0 get-local utf8 alien>string
                formatted-text set-global 3 drop-locals
            ] format-list-reader
            [ va_call_format_list ] with-callback
            formatted-text get
        ] compile-call
    ]
}
Unit Test: {
    { 25 ":-42:1.250:-1234567890123" }
    [
        [
            [
                2 load-locals -1 get-local drop
                0 get-local c-string va-arg drop
                128 <byte-array> load-local
                0 get-local 128 ":%d:%.*f:%lld" -1 get-local
                va-vsnprintf 0 get-local utf8 alien>string
                formatted-text set-global 3 drop-locals
            ] format-list-reader
            [ va_call_format_list ] with-callback
            formatted-text get
        ] compile-call
    ]
}
Unit Test: { { 1 } [ [ va_small_controls ] compile-call ] }
Unit Test: {
    { 384.5 }
    [
        [
            [
                4 load-locals gc -3 get-local -2 get-local 2 * +
                -1 get-local + 0 get-local half va-arg +
                0 get-local bfloat va-arg 2 * +
                0 get-local half va-arg 3 * +
                0 get-local bfloat va-arg 4 * +
                0 get-local half va-arg 5 * +
                0 get-local bfloat va-arg 6 * +
                0 get-local half va-arg 7 * +
                0 get-local bfloat va-arg 8 * +
                0 get-local half va-arg 9 * +
                0 get-local bfloat va-arg 10 * + 4 drop-locals
            ] small-reader [ va_call_small ] with-callback
        ] compile-call
    ]
}
Unit Test: {
    { 3.75 }
    [
        [
            [
                3 load-locals -2 get-local drop
                gc -1 get-local 0 get-local + 3 drop-locals
            ] small-return-reader
            [ va_call_small_return ] with-callback
        ] compile-call
    ]
}
Unit Test: { { 30 "value:-42:1.250:-1234567890123" } [ direct-formatted ] }
resource:basis/compiler/tests/alien-varargs-outgoing.factor
Unit Test: { { 570.0 } [ varout_control ] }
Unit Test: { { 317.0 } [ varout_split_control ] }
Unit Test: { { 285.0 } [ 1 2 3 4 5 6 7 8 9 varout_mixed ] }
Unit Test: {
    { 285.0 }
    [
        1 2 varout-small-hfa boa 3 4 5 varout-pair boa
        6 7 8 varout-hfa boa 9 varout_hfas
    ]
}
Unit Test: {
    { 317.0 }
    [ 1 2 3 4 5 6 7 4 5 varout-pair boa 10 varout_split ]
}
Unit Test: {
    { 16.0 27.0 38.0 }
    [
        10 6 7 8 varout-hfa boa varout_return
        [ x>> ] [ y>> ] [ z>> ] tri
    ]
}
Unit Test: {
    { 285.0 }
    [
        1 2 3 4 5 6 7 8 9 "varout_mixed" "varargs-outgoing"
        library-dll dlsym indirect-varout-mixed
    ]
}
Unit Test: {
    { 0 }
    [
        1 2 3 align-prior boa
        float-4{ 1.0 2.0 3.0 4.0 } float-4{ 5.0 6.0 7.0 8.0 }
        align-hva boa 1 varout_hva_alignment
    ]
}
Unit Test: {
    { 0 }
    [
        1 2 3 align-prior boa
        float-4{ 1.0 2.0 3.0 4.0 } float-4{ 5.0 6.0 7.0 8.0 }
        align-hva boa
        1 "varout_hva_alignment" "varargs-outgoing" library-dll
        dlsym indirect-alignment
    ]
}
Unit Test: {
    { 0 }
    [
        1 2 3 align-prior boa 1 varout_return_alignment
        alignment>>
    ]
}
Unit Test: {
    { t }
    [ align-vector-first heap-size varout_vector_first_size = ]
}
Unit Test: {
    { t }
    [
        align-vector-first c-type-align
        varout_vector_first_align =
    ]
}
Unit Test: {
    { t }
    [
        align-vector-union c-type-align
        varout_vector_union_align =
    ]
}
Unit Test: {
    { 36.0 }
    [
        1 2 float-4{ 1.0 2.0 3.0 4.0 } 3 align-vector-first boa
        varout_vector_first_after_int
    ]
}
Unit Test: {
    { 36.0 }
    [
        1 2 align-vector-union <struct>
        float-4{ 1.0 2.0 3.0 4.0 } >>value
        3 varout_vector_union_after_int
    ]
}
Unit Test: {
    { 2 30.0 }
    [
        64 malloc load-local 0 get-local [
            load-local 0 get-local [
                load-local 2 0 get-local 0 set-alien-signed-4
                1.0 0 get-local 16 set-alien-float
                2.0 0 get-local 20 set-alien-float
                3.0 0 get-local 24 set-alien-float
                4.0 0 get-local 28 set-alien-float
                0 get-local f f 0 0 macos <platform-va-cursor>
                load-local
                0 get-local int va-arg 0 get-local
                align-vector-union va-arg value>>
                { 1 2 3 4 } [ * ] 2map sum 2 drop-locals
            ] curry with-va-scope 1 drop-locals
        ] curry 0 get-local
        [ load-local 0 get-local free 1 drop-locals ] curry
        finally 1 drop-locals
    ]
}
resource:basis/compiler/tests/alien-varargs-promotions.factor
Unit Test: {
    { { 1 0 -1 255 65535 -7 65530 } }
    [ [ 7 <iota> [ vap_control_integer ] map ] compile-call ]
}
Unit Test: { { 1 } [ [ 0 t vap-bool ] compile-call ] }
Unit Test: { { 0 } [ [ 0 f vap-bool ] compile-call ] }
Unit Test: {
    { 1 }
    [ [ 0 "non-false Factor object" vap-bool ] compile-call ]
}
Unit Test: { { -7 } [ [ 0 -7 vap-char ] compile-call ] }
Unit Test: { { -1 } [ [ 0 255 vap-char ] compile-call ] }
Unit Test: { { 255 } [ [ 0 -1 vap-uchar ] compile-call ] }
Unit Test: { { 65535 } [ [ 0 -1 vap-ushort ] compile-call ] }
Unit Test: {
    { -7 }
    [
        [
            0 6148914691236517205 vap_poison drop
            0 vap-negative vap-signed
        ]
        compile-call
    ]
}
Unit Test: {
    { 65530 }
    [
        [
            0 6148914691236517205 vap_poison drop
            0 vap-positive vap-unsigned
        ]
        compile-call
    ]
}
Unit Test: { { -7 } [ [ 0 -7 vap-signed ] compile-call ] }
Unit Test: { { 65530 } [ [ 0 65530 vap-unsigned ] compile-call ] }
Unit Test: {
    { 0.10000000149011612 }
    [ [ vap_control_float ] compile-call ]
}
Unit Test: {
    { t }
    [ [ 0 0.1 vap-float vap_control_float = ] compile-call ]
}
Unit Test: {
    { 1 }
    [
        [
            0 t "vap_read_integer" "varargs-promotions"
            library-dll dlsym indirect-vap-bool
        ]
        compile-call
    ]
}
Unit Test: {
    { 65530 }
    [
        [
            0 vap-positive "vap_read_integer"
            "varargs-promotions" library-dll dlsym
            indirect-vap-unsigned
        ]
        compile-call
    ]
}
Unit Test: {
    { { 1 -7 65530 0.10000000149011612 } }
    [
        [
            [
                2 load-locals -1 get-local drop
                0 get-local bool va-arg 0 get-local
                vap-signed-enum va-arg 0 get-local
                vap-unsigned-enum va-arg 0 get-local float
                va-arg 4array promotion-values set-global
                0.0 2 drop-locals
            ] vap-runtime-reader
            [ vap_call_reader ] with-callback drop
            promotion-values get
        ]
        compile-call
    ]
}
Unit Test: {
    { { 1 -7 65530 0.10000000149011612 } }
    [
        [
            [
                5 load-locals -4 get-local drop
                -3 get-local -2 get-local -1 get-local 0
                get-local 4array promotion-values set-global
                0.0 5 drop-locals
            ] vap-tail-reader [ vap_call_reader ] with-callback
            drop promotion-values get
        ]
        compile-call
    ]
}
resource:basis/compiler/tests/alien-arm64-unions.factor
Unit Test: { { 11.25 } [ au-one <struct> 1.25 >>a 10.0 au_take_one ] }
Unit Test: {
    { 16.25 }
    [
        au-two <struct> 1.25 2.5 au-pair boa >>pair
        10.0 au_take_two
    ]
}
Unit Test: {
    { 40.0 }
    [
        au-four <struct> 1.0 2.0 3.0 4.0 au-quad boa >>quad
        10.0 au_take_four
    ]
}
Unit Test: {
    { 16.25 }
    [
        au-one <struct> 1.25 >>a 2.5 au-nested boa
        10.0 au_take_nested
    ]
}
Unit Test: { { 13.75 } [ au-mixed <struct> 3.75 >>b 10.0 au_take_mixed ] }
Unit Test: { { 1.25 } [ 1.25 au_return_one a>> ] }
Unit Test: {
    { 1.25 2.5 }
    [ 1.25 2.5 au_return_two pair>> [ a>> ] [ b>> ] bi ]
}
Unit Test: {
    { 1.0 2.0 3.0 4.0 }
    [
        1.0 2.0 3.0 4.0 au_return_four quad>>
        { [ a>> ] [ b>> ] [ c>> ] [ d>> ] } cleave
    ]
}
Unit Test: {
    { 23.25 }
    [
        7 au-two <struct> 1.25 2.5 au-pair boa >>pair
        10.0 au_variadic
    ]
}
Unit Test: {
    { 11.25 }
    [ [ [ swap a>> + ] au-one-cb au_call_one ] compile-call ]
}
Unit Test: {
    { 16.25 }
    [
        [
            [ swap pair>> [ a>> ] [ b>> 2 * ] bi + + ] au-two-cb
            au_call_two
        ] compile-call
    ]
}
Unit Test: {
    { 40.0 }
    [
        [
            [
                swap quad>>
                { [ a>> ] [ b>> 2 * ] [ c>> 3 * ] [ d>> 4 * ] }
                cleave + + + +
            ] au-four-cb au_call_four
        ] compile-call
    ]
}
Unit Test: { { 1 } [ au_c_controls ] }
Unit Test: { { 16 } [ au-padded heap-size ] }
Unit Test: { { 16.25 } [ 1.25 2.5 au-padded boa 10.0 au_take_padded ] }
Unit Test: {
    { 16.25 }
    [
        au-padded-union <struct> 1.25 2.5 au-padded boa >>padded
        10.0 au_take_padded_union
    ]
}
Unit Test: {
    { 1.25 2.5 }
    [ 1.25 2.5 au_return_padded [ a>> ] [ b>> ] bi ]
}
Unit Test: {
    { 16.25 }
    [
        [
            [ swap [ a>> ] [ b>> 2 * ] bi + + ] au-padded-cb
            au_call_padded
        ] compile-call
    ]
}
Unit Test: {
    { 37.25 }
    [
        1.0 2.0 3.0 4.0 5.0 6.0 au-two <struct> 1.25 2.5 au-pair
        boa >>pair 10.0 au_take_spill
    ]
}
Unit Test: {
    { 37.25 }
    [
        [
            [
                swap pair>> [ a>> ] [ b>> 2 * ] bi + + + + + + +
                +
            ] au-spill-cb au_call_spill
        ] compile-call
    ]
}
Unit Test: {
    { 40.0 }
    [
        au-vector <struct> float-4{ 1.0 2.0 3.0 4.0 } >>a
        10.0 au_take_vector
    ]
}
Unit Test: {
    { float-4{ 1.0 2.0 3.0 4.0 } }
    [ 1.0 2.0 3.0 4.0 au_return_vector a>> ]
}
Unit Test: {
    { 40.0 }
    [
        [
            [
                swap a>> {
                    [ first ]
                    [ second 2 * ]
                    [ third 3 * ]
                    [ fourth 4 * ]
                } cleave + + + +
            ] au-vector-cb au_call_vector
        ] compile-call
    ]
}
Unit Test: {
    { 46.0 }
    [
        au-vector-two <struct>
        float-4{ 1.0 2.0 3.0 4.0 } float-4{ 5.0 6.0 7.0 8.0 }
        au-fvec-pair boa >>a 10.0 au_take_vector_two
    ]
}
Unit Test: {
    { float-4{ 1.0 2.0 3.0 4.0 } float-4{ 5.0 6.0 7.0 8.0 } }
    [ au_return_vector_two a>> [ a>> ] [ b>> ] bi ]
}
Unit Test: {
    { 23.25 }
    [
        [
            [
                2 load-locals 0 get-local au-two va-arg pair>>
                [ a>> ] [ b>> 2 * ] bi +
                0 get-local double va-arg + -1 get-local +
                2 drop-locals
            ] au-dynamic-cb au_call_variadic
        ] compile-call
    ]
}
Unit Test: {
    { 23.25 }
    [
        [
            [ swap pair>> [ a>> ] [ b>> 2 * ] bi + + + ]
            au-typed-cb au-call-typed
        ] compile-call
    ]
}
Unit Test: {
    { 53.0 }
    [
        [
            [
                2 load-locals
                0 get-local au-vector-two va-arg a>>
                [ a>> sum ] [ b>> sum ] bi +
                0 get-local double va-arg + -1 get-local +
                2 drop-locals
            ] au-dynamic-cb au_call_vector_variadic
        ] compile-call
    ]
}
Unit Test: {
    { 53.0 }
    [
        [
            [ swap a>> [ a>> sum ] [ b>> sum ] bi + + + ]
            au-vector-typed-cb au-call-vector-typed
        ] compile-call
    ]
}
Unit Test: { { 1 } [ au_small_controls ] }
Unit Test: { { 11.25 } [ au-small <struct> 1.25 >>a 10.0 au_take_small ] }
Unit Test: { { 12.5 } [ au-bsmall <struct> 2.5 >>a 10.0 au_take_bsmall ] }
Unit Test: { { 1.25 } [ 1.25 au_return_small a>> ] }
Unit Test: { { 2.5 } [ 2.5 au_return_bsmall a>> ] }
Unit Test: {
    { 16.25 }
    [
        au-small <struct> 1.25 >>a au-bsmall <struct> 2.5 >>a
        au-small-pair boa 10.0 au_take_small_pair
    ]
}
Unit Test: {
    { 16.25 }
    [
        [
            [ swap small-pair-value + ] au-small-pair-cb
            au_call_small_pair
        ] compile-call
    ]
}
Unit Test: {
    { 23.25 }
    [
        [
            [
                2 load-locals
                0 get-local au-small-pair va-arg
                small-pair-value 0 get-local double va-arg +
                -1 get-local + 2 drop-locals
            ] au-small-dynamic-cb au_call_small_variadic
        ] compile-call
    ]
}
Unit Test: {
    { 23.25 }
    [
        [
            [ swap small-pair-value + + ] au-small-typed-cb
            au-call-small-typed
        ] compile-call
    ]
}
chordal-allocator
Unit Test: {
    { t }
    [
        {
            T{ ##mul { dst 2 } { src1 0 } { src2 1 } }
            T{ ##neg { dst 3 } { src 2 } }
        } fused-insns last
        T{ ##mneg { dst 3 } { src1 0 } { src2 1 } } =
    ]
}
Unit Test: {
    { 0 }
    [
        {
            T{ ##mul { dst 2 } { src1 0 } { src2 1 } }
            T{ ##neg { dst 3 } { src 2 } }
            T{ ##add { dst 4 } { src1 2 } { src2 3 } }
        } fused-insns [ ##mneg? ] count
    ]
}
Unit Test: {
    { 0 }
    [
        {
            T{ ##fixnum-mul { dst 2 } { src1 0 } { src2 1 } }
            T{ ##neg { dst 3 } { src 2 } }
        } fused-insns [ ##mneg? ] count
    ]
}
Unit Test: {
    { 1 }
    [
        [ { fixnum fixnum } declare fixnum*fast -1 fixnum*fast ]
        [ ##mneg? ] count-insns
    ]
}
Unit Test: {
    { 0 }
    [
        [ { fixnum fixnum } declare fixnum*fast -1 fixnum*fast ]
        [ ##mul? ] count-insns
    ]
}
Unit Test: {
    { -42 }
    [
        6 7
        [ { fixnum fixnum } declare fixnum*fast -1 fixnum*fast ]
        compile-call
    ]
}
Unit Test: {
    { 42 }
    [
        -6 7
        [ { fixnum fixnum } declare fixnum*fast -1 fixnum*fast ]
        compile-call
    ]
}
Unit Test: {
    { 0 }
    [
        0 -7
        [ { fixnum fixnum } declare fixnum*fast -1 fixnum*fast ]
        compile-call
    ]
}
Unit Test: {
    { -49 }
    [
        7
        [ { fixnum } declare dup fixnum*fast -1 fixnum*fast ]
        compile-call
    ]
}
Unit Test: {
    { t }
    [
        most-negative-fixnum 1
        [ { fixnum fixnum } declare fixnum*fast -1 fixnum*fast ]
        compile-call most-negative-fixnum =
    ]
}
Unit Test: {
    { 2 }
    [
        most-positive-fixnum 2
        [ { fixnum fixnum } declare fixnum*fast -1 fixnum*fast ]
        compile-call
    ]
}
Unit Test: {
    { t }
    [
        most-positive-fixnum 2 * neg most-positive-fixnum 2
        [ { fixnum fixnum } declare * neg ] compile-call =
    ]
}
Unit Test: { { 0 } [ shared-use-in-successor ] }
resource:basis/compiler/tests/alien.factor
Must Fail: { [ [ void { } "cdecl" alien-indirect ] infer ] }
Must Fail: { [ [ "void" { } cdecl alien-indirect ] infer ] }
Must Fail: { [ [ void* 3 cdecl alien-indirect ] infer ] }
Must Fail: { [ [ void* { "int" } cdecl alien-indirect ] infer ] }
Must Fail: { [ [ void* { int } cdecl { } alien-callback ] infer ] }
Unit Test: { { } [ ffi_test_0 ] }
Unit Test: { { 3 } [ ffi_test_1 ] }
Unit Test: { { } [ \ ffi_test_1 def>> [ drop ] append compile-call ] }
Unit Test: { { 5 } [ 2 3 ffi_test_2 ] }
Must Fail: { [ "hi" 3 ffi_test_2 ] }
Unit Test: { { 25 } [ 2 3 4 5 ffi_test_3 ] }
Unit Test: { { 1.5 } [ ffi_test_4 ] }
Unit Test: { { 1.5 } [ ffi_test_5 ] }
Unit Test: { { 28 } [ 1 2 3 4 5 6 7 ffi_test_9 ] }
Must Fail: { [ "a" 2 3 4 5 6 7 ffi_test_9 ] }
Must Fail: { [ 1 2 3 4 5 6 "a" ffi_test_9 ] }
Unit Test: { { 14 } [ 1 2 3 make-FOO 4 ffi_test_11 ] }
Unit Test: { { 66 } [ 1 2 3 4 5 6 7 8 9 10 11 ffi_test_13 ] }
Unit Test: { { 11 6 } [ 11 6 ffi_test_14 [ x>> ] [ y>> ] bi ] }
Unit Test: { { "foo" } [ "xy" "zt" ffi_test_15 ] }
Unit Test: { { "bar" } [ "xy" "xy" ffi_test_15 ] }
Must Fail: { [ 1 2 ffi_test_15 ] }
Unit Test: {
    { 11 6 -7 }
    [ 11 6 -7 ffi_test_16 [ x>> ] [ y>> ] [ z>> ] tri ]
}
Unit Test: { { 11 } [ 11 ffi_test_17 x>> ] }
Must Fail With: { [ [ alien-indirect ] infer ] [ inference-error? ] }
Must Infer As: { { 1 1 } [ indirect-test-1 ] }
Unit Test: { { 3 } [ "ffi_test_1" "f-cdecl" address-of indirect-test-1 ] }
Must Infer As: { { 1 0 } [ indirect-test-1' ] }
Unit Test: { { } [ "ffi_test_1" "f-cdecl" address-of indirect-test-1' ] }
Must Fail: { [ -1 indirect-test-1 ] }
Must Infer As: { { 3 1 } [ indirect-test-2 ] }
Unit Test: {
    { 5 }
    [ 2 3 "ffi_test_2" "f-cdecl" address-of indirect-test-2 ]
}
Unit Test: { { f } [ "f-stdcall" library-dll f = ] }
Unit Test: { { stdcall } [ "f-stdcall" lookup-library abi>> ] }
Unit Test: { { 25 } [ 2 3 4 5 ffi_test_18 ] }
Unit Test: {
    { 11 6 -7 }
    [ 11 6 -7 ffi_test_19 [ x>> ] [ y>> ] [ z>> ] tri ]
}
Unit Test: { { 25 85 } [ 2 3 4 5 6 7 8 9 multi_ffi_test_18 ] }
Unit Test: { { 6.0 } [ 3.0 2.0 ffi_test_6 ] }
Must Fail: { [ "a" "b" ffi_test_6 ] }
Unit Test: { { 6.0 } [ 3.0 2.0 ffi_test_7 ] }
Unit Test: { { 19.0 } [ 3.0 2.0 1.0 6.0 7 ffi_test_8 ] }
Unit Test: { { -34 } [ 1 2 3.0 4 5.0 6 7 8 ffi_test_10 ] }
Unit Test: { { } [ 1.0 2.0 3.0 4.0 5.0 6.0 7.0 8.0 9.0 ffi_test_20 ] }
Unit Test: { { 861 3 } [ 42 [ ] each-integer ffi_test_31 ] }
Unit Test: { { 861.0 } [ 42 [ >float ] each-integer ffi_test_31_point_5 ] }
Unit Test: { { 121932631112635269 } [ 123456789 987654321 ffi_test_21 ] }
Unit Test: {
    { 987655432 }
    [ 1111 121932631112635269 123456789 ffi_test_22 ]
}
Must Fail: { [ 1111 f 123456789 ffi_test_22 ] }
Unit Test: { { 45 } [ 1 2 3.0 4.0 5.0 6.0 <RECT> 7 8 9 ffi_test_12 ] }
Must Fail: { [ 1 2 { 1 2 3 } 7 8 9 ffi_test_12 ] }
Unit Test: {
    { 32.0 }
    [
        { 1.0 2.0 3.0 } float >c-array
        { 4.0 5.0 6.0 } float >c-array ffi_test_23
    ]
}
Unit Test: { { S{ test-struct-1 { x char-array{ 1 } } } } [ ffi_test_24 ] }
Unit Test: {
    { S{ test-struct-2 { x char-array{ 1 2 } } } }
    [ ffi_test_25 ]
}
Unit Test: {
    { S{ test-struct-3 { x char-array{ 1 2 3 } } } }
    [ ffi_test_26 ]
}
Unit Test: {
    { S{ test-struct-4 { x char-array{ 1 2 3 4 } } } }
    [ ffi_test_27 ]
}
Unit Test: {
    { S{ test-struct-5 { x char-array{ 1 2 3 4 5 } } } }
    [ ffi_test_28 ]
}
Unit Test: {
    { S{ test-struct-6 { x char-array{ 1 2 3 4 5 6 } } } }
    [ ffi_test_29 ]
}
Unit Test: {
    { S{ test-struct-7 { x char-array{ 1 2 3 4 5 6 7 } } } }
    [ ffi_test_30 ]
}
Unit Test: {
    { 9.0 }
    [ test-struct-8 <struct> 1.0 >>x 2.0 >>y 3 ffi_test_32 ]
}
Unit Test: {
    { 9.0 }
    [ test-struct-9 <struct> 1.0 >>x 2.0 >>y 3 ffi_test_33 ]
}
Unit Test: {
    { 9.0 }
    [ test-struct-10 <struct> 1.0 >>x 2 >>y 3 ffi_test_34 ]
}
Unit Test: {
    { 9.0 }
    [ test-struct-11 <struct> 1 >>x 2 >>y 3 ffi_test_35 ]
}
Unit Test: { { 1.23456 } [ 1.23456 make-struct-12 ffi_test_36 ] }
Unit Test: { { t } [ 31 2^ 32 2^ ffi_test_38 63 2^ = ] }
Unit Test: { { t } [ callback-throws [ alien? ] with-callback ] }
Unit Test: {
    { 0 1 }
    [ [ callback-1 ] infer [ in>> length ] [ out>> length ] bi ]
}
Unit Test: { { t } [ callback-1 [ alien? ] with-callback ] }
Unit Test: { { } [ callback-1 [ callback_test_1 ] with-callback ] }
Unit Test: { { } [ callback-2 [ callback_test_1 ] with-callback ] }
Unit Test: {
    { t 3 5 }
    [
        [
            (get-namestack) 3 "x" set callback-3
            [ callback_test_1 ] with-callback
            (get-namestack) eq? "x" get "x" get-global
        ] with-scope
    ]
}
Unit Test: {
    { "testing" }
    [ "testing" callback-5 [ callback_test_1 ] with-callback ]
}
Unit Test: {
    { "testing" }
    [ "testing" callback-5b [ callback_test_1 ] with-callback ]
}
Unit Test: {
    { 1 2 3 }
    [ callback-6 [ callback_test_1 1 2 3 ] with-callback ]
}
Unit Test: {
    { 1 2 3 }
    [ callback-7 [ callback_test_1 1 2 3 ] with-callback ]
}
Unit Test: { { f } [ namespace global eq? ] }
Unit Test: { { } [ callback-8 [ callback_test_1 ] with-callback ] }
Unit Test: { { } [ ffi_test_36_point_5 ] }
Unit Test: { { 1 } [ callback-9 [ ffi_test_37 ] with-callback ] }
Unit Test: { { 7 } [ callback-9 [ ffi_test_37 ] with-callback ] }
Unit Test: { { 21 } [ 12347 12347 make-test-struct-13 ffi_test_39 ] }
Unit Test: {
    { byte-array 1.0 2.0 3.0 4.0 }
    [
        1.0 2.0 3.0 4.0 <double-rect> double-rect-callback [
            double-rect-test
            [ >c-ptr class-of ] [ >double-rect< ] bi
        ] with-callback
    ]
}
Unit Test: { { 1.0 2.0 } [ 1.0 2.0 ffi_test_40 [ x1>> ] [ x2>> ] bi ] }
Unit Test: {
    { 1.0 2.0 }
    [
        1.0 2.0 callback-10
        [ callback-10-test [ x1>> ] [ x2>> ] bi ] with-callback
    ]
}
Unit Test: { { 1 2.0 } [ 1 2.0 ffi_test_41 [ a>> ] [ x>> ] bi ] }
Unit Test: {
    { 1 2.0 }
    [
        1 2.0 callback-11
        [ callback-11-test [ a>> ] [ x>> ] bi ] with-callback
    ]
}
Unit Test: { { 1.0 2.0 } [ 1.0 2.0 ffi_test_42 [ x>> ] [ y>> ] bi ] }
Unit Test: {
    { 1.0 2.0 }
    [
        1.0 2.0 callback-12
        [ callback-12-test [ x>> ] [ y>> ] bi ] with-callback
    ]
}
Unit Test: { { 1.0 2 } [ 1.0 2 ffi_test_43 [ x>> ] [ a>> ] bi ] }
Unit Test: {
    { 1.0 2 }
    [
        1.0 2 callback-13
        [ callback-13-test [ x>> ] [ a>> ] bi ] with-callback
    ]
}
Unit Test: { { 1.0 2.0 } [ ffi_test_44 [ x1>> ] [ x2>> ] bi ] }
Must Not Fail: { [ stack-frame-bustage ] }
Unit Test: { { C{ 3.0 0.0 } } [ 3 ffi_test_45 ] }
Unit Test: { { C{ 3.0 0.0 } } [ 3 ffi_test_46 ] }
Unit Test: { { C{ 4.0 4.0 } } [ C{ 1.0 2.0 } C{ 1.5 1.0 } ffi_test_47 ] }
Unit Test: {
    { 123 }
    [ bool-field-test <struct> 123 >>parents ffi_test_48 ]
}
Unit Test: {
    { 200 }
    [
        thread-callback-2
        [ thread-callback-invoker ] with-callback
    ]
}
Unit Test: { { 100 } [ "p" get ?promise ] }
Unit Test: { { } [ assembly-test-1 ] }
Unit Test: { { f } [ "f-fastcall" library-dll f = ] }
Unit Test: { { fastcall } [ "f-fastcall" lookup-library abi>> ] }
Unit Test: { { 4 } [ 3 ffi_test_49 ] }
Unit Test: { { 8 } [ 3 4 ffi_test_50 ] }
Unit Test: { { 13 } [ 3 4 5 ffi_test_51 ] }
Unit Test: { { 13 22 } [ 3 4 5 6 7 8 multi_ffi_test_51 ] }
Unit Test: { { t } [ most-positive-fixnum 1 + [ ffi_test_59 ] keep = ] }
Unit Test: { { t } [ most-positive-fixnum 1 + [ ffi_test_60 ] keep = ] }
Unit Test: { { -1 } [ -1 ffi_test_59 ] }
Unit Test: { { -1 } [ 18446744073709551615 ffi_test_59 ] }
Unit Test: { { 18446744073709551615 } [ -1 ffi_test_60 ] }
Unit Test: {
    { 18446744073709551615 }
    [ 18446744073709551615 ffi_test_60 ]
}
Unit Test: { { 13 } [ 3 4.0 5 ffi_test_52 ] }
Unit Test: { { 19 } [ 3 4.0 5 6 ffi_test_53 ] }
Unit Test: { { S{ test-struct-11 { x 7 } { y -1 } } } [ 3 4 ffi_test_57 ] }
Unit Test: {
    { S{ test-struct-11 { x 7 } { y -3 } } }
    [ 3 4 7 ffi_test_58 ]
}
Unit Test: {
    { 8 }
    [
        3 4 "ffi_test_50" "f-cdecl" address-of
        fastcall-ii-indirect
    ]
}
Unit Test: {
    { 13 }
    [
        3 4 5 "ffi_test_51" "f-cdecl" address-of
        fastcall-iii-indirect
    ]
}
Unit Test: {
    { 13 }
    [
        3 4.0 5 "ffi_test_52" "f-cdecl" address-of
        fastcall-ifi-indirect
    ]
}
Unit Test: {
    { 19 }
    [
        3 4.0 5 6 "ffi_test_53" "f-cdecl" address-of
        fastcall-ifii-indirect
    ]
}
Unit Test: {
    { S{ test-struct-11 { x 7 } { y -1 } } }
    [
        3 4 "ffi_test_57" "f-cdecl" address-of
        fastcall-struct-return-ii-indirect
    ]
}
Unit Test: {
    { S{ test-struct-11 { x 7 } { y -3 } } }
    [
        3 4 7 "ffi_test_58" "f-cdecl" address-of
        fastcall-struct-return-iii-indirect
    ]
}
Unit Test: {
    { 8 }
    [
        3 4 fastcall-ii-callback
        [ fastcall-ii-indirect ] with-callback
    ]
}
Unit Test: {
    { 13 }
    [
        3 4 5 fastcall-iii-callback
        [ fastcall-iii-indirect ] with-callback
    ]
}
Unit Test: {
    { 13 }
    [
        3 4.0 5 fastcall-ifi-callback
        [ fastcall-ifi-indirect ] with-callback
    ]
}
Unit Test: {
    { 19 }
    [
        3 4.0 5 6 fastcall-ifii-callback
        [ fastcall-ifii-indirect ] with-callback
    ]
}
Unit Test: {
    { S{ test-struct-11 { x 7 } { y -1 } } }
    [
        3 4 fastcall-struct-return-ii-callback
        [ fastcall-struct-return-ii-indirect ] with-callback
    ]
}
Unit Test: {
    { S{ test-struct-11 { x 7 } { y -3 } } }
    [
        3 4 7 fastcall-struct-return-iii-callback
        [ fastcall-struct-return-iii-indirect ] with-callback
    ]
}
Unit Test: {
    { 661 }
    [
        100 500 50 10 1 x64-regression-1
        [ x64-regression-2 ] with-callback
    ]
}
Unit Test: { { 3 } [ blah ] }
Unit Test: { { 12 } [ out-param-test-1 ] }
Unit Test: { { 12 } [ out-param-test-2 ] }
Unit Test: { { 3.0 4.0 } [ out-param-test-3 ] }
Unit Test: {
    { 12 }
    [
        6 out-param-callback
        [ out-param-indirect ] with-callback
    ]
}
Unit Test: {
    { T{ some-tuple { x 5.0 } } }
    [
        [
            some-tuple new aa-callback-1
            [ aa-indirect-1 ] with-callback >>x
        ] compile-call
    ]
}
Unit Test: { { } [ anton's-regression ] }
Unit Test: { { t } [ ffi_test_61 bool-and-ptr? ] }
Unit Test: { { { t f } } [ ffi_test_61 [ b>> ] [ ptr>> ] bi 2array ] }
Unit Test: {
    { S{ uint-pair { a 2882400171 } { b 305419896 } } }
    [ ffi_test_62 ]
}
Unit Test: {
    {
        S{ ulonglong-pair
            { a 12379814471884843981 }
            { b 1311768467302729063 }
        }
    }
    [ ffi_test_63 ]
}
Unit Test: {
    { t }
    [
        10 [ [ 100 random ] twice 2array ] replicate [
            [
                first2 [ <alien> ] dip bug1021_test_1
                alien-address
            ] map
        ] [ [ first2 sq + ] map ] bi =
    ]
}
Unit Test: {
    { }
    [
        minor-gc 2000
        [ 101 <alien> run-test [ alien-address ] map drop ]
        times
    ]
}
Unit Test: { { 30 60 } [ 2 10 20 do-sum-ints2 3 10 20 30 do-sum-ints3 ] }
Unit Test: {
    { 27.0 22.0 }
    [ 2 7 20 do-sum-doubles2 3 5 10 7 do-sum-doubles3 ]
}
Unit Test: { { } [ 10000 [ 0 doit 33 assert= ] times ] }
Unit Test: {
    { 28 }
    [
        1 2 3
        S{ test_struct_66 { mem1 4 } { mem2 5 } }
        S{ test_struct_66 { mem1 6 } { mem2 7 } } ffi_test_66
    ]
}
Unit Test: {
    { 28 }
    [
        1 2 3
        S{ test_struct_66 { mem1 4 } { mem2 5 } }
        S{ test_struct_66 { mem1 6 } { mem2 7 } } callback-14
        [ callback-14-test ] with-callback
    ]
}
Unit Test: {
    { 44 }
    [
        1 2 3
        S{ test_struct_66 { mem1 4 } { mem2 5 } }
        S{ test_struct_66 { mem1 6 } { mem2 7 } } 8 ffi_test_67
    ]
}
Unit Test: {
    { 44 }
    [
        1 2 3
        S{ test_struct_66 { mem1 4 } { mem2 5 } }
        S{ test_struct_66 { mem1 6 } { mem2 7 } } 8 callback-15
        [ callback-15-test ] with-callback
    ]
}
Unit Test: {
    { 55 }
    [
        1 2 3
        S{ test_struct_66 { mem1 4 } { mem2 5 } }
        S{ test_struct_68 { mem1 6 } { mem2 7 } { mem3 8 } }
        S{ test_struct_66 { mem1 9 } { mem2 10 } } ffi_test_68
    ]
}
Unit Test: {
    { 55 }
    [
        1 2 3
        S{ test_struct_66 { mem1 4 } { mem2 5 } }
        S{ test_struct_68 { mem1 6 } { mem2 7 } { mem3 8 } }
        S{ test_struct_66 { mem1 9 } { mem2 10 } } callback-16
        [ callback-16-test ] with-callback
    ]
}
Unit Test: {
    { 55 }
    [
        1 2 3
        S{ test_struct_66 { mem1 4 } { mem2 5 } }
        S{ test_struct_69 { mem1 6.0 } { mem2 7 } { mem3 8 } }
        S{ test_struct_66 { mem1 9 } { mem2 10 } } ffi_test_69
    ]
}
Unit Test: {
    { 55 }
    [
        1 2 3
        S{ test_struct_66 { mem1 4 } { mem2 5 } }
        S{ test_struct_69 { mem1 6.0 } { mem2 7 } { mem3 8 } }
        S{ test_struct_66 { mem1 9 } { mem2 10 } } callback-17
        [ callback-17-test ] with-callback
    ]
}
Unit Test: {
    { 36 }
    [
        S{ test_struct_68 { mem1 1 } { mem2 2 } { mem3 3 } }
        S{ test_struct_68 { mem1 4 } { mem2 5 } { mem3 6 } }
        S{ test_struct_66 { mem1 7 } { mem2 8 } } ffi_test_70
    ]
}
Unit Test: {
    { 36 }
    [
        S{ test_struct_68 { mem1 1 } { mem2 2 } { mem3 3 } }
        S{ test_struct_68 { mem1 4 } { mem2 5 } { mem3 6 } }
        S{ test_struct_66 { mem1 7 } { mem2 8 } } callback-18
        [ callback-18-test ] with-callback
    ]
}
resource:basis/compiler/tests/alien-large-return.factor
Unit Test: {
    { 6 15 24 }
    [
        1 2 3 4 5 6 7 8 9 ffi_test_large_return
        large-return-values
    ]
}
Unit Test: {
    { -6 -15 -24 }
    [
        -1 -2 -3 -4 -5 -6 -7 -8 -9 ffi_test_large_return
        large-return-values
    ]
}
Unit Test: {
    { 6 15 24 }
    [
        1 2 3 4 5 6 7 8 9 "ffi_test_large_return"
        "large-return-test" library-dll dlsym
        indirect-large-return large-return-values
    ]
}
Unit Test: {
    { 45 }
    [
        large-return-callback
        [ ffi_test_large_return_callback ] with-callback
    ]
}
Unit Test: {
    { 45 }
    [
        nested-large-return-callback
        [ ffi_test_large_return_callback ] with-callback
    ]
}
resource:basis/compiler/tests/alien-small-floats.factor
Unit Test: { { 1.5 } [ 1.5 half_identity ] }
Unit Test: {
    { -2.5 }
    [
        -2.5 "half_identity" "small-floats-test" library-dll
        dlsym half-indirect
    ]
}
Unit Test: { { 16.0 } [ 1 2.5 3.0 4.5 5 half_mixed ] }
Unit Test: { { 2.0 } [ half-cb [ 1.5 half_callback ] with-callback ] }
Unit Test: { { 55.0 } [ 1 2 3 4 5 6 7 8 9 10 half_overflow ] }
Unit Test: {
    { 55.0 }
    [
        half-overflow-cb
        [ half_overflow_callback ] with-callback
    ]
}
Unit Test: {
    { t }
    [
        {
            0.0
            -0.0
            1.0
            -1.0
            1.00048828125
            1.00146484375
            1.00390625
            1.01171875
            5.960464477539063e-8
            0.00006103515625
            65504.0
            65520.0
            1/0.
            -1/0.
        }
        [ [ half_bits ] [ half_convert float>half-bits ] bi = ]
        all?
    ]
}
Unit Test: {
    { t }
    [
        {
            0
            1
            2
            127
            128
            255
            256
            1023
            1024
            16383
            16384
            30000
            32768
            32769
            49152
        } [ [ half_from_bits float>half-bits ] keep = ] all?
    ]
}
Unit Test: { { 1.5 } [ 1.5 bfloat_identity ] }
Unit Test: {
    { -2.5 }
    [
        -2.5 "bfloat_identity" "small-floats-test" library-dll
        dlsym bfloat-indirect
    ]
}
Unit Test: { { 16.0 } [ 1 2.5 3.0 4.5 5 bfloat_mixed ] }
Unit Test: { { 2.0 } [ bfloat-cb [ 1.5 bfloat_callback ] with-callback ] }
Unit Test: { { 55.0 } [ 1 2 3 4 5 6 7 8 9 10 bfloat_overflow ] }
Unit Test: {
    { 55.0 }
    [
        bfloat-overflow-cb
        [ bfloat_overflow_callback ] with-callback
    ]
}
Unit Test: {
    { t }
    [
        {
            0.0
            -0.0
            1.0
            -1.0
            1.00048828125
            1.00146484375
            1.00390625
            1.01171875
            5.960464477539063e-8
            0.00006103515625
            65504.0
            65520.0
            1/0.
            -1/0.
        } [
            [ bfloat_bits ] [ bfloat_convert float>bfloat-bits ]
            bi =
        ] all?
    ]
}
Unit Test: {
    { t }
    [
        {
            0
            1
            2
            127
            128
            255
            256
            1023
            1024
            16383
            16384
            30000
            32768
            32769
            49152
        } [ [ bfloat_from_bits float>bfloat-bits ] keep = ] all?
    ]
}
Unit Test: {
    { 4.0 }
    [ mixed-small <struct> 1.5 >>a 2.5 >>b mixed_small_sum ]
}
Unit Test: {
    { t }
    [
        65536 <iota> [
            [ half_from_bits float>half-bits ]
            [ half-bits>float float>half-bits ] bi =
        ] all?
    ]
}
Unit Test: {
    { t }
    [
        65536 <iota> [
            [ bfloat_from_bits float>bfloat-bits ]
            [ bfloat-bits>float float>bfloat-bits ] bi =
        ] all?
    ]
}
Unit Test: { { 11.5 } [ 0 1.5 2.5 3 4.5 half_varargs ] }
Unit Test: { { 11.5 } [ 0 1.5 2.5 3 4.5 bfloat_varargs ] }
Unit Test: { { 1.0 1.0 } [ half_dirty_result bfloat_dirty_result ] }
Unit Test: { { 2.0 } [ 0 1.00048828125 1.00048828125 0 0.0 half_varargs ] }
Unit Test: { { 2.0 } [ 0 1.00390625 1.00390625 0 0.0 bfloat_varargs ] }
Unit Test: { { 806016 } [ 1 8 2 3 4 5 6 7 8 9 varout_half_bits ] }
Unit Test: { { 745872 } [ 1 8 2 3 4 5 6 7 8 9 varout_bfloat_bits ] }
Unit Test: {
    { 212.0 }
    [
        1
        float-4{ 1.0 2.0 3.0 4.0 } float-4{ 5.0 6.0 7.0 8.0 }
        float-4{ 9.0 10.0 11.0 12.0 } varout-vector-hva boa
        1 varout_vector_args
    ]
}
resource:basis/compiler/tests/alien-arm64-abi.factor
Unit Test: {
    { 40147957488.0 }
    [
        1 2 3 4 5 6 7 8 -9 250 -300 60000 -70000 3000000000
        -123456789 abi_narrow
    ]
}
Unit Test: {
    { 40147957488.0 }
    [
        1 2 3 4 5 6 7 8 -9 250 -300 60000 -70000 3000000000
        -123456789 "abi_narrow" "gap-abi" library-dll dlsym
        indirect-narrow
    ]
}
Unit Test: {
    { 40147957488.0 }
    [ callback-narrow [ call_narrow ] with-callback ]
}
Unit Test: {
    { 506.0 }
    [ 1.0 2.0 3.0 4.0 5.0 6.0 7.0 8.0 9.0 10.0 11.0 abi_floats ]
}
Unit Test: {
    { 506.0 }
    [
        1.0 2.0 3.0 4.0 5.0 6.0 7.0 8.0 9.0 10.0 11.0
        "abi_floats" "gap-abi" library-dll dlsym indirect-floats
    ]
}
Unit Test: { { 506.0 } [ callback-floats [ call_floats ] with-callback ] }
Unit Test: {
    { -2610657.0 }
    [
        1 2 3 4 5 6 7 8 1.0 2.0 3.0 4.0 5.0 6.0 7.0 8.0 -9 9.5
        -1000 10.25 -123456 abi_mixed
    ]
}
Unit Test: {
    { -2610657.0 }
    [
        1 2 3 4 5 6 7 8 1.0 2.0 3.0 4.0 5.0 6.0 7.0 8.0 -9 9.5
        -1000 10.25 -123456 "abi_mixed" "gap-abi" library-dll
        dlsym indirect-mixed
    ]
}
Unit Test: {
    { -2610657.0 }
    [ callback-mixed [ call_mixed ] with-callback ]
}
Unit Test: { { -35.0 } [ 1 2.5 -3 4.25 -5 -4 direct-var ] }
Unit Test: { { 662.0 } [ 1 2 3 4 5 6 7 8 9 10 11 13.0 direct-var-spill ] }
Unit Test: {
    { -35.0 }
    [
        1 2.5 -3 4.25 -5 -4 "abi_var" "gap-abi" library-dll
        dlsym indirect-var
    ]
}
Unit Test: {
    { 662.0 }
    [
        1 2 3 4 5 6 7 8 9 10 11 13.0 "abi_var_spill" "gap-abi"
        library-dll dlsym indirect-var-spill
    ]
}
Unit Test: { { -35.0 } [ 1 2.5 -3 4.25 -5 -4 syntax-var ] }
Unit Test: { { 55.0 } [ 1.0 2.0 <pair> 3.0 4.0 <pair> 5 abi_var_hfa ] }
Unit Test: {
    { 55.0 }
    [
        1.0 2.0 <pair> 3.0 4.0 <pair>
        5 "abi_var_hfa" "gap-abi" library-dll dlsym
        indirect-var-hfa
    ]
}
Unit Test: { { 47.0 } [ 1 2 3 4 5 6 7 8 -9 10 11 <ints> -12 abi_struct ] }
Unit Test: { { 47.0 } [ struct-callback [ call_struct ] with-callback ] }
Unit Test: {
    { 64.0 }
    [
        1.0 2.0 3.0 4.0 5.0 6.0 7.0 8.0 9.0 <pair>
        10.0 abi_hfa_boundary
    ]
}
Unit Test: {
    { 64.0 }
    [ hfa-callback [ call_hfa_boundary ] with-callback ]
}
Unit Test: {
    { 11.0 22.0 33.0 }
    [ <array-hfa> abi_array_hfa array-hfa-values ]
}
Unit Test: {
    { 11.0 22.0 33.0 }
    [
        <array-hfa> "abi_array_hfa" "gap-abi" library-dll dlsym
        indirect-array array-hfa-values
    ]
}
Unit Test: {
    { 154.0 }
    [ array-callback [ call_array_hfa ] with-callback ]
}
Unit Test: { { 20.0 } [ 1 <array-hfa> 5.0 abi_var_array ] }
Unit Test: { { 64.0 } [ 1 2 3 4 5 6 7 8 9 <longs> 10 abi_int_boundary ] }
Unit Test: {
    { 64.0 }
    [ int-callback [ call_int_boundary ] with-callback ]
}
Unit Test: {
    { 107.0 }
    [
        1 2 3 4 5 6 7 8 1.0 2.0 3.0 4.0 5.0 6.0 7.0 8.0 -9 10.0
        11.0 <pair> 12.0 abi_hfa_stack
    ]
}
resource:basis/compiler/tests/alien-varargs.factor
Unit Test: { { 255 } [ [ va_c_controls ] compile-call ] }
Unit Test: {
    { 0 }
    [
        [
            [ read-ints ] int-reader
            [ 0 va_call_ints ] with-callback
        ] compile-call
    ]
}
Unit Test: {
    { -1 }
    [
        [
            [ read-ints ] int-reader
            [ 1 va_call_ints ] with-callback
        ] compile-call
    ]
}
Unit Test: {
    { -28 }
    [
        [
            [ read-ints ] int-reader
            [ 7 va_call_ints ] with-callback
        ] compile-call
    ]
}
Unit Test: {
    { 78 }
    [
        [
            [ read-ints ] int-reader
            [ 12 va_call_ints ] with-callback
        ] compile-call
    ]
}
Unit Test: {
    { 78 }
    [
        [
            [ gc read-ints ] int-reader
            [ 12 va_call_ints ] with-callback
        ] compile-call
    ]
}
Unit Test: {
    { 1259.75 }
    [
        [
            double { int double } cdecl
            [ read-mixed ] alien-callback-varargs
            [ va_call_mixed ] with-callback
        ] compile-call
    ]
}
Unit Test: {
    { 86.0 }
    [
        [
            [
                14 load-locals -13 get-local -12 get-local +
                -11 get-local + -10 get-local + -9 get-local +
                -8 get-local + -7 get-local + -6 get-local +
                -5 get-local + -4 get-local + -3 get-local +
                -2 get-local 2 * + -1 get-local 3 * +
                0 get-local 4 * + 14 drop-locals
            ] named-spill-reader
            [ va_call_named_spill ] with-callback
        ] compile-call
    ]
}
Unit Test: {
    { 5.0 }
    [
        [
            [ read-aggregates ] aggregate-reader
            [ va_call_aggregates ] with-callback
        ] compile-call
    ]
}
Unit Test: { { 1 } [ [ va_hfa_spill_control ] compile-call ] }
Unit Test: {
    { 364.0 }
    [
        [
            [
                12 load-locals -11 get-local -10 get-local +
                -9 get-local + -8 get-local + -7 get-local +
                -6 get-local + -5 get-local + -4 get-local +
                -3 get-local x>> + -3 get-local y>> 2 * +
                -2 get-local 3 * +
                -1 get-local values>> first 4 * +
                -1 get-local values>> second 5 * +
                -1 get-local values>> third 6 * +
                0 get-local 7 * + 12 drop-locals
            ] hfa-spill-reader
            [ va_call_hfa_spill ] with-callback
        ] compile-call
    ]
}
Unit Test: {
    { -15769158013578 }
    [
        [
            [
                2 load-locals -1 get-local drop
                va-big <struct> 0 get-local longlong va-arg >>x
                0 get-local longlong va-arg >>y
                0 get-local longlong va-arg >>z
                [ gc read-ints ] int-reader
                [ 12 va_call_ints ] with-callback drop
                gc 2 drop-locals
            ] big-reader [ va_call_big_return ] with-callback
        ] compile-call
    ]
}
Unit Test: {
    { -3.75 }
    [
        [
            [
                3 load-locals -2 get-local drop
                va-pair <struct> -1 get-local >>x
                0 get-local >>y 3 drop-locals
            ] pair-reader [ va_call_pair_return ] with-callback
        ] compile-call
    ]
}
Unit Test: {
    { 3 }
    [
        [
            [
                2 load-locals -1 get-local drop
                0 get-local int va-arg 0 get-local va-copy int
                va-arg + 0 get-local int va-arg + 2 drop-locals
            ] int-reader [ 12 va_call_ints ] with-callback
        ] compile-call
    ]
}
Unit Test: {
    { 79 }
    [
        [
            [
                2 load-locals -1 get-local drop
                0 get-local int va-arg nested-int-callback
                [ 12 va_call_ints ] with-callback +
                0 get-local int va-arg + 2 drop-locals
            ] int-reader [ 12 va_call_ints ] with-callback
        ] compile-call
    ]
}
Unit Test: {
    { -1 }
    [
        [
            [
                2 load-locals -1 get-local drop
                0 get-local outer-args set-global
                nested-context-callback
                [ 0 va_call_ints ] with-callback drop
                0 get-local int va-arg 2 drop-locals
            ] int-reader [ 12 va_call_ints ] with-callback
        ] compile-call
    ]
}
Must Fail With: { [ outer-args get int va-arg ] [ expired-va-list? ] }
Unit Test: {
    { 0 }
    [
        [
            [
                2 load-locals -1 get-local drop
                0 get-local va-copy escaped-args set-global
                0 2 drop-locals
            ] int-reader [ 12 va_call_ints ] with-callback
        ] compile-call
    ]
}
Must Fail With: {
    [ [ escaped-args get int va-arg ] compile-call ]
    [ expired-va-list? ]
}
Unit Test: {
    { 0 }
    [
        [
            [ read-ints ] list-reader
            [ 0 va_call_list ] with-callback
        ] compile-call
    ]
}
Unit Test: {
    { 78 }
    [
        [
            [ read-ints ] list-reader
            [ 12 va_call_list ] with-callback
        ] compile-call
    ]
}
Unit Test: {
    { 155 }
    [
        [
            [
                2 load-locals
                -1 get-local 0 get-local va_sum_list
                -1 get-local 0 get-local va_sum_list +
                0 get-local int va-arg + 2 drop-locals
            ] list-reader [ 12 va_call_list ] with-callback
        ] compile-call
    ]
}
Unit Test: {
    { 155 }
    [
        [
            [
                2 load-locals
                -1 get-local 0 get-local va_sum_list
                -1 get-local 0 get-local va_sum_list +
                0 get-local int va-arg + 2 drop-locals
            ] int-reader [ 12 va_call_ints ] with-callback
        ] compile-call
    ]
}
Unit Test: {
    { 30 "value:-42:1.250:-1234567890123" }
    [ [ 128 formatted ] compile-call ]
}
Unit Test: { { 30 "value:-" } [ [ 8 formatted ] compile-call ] }
Unit Test: { { 30 "" } [ [ 0 formatted ] compile-call ] }
Unit Test: {
    { 30 "value:-42:1.250:-1234567890123" }
    [
        [
            [
                2 load-locals 128 <byte-array> load-local
                0 get-local 128 -2 get-local -1 get-local
                va-vsnprintf 0 get-local utf8 alien>string
                formatted-text set-global 3 drop-locals
            ] format-list-reader
            [ va_call_format_list ] with-callback
            formatted-text get
        ] compile-call
    ]
}
Unit Test: {
    { 25 ":-42:1.250:-1234567890123" }
    [
        [
            [
                2 load-locals -1 get-local drop
                0 get-local c-string va-arg drop
                128 <byte-array> load-local
                0 get-local 128 ":%d:%.*f:%lld" -1 get-local
                va-vsnprintf 0 get-local utf8 alien>string
                formatted-text set-global 3 drop-locals
            ] format-list-reader
            [ va_call_format_list ] with-callback
            formatted-text get
        ] compile-call
    ]
}
Unit Test: { { 1 } [ [ va_small_controls ] compile-call ] }
Unit Test: {
    { 384.5 }
    [
        [
            [
                4 load-locals gc -3 get-local -2 get-local 2 * +
                -1 get-local + 0 get-local half va-arg +
                0 get-local bfloat va-arg 2 * +
                0 get-local half va-arg 3 * +
                0 get-local bfloat va-arg 4 * +
                0 get-local half va-arg 5 * +
                0 get-local bfloat va-arg 6 * +
                0 get-local half va-arg 7 * +
                0 get-local bfloat va-arg 8 * +
                0 get-local half va-arg 9 * +
                0 get-local bfloat va-arg 10 * + 4 drop-locals
            ] small-reader [ va_call_small ] with-callback
        ] compile-call
    ]
}
Unit Test: {
    { 3.75 }
    [
        [
            [
                3 load-locals -2 get-local drop
                gc -1 get-local 0 get-local + 3 drop-locals
            ] small-return-reader
            [ va_call_small_return ] with-callback
        ] compile-call
    ]
}
Unit Test: { { 30 "value:-42:1.250:-1234567890123" } [ direct-formatted ] }
resource:basis/compiler/tests/alien-varargs-outgoing.factor
Unit Test: { { 570.0 } [ varout_control ] }
Unit Test: { { 317.0 } [ varout_split_control ] }
Unit Test: { { 285.0 } [ 1 2 3 4 5 6 7 8 9 varout_mixed ] }
Unit Test: {
    { 285.0 }
    [
        1 2 varout-small-hfa boa 3 4 5 varout-pair boa
        6 7 8 varout-hfa boa 9 varout_hfas
    ]
}
Unit Test: {
    { 317.0 }
    [ 1 2 3 4 5 6 7 4 5 varout-pair boa 10 varout_split ]
}
Unit Test: {
    { 16.0 27.0 38.0 }
    [
        10 6 7 8 varout-hfa boa varout_return
        [ x>> ] [ y>> ] [ z>> ] tri
    ]
}
Unit Test: {
    { 285.0 }
    [
        1 2 3 4 5 6 7 8 9 "varout_mixed" "varargs-outgoing"
        library-dll dlsym indirect-varout-mixed
    ]
}
Unit Test: {
    { 0 }
    [
        1 2 3 align-prior boa
        float-4{ 1.0 2.0 3.0 4.0 } float-4{ 5.0 6.0 7.0 8.0 }
        align-hva boa 1 varout_hva_alignment
    ]
}
Unit Test: {
    { 0 }
    [
        1 2 3 align-prior boa
        float-4{ 1.0 2.0 3.0 4.0 } float-4{ 5.0 6.0 7.0 8.0 }
        align-hva boa
        1 "varout_hva_alignment" "varargs-outgoing" library-dll
        dlsym indirect-alignment
    ]
}
Unit Test: {
    { 0 }
    [
        1 2 3 align-prior boa 1 varout_return_alignment
        alignment>>
    ]
}
Unit Test: {
    { t }
    [ align-vector-first heap-size varout_vector_first_size = ]
}
Unit Test: {
    { t }
    [
        align-vector-first c-type-align
        varout_vector_first_align =
    ]
}
Unit Test: {
    { t }
    [
        align-vector-union c-type-align
        varout_vector_union_align =
    ]
}
Unit Test: {
    { 36.0 }
    [
        1 2 float-4{ 1.0 2.0 3.0 4.0 } 3 align-vector-first boa
        varout_vector_first_after_int
    ]
}
Unit Test: {
    { 36.0 }
    [
        1 2 align-vector-union <struct>
        float-4{ 1.0 2.0 3.0 4.0 } >>value
        3 varout_vector_union_after_int
    ]
}
Unit Test: {
    { 2 30.0 }
    [
        64 malloc load-local 0 get-local [
            load-local 0 get-local [
                load-local 2 0 get-local 0 set-alien-signed-4
                1.0 0 get-local 16 set-alien-float
                2.0 0 get-local 20 set-alien-float
                3.0 0 get-local 24 set-alien-float
                4.0 0 get-local 28 set-alien-float
                0 get-local f f 0 0 macos <platform-va-cursor>
                load-local
                0 get-local int va-arg 0 get-local
                align-vector-union va-arg value>>
                { 1 2 3 4 } [ * ] 2map sum 2 drop-locals
            ] curry with-va-scope 1 drop-locals
        ] curry 0 get-local
        [ load-local 0 get-local free 1 drop-locals ] curry
        finally 1 drop-locals
    ]
}
resource:basis/compiler/tests/alien-varargs-promotions.factor
Unit Test: {
    { { 1 0 -1 255 65535 -7 65530 } }
    [ [ 7 <iota> [ vap_control_integer ] map ] compile-call ]
}
Unit Test: { { 1 } [ [ 0 t vap-bool ] compile-call ] }
Unit Test: { { 0 } [ [ 0 f vap-bool ] compile-call ] }
Unit Test: {
    { 1 }
    [ [ 0 "non-false Factor object" vap-bool ] compile-call ]
}
Unit Test: { { -7 } [ [ 0 -7 vap-char ] compile-call ] }
Unit Test: { { -1 } [ [ 0 255 vap-char ] compile-call ] }
Unit Test: { { 255 } [ [ 0 -1 vap-uchar ] compile-call ] }
Unit Test: { { 65535 } [ [ 0 -1 vap-ushort ] compile-call ] }
Unit Test: {
    { -7 }
    [
        [
            0 6148914691236517205 vap_poison drop
            0 vap-negative vap-signed
        ]
        compile-call
    ]
}
Unit Test: {
    { 65530 }
    [
        [
            0 6148914691236517205 vap_poison drop
            0 vap-positive vap-unsigned
        ]
        compile-call
    ]
}
Unit Test: { { -7 } [ [ 0 -7 vap-signed ] compile-call ] }
Unit Test: { { 65530 } [ [ 0 65530 vap-unsigned ] compile-call ] }
Unit Test: {
    { 0.10000000149011612 }
    [ [ vap_control_float ] compile-call ]
}
Unit Test: {
    { t }
    [ [ 0 0.1 vap-float vap_control_float = ] compile-call ]
}
Unit Test: {
    { 1 }
    [
        [
            0 t "vap_read_integer" "varargs-promotions"
            library-dll dlsym indirect-vap-bool
        ]
        compile-call
    ]
}
Unit Test: {
    { 65530 }
    [
        [
            0 vap-positive "vap_read_integer"
            "varargs-promotions" library-dll dlsym
            indirect-vap-unsigned
        ]
        compile-call
    ]
}
Unit Test: {
    { { 1 -7 65530 0.10000000149011612 } }
    [
        [
            [
                2 load-locals -1 get-local drop
                0 get-local bool va-arg 0 get-local
                vap-signed-enum va-arg 0 get-local
                vap-unsigned-enum va-arg 0 get-local float
                va-arg 4array promotion-values set-global
                0.0 2 drop-locals
            ] vap-runtime-reader
            [ vap_call_reader ] with-callback drop
            promotion-values get
        ]
        compile-call
    ]
}
Unit Test: {
    { { 1 -7 65530 0.10000000149011612 } }
    [
        [
            [
                5 load-locals -4 get-local drop
                -3 get-local -2 get-local -1 get-local 0
                get-local 4array promotion-values set-global
                0.0 5 drop-locals
            ] vap-tail-reader [ vap_call_reader ] with-callback
            drop promotion-values get
        ]
        compile-call
    ]
}
resource:basis/compiler/tests/alien-arm64-unions.factor
Unit Test: { { 11.25 } [ au-one <struct> 1.25 >>a 10.0 au_take_one ] }
Unit Test: {
    { 16.25 }
    [
        au-two <struct> 1.25 2.5 au-pair boa >>pair
        10.0 au_take_two
    ]
}
Unit Test: {
    { 40.0 }
    [
        au-four <struct> 1.0 2.0 3.0 4.0 au-quad boa >>quad
        10.0 au_take_four
    ]
}
Unit Test: {
    { 16.25 }
    [
        au-one <struct> 1.25 >>a 2.5 au-nested boa
        10.0 au_take_nested
    ]
}
Unit Test: { { 13.75 } [ au-mixed <struct> 3.75 >>b 10.0 au_take_mixed ] }
Unit Test: { { 1.25 } [ 1.25 au_return_one a>> ] }
Unit Test: {
    { 1.25 2.5 }
    [ 1.25 2.5 au_return_two pair>> [ a>> ] [ b>> ] bi ]
}
Unit Test: {
    { 1.0 2.0 3.0 4.0 }
    [
        1.0 2.0 3.0 4.0 au_return_four quad>>
        { [ a>> ] [ b>> ] [ c>> ] [ d>> ] } cleave
    ]
}
Unit Test: {
    { 23.25 }
    [
        7 au-two <struct> 1.25 2.5 au-pair boa >>pair
        10.0 au_variadic
    ]
}
Unit Test: {
    { 11.25 }
    [ [ [ swap a>> + ] au-one-cb au_call_one ] compile-call ]
}
Unit Test: {
    { 16.25 }
    [
        [
            [ swap pair>> [ a>> ] [ b>> 2 * ] bi + + ] au-two-cb
            au_call_two
        ] compile-call
    ]
}
Unit Test: {
    { 40.0 }
    [
        [
            [
                swap quad>>
                { [ a>> ] [ b>> 2 * ] [ c>> 3 * ] [ d>> 4 * ] }
                cleave + + + +
            ] au-four-cb au_call_four
        ] compile-call
    ]
}
Unit Test: { { 1 } [ au_c_controls ] }
Unit Test: { { 16 } [ au-padded heap-size ] }
Unit Test: { { 16.25 } [ 1.25 2.5 au-padded boa 10.0 au_take_padded ] }
Unit Test: {
    { 16.25 }
    [
        au-padded-union <struct> 1.25 2.5 au-padded boa >>padded
        10.0 au_take_padded_union
    ]
}
Unit Test: {
    { 1.25 2.5 }
    [ 1.25 2.5 au_return_padded [ a>> ] [ b>> ] bi ]
}
Unit Test: {
    { 16.25 }
    [
        [
            [ swap [ a>> ] [ b>> 2 * ] bi + + ] au-padded-cb
            au_call_padded
        ] compile-call
    ]
}
Unit Test: {
    { 37.25 }
    [
        1.0 2.0 3.0 4.0 5.0 6.0 au-two <struct> 1.25 2.5 au-pair
        boa >>pair 10.0 au_take_spill
    ]
}
Unit Test: {
    { 37.25 }
    [
        [
            [
                swap pair>> [ a>> ] [ b>> 2 * ] bi + + + + + + +
                +
            ] au-spill-cb au_call_spill
        ] compile-call
    ]
}
Unit Test: {
    { 40.0 }
    [
        au-vector <struct> float-4{ 1.0 2.0 3.0 4.0 } >>a
        10.0 au_take_vector
    ]
}
Unit Test: {
    { float-4{ 1.0 2.0 3.0 4.0 } }
    [ 1.0 2.0 3.0 4.0 au_return_vector a>> ]
}
Unit Test: {
    { 40.0 }
    [
        [
            [
                swap a>> {
                    [ first ]
                    [ second 2 * ]
                    [ third 3 * ]
                    [ fourth 4 * ]
                } cleave + + + +
            ] au-vector-cb au_call_vector
        ] compile-call
    ]
}
Unit Test: {
    { 46.0 }
    [
        au-vector-two <struct>
        float-4{ 1.0 2.0 3.0 4.0 } float-4{ 5.0 6.0 7.0 8.0 }
        au-fvec-pair boa >>a 10.0 au_take_vector_two
    ]
}
Unit Test: {
    { float-4{ 1.0 2.0 3.0 4.0 } float-4{ 5.0 6.0 7.0 8.0 } }
    [ au_return_vector_two a>> [ a>> ] [ b>> ] bi ]
}
Unit Test: {
    { 23.25 }
    [
        [
            [
                2 load-locals 0 get-local au-two va-arg pair>>
                [ a>> ] [ b>> 2 * ] bi +
                0 get-local double va-arg + -1 get-local +
                2 drop-locals
            ] au-dynamic-cb au_call_variadic
        ] compile-call
    ]
}
Unit Test: {
    { 23.25 }
    [
        [
            [ swap pair>> [ a>> ] [ b>> 2 * ] bi + + + ]
            au-typed-cb au-call-typed
        ] compile-call
    ]
}
Unit Test: {
    { 53.0 }
    [
        [
            [
                2 load-locals
                0 get-local au-vector-two va-arg a>>
                [ a>> sum ] [ b>> sum ] bi +
                0 get-local double va-arg + -1 get-local +
                2 drop-locals
            ] au-dynamic-cb au_call_vector_variadic
        ] compile-call
    ]
}
Unit Test: {
    { 53.0 }
    [
        [
            [ swap a>> [ a>> sum ] [ b>> sum ] bi + + + ]
            au-vector-typed-cb au-call-vector-typed
        ] compile-call
    ]
}
Unit Test: { { 1 } [ au_small_controls ] }
Unit Test: { { 11.25 } [ au-small <struct> 1.25 >>a 10.0 au_take_small ] }
Unit Test: { { 12.5 } [ au-bsmall <struct> 2.5 >>a 10.0 au_take_bsmall ] }
Unit Test: { { 1.25 } [ 1.25 au_return_small a>> ] }
Unit Test: { { 2.5 } [ 2.5 au_return_bsmall a>> ] }
Unit Test: {
    { 16.25 }
    [
        au-small <struct> 1.25 >>a au-bsmall <struct> 2.5 >>a
        au-small-pair boa 10.0 au_take_small_pair
    ]
}
Unit Test: {
    { 16.25 }
    [
        [
            [ swap small-pair-value + ] au-small-pair-cb
            au_call_small_pair
        ] compile-call
    ]
}
Unit Test: {
    { 23.25 }
    [
        [
            [
                2 load-locals
                0 get-local au-small-pair va-arg
                small-pair-value 0 get-local double va-arg +
                -1 get-local + 2 drop-locals
            ] au-small-dynamic-cb au_call_small_variadic
        ] compile-call
    ]
}
Unit Test: {
    { 23.25 }
    [
        [
            [ swap small-pair-value + + ] au-small-typed-cb
            au-call-small-typed
        ] compile-call
    ]
}
TEST FAILURES 0
COMPILER ERRORS 0
