Unit Test: { { } [ [ ] b ] }
Unit Test: { { } [ [ { a b } forget-all ] with-compilation-unit ] }
Unit Test: { { } [ B ] }
Unit Test: { { } [ [ { A B } forget-all ] with-compilation-unit ] }
Unit Test: { { 570.0 } [ varout_control ] }
Unit Test: { { 317.0 } [ varout_split_control ] }
Unit Test: { { 285.0 } [ 1 2 3 4 5 6 7 8 9 varout_mixed ] }
Unit Test: {
    { 285.0 }
    [
        1 2 varout-small-hfa boa 3 4 5 varout-pair boa
        6 7 8 varout-hfa boa 9 varout_hfas
    ]
}
Unit Test: {
    { 317.0 }
    [ 1 2 3 4 5 6 7 4 5 varout-pair boa 10 varout_split ]
}
Unit Test: {
    { 16.0 27.0 38.0 }
    [
        10 6 7 8 varout-hfa boa varout_return
        [ x>> ] [ y>> ] [ z>> ] tri
    ]
}
Unit Test: {
    { 285.0 }
    [
        1 2 3 4 5 6 7 8 9 "varout_mixed" "varargs-outgoing"
        library-dll dlsym indirect-varout-mixed
    ]
}
Unit Test: {
    { 0 }
    [
        1 2 3 align-prior boa
        float-4{ 1.0 2.0 3.0 4.0 } float-4{ 5.0 6.0 7.0 8.0 }
        align-hva boa 1 varout_hva_alignment
    ]
}
Unit Test: {
    { 0 }
    [
        1 2 3 align-prior boa
        float-4{ 1.0 2.0 3.0 4.0 } float-4{ 5.0 6.0 7.0 8.0 }
        align-hva boa
        1 "varout_hva_alignment" "varargs-outgoing" library-dll
        dlsym indirect-alignment
    ]
}
Unit Test: {
    { 0 }
    [
        1 2 3 align-prior boa 1 varout_return_alignment
        alignment>>
    ]
}
Unit Test: {
    { t }
    [ align-vector-first heap-size varout_vector_first_size = ]
}
Unit Test: {
    { t }
    [
        align-vector-first c-type-align
        varout_vector_first_align =
    ]
}
Unit Test: {
    { t }
    [
        align-vector-union c-type-align
        varout_vector_union_align =
    ]
}
Unit Test: {
    { 36.0 }
    [
        1 2 float-4{ 1.0 2.0 3.0 4.0 } 3 align-vector-first boa
        varout_vector_first_after_int
    ]
}
Unit Test: {
    { 36.0 }
    [
        1 2 align-vector-union <struct>
        float-4{ 1.0 2.0 3.0 4.0 } >>value
        3 varout_vector_union_after_int
    ]
}
Unit Test: {
    { 2 30.0 }
    [
        64 malloc load-local 0 get-local [
            load-local 0 get-local [
                load-local 2 0 get-local 0 set-alien-signed-4
                1.0 0 get-local 16 set-alien-float
                2.0 0 get-local 20 set-alien-float
                3.0 0 get-local 24 set-alien-float
                4.0 0 get-local 28 set-alien-float
                0 get-local f f 0 0 macos <platform-va-cursor>
                load-local
                0 get-local int va-arg 0 get-local
                align-vector-union va-arg value>>
                { 1 2 3 4 } [ * ] 2map sum 2 drop-locals
            ] curry with-va-scope 1 drop-locals
        ] curry 0 get-local
        [ load-local 0 get-local free 1 drop-locals ] curry
        finally 1 drop-locals
    ]
}
Unit Test: { { { } } [ { } blah ] }
Unit Test: {
    { }
    [
        [ \ array \ mixin remove-mixin-instance ]
        with-compilation-unit
    ]
}
Unit Test: {
    { }
    [
        [ \ string \ mixin add-mixin-instance ]
        with-compilation-unit
    ]
}
Unit Test: { { 0 } [ "" blah ] }
Unit Test: { { "" } [ "" bully ] }
Unit Test: {
    { }
    [
        [ \ string \ mixin1 remove-mixin-instance ]
        with-compilation-unit
    ]
}
Unit Test: {
    { }
    [
        [ \ array \ mixin1 add-mixin-instance ]
        with-compilation-unit
    ]
}
Unit Test: { { "BILLY" } [ { } bully ] }
Unit Test: { { "" } [ [ declaration-test ] with-string-writer ] }
Unit Test: {
    { }
    [
        "IN: compiler.tests.redefine4 USE: io : declaration-test-1 ( -..."
        ( -- ) eval
    ]
}
Unit Test: { { "X" } [ [ declaration-test ] with-string-writer ] }
Unit Test: {
    { }
    [
        [ "compiler.tests.redefine8" forget-vocab ]
        with-compilation-unit
    ]
}
Unit Test: {
    { }
    [
        "USING: kernel math math.order sorting ;\n    IN: compiler.test..."
        ( -- ) eval
    ]
}
Unit Test: {
    { }
    [
        "USE: math\n    IN: compiler.tests.redefine8\n    INSTANCE: floa..."
        ( -- ) eval
    ]
}
Unit Test: {
    { 2.0 }
    [
        1.0 "my-generic" "compiler.tests.redefine8" lookup-word
        execute
    ]
}
Unit Test: {
    { { 0 1 2 3 4 } { 10 11 12 13 14 } }
    [
        { 1 1.0 "x" { } f } [ churn-tail-site compact-gc ] map
        { 1 1.0 "x" { } f } [ churn-call-site compact-gc ] map
    ]
}
Unit Test: {
    { }
    [
        " USING: alien alien.c-types alien.syntax kernel ;\n    IN: scr..."
        callback-error-script ascii set-file-contents
    ]
}
Unit Test: { { t } [ run-vm-with-script "\"Error!\"" swap member? ] }
Unit Test: {
    { }
    [
        "USING: alien alien.c-types alien.syntax kernel threads ;\n    ..."
        callback-error-script ascii set-file-contents
    ]
}
Unit Test: { { t } [ run-vm-with-script "\"Error!\"" swap member? ] }
Unit Test: {
    { }
    [
        [ "compiler.tests.redefine6" forget-vocab ]
        with-compilation-unit
    ]
}
Unit Test: {
    { }
    [
        "USING: kernel kernel.private ;\n    IN: compiler.tests.redefin..."
        ( -- ) eval
    ]
}
Unit Test: {
    { }
    [
        "USING: kernel ;\n    IN: compiler.tests.redefine6\n    TUPLE: m..."
        ( -- ) eval
    ]
}
Unit Test: {
    { 1 }
    [
        "my-tuple" "compiler.tests.redefine6" lookup-word boa
        "my-inline" "compiler.tests.redefine6" lookup-word
        execute
    ]
}
Unit Test: { { T{ x } } [ blah ] }
Unit Test: {
    { 6 15 24 }
    [
        1 2 3 4 5 6 7 8 9 ffi_test_large_return
        large-return-values
    ]
}
Unit Test: {
    { -6 -15 -24 }
    [
        -1 -2 -3 -4 -5 -6 -7 -8 -9 ffi_test_large_return
        large-return-values
    ]
}
Unit Test: {
    { 6 15 24 }
    [
        1 2 3 4 5 6 7 8 9 "ffi_test_large_return"
        "large-return-test" library-dll dlsym
        indirect-large-return large-return-values
    ]
}
Unit Test: {
    { 45 }
    [
        large-return-callback
        [ ffi_test_large_return_callback ] with-callback
    ]
}
Unit Test: {
    { 45 }
    [
        nested-large-return-callback
        [ ffi_test_large_return_callback ] with-callback
    ]
}
Unit Test: {
    [ ]
    [
        [ my-struct specialized-array-vocab forget-vocab ]
        with-compilation-unit
    ]
}
Unit Test: {
    { { 1 0 -1 255 65535 -7 65530 } }
    [ [ 7 <iota> [ vap_control_integer ] map ] compile-call ]
}
Unit Test: { { 1 } [ [ 0 t vap-bool ] compile-call ] }
Unit Test: { { 0 } [ [ 0 f vap-bool ] compile-call ] }
Unit Test: {
    { 1 }
    [ [ 0 "non-false Factor object" vap-bool ] compile-call ]
}
Unit Test: { { -7 } [ [ 0 -7 vap-char ] compile-call ] }
Unit Test: { { -1 } [ [ 0 255 vap-char ] compile-call ] }
Unit Test: { { 255 } [ [ 0 -1 vap-uchar ] compile-call ] }
Unit Test: { { 65535 } [ [ 0 -1 vap-ushort ] compile-call ] }
Unit Test: {
    { -7 }
    [
        [
            0 6148914691236517205 vap_poison drop
            0 vap-negative vap-signed
        ]
        compile-call
    ]
}
Unit Test: {
    { 65530 }
    [
        [
            0 6148914691236517205 vap_poison drop
            0 vap-positive vap-unsigned
        ]
        compile-call
    ]
}
Unit Test: { { -7 } [ [ 0 -7 vap-signed ] compile-call ] }
Unit Test: { { 65530 } [ [ 0 65530 vap-unsigned ] compile-call ] }
Unit Test: {
    { 0.10000000149011612 }
    [ [ vap_control_float ] compile-call ]
}
Unit Test: {
    { t }
    [ [ 0 0.1 vap-float vap_control_float = ] compile-call ]
}
Unit Test: {
    { 1 }
    [
        [
            0 t "vap_read_integer" "varargs-promotions"
            library-dll dlsym indirect-vap-bool
        ]
        compile-call
    ]
}
Unit Test: {
    { 65530 }
    [
        [
            0 vap-positive "vap_read_integer"
            "varargs-promotions" library-dll dlsym
            indirect-vap-unsigned
        ]
        compile-call
    ]
}
Unit Test: {
    { { 1 -7 65530 0.10000000149011612 } }
    [
        [
            [
                2 load-locals -1 get-local drop
                0 get-local bool va-arg 0 get-local
                vap-signed-enum va-arg 0 get-local
                vap-unsigned-enum va-arg 0 get-local float
                va-arg 4array promotion-values set-global
                0.0 2 drop-locals
            ] vap-runtime-reader
            [ vap_call_reader ] with-callback drop
            promotion-values get
        ]
        compile-call
    ]
}
Unit Test: {
    { { 1 -7 65530 0.10000000149011612 } }
    [
        [
            [
                5 load-locals -4 get-local drop
                -3 get-local -2 get-local -1 get-local 0
                get-local 4array promotion-values set-global
                0.0 5 drop-locals
            ] vap-tail-reader [ vap_call_reader ] with-callback
            drop promotion-values get
        ]
        compile-call
    ]
}
Unit Test: { { "a" } [ "a" word-2 ] }
Unit Test: { { 1 1 } [ 0 word-4 ] }
Unit Test: { { 2 3 } [ 0 word-4 ] }
Unit Test: { { t } [ forty-fixnums 40 <iota> [ 1 + ] map sequence= ] }
Unit Test: { { t } [ forty-fs [ f eq? ] all? ] }
Unit Test: { { 2 } [ foo ] }
Unit Test: { { } [ [ c m1 add-mixin-instance ] with-compilation-unit ] }
Unit Test: { { { m2 m1 } } [ \ g dispatch-order ] }
Unit Test: { { 1 } [ foo ] }
Unit Test: { { } [ [ c m1 remove-mixin-instance ] with-compilation-unit ] }
Unit Test: {
    { }
    [
        "USE: sequences USE: kernel IN: compiler.tests.redefine2 TUPLE..."
        ( -- ) eval
    ]
}
Unit Test: { { t } [ \ redefine2-test symbol? ] }
Unit Test: { { t } [ redefine2-test new sequence? ] }
Unit Test: { { 3 } [ 0 redefine2-test new nth-unsafe ] }
Unit Test: {
    { }
    [
        [ redefine2-test sequence remove-mixin-instance ]
        with-compilation-unit
    ]
}
Unit Test: { { f } [ redefine2-test new sequence? ] }
Must Fail: { [ 0 redefine2-test new nth-unsafe ] }
Unit Test: { { 1.5 } [ 1.5 half_identity ] }
Unit Test: {
    { -2.5 }
    [
        -2.5 "half_identity" "small-floats-test" library-dll
        dlsym half-indirect
    ]
}
Unit Test: { { 16.0 } [ 1 2.5 3.0 4.5 5 half_mixed ] }
Unit Test: { { 2.0 } [ half-cb [ 1.5 half_callback ] with-callback ] }
Unit Test: { { 55.0 } [ 1 2 3 4 5 6 7 8 9 10 half_overflow ] }
Unit Test: {
    { 55.0 }
    [
        half-overflow-cb
        [ half_overflow_callback ] with-callback
    ]
}
Unit Test: {
    { t }
    [
        {
            0.0
            -0.0
            1.0
            -1.0
            1.00048828125
            1.00146484375
            1.00390625
            1.01171875
            5.960464477539063e-8
            0.00006103515625
            65504.0
            65520.0
            1/0.
            -1/0.
        }
        [ [ half_bits ] [ half_convert float>half-bits ] bi = ]
        all?
    ]
}
Unit Test: {
    { t }
    [
        {
            0
            1
            2
            127
            128
            255
            256
            1023
            1024
            16383
            16384
            30000
            32768
            32769
            49152
        } [ [ half_from_bits float>half-bits ] keep = ] all?
    ]
}
Unit Test: { { 1.5 } [ 1.5 bfloat_identity ] }
Unit Test: {
    { -2.5 }
    [
        -2.5 "bfloat_identity" "small-floats-test" library-dll
        dlsym bfloat-indirect
    ]
}
Unit Test: { { 16.0 } [ 1 2.5 3.0 4.5 5 bfloat_mixed ] }
Unit Test: { { 2.0 } [ bfloat-cb [ 1.5 bfloat_callback ] with-callback ] }
Unit Test: { { 55.0 } [ 1 2 3 4 5 6 7 8 9 10 bfloat_overflow ] }
Unit Test: {
    { 55.0 }
    [
        bfloat-overflow-cb
        [ bfloat_overflow_callback ] with-callback
    ]
}
Unit Test: {
    { t }
    [
        {
            0.0
            -0.0
            1.0
            -1.0
            1.00048828125
            1.00146484375
            1.00390625
            1.01171875
            5.960464477539063e-8
            0.00006103515625
            65504.0
            65520.0
            1/0.
            -1/0.
        } [
            [ bfloat_bits ] [ bfloat_convert float>bfloat-bits ]
            bi =
        ] all?
    ]
}
Unit Test: {
    { t }
    [
        {
            0
            1
            2
            127
            128
            255
            256
            1023
            1024
            16383
            16384
            30000
            32768
            32769
            49152
        } [ [ bfloat_from_bits float>bfloat-bits ] keep = ] all?
    ]
}
Unit Test: {
    { 4.0 }
    [ mixed-small <struct> 1.5 >>a 2.5 >>b mixed_small_sum ]
}
Unit Test: {
    { t }
    [
        65536 <iota> [
            [ half_from_bits float>half-bits ]
            [ half-bits>float float>half-bits ] bi =
        ] all?
    ]
}
Unit Test: {
    { t }
    [
        65536 <iota> [
            [ bfloat_from_bits float>bfloat-bits ]
            [ bfloat-bits>float float>bfloat-bits ] bi =
        ] all?
    ]
}
Unit Test: { { 11.5 } [ 0 1.5 2.5 3 4.5 half_varargs ] }
Unit Test: { { 11.5 } [ 0 1.5 2.5 3 4.5 bfloat_varargs ] }
Unit Test: { { 1.0 1.0 } [ half_dirty_result bfloat_dirty_result ] }
Unit Test: { { 2.0 } [ 0 1.00048828125 1.00048828125 0 0.0 half_varargs ] }
Unit Test: { { 2.0 } [ 0 1.00390625 1.00390625 0 0.0 bfloat_varargs ] }
Unit Test: { { 806016 } [ 1 8 2 3 4 5 6 7 8 9 varout_half_bits ] }
Unit Test: { { 745872 } [ 1 8 2 3 4 5 6 7 8 9 varout_bfloat_bits ] }
Unit Test: {
    { 212.0 }
    [
        1
        float-4{ 1.0 2.0 3.0 4.0 } float-4{ 5.0 6.0 7.0 8.0 }
        float-4{ 9.0 10.0 11.0 12.0 } varout-vector-hva boa
        1 varout_vector_args
    ]
}
Unit Test: { { 3.0 1 2 3 } [ 1.0 2.0 [ float+ 1 2 3 ] compile-call ] }
Unit Test: { { 3 } [ 1.0 [ 2.0 float+ tag ] compile-call ] }
Unit Test: { { 3.0 } [ 1.0 [ 2.0 float+ ] compile-call ] }
Unit Test: { { 3.0 } [ 1.0 [ 2.0 swap float+ ] compile-call ] }
Unit Test: { { 3.0 } [ 1.0 2.0 [ float+ ] compile-call ] }
Unit Test: { { 3.0 } [ 1.0 2.0 [ swap float+ ] compile-call ] }
Unit Test: { { -1.0 } [ 1.0 [ 2.0 float- ] compile-call ] }
Unit Test: { { 1.0 } [ 1.0 [ 2.0 swap float- ] compile-call ] }
Unit Test: { { -1.0 } [ 1.0 2.0 [ float- ] compile-call ] }
Unit Test: { { 1.0 } [ 1.0 2.0 [ swap float- ] compile-call ] }
Unit Test: { { 6.0 } [ 3.0 [ 2.0 float* ] compile-call ] }
Unit Test: { { 6.0 } [ 3.0 [ 2.0 swap float* ] compile-call ] }
Unit Test: { { 6.0 } [ 3.0 2.0 [ float* ] compile-call ] }
Unit Test: { { 6.0 } [ 3.0 2.0 [ swap float* ] compile-call ] }
Unit Test: { { 0.5 } [ 1.0 [ 2.0 float/f ] compile-call ] }
Unit Test: { { 2.0 } [ 1.0 [ 2.0 swap float/f ] compile-call ] }
Unit Test: { { 0.5 } [ 1.0 2.0 [ float/f ] compile-call ] }
Unit Test: { { 2.0 } [ 1.0 2.0 [ swap float/f ] compile-call ] }
Unit Test: { { t } [ 1.0 2.0 [ float< ] compile-call ] }
Unit Test: { { t } [ 1.0 [ 2.0 float< ] compile-call ] }
Unit Test: { { f } [ 1.0 [ 2.0 swap float< ] compile-call ] }
Unit Test: { { f } [ 1.0 1.0 [ float< ] compile-call ] }
Unit Test: { { f } [ 1.0 [ 1.0 float< ] compile-call ] }
Unit Test: { { f } [ 1.0 [ 1.0 swap float< ] compile-call ] }
Unit Test: { { f } [ 3.0 1.0 [ float< ] compile-call ] }
Unit Test: { { f } [ 3.0 [ 1.0 float< ] compile-call ] }
Unit Test: { { t } [ 3.0 [ 1.0 swap float< ] compile-call ] }
Unit Test: { { t } [ 1.0 2.0 [ float<= ] compile-call ] }
Unit Test: { { t } [ 1.0 [ 2.0 float<= ] compile-call ] }
Unit Test: { { f } [ 1.0 [ 2.0 swap float<= ] compile-call ] }
Unit Test: { { t } [ 1.0 1.0 [ float<= ] compile-call ] }
Unit Test: { { t } [ 1.0 [ 1.0 float<= ] compile-call ] }
Unit Test: { { t } [ 1.0 [ 1.0 swap float<= ] compile-call ] }
Unit Test: { { f } [ 3.0 1.0 [ float<= ] compile-call ] }
Unit Test: { { f } [ 3.0 [ 1.0 float<= ] compile-call ] }
Unit Test: { { t } [ 3.0 [ 1.0 swap float<= ] compile-call ] }
Unit Test: { { f } [ 1.0 2.0 [ float> ] compile-call ] }
Unit Test: { { f } [ 1.0 [ 2.0 float> ] compile-call ] }
Unit Test: { { t } [ 1.0 [ 2.0 swap float> ] compile-call ] }
Unit Test: { { f } [ 1.0 1.0 [ float> ] compile-call ] }
Unit Test: { { f } [ 1.0 [ 1.0 float> ] compile-call ] }
Unit Test: { { f } [ 1.0 [ 1.0 swap float> ] compile-call ] }
Unit Test: { { t } [ 3.0 1.0 [ float> ] compile-call ] }
Unit Test: { { t } [ 3.0 [ 1.0 float> ] compile-call ] }
Unit Test: { { f } [ 3.0 [ 1.0 swap float> ] compile-call ] }
Unit Test: { { f } [ 1.0 2.0 [ float>= ] compile-call ] }
Unit Test: { { f } [ 1.0 [ 2.0 float>= ] compile-call ] }
Unit Test: { { t } [ 1.0 [ 2.0 swap float>= ] compile-call ] }
Unit Test: { { t } [ 1.0 1.0 [ float>= ] compile-call ] }
Unit Test: { { t } [ 1.0 [ 1.0 float>= ] compile-call ] }
Unit Test: { { t } [ 1.0 [ 1.0 swap float>= ] compile-call ] }
Unit Test: { { t } [ 3.0 1.0 [ float>= ] compile-call ] }
Unit Test: { { t } [ 3.0 [ 1.0 float>= ] compile-call ] }
Unit Test: { { f } [ 3.0 [ 1.0 swap float>= ] compile-call ] }
Unit Test: { { f } [ 1.0 2.0 [ float= ] compile-call ] }
Unit Test: { { t } [ 1.0 1.0 [ float= ] compile-call ] }
Unit Test: { { f } [ 1.0 [ 2.0 float= ] compile-call ] }
Unit Test: { { t } [ 1.0 [ 1.0 float= ] compile-call ] }
Unit Test: { { f } [ 1.0 [ 2.0 swap float= ] compile-call ] }
Unit Test: { { t } [ 1.0 [ 1.0 swap float= ] compile-call ] }
Unit Test: {
    { t }
    [ 0.0 [ dup 0.0 float= swap -0.0 float= or ] compile-call ]
}
Unit Test: {
    { t }
    [ -0.0 [ dup 0.0 float= swap -0.0 float= or ] compile-call ]
}
Unit Test: {
    { f }
    [ 3.0 [ dup 0.0 float= swap -0.0 float= or ] compile-call ]
}
Unit Test: { { 313.0 } [ 313 [ fixnum>float ] compile-call ] }
Unit Test: { { -313 } [ -313.5 [ float>fixnum ] compile-call ] }
Unit Test: { { 313 } [ 313.5 [ float>fixnum ] compile-call ] }
Unit Test: {
    { 315 315.0 }
    [ 313 [ 2 fixnum+fast dup fixnum>float ] compile-call ]
}
Unit Test: { { t } [ 0/0. 0/0. [ float-unordered? ] compile-call ] }
Unit Test: { { t } [ 0/0. 1.0 [ float-unordered? ] compile-call ] }
Unit Test: { { t } [ 1.0 0/0. [ float-unordered? ] compile-call ] }
Unit Test: { { f } [ 3.0 1.0 [ float-unordered? ] compile-call ] }
Unit Test: { { f } [ 1.0 3.0 [ float-unordered? ] compile-call ] }
Unit Test: {
    { 1 }
    [
        0/0. 0/0.
        [ float-unordered? [ 1 ] [ 2 ] if ] compile-call
    ]
}
Unit Test: {
    { 1 }
    [
        0/0. 1.0
        [ float-unordered? [ 1 ] [ 2 ] if ] compile-call
    ]
}
Unit Test: {
    { 1 }
    [
        1.0 0/0.
        [ float-unordered? [ 1 ] [ 2 ] if ] compile-call
    ]
}
Unit Test: {
    { 2 }
    [ 3.0 1.0 [ float-unordered? [ 1 ] [ 2 ] if ] compile-call ]
}
Unit Test: {
    { 2 }
    [ 1.0 3.0 [ float-unordered? [ 1 ] [ 2 ] if ] compile-call ]
}
Unit Test: { { -11.3 } [ -11.3 17.5 [ two-floats min ] compile-call ] }
Unit Test: { { -11.3 } [ 17.5 -11.3 [ two-floats min ] compile-call ] }
Unit Test: { { 17.5 } [ -11.3 17.5 [ two-floats max ] compile-call ] }
Unit Test: { { 17.5 } [ 17.5 -11.3 [ two-floats max ] compile-call ] }
Unit Test: {
    { 30.0 }
    [
        float-array{ 1.0 2.0 3.0 4.0 }
        float-array{ 1.0 2.0 3.0 4.0 } [
            { float-array float-array } declare
            [ * ] [ + ] 2map-reduce
        ] compile-call
    ]
}
Unit Test: {
    { 30.0 }
    [
        float-array{ 1.0 2.0 3.0 4.0 }
        [ { float-array } declare dup [ * ] [ + ] 2map-reduce ]
        compile-call
    ]
}
Unit Test: {
    { 30.0 }
    [
        float-array{ 1.0 2.0 3.0 4.0 }
        [ { float-array } declare [ dup * ] [ + ] map-reduce ]
        compile-call
    ]
}
Unit Test: {
    { 4.5 }
    [
        float-array{ 1.0 3.5 }
        [ { float-array } declare 0.0 [ + ] reduce ]
        compile-call
    ]
}
Unit Test: {
    { float-array{ 2.0 4.5 } }
    [
        float-array{ 1.0 3.5 }
        [ { float-array } declare [ 1 + ] map ] compile-call
    ]
}
Unit Test: {
    { t }
    [
        [ double-array{ 1.0 2.0 3.0 } 0.0 [ + ] reduce sqrt ]
        compile-call 2.44948 0.0001 ~
    ]
}
Unit Test: {
    { 7.5 3 }
    [
        [
            double-array{ 1.0 2.0 3.0 } 1.5 [ + ] reduce
            dup 0.0 < [ 2 ] [ 3 ] if
        ] compile-call
    ]
}
Unit Test: {
    { }
    [
        [ "compiler.tests.redefine11" forget-vocab ]
        with-compilation-unit
    ]
}
Unit Test: {
    { }
    [
        "USING: kernel math classes arrays ;\n    IN: compiler.tests.re..."
        ( -- ) eval
    ]
}
Unit Test: {
    { }
    [
        [
            array "my-mixin" "compiler.tests.redefine11"
            lookup-word remove-mixin-instance
        ] with-compilation-unit
    ]
}
Unit Test: {
    { 1 }
    [
        "my-inline" "compiler.tests.redefine11" lookup-word
        execute
    ]
}
Unit Test: {
    { 40147957488.0 }
    [
        1 2 3 4 5 6 7 8 -9 250 -300 60000 -70000 3000000000
        -123456789 abi_narrow
    ]
}
Unit Test: {
    { 40147957488.0 }
    [
        1 2 3 4 5 6 7 8 -9 250 -300 60000 -70000 3000000000
        -123456789 "abi_narrow" "gap-abi" library-dll dlsym
        indirect-narrow
    ]
}
Unit Test: {
    { 40147957488.0 }
    [ callback-narrow [ call_narrow ] with-callback ]
}
Unit Test: {
    { 506.0 }
    [ 1.0 2.0 3.0 4.0 5.0 6.0 7.0 8.0 9.0 10.0 11.0 abi_floats ]
}
Unit Test: {
    { 506.0 }
    [
        1.0 2.0 3.0 4.0 5.0 6.0 7.0 8.0 9.0 10.0 11.0
        "abi_floats" "gap-abi" library-dll dlsym indirect-floats
    ]
}
Unit Test: { { 506.0 } [ callback-floats [ call_floats ] with-callback ] }
Unit Test: {
    { -2610657.0 }
    [
        1 2 3 4 5 6 7 8 1.0 2.0 3.0 4.0 5.0 6.0 7.0 8.0 -9 9.5
        -1000 10.25 -123456 abi_mixed
    ]
}
Unit Test: {
    { -2610657.0 }
    [
        1 2 3 4 5 6 7 8 1.0 2.0 3.0 4.0 5.0 6.0 7.0 8.0 -9 9.5
        -1000 10.25 -123456 "abi_mixed" "gap-abi" library-dll
        dlsym indirect-mixed
    ]
}
Unit Test: {
    { -2610657.0 }
    [ callback-mixed [ call_mixed ] with-callback ]
}
Unit Test: { { -35.0 } [ 1 2.5 -3 4.25 -5 -4 direct-var ] }
Unit Test: { { 662.0 } [ 1 2 3 4 5 6 7 8 9 10 11 13.0 direct-var-spill ] }
Unit Test: {
    { -35.0 }
    [
        1 2.5 -3 4.25 -5 -4 "abi_var" "gap-abi" library-dll
        dlsym indirect-var
    ]
}
Unit Test: {
    { 662.0 }
    [
        1 2 3 4 5 6 7 8 9 10 11 13.0 "abi_var_spill" "gap-abi"
        library-dll dlsym indirect-var-spill
    ]
}
Unit Test: { { -35.0 } [ 1 2.5 -3 4.25 -5 -4 syntax-var ] }
Unit Test: { { 55.0 } [ 1.0 2.0 <pair> 3.0 4.0 <pair> 5 abi_var_hfa ] }
Unit Test: {
    { 55.0 }
    [
        1.0 2.0 <pair> 3.0 4.0 <pair>
        5 "abi_var_hfa" "gap-abi" library-dll dlsym
        indirect-var-hfa
    ]
}
Unit Test: { { 47.0 } [ 1 2 3 4 5 6 7 8 -9 10 11 <ints> -12 abi_struct ] }
Unit Test: { { 47.0 } [ struct-callback [ call_struct ] with-callback ] }
Unit Test: {
    { 64.0 }
    [
        1.0 2.0 3.0 4.0 5.0 6.0 7.0 8.0 9.0 <pair>
        10.0 abi_hfa_boundary
    ]
}
Unit Test: {
    { 64.0 }
    [ hfa-callback [ call_hfa_boundary ] with-callback ]
}
Unit Test: {
    { 11.0 22.0 33.0 }
    [ <array-hfa> abi_array_hfa array-hfa-values ]
}
Unit Test: {
    { 11.0 22.0 33.0 }
    [
        <array-hfa> "abi_array_hfa" "gap-abi" library-dll dlsym
        indirect-array array-hfa-values
    ]
}
Unit Test: {
    { 154.0 }
    [ array-callback [ call_array_hfa ] with-callback ]
}
Unit Test: { { 20.0 } [ 1 <array-hfa> 5.0 abi_var_array ] }
Unit Test: { { 64.0 } [ 1 2 3 4 5 6 7 8 9 <longs> 10 abi_int_boundary ] }
Unit Test: {
    { 64.0 }
    [ int-callback [ call_int_boundary ] with-callback ]
}
Unit Test: {
    { 107.0 }
    [
        1 2 3 4 5 6 7 8 1.0 2.0 3.0 4.0 5.0 6.0 7.0 8.0 -9 10.0
        11.0 <pair> 12.0 abi_hfa_stack
    ]
}
Unit Test: { { 2 } [ 2 custom-caller ] }
Unit Test: {
    { }
    [
        \ custom-source
        [ drop [ drop 3 ] ] "custom-inlining" set-word-prop
        "IN: compiler.tests.redefine27 USE: math\n    : custom-source (..."
        ( -- ) eval
    ]
}
Unit Test: { { 3 } [ 2 custom-caller ] }
Unit Test: {
    { }
    [
        \ custom-source "custom-inlining" remove-word-prop
        "IN: compiler.tests.redefine27 USE: math\n    : custom-source (..."
        ( -- ) eval
    ]
}
Unit Test: { { 6 } [ 2 custom-caller ] }
Unit Test: { { 3 } [ 2 fallback-caller ] }
Unit Test: {
    { }
    [
        \ fallback-source
        [ drop [ drop 7 ] ] "custom-inlining" set-word-prop
        "IN: compiler.tests.redefine27 USE: math\n    : fallback-source..."
        ( -- ) eval
    ]
}
Unit Test: { { 7 } [ 2 fallback-caller ] }
Unit Test: { { 5000 } [ [ 5000 ] compile-call ] }
Unit Test: { { "hi" } [ [ "hi" ] compile-call ] }
Unit Test: { { 0 } [ 1 large-immediate-shift-regression ] }
Unit Test: { { 1 2 3 4 } [ [ 1 2 3 4 ] compile-call ] }
Unit Test: { { 1 1 } [ 1 [ dup ] compile-call ] }
Unit Test: { { 0 } [ 3 [ tag ] compile-call ] }
Unit Test: { { 0 3 } [ 3 [ [ tag ] keep ] compile-call ] }
Unit Test: { { 2 3 } [ 3 [ 2 swap ] compile-call ] }
Unit Test: { { 2 1 3 4 } [ 1 2 [ swap 3 4 ] compile-call ] }
Unit Test: { { 2 3 4 } [ 3 [ 2 swap 4 ] compile-call ] }
Unit Test: {
    { { 1 2 3 } { 1 4 3 } 2 2 }
    [ { 1 2 3 } { 1 4 3 } [ over tag over tag ] compile-call ]
}
Unit Test: { { 4 1 } [ 1 [ [ 3 fixnum+ ] keep ] compile-call ] }
Unit Test: { { 2 } [ 1 2 [ swap fixnum/i ] compile-call ] }
Unit Test: { { 3 3 } [ 1.2 [ tag [ foo ] keep ] compile-call ] }
Unit Test: {
    { 1 2 2 }
    [
        { 1 2 } [ dup 2 slot swap 3 slot [ foo ] keep ]
        compile-call
    ]
}
Unit Test: {
    { 3 }
    [
        global [ 3 \ foo set ] with-variables \ foo
        [ global >n get ndrop ] compile-call
    ]
}
Unit Test: {
    { 3 }
    [
        global [ 3 \ foo set ] with-variables \ foo
        [ global [ get ] swap blech call ] compile-call
    ]
}
Unit Test: {
    { 3 }
    [
        global [ 3 \ foo set ] with-variables \ foo
        [ global [ get ] swap >n call ndrop ] compile-call
    ]
}
Unit Test: {
    { 3 }
    [
        global [ 3 \ foo set ] with-variables \ foo
        [ global [ get ] with-variables ] compile-call
    ]
}
Unit Test: {
    { 12 13 }
    [ -12 -13 [ [ 0 swap fixnum-fast ] bi@ ] compile-call ]
}
Unit Test: { { -1 2 } [ 1 2 [ [ 0 swap fixnum- ] dip ] compile-call ] }
Unit Test: {
    { 12 13 }
    [ -12 -13 [ [ 0 swap fixnum- ] bi@ ] compile-call ]
}
Unit Test: {
    { 1 }
    [ SBUF" " [ 1 slot 1 [ slot ] keep ] compile-call nip ]
}
Unit Test: {
    { 3 1 2 3 4 5 6 7 8 9 }
    [
        1 2 3 4 5 6 7 8 9 [
            [ [ [ [ [ ~quotation~ dip ] dip ] dip ] dip ] dip ]
            dip
        ] compile-call
    ]
}
Unit Test: {
    { 2 2 2 2 2 2 2 2 2 2 1 }
    [
        1 2
        [ swap [ dup dup dup dup dup dup dup dup dup ] dip ]
        compile-call
    ]
}
Unit Test: { { } [ [ 9 [ ] times ] compile-call ] }
Unit Test: {
    { }
    [
        [ [ 200 dup [ 200 3array ] curry map drop ] times ]
        [ ( n -- ) define-temp ] with-compilation-unit drop
    ]
}
Unit Test: {
    { t }
    [ 10000000 [ drop try-breaking-dispatch-2 ] all-integers? ]
}
Unit Test: {
    { 2.0 { 2.0 0.0 } }
    [
        2.0 1.0
        [ float/f 0.0 [ drop (broken) ] 2keep 2array ]
        compile-call
    ]
}
Unit Test: {
    { }
    [
        H{ { 1 2 } { 3 4 } } dup array>>
        [ 0 swap hellish-bug-2 drop ] compile-call
    ]
}
Unit Test: { { 3 } [ f foox ] }
Unit Test: { { 4 } [ T{ my-tuple } foox ] }
Unit Test: { { 5 } [ "hi" foox ] }
Unit Test: {
    { t 3.0 }
    [ 1.0 dup [ dup 2.0 float+ [ eq? ] dip ] compile-call ]
}
Unit Test: {
    { t 3.0 }
    [ 1.0 dup [ dup 2.0 float+ ] compile-call [ eq? ] dip ]
}
Unit Test: {
    { t }
    [ 1.0 dup [ [ 2.0 float+ ] keep ] compile-call nip eq? ]
}
Unit Test: {
    { 1 B{ 1 2 3 4 } }
    [
        B{ 1 2 3 4 }
        [ { byte-array } declare [ 0 alien-unsigned-1 ] keep ]
        compile-call
    ]
}
Unit Test: {
    { 2 1 }
    [ 2 1 [ 2dup fixnum< [ [ die ] dip ] when ] compile-call ]
}
Unit Test: {
    { }
    [
        1 [
            dup 0 2 3dup pick >= [ >= ] [ 2drop f ] if [
                drop - >fixnum
                { [ a-dummy ] [ a-dummy ] [ a-dummy ] } dispatch
            ] [ 2drop no-case ] if
        ] compile-call
    ]
}
hi
Unit Test: { { t } [ \ dispatch-alignment-regression word-optimized? ] }
Unit Test: { { vector } [ dispatch-alignment-regression ] }
Unit Test: { { { f f f } } [ t bad-value-bug ] }
Unit Test: { { } [ gc-check-bug ] }
Unit Test: { { "a" } [ 8 test-1 ] }
Unit Test: { { "b" } [ 9 test-1 ] }
Unit Test: { { "a" } [ 1 test-2 ] }
Unit Test: { { "b" } [ 2 test-2 ] }
Unit Test: {
    { { { 1 2 } { 3 4 } } }
    [
        { 1 2 3 4 } [
            [ { array } declare 2 group [ , ] each ]
            compile-call
        ] { } make
    ]
}
Unit Test: {
    { 2 }
    [
        { 1 2 3 4 } [ { array } declare 2 <groups> length ]
        compile-call
    ]
}
Unit Test: { { 3 } [ 1 t fixnum-overflow-control-flow-test ] }
Unit Test: { { 2 } [ 1 f fixnum-overflow-control-flow-test ] }
Unit Test: { { 4.0 } [ 2.0 blah ] }
Unit Test: { { 4 } [ 2 [ dup fixnum* ] compile-call ] }
Unit Test: { { 7 } [ 2 [ dup fixnum* 3 fixnum+fast ] compile-call ] }
Unit Test: { { t } [ [ cucumber ] compile-call cucumber eq? ] }
Unit Test: {
    { 4294967295 B{ 255 255 255 255 } -1 }
    [
        -1 int <ref> -1 int <ref>
        [ [ 0 alien-unsigned-4 swap ] [ 0 alien-signed-2 ] bi ]
        compile-call
    ]
}
Unit Test: {
    {
        {
            { 1 "x" "y" }
            { "x" "y" }
            { 2 "x" "y" }
            { "x" "y" }
            { 3 "x" "y" }
        }
    }
    [ [ { 1 2 3 } "x" "y" linear-scan-regression ] { } make ]
}
Unit Test: { { t } [ 2 [ 1 swap fixnum< ] compile-call ] }
Unit Test: { { 3 } [ 2 [ 1 swap fixnum< [ 3 ] [ 4 ] if ] compile-call ] }
Unit Test: { { 1 } [ 31337 [ dup fixnum<= [ 1 ] [ 2 ] if ] compile-call ] }
Unit Test: { { t } [ 3 [ return-recursive-bug ] compile-call ] }
Unit Test: { { f } [ V{ } 0 [ [ vector? ] both? ] compile-call ] }
Unit Test: { { f } [ 0 V{ } [ [ vector? ] both? ] compile-call ] }
Unit Test: {
    { f }
    [
        f vector [
            [ dup [ \ vector eq? ] [ drop f ] if ] dip dup
            [ \ vector eq? ] [ drop f ] if over rot
            [ drop ] [ nip ] if
        ] compile-call
    ]
}
Unit Test: {
    { 0 3 f { 1 2 3 } }
    [ { 1 2 3 } -10 3 "hello" coalescing-bug-1 ]
}
Unit Test: {
    { 0 3 f { 1 2 3 } }
    [ { 1 2 3 } 0 7 "hello" coalescing-bug-1 ]
}
Unit Test: {
    { 0 3 f { 1 2 3 } }
    [ { 1 2 3 } 3 2 "hello" coalescing-bug-1 ]
}
Unit Test: {
    {
        2
        3
        T{ slice { from 1 } { to 3 } { seq "hello" } }
        { 1 2 3 }
    }
    [ { 1 2 3 } 1 3 "hello" coalescing-bug-1 ]
}
Unit Test: { { 10 } [ 1 coalescing-bug-2 ] }
Unit Test: { { 86 } [ 11 coalescing-bug-2 ] }
Unit Test: {
    { T{ slice { to 5 } { seq "hello" } } }
    [ f f "hello" coalescing-bug-3 ]
}
Unit Test: {
    { T{ slice { from 1 } { to 5 } { seq "hello" } } }
    [ 1 f "hello" coalescing-bug-3 ]
}
Unit Test: {
    { T{ slice { to 3 } { seq "hello" } } }
    [ f 3 "hello" coalescing-bug-3 ]
}
Unit Test: {
    { T{ slice { from 1 } { to 3 } { seq "hello" } } }
    [ 1 3 "hello" coalescing-bug-3 ]
}
Unit Test: {
    { T{ slice { from 3 } { to 3 } { seq "hello" } } }
    [ 4 3 "hello" coalescing-bug-3 ]
}
Unit Test: {
    { T{ slice { from 5 } { to 5 } { seq "hello" } } }
    [ 6 f "hello" coalescing-bug-3 ]
}
Unit Test: { { 2 3 2 } [ 2 3 "" coalescing-bug-4 ] }
Unit Test: { { 3 3 2 } [ 4 3 "" coalescing-bug-4 ] }
Unit Test: { { 3 3 2 } [ 4 3 "" coalescing-bug-4 ] }
Unit Test: { { 2 3 1 } [ 2 3 V{ } coalescing-bug-4 ] }
Unit Test: { { 3 3 1 } [ 4 3 V{ } coalescing-bug-4 ] }
Unit Test: { { 3 3 1 } [ 4 3 V{ } coalescing-bug-4 ] }
Unit Test: { { 2 t } [ 0 t global-dcn-bug-1 ] }
Unit Test: { { 1 f } [ 0 f global-dcn-bug-1 ] }
Unit Test: { { } [ missing-gc-check-2 ] }
Unit Test: {
    { 1 "0.16996714290024104" }
    [ 1.4 [ 1 swap fcos ] compile-call number>string ]
}
Unit Test: {
    { 1 "0.16996714290024104" }
    [ 1.4 1 [ swap fcos ] compile-call number>string ]
}
Unit Test: {
    { "0.16996714290024104" "0.9854497299884601" }
    [
        1.4 [ [ fcos ] [ fsin ] bi ] compile-call
        [ number>string ] bi@
    ]
}
Unit Test: {
    { 1 "0.16996714290024104" "0.9854497299884601" }
    [
        1.4 1 [ swap >float [ fcos ] [ fsin ] bi ] compile-call
        [ number>string ] bi@
    ]
}
Unit Test: {
    { 6.0 }
    [
        1.0 [
            >float 3.0 +
            [ B{ 0 0 0 0 } 0 set-alien-float ] [ 2.0 + ] bi
        ] compile-call
    ]
}
Unit Test: {
    { 283686952174081 }
    [
        B{ 1 1 1 1 } [
            { byte-array } declare [ 0 2 ] dip [
                [ drop ] 2dip [
                    swap 1 < [ [ ] dip ] [ [ ] dip ] if
                    0 alien-signed-4
                ] curry dup bi *
            ] curry each-integer
        ] compile-call
    ]
}
Unit Test: {
    { 2 }
    [
        little-endian? T{ myseq
            { underlying1 B{ 1 0 0 0 } }
            { underlying2 B{ 1 0 0 0 } }
        } T{ myseq
            { underlying1 B{ 0 0 0 1 } }
            { underlying2 B{ 0 0 0 1 } }
        } ? [
            { myseq } declare [ 0 2 ] dip dup [
                [
                    over 1 <
                    [ underlying1>> ]
                    [ [ 1 - ] dip underlying2>> ] if swap 4 *
                    >fixnum alien-signed-4
                ] bi-curry@ bi * +
            ] 2curry each-integer
        ] compile-call
    ]
}
Unit Test: {
    { t }
    [
        [ 1.0 100 [ fsin ] times 1.0 float+ ] compile-call
        1.168852488727981 0.000000001 ~
    ]
}
Unit Test: {
    { 65537.0 }
    [ [ 2.0 4 [ 2.0 fpow ] times 1.0 float+ ] compile-call ]
}
Unit Test: {
    { ALIEN: 3e9 }
    [
        [
            f 100 [ 10 swap <displaced-alien> ] times
            1 swap <displaced-alien>
        ] compile-call
    ]
}
Unit Test: {
    { 2 0 }
    [
        1 1
        [ [ 15 bitand ] bi@ [ shift ] [ drop -3 shift ] 2bi ]
        compile-call
    ]
}
Unit Test: {
    { t }
    [
        [
            10 10 <byte-array>
            [ <displaced-alien> underlying>> ] keep eq?
        ] compile-call
    ]
}
Unit Test: {
    { }
    [
        2000
        [ "hello" clone dup gc-root-messup first eq? t assert= ]
        times
    ]
}
Unit Test: { { { { f } } } [ write-barrier-elim-in-wrong-place ] }
( -- )
Unit Test: { { B{ 123 231 } } [ derived-pointer-test-1 ] }
Unit Test: { { 3524578 5702887 } [ fib-count2 ] }
Unit Test: { { 3524578 5702887 } [ fib-count2 ] }
Must Fail With: { [ baz ] [ 3 = ] }
Unit Test: { { { foo bar baz } } [ 2 5 symbolic-stack-trace subseq ] }
Unit Test: {
    [ t ]
    [ [ { 1 "hi" } bleh ] ignore-errors \ + stack-trace-any? ]
}
Unit Test: {
    [ t f ]
    [
        [ { "hi" } bleh ] ignore-errors
        \ + stack-trace-any? \ > stack-trace-any?
    ]
}
Unit Test: {
    { f }
    [
        [ normalize-path ] ignore-errors
        error-continuation get call>> callstack>array
        [ f = ] any?
    ]
}
Must Fail With: {
    [
        [
            "USING: continuations io.backend ; [ normalize-path ] ignore-e..."
            swap [ utf8 set-file-contents ] keep run-file
        ] with-test-file
    ]
    [ wrong-values? ]
}
Unit Test: {
    { f }
    [
        [
            { clone at* equal? } [ remake-generic ] each
            remake-generics to-recompile
            { clone-empty lookup-literal compare-integers }
            [ swap member? ] with any?
        ] with-compilation-unit
    ]
}
Unit Test: {
    { V{ } 2 t f }
    [ clone-empty 1 lookup-literal 4 4 compare-integers ]
}
Unit Test: { { 7 } [ 2 custom-caller ] }
Unit Test: {
    { f }
    [
        [
            \ custom-generic remake-generic
            remake-generics to-recompile \ custom-caller swap
            member?
        ] with-compilation-unit
    ]
}
Unit Test: {
    { }
    [
        [
            \ custom-generic
            [ drop [ drop 8 ] ] "custom-inlining" set-word-prop
            \ custom-generic changed-definition
        ] with-compilation-unit
    ]
}
Unit Test: { { 8 } [ 2 custom-caller ] }
Unit Test: {
    { t }
    [
        [
            \ custom-generic remake-generic
            remake-generics to-recompile \ custom-caller swap
            member?
        ] with-compilation-unit
    ]
}
Unit Test: {
    { }
    [
        [
            \ custom-generic
            [ drop f ] set-dispatch-independent-inlining
            \ custom-generic changed-definition
        ] with-compilation-unit
    ]
}
Unit Test: { { 3 } [ 2 custom-caller ] }
Unit Test: {
    { }
    [
        [
            \ custom-generic
            [ drop [ drop 9 ] ]
            set-dispatch-independent-inlining
            \ custom-generic changed-definition
        ] with-compilation-unit
    ]
}
Unit Test: { { 9 } [ 2 custom-caller ] }
Unit Test: {
    { }
    [
        [
            \ custom-generic "custom-inlining" remove-word-prop
            \ custom-generic changed-definition
        ] with-compilation-unit
    ]
}
Unit Test: { { 3 } [ 2 custom-caller ] }
Unit Test: { { f } [ empty-mixin-member new empty-mixin? ] }
Unit Test: { { f } [ empty-mixin-member new empty-mixin-test-1 ] }
Unit Test: { { f } [ empty-mixin-member new empty-mixin-test-2 ] }
Unit Test: {
    { }
    [
        [
            \ empty-mixin-member \ empty-mixin
            add-mixin-instance
        ] with-compilation-unit
    ]
}
Unit Test: { { t } [ empty-mixin-member new empty-mixin? ] }
Unit Test: { { t } [ empty-mixin-member new empty-mixin-test-1 ] }
Unit Test: { { t } [ empty-mixin-member new empty-mixin-test-2 ] }
Unit Test: {
    { }
    [
        [
            \ empty-mixin forget \ empty-mixin-member forget
            \ empty-mixin-test-1 forget
            \ empty-mixin-test-2 forget
        ] with-compilation-unit
    ]
}
Unit Test: {
    [ T{ color { red 1 } { green 2 } { blue 3 } } ]
    [ 1 2 3 [ color boa ] compile-call ]
}
Unit Test: { [ T{ color } ] [ [ color new ] compile-call ] }
Must Fail: { [ [ foo new ] compile-call ] }
Must Fail: { [ [ foo boa ] compile-call ] }
Unit Test: { { "foo" } [ "a" parse-regexp ] }
Must Fail With: { [ test-2 ] [ not-compiled? ] }
Unit Test: {
    { }
    [
        "IN: compiler.tests.redefine0 : test-1 ( -- ) ;" ( -- )
        eval
    ]
}
Must Infer As: { { 0 0 } [ test-1 ] }
Unit Test: { { } [ test-2 ] }
Unit Test: {
    { }
    [
        [ \ test-1 forget \ test-2 forget ]
        with-compilation-unit
    ]
}
Unit Test: { { } [ test-4 ] }
Unit Test: {
    { }
    [
        "IN: compiler.tests.redefine0 USE: kernel : test-3 ( a -- ) ca..."
        ( -- ) eval
    ]
}
Must Fail With: { [ test-4 ] [ not-compiled? ] }
Unit Test: {
    { }
    [
        [ \ test-3 forget \ test-4 forget ]
        with-compilation-unit
    ]
}
Unit Test: { { 31337 } [ 31337 test-6 ] }
Unit Test: {
    { }
    [
        "IN: compiler.tests.redefine0 USING: macros kernel ; MACRO: te..."
        ( -- ) eval
    ]
}
Must Fail With: { [ 31337 test-6 ] [ not-compiled? ] }
Unit Test: {
    { }
    [
        [ \ test-5 forget \ test-6 forget ]
        with-compilation-unit
    ]
}
Must Fail With: { [ 1 test-7 ] [ not-compiled? ] }
Must Fail With: { [ 1 test-8 ] [ not-compiled? ] }
Unit Test: {
    { }
    [
        "IN: compiler.tests.redefine0 USING: macros math kernel ; GENE..."
        ( -- ) eval
    ]
}
Unit Test: { { 4 } [ 1 3 test-7 ] }
Unit Test: { { 4 } [ 1 259 test-8 ] }
Unit Test: {
    { }
    [
        [ \ test-7 forget \ test-8 forget ]
        with-compilation-unit
    ]
}
Unit Test: { { } [ test-11 ] }
Unit Test: {
    { }
    [
        "IN: compiler.tests.redefine0 : test-9 ( -- ) 1 ;"
        ( -- ) eval
    ]
}
Must Fail With: { [ test-11 ] [ not-compiled? ] }
Unit Test: {
    { }
    [
        "IN: compiler.tests.redefine0 : test-9 ( -- a ) 1 ;"
        ( -- ) eval
    ]
}
Unit Test: {
    { }
    [
        "IN: compiler.tests.redefine0 : test-9 ( -- ) ;" ( -- )
        eval
    ]
}
Unit Test: { { } [ test-11 ] }
Unit Test: {
    { }
    [
        [
            \ test-9 forget \ test-10 forget \ test-11 forget
            \ quot forget
        ] with-compilation-unit
    ]
}
Unit Test: { { } [ trash-code-heap ] }
Unit Test: {
    [ ]
    [
        "USING: sorting kernel math.order ;\n    IN: compiler.tests.red..."
        ( -- ) eval
    ]
}
Unit Test: {
    [ ]
    [
        "USE: kernel\n    IN: compiler.tests.redefine5\n    TUPLE: my-tu..."
        ( -- ) eval
    ]
}
Unit Test: {
    [ 0 ]
    [
        "my-tuple" "compiler.tests.redefine5" lookup-word boa
        "my-inline" "compiler.tests.redefine5" lookup-word
        execute
    ]
}
Unit Test: {
    { }
    [
        [ "compiler.tests.redefine9" forget-vocab ]
        with-compilation-unit
    ]
}
Unit Test: {
    { }
    [
        "USING: kernel math math.order sorting ;\n    IN: compiler.test..."
        ( -- ) eval
    ]
}
Unit Test: {
    { }
    [
        "USE: math\n    IN: compiler.tests.redefine9\n    TUPLE: my-tupl..."
        ( -- ) eval
    ]
}
Must Fail With: {
    [
        "my-tuple" "compiler.tests.redefine9" lookup-word boa
        "my-generic" "compiler.tests.redefine9" lookup-word
        execute
    ]
    [ no-math-method? ]
}
Unit Test: { { t } [ M\ array xyz word-optimized? ] }
Unit Test: { { 1 "integer" } [ 1 pred-test-1 ] }
Unit Test: {
    { T{ pred-test } "pred-test" }
    [ T{ pred-test } pred-test-2 ]
}
Unit Test: {
    { T{ pred-test } "pred-test" }
    [ T{ pred-test } pred-test-3 ]
}
Unit Test: { { t } [ "nom" inline-test ] }
Unit Test: { { f } [ "shayin" inline-test ] }
Unit Test: { { f } [ 3 inline-test ] }
Unit Test: { { } [ 1000000 fixnum-declarations . ] }
16777216001234
Unit Test: { { } [ literal-not-branch ] }
Unit Test: { { 3 } [ t bad-kill-2 ] }
Unit Test: { { 2 0 } [ the-test ] }
Unit Test: { { } [ double-recursion ] }
Unit Test: { { 0 } [ 10 <iota> double-label-2 ] }
Unit Test: { { t } [ \ breakage word-optimized? ] }
Must Fail: { [ breakage ] }
Unit Test: { { 10 } [ branch-fold-regression-1 ] }
Unit Test: {
    { 1 }
    [ [ constant-branch-fold-1 [ 1 ] [ 2 ] if ] compile-call ]
}
Unit Test: { { f } [ bar ] }
Unit Test: { { t } [ \ <tuple>-regression word-optimized? ] }
Unit Test: {
    { f t }
    [ [ constant-fold-2 constant-fold-3 4 = ] compile-call ]
}
Unit Test: {
    { f }
    [ [ constant-fold-4 constant-fold-5 or ] compile-call ]
}
Unit Test: { { 5 } [ 5 [ 0 + ] compile-call ] }
Unit Test: { { 5 } [ 5 [ 0 swap + ] compile-call ] }
Unit Test: { { 5 } [ 5 [ 0 - ] compile-call ] }
Unit Test: { { -5 } [ 5 [ 0 swap - ] compile-call ] }
Unit Test: { { 0 } [ 5 [ dup - ] compile-call ] }
Unit Test: { { 5 } [ 5 [ 1 * ] compile-call ] }
Unit Test: { { 5 } [ 5 [ 1 swap * ] compile-call ] }
Unit Test: { { 0 } [ 5 [ 0 * ] compile-call ] }
Unit Test: { { 0 } [ 5 [ 0 swap * ] compile-call ] }
Unit Test: { { -5 } [ 5 [ -1 * ] compile-call ] }
Unit Test: { { -5 } [ 5 [ -1 swap * ] compile-call ] }
Unit Test: { { 0 } [ 5 [ 1 mod ] compile-call ] }
Unit Test: { { 0 } [ 5 [ 1 rem ] compile-call ] }
Unit Test: { { 0.5 } [ 5.5 [ 1 mod ] compile-call ] }
Unit Test: { { 0.5 } [ 5.5 [ 1 rem ] compile-call ] }
Unit Test: { { 5 } [ 5 [ -1 bitand ] compile-call ] }
Unit Test: { { 0 } [ 5 [ 0 bitand ] compile-call ] }
Unit Test: { { 5 } [ 5 [ -1 swap bitand ] compile-call ] }
Unit Test: { { 0 } [ 5 [ 0 swap bitand ] compile-call ] }
Unit Test: { { 5 } [ 5 [ dup bitand ] compile-call ] }
Unit Test: { { 5 } [ 5 [ 0 bitor ] compile-call ] }
Unit Test: { { -1 } [ 5 [ -1 bitor ] compile-call ] }
Unit Test: { { 5 } [ 5 [ 0 swap bitor ] compile-call ] }
Unit Test: { { -1 } [ 5 [ -1 swap bitor ] compile-call ] }
Unit Test: { { 5 } [ 5 [ dup bitor ] compile-call ] }
Unit Test: { { 5 } [ 5 [ 0 bitxor ] compile-call ] }
Unit Test: { { 5 } [ 5 [ 0 swap bitxor ] compile-call ] }
Unit Test: { { -6 } [ 5 [ -1 bitxor ] compile-call ] }
Unit Test: { { -6 } [ 5 [ -1 swap bitxor ] compile-call ] }
Unit Test: { { 0 } [ 5 [ dup bitxor ] compile-call ] }
Unit Test: { { 0 } [ 5 [ 0 swap shift ] compile-call ] }
Unit Test: { { 5 } [ 5 [ 0 shift ] compile-call ] }
Unit Test: { { f } [ 5 [ dup < ] compile-call ] }
Unit Test: { { t } [ 5 [ dup <= ] compile-call ] }
Unit Test: { { f } [ 5 [ dup > ] compile-call ] }
Unit Test: { { t } [ 5 [ dup >= ] compile-call ] }
Unit Test: { { t } [ 5 [ dup eq? ] compile-call ] }
Unit Test: { { t } [ 5 [ dup = ] compile-call ] }
Unit Test: { { t } [ 5 [ dup number= ] compile-call ] }
Unit Test: { { t } [ \ vector [ \ vector = ] compile-call ] }
Must Fail: { [ 10 f [ <array> 0 + detect-number ] compile-call ] }
Unit Test: { { 4 [ + ] } [ 2 2 [ [ + ] [ call ] keep ] compile-call ] }
Unit Test: { { t } [ \ node-successor-f-bug word-optimized? ] }
Must Not Fail: { [ [ new ] build-tree optimize-tree ] }
Must Not Fail: { [ [ <tuple> ] build-tree optimize-tree ] }
Unit Test: { { t } [ \ lift-throw-tail-regression word-optimized? ] }
Unit Test: { { 3 "an integer" } [ 3 lift-throw-tail-regression ] }
Unit Test: { { "hi" "a string" } [ "hi" lift-throw-tail-regression ] }
Must Infer: { [ 10 [ ] lift-loop-tail-test-1 1 2 3 ] }
Unit Test: { { 1 2 3 } [ lift-loop-tail-test-2 ] }
Unit Test: { { t } [ \ recursive-inline-hang-1 word-optimized? ] }
Unit Test: { { } [ { 3append-as } compile ] }
Unit Test: { { 2 4 6.0 0 } [ counter-example' ] }
Must Infer: { [ { + - * / /i } member? ] }
Must Not Fail: { [ \ member-test build-tree optimize-tree ] }
Unit Test: { { t } [ \ + member-test ] }
Unit Test: { { f } [ \ append member-test ] }
Unit Test: {
    { t }
    [
        T{ cons
            { car 1 }
            { cdr
                T{ cons { car 2 } { cdr T{ cons { car 3 } } } }
            }
        } [ list instance? ] compile-call
    ]
}
Unit Test: {
    { T{ cons } 7 }
    [
        cons tuple-layout
        [ [ <tuple> ] [ length ] bi ] compile-call
    ]
}
Unit Test: { { t } [ \ interval-inference-bug word-optimized? ] }
Unit Test: { { } [ 1 "a" set 2 "b" set ] }
Unit Test: { { 2 3 } [ 2 interval-inference-bug ] }
Unit Test: { { 1 4 } [ 1 interval-inference-bug ] }
Unit Test: { { 0 5 } [ 0 interval-inference-bug ] }
Must Fail: { [ 1.0 aggressive-flush-regression drop ] }
Must Fail: { [ 1 [ "hi" + drop ] compile-call ] }
Must Fail: { [ "hi" f [ <array> drop ] compile-call ] }
Unit Test: { { T{ some-tuple { x [ 3 ] } } } [ 3 allot-regression ] }
Unit Test: { { 1 } [ B{ 0 0 0 0 } [ 0 alien-signed-4 1 + ] compile-call ] }
Unit Test: {
    { 1 }
    [ B{ 0 0 0 0 } [ 0 alien-unsigned-4 1 + ] compile-call ]
}
Unit Test: {
    { 1 }
    [
        B{ 0 0 0 0 0 0 0 0 } [ 0 alien-signed-8 1 + ]
        compile-call
    ]
}
Unit Test: {
    { 1 }
    [
        B{ 0 0 0 0 0 0 0 0 } [ 0 alien-unsigned-8 1 + ]
        compile-call
    ]
}
Unit Test: {
    { 1 }
    [
        B{ 0 0 0 0 0 0 0 0 } [ 0 alien-signed-cell 1 + ]
        compile-call
    ]
}
Unit Test: {
    { 1 }
    [
        B{ 0 0 0 0 0 0 0 0 } [ 0 alien-unsigned-cell 1 + ]
        compile-call
    ]
}
Unit Test: { { 5 } [ { 1 2 { 3 { 4 5 } } } deep-find-test ] }
Unit Test: { { f } [ { 1 2 { 3 { 4 } } } deep-find-test ] }
Unit Test: {
    { B{ 0 1 2 3 4 5 6 7 } }
    [ [ 8 <iota> [ ] B{ } map-as ] compile-call ]
}
Unit Test: { { 0 } [ 1234 [ { fixnum } declare -64 shift ] compile-call ] }
Unit Test: { { 0 } [ 0 counter set loop-ccc counter get ] }
Unit Test: {
    { 4 3 }
    [
        1 >bignum 2 >bignum
        [ { bignum integer } declare [ shift ] keep 1 + ]
        compile-call
    ]
}
Unit Test: { { f } [ \ broken-declaration word-optimized? ] }
Unit Test: {
    { }
    [ [ \ broken-declaration forget ] with-compilation-unit ]
}
Unit Test: {
    { f }
    [
        10 70 [
            dup 70 >=
            [ dup 700 <= [ swap 1024 rem rem ] [ 2drop 70 ] if ]
            [ 2drop 70 ] if 70 >=
        ] compile-call
    ]
}
Unit Test: { { 1 } [ 257 modular-arithmetic-bug ] }
Unit Test: { { -10 } [ -10 modular-arithmetic-bug ] }
Unit Test: {
    { 16 }
    [
        [
            0 2 [
                nip
                [ 1 + { [ 16 ] [ 16 ] [ 16 ] } dispatch ]
                [ { [ ] [ ] [ ] } dispatch ] bi
            ] each-integer
        ] compile-call
    ]
}
Must Fail With: { [ 3 4 -1 dispatch-branch-problem ] [ "boo" = ] }
Unit Test: { { -1 } [ 3 4 0 dispatch-branch-problem ] }
Unit Test: { { 12 } [ 3 4 1 dispatch-branch-problem ] }
Unit Test: {
    { 1024 fixnum }
    [
        10 [ 1 >bignum swap >fixnum shift ] compile-call
        dup class-of
    ]
}
Unit Test: { { { 0.5 } } [ grid-mesh-test-case ] }
Unit Test: {
    { { 1 } "bar" }
    [
        { 1 } [
            [
                [ [ "foo" throw ] [ "bar" throw ] recover ]
                attempt-all f
            ] [ ] recover
        ] compile-call
    ]
}
Unit Test: {
    { { 1 } "bar" }
    [
        { 1 } [
            [
                [
                    [ bad-push-test-case ] [ "bar" throw ]
                    recover
                ] attempt-all f
            ] [ ] recover
        ] compile-call
    ]
}
Unit Test: {
    { ALIEN: 123 }
    [
        [
            { BitmapData }
            [ BitmapData memory>struct ALIEN: 123 >>Scan0 drop ]
            with-out-parameters Scan0>>
        ] compile-call
    ]
}
Unit Test: { { } [ 10 [ [ minor-gc split-slice ] ignore-errors ] times ] }
Unit Test: {
    { }
    [
        [
            "blah" "compiler.tests.redefine16" lookup-word
            forget
        ] with-compilation-unit
    ]
}
Unit Test: {
    { }
    [
        "IN: compiler.tests.redefine16 GENERIC#: blah 2 ( foo bar baz ..."
        ( -- ) eval
    ]
}
Unit Test: {
    { }
    [
        "IN: compiler.tests.redefine16 USING: strings math arrays pret..."
        ( -- ) eval
    ]
}
Unit Test: {
    { }
    [
        "IN: compiler.tests.redefine16 GENERIC#: blah 2 ( foo bar baz ..."
        ( -- ) eval
    ]
}
Unit Test: {
    { }
    [
        [
            "blah" "compiler.tests.redefine16" lookup-word
            forget
        ] with-compilation-unit
    ]
}
Unit Test: { { } [ [ ] compile-call ] }
Unit Test: { { 1 } [ [ 1 ] compile-call ] }
Unit Test: { { 31 } [ [ 31 ] compile-call ] }
Unit Test: { { 255 } [ [ 255 ] compile-call ] }
Unit Test: { { -1 } [ [ -1 ] compile-call ] }
Unit Test: { { 65536 } [ [ 65536 ] compile-call ] }
Unit Test: { { -65536 } [ [ -65536 ] compile-call ] }
Unit Test: { { "hey" } [ [ "hey" ] compile-call ] }
Unit Test: { { } [ [ no-op ] compile-call ] }
Unit Test: { { 3 } [ [ no-op 3 ] compile-call ] }
Unit Test: { { 3 } [ [ 3 no-op ] compile-call ] }
Unit Test: { { 4 } [ [ bar no-op ] compile-call ] }
Unit Test: { { 4 3 } [ [ no-op bar 3 ] compile-call ] }
Unit Test: { { 3 4 } [ [ 3 no-op bar ] compile-call ] }
Unit Test: { { } [ no-op ] }
Unit Test: { { 1 } [ t [ [ 1 ] [ 2 ] if ] compile-call ] }
Unit Test: { { 2 } [ f [ [ 1 ] [ 2 ] if ] compile-call ] }
Unit Test: { { 1 3 } [ t [ [ 1 ] [ 2 ] if 3 ] compile-call ] }
Unit Test: { { 2 3 } [ f [ [ 1 ] [ 2 ] if 3 ] compile-call ] }
Unit Test: {
    { "hi" }
    [ 0 [ { [ "hi" ] [ "bye" ] } dispatch ] compile-call ]
}
Unit Test: {
    { "bye" }
    [ 1 [ { [ "hi" ] [ "bye" ] } dispatch ] compile-call ]
}
Unit Test: {
    { "hi" 3 }
    [ 0 [ { [ "hi" ] [ "bye" ] } dispatch 3 ] compile-call ]
}
Unit Test: {
    { "bye" 3 }
    [ 1 [ { [ "hi" ] [ "bye" ] } dispatch 3 ] compile-call ]
}
Unit Test: {
    { 4 1 }
    [ 0 [ { [ bar 1 ] [ 3 1 ] } dispatch ] compile-call ]
}
Unit Test: {
    { 3 1 }
    [ 1 [ { [ bar 1 ] [ 3 1 ] } dispatch ] compile-call ]
}
Unit Test: {
    { 4 1 3 }
    [ 0 [ { [ bar 1 ] [ 3 1 ] } dispatch 3 ] compile-call ]
}
Unit Test: {
    { 3 1 3 }
    [ 1 [ { [ bar 1 ] [ 3 1 ] } dispatch 3 ] compile-call ]
}
Unit Test: {
    { 2 3 }
    [ 1 [ { [ gc 1 ] [ gc 2 ] } dispatch 3 ] compile-call ]
}
Unit Test: { { } [ t [ recursive-test ] compile-call ] }
Unit Test: { { } [ t recursive-test ] }
Must Not Fail: { [ [ get-callstack ] compile-call ] }
Unit Test: {
    { "b" }
    [ 1 [ empty { [ "a" ] [ "b" ] } dispatch ] compile-call ]
}
Unit Test: { { } [ dummy-if-1 ] }
Unit Test: { { } [ dummy-if-2 ] }
Unit Test: { { 1 } [ dummy-if-3 ] }
Unit Test: { { 2 } [ dummy-if-4 ] }
Unit Test: { { 1 } [ dummy-if-5 ] }
Unit Test: { { 17 } [ 10 dummy-if-6 ] }
Unit Test: { { 3.2 } [ dead-code-rec ] }
Unit Test: { { "hi" } [ t one-rec ] }
Unit Test: { { 5 } [ after-if-test ] }
Unit Test: { { } [ 10 countdown-b ] }
Unit Test: { { } [ dummy-when-1 ] }
Unit Test: { { } [ dummy-when-2 ] }
Unit Test: { { 16 } [ 4 dummy-when-3 ] }
Unit Test: { { f } [ f dummy-when-3 ] }
Unit Test: { { 64 f } [ f 4 dummy-when-4 ] }
Unit Test: { { f t } [ t f dummy-when-4 ] }
Unit Test: { { f } [ f dummy-when-5 ] }
Unit Test: { { } [ dummy-unless-1 ] }
Unit Test: { { } [ dummy-unless-2 ] }
Unit Test: { { 3 } [ f dummy-unless-3 ] }
Unit Test: { { 4 } [ 4 dummy-unless-3 ] }
Unit Test: {
    { "even" }
    [
        [
            2 {
                { [ dup 2 mod 0 = ] [ drop "even" ] }
                { [ dup 2 mod 1 = ] [ drop "odd" ] }
            } cond
        ] compile-call
    ]
}
Unit Test: {
    { "odd" }
    [
        [
            3 {
                { [ dup 2 mod 0 = ] [ drop "even" ] }
                { [ dup 2 mod 1 = ] [ drop "odd" ] }
            } cond
        ] compile-call
    ]
}
Unit Test: {
    { "neither" }
    [
        [
            3 {
                { [ dup string? ] [ drop "string" ] }
                { [ dup float? ] [ drop "float" ] }
                { [ dup alien? ] [ drop "alien" ] }
                [ drop "neither" ]
            } cond
        ] compile-call
    ]
}
Unit Test: {
    { 3 }
    [
        [ 3 { { [ dup fixnum? ] [ ] } [ drop t ] } cond ]
        compile-call
    ]
}
Unit Test: { { 2 3 } [ 2 3 t single-combination-test ] }
Unit Test: { { 2 3 } [ 2 3 4 single-combination-test ] }
Unit Test: { { 2 f } [ 2 3 f single-combination-test ] }
Unit Test: { { 3 } [ t single-combination-test-2 ] }
Unit Test: { { 3 } [ 3 single-combination-test-2 ] }
Unit Test: { { f } [ f single-combination-test-2 ] }
Unit Test: { { 100 } [ [ 100 [ [ ] times ] keep ] compile-call ] }
Unit Test: {
    { t }
    [
        "USING: prettyprint words accessors ;\n        IN: compiler.tes..."
        ( -- obj ) eval
    ]
}
Unit Test: {
    { t }
    [
        "USING: prettyprint words accessors ;\n        IN: compiler.tes..."
        ( -- obj ) eval
    ]
}
Unit Test: {
    { t }
    [
        "USING: prettyprint words accessors ;\n        IN: compiler.tes..."
        ( -- obj ) eval
    ]
}
Unit Test: {
    { t }
    [
        "USING: prettyprint words accessors ;\n        IN: compiler.tes..."
        ( -- obj ) eval
    ]
}
Unit Test: {
    { t }
    [
        "USING: prettyprint words accessors ;\n        IN: compiler.tes..."
        ( -- obj ) eval
    ]
}
Unit Test: {
    { t }
    [
        "USING: prettyprint words accessors ;\n        IN: compiler.tes..."
        ( -- obj ) eval
    ]
}
Unit Test: {
    { t }
    [
        "USING: prettyprint words accessors ;\n        IN: compiler.tes..."
        ( -- obj ) eval
    ]
}
Unit Test: {
    { t }
    [
        "USING: prettyprint words accessors ;\n        IN: compiler.tes..."
        ( -- obj ) eval
    ]
}
Unit Test: {
    { t }
    [
        "USING: prettyprint words accessors ;\n        IN: compiler.tes..."
        ( -- obj ) eval
    ]
}
Unit Test: {
    { t }
    [
        "USING: prettyprint words accessors ;\n        IN: compiler.tes..."
        ( -- obj ) eval
    ]
}
Must Fail With: { [ bad-effect-test* ] [ not-compiled? ] }
Unit Test: {
    { }
    [
        [ M\ quotation bad-effect-test forget ]
        with-compilation-unit
    ]
}
Must Fail With: { [ [ W{ \ + } call ] compile-call ] [ no-method? ] }
Unit Test: { { 3 } [ 1 2 [ \ + call ] compile-call ] }
Unit Test: { { object } [ funny new cnm-recompile-test ] }
Unit Test: {
    { }
    [
        [ funny sequence add-mixin-instance ]
        with-compilation-unit
    ]
}
Unit Test: { { sequence } [ funny new cnm-recompile-test ] }
Unit Test: {
    { }
    [
        [ funny sequence remove-mixin-instance ]
        with-compilation-unit
    ]
}
Unit Test: { { object } [ funny new cnm-recompile-test ] }
Unit Test: { { 3 } [ 5 [ [ 2 - ] curry call ] compile-call ] }
Unit Test: { { 3 } [ [ 5 [ 2 - ] curry call ] compile-call ] }
Unit Test: { { 3 } [ [ 5 2 [ - ] 2curry call ] compile-call ] }
Unit Test: { { 3 } [ 5 [ 2 [ - ] 2curry call ] compile-call ] }
Unit Test: { { 3 } [ 5 2 [ [ - ] 2curry call ] compile-call ] }
Unit Test: { { 3 } [ 5 2 [ [ - ] 2curry 9 swap call /i ] compile-call ] }
Unit Test: {
    { 3 }
    [ 5 2 [ [ - ] 2curry [ 9 ] dip call /i ] compile-call ]
}
Unit Test: { { -10 -20 } [ 10 20 -1 [ [ * ] curry bi@ ] compile-call ] }
Unit Test: {
    { [ 5 2 - ] }
    [ 5 [ [ 2 - ] curry ] compile-call >quotation ]
}
Unit Test: {
    { [ 5 2 - ] }
    [ [ 5 [ 2 - ] curry ] compile-call >quotation ]
}
Unit Test: {
    { [ 5 2 - ] }
    [ [ 5 2 [ - ] 2curry ] compile-call >quotation ]
}
Unit Test: {
    { [ 5 2 - ] }
    [ 5 [ 2 [ - ] 2curry ] compile-call >quotation ]
}
Unit Test: {
    { [ 5 2 - ] }
    [ 5 2 [ [ - ] 2curry ] compile-call >quotation ]
}
Unit Test: {
    { [ 6 2 + ] }
    [
        2 5
        [ [ [ + ] curry ] dip 0 < [ -2 ] [ 6 ] if swap curry ]
        compile-call >quotation
    ]
}
Unit Test: {
    { 8 }
    [
        2 5 [
            [ [ + ] curry ] dip 0 < [ -2 ] [ 6 ] if swap curry
            call
        ] compile-call
    ]
}
Unit Test: { { } [ [ [ f ] foobar ] compile-call ] }
Unit Test: {
    { { 6 7 8 } }
    [ { 1 2 3 } 5 [ [ + ] curry map ] compile-call ]
}
Unit Test: {
    { { 6 7 8 } }
    [ { 1 2 3 } [ 5 [ + ] curry map ] compile-call ]
}
Unit Test: {
    { t }
    [
        1000 <iota>
        [ drop 1000000 random 1000000 random ] H{ } map>assoc
        load-local 0 get-local
        [ [ drop , ] funky-assoc>map ] compile-call
        0 get-local keys = 1 drop-locals
    ]
}
Unit Test: { { 3 } [ 1 [ 2 ] [ curry [ 3 ] [ 4 ] if ] compile-call ] }
Unit Test: { { 3 } [ t [ 3 [ ] curry 4 [ ] curry if ] compile-call ] }
Unit Test: { { 3 } [ t [ 3 [ ] curry [ 4 ] if ] compile-call ] }
Unit Test: { { 4 } [ f [ 3 [ ] curry 4 [ ] curry if ] compile-call ] }
Unit Test: { { 4 } [ f [ [ 3 ] 4 [ ] curry if ] compile-call ] }
Unit Test: {
    { }
    [
        [ "compiler.tests.redefine11" forget-vocab ]
        with-compilation-unit
    ]
}
Unit Test: {
    { }
    [
        "USING: math arrays ;\n    IN: compiler.tests.folding\n    GENER..."
        ( -- ) eval
    ]
}
Unit Test: {
    { }
    [
        "USING: math arrays ;\n    IN: compiler.tests.folding\n    : fol..."
        ( -- ) eval
    ]
}
Unit Test: {
    { t }
    [
        "fold-test" "compiler.tests.folding" lookup-word execute
        "fold-test" "compiler.tests.folding" lookup-word execute
        eq?
    ]
}
Must Fail: { [ [ void { } "cdecl" alien-indirect ] infer ] }
Must Fail: { [ [ "void" { } cdecl alien-indirect ] infer ] }
Must Fail: { [ [ void* 3 cdecl alien-indirect ] infer ] }
Must Fail: { [ [ void* { "int" } cdecl alien-indirect ] infer ] }
Must Fail: { [ [ void* { int } cdecl { } alien-callback ] infer ] }
Unit Test: { { } [ ffi_test_0 ] }
Unit Test: { { 3 } [ ffi_test_1 ] }
Unit Test: { { } [ \ ffi_test_1 def>> [ drop ] append compile-call ] }
Unit Test: { { 5 } [ 2 3 ffi_test_2 ] }
Must Fail: { [ "hi" 3 ffi_test_2 ] }
Unit Test: { { 25 } [ 2 3 4 5 ffi_test_3 ] }
Unit Test: { { 1.5 } [ ffi_test_4 ] }
Unit Test: { { 1.5 } [ ffi_test_5 ] }
Unit Test: { { 28 } [ 1 2 3 4 5 6 7 ffi_test_9 ] }
Must Fail: { [ "a" 2 3 4 5 6 7 ffi_test_9 ] }
Must Fail: { [ 1 2 3 4 5 6 "a" ffi_test_9 ] }
Unit Test: { { 14 } [ 1 2 3 make-FOO 4 ffi_test_11 ] }
Unit Test: { { 66 } [ 1 2 3 4 5 6 7 8 9 10 11 ffi_test_13 ] }
Unit Test: { { 11 6 } [ 11 6 ffi_test_14 [ x>> ] [ y>> ] bi ] }
Unit Test: { { "foo" } [ "xy" "zt" ffi_test_15 ] }
Unit Test: { { "bar" } [ "xy" "xy" ffi_test_15 ] }
Must Fail: { [ 1 2 ffi_test_15 ] }
Unit Test: {
    { 11 6 -7 }
    [ 11 6 -7 ffi_test_16 [ x>> ] [ y>> ] [ z>> ] tri ]
}
Unit Test: { { 11 } [ 11 ffi_test_17 x>> ] }
Must Fail With: { [ [ alien-indirect ] infer ] [ inference-error? ] }
Must Infer As: { { 1 1 } [ indirect-test-1 ] }
Unit Test: { { 3 } [ "ffi_test_1" "f-cdecl" address-of indirect-test-1 ] }
Must Infer As: { { 1 0 } [ indirect-test-1' ] }
Unit Test: { { } [ "ffi_test_1" "f-cdecl" address-of indirect-test-1' ] }
Must Fail: { [ -1 indirect-test-1 ] }
Must Infer As: { { 3 1 } [ indirect-test-2 ] }
Unit Test: {
    { 5 }
    [ 2 3 "ffi_test_2" "f-cdecl" address-of indirect-test-2 ]
}
Unit Test: { { f } [ "f-stdcall" library-dll f = ] }
Unit Test: { { stdcall } [ "f-stdcall" lookup-library abi>> ] }
Unit Test: { { 25 } [ 2 3 4 5 ffi_test_18 ] }
Unit Test: {
    { 11 6 -7 }
    [ 11 6 -7 ffi_test_19 [ x>> ] [ y>> ] [ z>> ] tri ]
}
Unit Test: { { 25 85 } [ 2 3 4 5 6 7 8 9 multi_ffi_test_18 ] }
Unit Test: { { 6.0 } [ 3.0 2.0 ffi_test_6 ] }
Must Fail: { [ "a" "b" ffi_test_6 ] }
Unit Test: { { 6.0 } [ 3.0 2.0 ffi_test_7 ] }
Unit Test: { { 19.0 } [ 3.0 2.0 1.0 6.0 7 ffi_test_8 ] }
Unit Test: { { -34 } [ 1 2 3.0 4 5.0 6 7 8 ffi_test_10 ] }
Unit Test: { { } [ 1.0 2.0 3.0 4.0 5.0 6.0 7.0 8.0 9.0 ffi_test_20 ] }
Unit Test: { { 861 3 } [ 42 [ ] each-integer ffi_test_31 ] }
Unit Test: { { 861.0 } [ 42 [ >float ] each-integer ffi_test_31_point_5 ] }
Unit Test: { { 121932631112635269 } [ 123456789 987654321 ffi_test_21 ] }
Unit Test: {
    { 987655432 }
    [ 1111 121932631112635269 123456789 ffi_test_22 ]
}
Must Fail: { [ 1111 f 123456789 ffi_test_22 ] }
Unit Test: { { 45 } [ 1 2 3.0 4.0 5.0 6.0 <RECT> 7 8 9 ffi_test_12 ] }
Must Fail: { [ 1 2 { 1 2 3 } 7 8 9 ffi_test_12 ] }
Unit Test: {
    { 32.0 }
    [
        { 1.0 2.0 3.0 } float >c-array
        { 4.0 5.0 6.0 } float >c-array ffi_test_23
    ]
}
Unit Test: { { S{ test-struct-1 { x char-array{ 1 } } } } [ ffi_test_24 ] }
Unit Test: {
    { S{ test-struct-2 { x char-array{ 1 2 } } } }
    [ ffi_test_25 ]
}
Unit Test: {
    { S{ test-struct-3 { x char-array{ 1 2 3 } } } }
    [ ffi_test_26 ]
}
Unit Test: {
    { S{ test-struct-4 { x char-array{ 1 2 3 4 } } } }
    [ ffi_test_27 ]
}
Unit Test: {
    { S{ test-struct-5 { x char-array{ 1 2 3 4 5 } } } }
    [ ffi_test_28 ]
}
Unit Test: {
    { S{ test-struct-6 { x char-array{ 1 2 3 4 5 6 } } } }
    [ ffi_test_29 ]
}
Unit Test: {
    { S{ test-struct-7 { x char-array{ 1 2 3 4 5 6 7 } } } }
    [ ffi_test_30 ]
}
Unit Test: {
    { 9.0 }
    [ test-struct-8 <struct> 1.0 >>x 2.0 >>y 3 ffi_test_32 ]
}
Unit Test: {
    { 9.0 }
    [ test-struct-9 <struct> 1.0 >>x 2.0 >>y 3 ffi_test_33 ]
}
Unit Test: {
    { 9.0 }
    [ test-struct-10 <struct> 1.0 >>x 2 >>y 3 ffi_test_34 ]
}
Unit Test: {
    { 9.0 }
    [ test-struct-11 <struct> 1 >>x 2 >>y 3 ffi_test_35 ]
}
Unit Test: { { 1.23456 } [ 1.23456 make-struct-12 ffi_test_36 ] }
Unit Test: { { t } [ 31 2^ 32 2^ ffi_test_38 63 2^ = ] }
Unit Test: { { t } [ callback-throws [ alien? ] with-callback ] }
Unit Test: {
    { 0 1 }
    [ [ callback-1 ] infer [ in>> length ] [ out>> length ] bi ]
}
Unit Test: { { t } [ callback-1 [ alien? ] with-callback ] }
Unit Test: { { } [ callback-1 [ callback_test_1 ] with-callback ] }
Unit Test: { { } [ callback-2 [ callback_test_1 ] with-callback ] }
Unit Test: {
    { t 3 5 }
    [
        [
            (get-namestack) 3 "x" set callback-3
            [ callback_test_1 ] with-callback
            (get-namestack) eq? "x" get "x" get-global
        ] with-scope
    ]
}
Unit Test: {
    { "testing" }
    [ "testing" callback-5 [ callback_test_1 ] with-callback ]
}
Unit Test: {
    { "testing" }
    [ "testing" callback-5b [ callback_test_1 ] with-callback ]
}
Unit Test: {
    { 1 2 3 }
    [ callback-6 [ callback_test_1 1 2 3 ] with-callback ]
}
Unit Test: {
    { 1 2 3 }
    [ callback-7 [ callback_test_1 1 2 3 ] with-callback ]
}
Unit Test: { { f } [ namespace global eq? ] }
Unit Test: { { } [ callback-8 [ callback_test_1 ] with-callback ] }
Unit Test: { { } [ ffi_test_36_point_5 ] }
Unit Test: { { 1 } [ callback-9 [ ffi_test_37 ] with-callback ] }
Unit Test: { { 7 } [ callback-9 [ ffi_test_37 ] with-callback ] }
Unit Test: { { 21 } [ 12347 12347 make-test-struct-13 ffi_test_39 ] }
Unit Test: {
    { byte-array 1.0 2.0 3.0 4.0 }
    [
        1.0 2.0 3.0 4.0 <double-rect> double-rect-callback [
            double-rect-test
            [ >c-ptr class-of ] [ >double-rect< ] bi
        ] with-callback
    ]
}
Unit Test: { { 1.0 2.0 } [ 1.0 2.0 ffi_test_40 [ x1>> ] [ x2>> ] bi ] }
Unit Test: {
    { 1.0 2.0 }
    [
        1.0 2.0 callback-10
        [ callback-10-test [ x1>> ] [ x2>> ] bi ] with-callback
    ]
}
Unit Test: { { 1 2.0 } [ 1 2.0 ffi_test_41 [ a>> ] [ x>> ] bi ] }
Unit Test: {
    { 1 2.0 }
    [
        1 2.0 callback-11
        [ callback-11-test [ a>> ] [ x>> ] bi ] with-callback
    ]
}
Unit Test: { { 1.0 2.0 } [ 1.0 2.0 ffi_test_42 [ x>> ] [ y>> ] bi ] }
Unit Test: {
    { 1.0 2.0 }
    [
        1.0 2.0 callback-12
        [ callback-12-test [ x>> ] [ y>> ] bi ] with-callback
    ]
}
Unit Test: { { 1.0 2 } [ 1.0 2 ffi_test_43 [ x>> ] [ a>> ] bi ] }
Unit Test: {
    { 1.0 2 }
    [
        1.0 2 callback-13
        [ callback-13-test [ x>> ] [ a>> ] bi ] with-callback
    ]
}
Unit Test: { { 1.0 2.0 } [ ffi_test_44 [ x1>> ] [ x2>> ] bi ] }
Must Not Fail: { [ stack-frame-bustage ] }
Unit Test: { { C{ 3.0 0.0 } } [ 3 ffi_test_45 ] }
Unit Test: { { C{ 3.0 0.0 } } [ 3 ffi_test_46 ] }
Unit Test: { { C{ 4.0 4.0 } } [ C{ 1.0 2.0 } C{ 1.5 1.0 } ffi_test_47 ] }
Unit Test: {
    { 123 }
    [ bool-field-test <struct> 123 >>parents ffi_test_48 ]
}
Unit Test: {
    { 200 }
    [
        thread-callback-2
        [ thread-callback-invoker ] with-callback
    ]
}
Unit Test: { { 100 } [ "p" get ?promise ] }
Unit Test: { { } [ assembly-test-1 ] }
Unit Test: { { f } [ "f-fastcall" library-dll f = ] }
Unit Test: { { fastcall } [ "f-fastcall" lookup-library abi>> ] }
Unit Test: { { 4 } [ 3 ffi_test_49 ] }
Unit Test: { { 8 } [ 3 4 ffi_test_50 ] }
Unit Test: { { 13 } [ 3 4 5 ffi_test_51 ] }
Unit Test: { { 13 22 } [ 3 4 5 6 7 8 multi_ffi_test_51 ] }
Unit Test: { { t } [ most-positive-fixnum 1 + [ ffi_test_59 ] keep = ] }
Unit Test: { { t } [ most-positive-fixnum 1 + [ ffi_test_60 ] keep = ] }
Unit Test: { { -1 } [ -1 ffi_test_59 ] }
Unit Test: { { -1 } [ 18446744073709551615 ffi_test_59 ] }
Unit Test: { { 18446744073709551615 } [ -1 ffi_test_60 ] }
Unit Test: {
    { 18446744073709551615 }
    [ 18446744073709551615 ffi_test_60 ]
}
Unit Test: { { 13 } [ 3 4.0 5 ffi_test_52 ] }
Unit Test: { { 19 } [ 3 4.0 5 6 ffi_test_53 ] }
Unit Test: { { S{ test-struct-11 { x 7 } { y -1 } } } [ 3 4 ffi_test_57 ] }
Unit Test: {
    { S{ test-struct-11 { x 7 } { y -3 } } }
    [ 3 4 7 ffi_test_58 ]
}
Unit Test: {
    { 8 }
    [
        3 4 "ffi_test_50" "f-cdecl" address-of
        fastcall-ii-indirect
    ]
}
Unit Test: {
    { 13 }
    [
        3 4 5 "ffi_test_51" "f-cdecl" address-of
        fastcall-iii-indirect
    ]
}
Unit Test: {
    { 13 }
    [
        3 4.0 5 "ffi_test_52" "f-cdecl" address-of
        fastcall-ifi-indirect
    ]
}
Unit Test: {
    { 19 }
    [
        3 4.0 5 6 "ffi_test_53" "f-cdecl" address-of
        fastcall-ifii-indirect
    ]
}
Unit Test: {
    { S{ test-struct-11 { x 7 } { y -1 } } }
    [
        3 4 "ffi_test_57" "f-cdecl" address-of
        fastcall-struct-return-ii-indirect
    ]
}
Unit Test: {
    { S{ test-struct-11 { x 7 } { y -3 } } }
    [
        3 4 7 "ffi_test_58" "f-cdecl" address-of
        fastcall-struct-return-iii-indirect
    ]
}
Unit Test: {
    { 8 }
    [
        3 4 fastcall-ii-callback
        [ fastcall-ii-indirect ] with-callback
    ]
}
Unit Test: {
    { 13 }
    [
        3 4 5 fastcall-iii-callback
        [ fastcall-iii-indirect ] with-callback
    ]
}
Unit Test: {
    { 13 }
    [
        3 4.0 5 fastcall-ifi-callback
        [ fastcall-ifi-indirect ] with-callback
    ]
}
Unit Test: {
    { 19 }
    [
        3 4.0 5 6 fastcall-ifii-callback
        [ fastcall-ifii-indirect ] with-callback
    ]
}
Unit Test: {
    { S{ test-struct-11 { x 7 } { y -1 } } }
    [
        3 4 fastcall-struct-return-ii-callback
        [ fastcall-struct-return-ii-indirect ] with-callback
    ]
}
Unit Test: {
    { S{ test-struct-11 { x 7 } { y -3 } } }
    [
        3 4 7 fastcall-struct-return-iii-callback
        [ fastcall-struct-return-iii-indirect ] with-callback
    ]
}
Unit Test: {
    { 661 }
    [
        100 500 50 10 1 x64-regression-1
        [ x64-regression-2 ] with-callback
    ]
}
Unit Test: { { 3 } [ blah ] }
Unit Test: { { 12 } [ out-param-test-1 ] }
Unit Test: { { 12 } [ out-param-test-2 ] }
Unit Test: { { 3.0 4.0 } [ out-param-test-3 ] }
Unit Test: {
    { 12 }
    [
        6 out-param-callback
        [ out-param-indirect ] with-callback
    ]
}
Unit Test: {
    { T{ some-tuple { x 5.0 } } }
    [
        [
            some-tuple new aa-callback-1
            [ aa-indirect-1 ] with-callback >>x
        ] compile-call
    ]
}
Unit Test: { { } [ anton's-regression ] }
Unit Test: { { t } [ ffi_test_61 bool-and-ptr? ] }
Unit Test: { { { t f } } [ ffi_test_61 [ b>> ] [ ptr>> ] bi 2array ] }
Unit Test: {
    { S{ uint-pair { a 2882400171 } { b 305419896 } } }
    [ ffi_test_62 ]
}
Unit Test: {
    {
        S{ ulonglong-pair
            { a 12379814471884843981 }
            { b 1311768467302729063 }
        }
    }
    [ ffi_test_63 ]
}
Unit Test: {
    { t }
    [
        10 [ [ 100 random ] twice 2array ] replicate [
            [
                first2 [ <alien> ] dip bug1021_test_1
                alien-address
            ] map
        ] [ [ first2 sq + ] map ] bi =
    ]
}
Unit Test: {
    { }
    [
        minor-gc 2000
        [ 101 <alien> run-test [ alien-address ] map drop ]
        times
    ]
}
Unit Test: { { 30 60 } [ 2 10 20 do-sum-ints2 3 10 20 30 do-sum-ints3 ] }
Unit Test: {
    { 27.0 22.0 }
    [ 2 7 20 do-sum-doubles2 3 5 10 7 do-sum-doubles3 ]
}
Unit Test: { { } [ 10000 [ 0 doit 33 assert= ] times ] }
Unit Test: {
    { 28 }
    [
        1 2 3
        S{ test_struct_66 { mem1 4 } { mem2 5 } }
        S{ test_struct_66 { mem1 6 } { mem2 7 } } ffi_test_66
    ]
}
Unit Test: {
    { 28 }
    [
        1 2 3
        S{ test_struct_66 { mem1 4 } { mem2 5 } }
        S{ test_struct_66 { mem1 6 } { mem2 7 } } callback-14
        [ callback-14-test ] with-callback
    ]
}
Unit Test: {
    { 44 }
    [
        1 2 3
        S{ test_struct_66 { mem1 4 } { mem2 5 } }
        S{ test_struct_66 { mem1 6 } { mem2 7 } } 8 ffi_test_67
    ]
}
Unit Test: {
    { 44 }
    [
        1 2 3
        S{ test_struct_66 { mem1 4 } { mem2 5 } }
        S{ test_struct_66 { mem1 6 } { mem2 7 } } 8 callback-15
        [ callback-15-test ] with-callback
    ]
}
Unit Test: {
    { 55 }
    [
        1 2 3
        S{ test_struct_66 { mem1 4 } { mem2 5 } }
        S{ test_struct_68 { mem1 6 } { mem2 7 } { mem3 8 } }
        S{ test_struct_66 { mem1 9 } { mem2 10 } } ffi_test_68
    ]
}
Unit Test: {
    { 55 }
    [
        1 2 3
        S{ test_struct_66 { mem1 4 } { mem2 5 } }
        S{ test_struct_68 { mem1 6 } { mem2 7 } { mem3 8 } }
        S{ test_struct_66 { mem1 9 } { mem2 10 } } callback-16
        [ callback-16-test ] with-callback
    ]
}
Unit Test: {
    { 55 }
    [
        1 2 3
        S{ test_struct_66 { mem1 4 } { mem2 5 } }
        S{ test_struct_69 { mem1 6.0 } { mem2 7 } { mem3 8 } }
        S{ test_struct_66 { mem1 9 } { mem2 10 } } ffi_test_69
    ]
}
Unit Test: {
    { 55 }
    [
        1 2 3
        S{ test_struct_66 { mem1 4 } { mem2 5 } }
        S{ test_struct_69 { mem1 6.0 } { mem2 7 } { mem3 8 } }
        S{ test_struct_66 { mem1 9 } { mem2 10 } } callback-17
        [ callback-17-test ] with-callback
    ]
}
Unit Test: {
    { 36 }
    [
        S{ test_struct_68 { mem1 1 } { mem2 2 } { mem3 3 } }
        S{ test_struct_68 { mem1 4 } { mem2 5 } { mem3 6 } }
        S{ test_struct_66 { mem1 7 } { mem2 8 } } ffi_test_70
    ]
}
Unit Test: {
    { 36 }
    [
        S{ test_struct_68 { mem1 1 } { mem2 2 } { mem3 3 } }
        S{ test_struct_68 { mem1 4 } { mem2 5 } { mem3 6 } }
        S{ test_struct_66 { mem1 7 } { mem2 8 } } callback-18
        [ callback-18-test ] with-callback
    ]
}
Unit Test: { { } [ [ M\ bad length forget ] with-compilation-unit ] }
Unit Test: {
    { }
    [
        "IN: compiler.tests.redefine18 SINGLETON: b INSTANCE: b d"
        ( -- ) eval
    ]
}
Unit Test: { { d } [ "b" "compiler.tests.redefine18" lookup-word g1 ] }
Unit Test: {
    { }
    [ "IN: compiler.tests.redefine18 FORGET: b" ( -- ) eval ]
}
Unit Test: { { t } [ [ 0 <alien> 0 <alien> = ] compile-call ] }
Unit Test: { { t } [ [ 0 <alien> 0 <alien> eq? ] compile-call ] }
Unit Test: { { t } [ [ 0 <alien> f eq? ] compile-call ] }
Unit Test: {
    { t }
    [
        [ 8 <byte-array> dup 0 swap <displaced-alien> eq? ]
        compile-call
    ]
}
Unit Test: {
    { t }
    [
        [ 123 <alien> dup 0 swap <displaced-alien> eq? ]
        compile-call
    ]
}
Unit Test: {
    { t }
    [
        [ cell <byte-array> 0 alien-cell 0 <alien> eq? ]
        compile-call
    ]
}
Unit Test: { { f } [ [ 1 <alien> 0 <alien> = ] compile-call ] }
Unit Test: { { } [ 1 [ drop ] compile-call ] }
Unit Test: { { } [ 1 2 [ 2drop ] compile-call ] }
Unit Test: { { } [ 1 2 3 [ 3drop ] compile-call ] }
Unit Test: { { 1 1 } [ 1 [ dup ] compile-call ] }
Unit Test: { { 1 2 1 2 } [ 1 2 [ 2dup ] compile-call ] }
Unit Test: { { 1 2 3 1 2 3 } [ 1 2 3 [ 3dup ] compile-call ] }
Unit Test: { { 2 3 1 } [ 1 2 3 [ rot ] compile-call ] }
Unit Test: { { 3 1 2 } [ 1 2 3 [ -rot ] compile-call ] }
Unit Test: { { 1 1 2 } [ 1 2 [ dupd ] compile-call ] }
Unit Test: { { 2 1 3 } [ 1 2 3 [ swapd ] compile-call ] }
Unit Test: { { 2 } [ 1 2 [ nip ] compile-call ] }
Unit Test: { { 3 } [ 1 2 3 [ 2nip ] compile-call ] }
Unit Test: { { 1 2 1 } [ 1 2 [ over ] compile-call ] }
Unit Test: { { 1 2 3 1 } [ 1 2 3 [ pick ] compile-call ] }
Unit Test: { { 2 1 } [ 1 2 [ swap ] compile-call ] }
Unit Test: { { 1 } [ { 1 2 } [ 2 slot ] compile-call ] }
Unit Test: { { 1 } [ [ { 1 2 } 2 slot ] compile-call ] }
Unit Test: { { { f f } } [ 2 f <array> ] }
Unit Test: {
    { 3 }
    [
        3 1 2 2array
        [ { array } declare [ 2 set-slot ] keep ] compile-call
        first
    ]
}
Unit Test: {
    { 3 }
    [ 3 1 2 [ 2array [ 2 set-slot ] keep ] compile-call first ]
}
Unit Test: {
    { 3 }
    [ [ 3 1 2 2array [ 2 set-slot ] keep ] compile-call first ]
}
Unit Test: {
    { 3 }
    [ 3 1 2 2array [ [ 3 set-slot ] keep ] compile-call second ]
}
Unit Test: {
    { 3 }
    [ 3 1 2 [ 2array [ 3 set-slot ] keep ] compile-call second ]
}
Unit Test: {
    { 3 }
    [ [ 3 1 2 2array [ 3 set-slot ] keep ] compile-call second ]
}
Unit Test: {
    { -3 }
    [
        -3 1 2 [ 2array [ 3 set-slot ] keep ] compile-call
        second
    ]
}
Unit Test: { { 97 } [ 0 "abc" [ string-nth ] compile-call ] }
Unit Test: { { 97 } [ 0 [ "abc" string-nth ] compile-call ] }
Unit Test: { { 97 } [ [ 0 "abc" string-nth ] compile-call ] }
Unit Test: { { 98 } [ 1 "abc" [ string-nth ] compile-call ] }
Unit Test: { { 98 } [ 1 [ "abc" string-nth ] compile-call ] }
Unit Test: { { 98 } [ [ 1 "abc" string-nth ] compile-call ] }
Unit Test: { { 1193046 } [ 0 "����bc" [ string-nth ] compile-call ] }
Unit Test: { { 1193046 } [ 0 [ "����bc" string-nth ] compile-call ] }
Unit Test: { { 1193046 } [ [ 0 "����bc" string-nth ] compile-call ] }
Unit Test: { { 1193046 } [ 1 "a����c" [ string-nth ] compile-call ] }
Unit Test: { { 1193046 } [ 1 [ "a����c" string-nth ] compile-call ] }
Unit Test: { { 1193046 } [ [ 1 "a����c" string-nth ] compile-call ] }
Must Not Fail: { [ [ 0 special-object ] compile-call ] }
Unit Test: {
    { }
    [ 1 special-object [ 1 set-special-object ] compile-call ]
}
Unit Test: { { } [ 1 [ drop ] compile-call ] }
Unit Test: { { } [ [ 1 drop ] compile-call ] }
Unit Test: { { } [ [ 1 2 2drop ] compile-call ] }
Unit Test: { { } [ 1 [ 2 2drop ] compile-call ] }
Unit Test: { { } [ 1 2 [ 2drop ] compile-call ] }
Unit Test: { { 2 1 } [ [ 1 2 swap ] compile-call ] }
Unit Test: { { 2 1 } [ 1 [ 2 swap ] compile-call ] }
Unit Test: { { 2 1 } [ 1 2 [ swap ] compile-call ] }
Unit Test: { { 1 1 } [ 1 [ dup ] compile-call ] }
Unit Test: { { 1 1 } [ [ 1 dup ] compile-call ] }
Unit Test: { { 1 2 1 } [ [ 1 2 over ] compile-call ] }
Unit Test: { { 1 2 1 } [ 1 [ 2 over ] compile-call ] }
Unit Test: { { 1 2 1 } [ 1 2 [ over ] compile-call ] }
Unit Test: { { 1 2 3 1 } [ [ 1 2 3 pick ] compile-call ] }
Unit Test: { { 1 2 3 1 } [ 1 [ 2 3 pick ] compile-call ] }
Unit Test: { { 1 2 3 1 } [ 1 2 [ 3 pick ] compile-call ] }
Unit Test: { { 1 2 3 1 } [ 1 2 3 [ pick ] compile-call ] }
Unit Test: { { 1 1 2 } [ [ 1 2 dupd ] compile-call ] }
Unit Test: { { 1 1 2 } [ 1 [ 2 dupd ] compile-call ] }
Unit Test: { { 1 1 2 } [ 1 2 [ dupd ] compile-call ] }
Unit Test: { { 2 } [ [ 1 2 nip ] compile-call ] }
Unit Test: { { 2 } [ 1 [ 2 nip ] compile-call ] }
Unit Test: { { 2 } [ 1 2 [ nip ] compile-call ] }
Unit Test: { { 2 1 "hi" } [ 1 2 [ swap "hi" ] compile-call ] }
Unit Test: { { 4 } [ 12 7 [ fixnum-bitand ] compile-call ] }
Unit Test: { { 4 } [ 12 [ 7 fixnum-bitand ] compile-call ] }
Unit Test: { { 4 } [ [ 12 7 fixnum-bitand ] compile-call ] }
Unit Test: { { -16 } [ -1 [ -16 fixnum-bitand ] compile-call ] }
Unit Test: { { 15 } [ 12 7 [ fixnum-bitor ] compile-call ] }
Unit Test: { { 15 } [ 12 [ 7 fixnum-bitor ] compile-call ] }
Unit Test: { { 15 } [ [ 12 7 fixnum-bitor ] compile-call ] }
Unit Test: { { -1 } [ -1 [ -16 fixnum-bitor ] compile-call ] }
Unit Test: { { 11 } [ 12 7 [ fixnum-bitxor ] compile-call ] }
Unit Test: { { 11 } [ 12 [ 7 fixnum-bitxor ] compile-call ] }
Unit Test: { { 11 } [ [ 12 7 fixnum-bitxor ] compile-call ] }
Unit Test: { { 15 } [ -1 [ -16 fixnum-bitxor ] compile-call ] }
Unit Test: { { f } [ 12 7 [ fixnum< [ t ] [ f ] if ] compile-call ] }
Unit Test: { { f } [ 12 [ 7 fixnum< [ t ] [ f ] if ] compile-call ] }
Unit Test: { { f } [ [ 12 7 fixnum< [ t ] [ f ] if ] compile-call ] }
Unit Test: { { f } [ [ 12 12 fixnum< [ t ] [ f ] if ] compile-call ] }
Unit Test: { { f } [ 12 12 [ fixnum< [ t ] [ f ] if ] compile-call ] }
Unit Test: { { t } [ 12 70 [ fixnum< [ t ] [ f ] if ] compile-call ] }
Unit Test: { { t } [ 12 [ 70 fixnum< [ t ] [ f ] if ] compile-call ] }
Unit Test: { { t } [ [ 12 70 fixnum< [ t ] [ f ] if ] compile-call ] }
Unit Test: { { f } [ 12 7 [ fixnum<= [ t ] [ f ] if ] compile-call ] }
Unit Test: { { f } [ 12 [ 7 fixnum<= [ t ] [ f ] if ] compile-call ] }
Unit Test: { { f } [ [ 12 7 fixnum<= [ t ] [ f ] if ] compile-call ] }
Unit Test: { { t } [ [ 12 12 fixnum<= [ t ] [ f ] if ] compile-call ] }
Unit Test: { { t } [ [ 12 12 fixnum<= [ t ] [ f ] if ] compile-call ] }
Unit Test: { { t } [ 12 12 [ fixnum<= [ t ] [ f ] if ] compile-call ] }
Unit Test: { { t } [ 12 70 [ fixnum<= [ t ] [ f ] if ] compile-call ] }
Unit Test: { { t } [ 12 [ 70 fixnum<= [ t ] [ f ] if ] compile-call ] }
Unit Test: { { t } [ [ 12 70 fixnum<= [ t ] [ f ] if ] compile-call ] }
Unit Test: { { t } [ 12 7 [ fixnum> [ t ] [ f ] if ] compile-call ] }
Unit Test: { { t } [ 12 [ 7 fixnum> [ t ] [ f ] if ] compile-call ] }
Unit Test: { { t } [ [ 12 7 fixnum> [ t ] [ f ] if ] compile-call ] }
Unit Test: { { f } [ [ 12 12 fixnum> [ t ] [ f ] if ] compile-call ] }
Unit Test: { { f } [ [ 12 12 fixnum> [ t ] [ f ] if ] compile-call ] }
Unit Test: { { f } [ 12 12 [ fixnum> [ t ] [ f ] if ] compile-call ] }
Unit Test: { { f } [ 12 70 [ fixnum> [ t ] [ f ] if ] compile-call ] }
Unit Test: { { f } [ 12 [ 70 fixnum> [ t ] [ f ] if ] compile-call ] }
Unit Test: { { f } [ [ 12 70 fixnum> [ t ] [ f ] if ] compile-call ] }
Unit Test: { { t } [ 12 7 [ fixnum>= [ t ] [ f ] if ] compile-call ] }
Unit Test: { { t } [ 12 [ 7 fixnum>= [ t ] [ f ] if ] compile-call ] }
Unit Test: { { t } [ [ 12 7 fixnum>= [ t ] [ f ] if ] compile-call ] }
Unit Test: { { t } [ [ 12 12 fixnum>= [ t ] [ f ] if ] compile-call ] }
Unit Test: { { t } [ 12 12 [ fixnum>= [ t ] [ f ] if ] compile-call ] }
Unit Test: { { f } [ 12 70 [ fixnum>= [ t ] [ f ] if ] compile-call ] }
Unit Test: { { f } [ 12 [ 70 fixnum>= [ t ] [ f ] if ] compile-call ] }
Unit Test: { { f } [ [ 12 70 fixnum>= [ t ] [ f ] if ] compile-call ] }
Unit Test: { { f } [ 1 2 [ eq? [ t ] [ f ] if ] compile-call ] }
Unit Test: { { f } [ 1 [ 2 eq? [ t ] [ f ] if ] compile-call ] }
Unit Test: { { f } [ [ 1 2 eq? [ t ] [ f ] if ] compile-call ] }
Unit Test: { { t } [ 3 3 [ eq? [ t ] [ f ] if ] compile-call ] }
Unit Test: { { t } [ 3 [ 3 eq? [ t ] [ f ] if ] compile-call ] }
Unit Test: { { t } [ [ 3 3 eq? [ t ] [ f ] if ] compile-call ] }
Unit Test: { { -1 } [ 0 [ fixnum-bitnot ] compile-call ] }
Unit Test: { { -1 } [ [ 0 fixnum-bitnot ] compile-call ] }
Unit Test: { { 3 } [ 13 10 [ fixnum-mod ] compile-call ] }
Unit Test: { { 3 } [ 13 [ 10 fixnum-mod ] compile-call ] }
Unit Test: { { 3 } [ [ 13 10 fixnum-mod ] compile-call ] }
Unit Test: { { -3 } [ -13 10 [ fixnum-mod ] compile-call ] }
Unit Test: { { -3 } [ -13 [ 10 fixnum-mod ] compile-call ] }
Unit Test: { { -3 } [ [ -13 10 fixnum-mod ] compile-call ] }
Unit Test: { { 2 } [ 4 2 [ fixnum/i ] compile-call ] }
Unit Test: { { 2 } [ 4 [ 2 fixnum/i ] compile-call ] }
Unit Test: { { -2 } [ 4 [ -2 fixnum/i ] compile-call ] }
Unit Test: { { 3 1 } [ 10 3 [ fixnum/mod ] compile-call ] }
Unit Test: { { 2 } [ 4 2 [ fixnum/i-fast ] compile-call ] }
Unit Test: { { 2 } [ 4 [ 2 fixnum/i-fast ] compile-call ] }
Unit Test: { { -2 } [ 4 [ -2 fixnum/i-fast ] compile-call ] }
Unit Test: { { 3 1 } [ 10 3 [ fixnum/mod-fast ] compile-call ] }
Unit Test: { { 4 } [ 1 3 [ fixnum+ ] compile-call ] }
Unit Test: { { 4 } [ 1 [ 3 fixnum+ ] compile-call ] }
Unit Test: { { 4 } [ [ 1 3 fixnum+ ] compile-call ] }
Unit Test: { { 4 } [ 1 3 [ fixnum+fast ] compile-call ] }
Unit Test: { { 4 } [ 1 [ 3 fixnum+fast ] compile-call ] }
Unit Test: { { 4 } [ [ 1 3 fixnum+fast ] compile-call ] }
Unit Test: { { -2 } [ 1 3 [ fixnum-fast ] compile-call ] }
Unit Test: { { -2 } [ 1 [ 3 fixnum-fast ] compile-call ] }
Unit Test: { { -2 } [ [ 1 3 fixnum-fast ] compile-call ] }
Unit Test: { { 30001 } [ 1 [ 30000 fixnum+fast ] compile-call ] }
Unit Test: { { 6 } [ 2 3 [ fixnum*fast ] compile-call ] }
Unit Test: { { 6 } [ 2 [ 3 fixnum*fast ] compile-call ] }
Unit Test: { { 6 } [ [ 2 3 fixnum*fast ] compile-call ] }
Unit Test: { { -6 } [ 2 -3 [ fixnum*fast ] compile-call ] }
Unit Test: { { -6 } [ 2 [ -3 fixnum*fast ] compile-call ] }
Unit Test: { { -6 } [ [ 2 -3 fixnum*fast ] compile-call ] }
Unit Test: { { 6 } [ 2 3 [ fixnum* ] compile-call ] }
Unit Test: { { 6 } [ 2 [ 3 fixnum* ] compile-call ] }
Unit Test: { { 6 } [ [ 2 3 fixnum* ] compile-call ] }
Unit Test: { { -6 } [ 2 -3 [ fixnum* ] compile-call ] }
Unit Test: { { -6 } [ 2 [ -3 fixnum* ] compile-call ] }
Unit Test: { { -6 } [ [ 2 -3 fixnum* ] compile-call ] }
Unit Test: { { 5 } [ 1 2 [ eq? [ 3 ] [ 5 ] if ] compile-call ] }
Unit Test: { { 3 } [ 2 2 [ eq? [ 3 ] [ 5 ] if ] compile-call ] }
Unit Test: { { 3 } [ 1 2 [ fixnum< [ 3 ] [ 5 ] if ] compile-call ] }
Unit Test: { { 5 } [ 2 2 [ fixnum< [ 3 ] [ 5 ] if ] compile-call ] }
Unit Test: { { 8 } [ 1 3 [ fixnum-shift ] compile-call ] }
Unit Test: { { 8 } [ 1 [ 3 fixnum-shift ] compile-call ] }
Unit Test: { { 8 } [ [ 1 3 fixnum-shift ] compile-call ] }
Unit Test: { { -8 } [ -1 3 [ fixnum-shift ] compile-call ] }
Unit Test: { { -8 } [ -1 [ 3 fixnum-shift ] compile-call ] }
Unit Test: { { -8 } [ [ -1 3 fixnum-shift ] compile-call ] }
Unit Test: { { 2 } [ 8 -2 [ fixnum-shift ] compile-call ] }
Unit Test: { { 2 } [ 8 [ -2 fixnum-shift ] compile-call ] }
Unit Test: { { 0 } [ [ 123 -64 fixnum-shift ] compile-call ] }
Unit Test: { { 0 } [ 123 -64 [ fixnum-shift ] compile-call ] }
Unit Test: { { -1 } [ [ -123 -64 fixnum-shift ] compile-call ] }
Unit Test: { { -1 } [ -123 -64 [ fixnum-shift ] compile-call ] }
Unit Test: { { 4294967296 } [ 1 32 [ fixnum-shift ] compile-call ] }
Unit Test: { { 4294967296 } [ 1 [ 32 fixnum-shift ] compile-call ] }
Unit Test: {
    { 4294967296 }
    [ 1 [ 16 fixnum-shift 16 fixnum-shift ] compile-call ]
}
Unit Test: { { -4294967296 } [ -1 32 [ fixnum-shift ] compile-call ] }
Unit Test: { { -4294967296 } [ -1 [ 32 fixnum-shift ] compile-call ] }
Unit Test: {
    { -4294967296 }
    [ -1 [ 16 fixnum-shift 16 fixnum-shift ] compile-call ]
}
Unit Test: { { 8 } [ 1 3 [ fixnum-shift-fast ] compile-call ] }
Unit Test: { { 8 } [ 1 3 [ 15 bitand fixnum-shift-fast ] compile-call ] }
Unit Test: { { 8 } [ 1 [ 3 fixnum-shift-fast ] compile-call ] }
Unit Test: { { 8 } [ [ 1 3 fixnum-shift-fast ] compile-call ] }
Unit Test: { { -8 } [ -1 3 [ fixnum-shift-fast ] compile-call ] }
Unit Test: { { -8 } [ -1 3 [ 15 bitand fixnum-shift-fast ] compile-call ] }
Unit Test: { { -8 } [ -1 [ 3 fixnum-shift-fast ] compile-call ] }
Unit Test: { { -8 } [ [ -1 3 fixnum-shift-fast ] compile-call ] }
Unit Test: { { 2 } [ 8 -2 [ fixnum-shift-fast ] compile-call ] }
Unit Test: {
    { 2 }
    [ 8 2 [ 15 bitand neg fixnum-shift-fast ] compile-call ]
}
Unit Test: { { 2 } [ 8 [ -2 fixnum-shift-fast ] compile-call ] }
Unit Test: { { 4294967296 } [ 1 32 [ fixnum-shift ] compile-call ] }
Unit Test: { { 4294967296 } [ 1 [ 32 fixnum-shift ] compile-call ] }
Unit Test: {
    { 4294967296 }
    [ 1 [ 16 fixnum-shift 16 fixnum-shift ] compile-call ]
}
Unit Test: { { -4294967296 } [ -1 32 [ fixnum-shift ] compile-call ] }
Unit Test: { { -4294967296 } [ -1 [ 32 fixnum-shift ] compile-call ] }
Unit Test: {
    { -4294967296 }
    [ -1 [ 16 fixnum-shift 16 fixnum-shift ] compile-call ]
}
Unit Test: { { 268435456 } [ 16777216 16 [ fixnum* ] compile-call ] }
Unit Test: {
    { 134217728 }
    [ -134217728 >fixnum [ 0 swap fixnum- ] compile-call ]
}
Unit Test: {
    { 134217728 }
    [ -134217727 >fixnum [ 1 swap fixnum- ] compile-call ]
}
Unit Test: {
    { t }
    [
        1 26 fixnum-shift dup [ fixnum+ ] compile-call
        1 27 fixnum-shift =
    ]
}
Unit Test: {
    { -134217729 }
    [ 1 27 shift neg >fixnum [ -1 fixnum+ ] compile-call ]
}
Unit Test: {
    { t }
    [
        1 20 shift 1 20 shift [ fixnum* ] compile-call
        1 40 shift =
    ]
}
Unit Test: {
    { t }
    [
        1 20 shift neg 1 20 shift [ fixnum* ] compile-call
        1 40 shift neg =
    ]
}
Unit Test: {
    { t }
    [
        1 20 shift neg 1 20 shift neg [ fixnum* ] compile-call
        1 40 shift =
    ]
}
Unit Test: { { -351382792 } [ -43922849 [ 3 fixnum-shift ] compile-call ] }
Unit Test: {
    { 134217728 }
    [ -134217728 >fixnum -1 [ fixnum/i ] compile-call ]
}
Unit Test: {
    { 134217728 0 }
    [ -134217728 >fixnum -1 [ fixnum/mod ] compile-call ]
}
Unit Test: { { t } [ f [ f eq? ] compile-call ] }
Unit Test: {
    { 1077936128 }
    [
        16896 [
            32767 fixnum-bitand 13 fixnum-shift-fast
            112 23 fixnum-shift-fast fixnum+fast
        ] compile-call
    ]
}
Unit Test: {
    { 3 }
    [
        100001 f <array> 3 100000 pick set-nth
        [ 100000 swap array-nth ] compile-call
    ]
}
Unit Test: { { 2 } [ 2 4 [ fixnum-min ] compile-call ] }
Unit Test: { { 2 } [ 4 2 [ fixnum-min ] compile-call ] }
Unit Test: { { 4 } [ 2 4 [ fixnum-max ] compile-call ] }
Unit Test: { { 4 } [ 4 2 [ fixnum-max ] compile-call ] }
Unit Test: { { -2 } [ -2 -4 [ fixnum-max ] compile-call ] }
Unit Test: { { -2 } [ -4 -2 [ fixnum-max ] compile-call ] }
Unit Test: { { -4 } [ -2 -4 [ fixnum-min ] compile-call ] }
Unit Test: { { -4 } [ -4 -2 [ fixnum-min ] compile-call ] }
Unit Test: {
    { t }
    [
        1 fixnum-bits 2 - fixnum-shift dup
        [ fixnum+ ] compile-call 1 fixnum-bits 1 - fixnum-shift
        =
    ]
}
Unit Test: {
    { t }
    [
        most-negative-fixnum [ -1 fixnum+ ] compile-call
        first-bignum 1 + neg =
    ]
}
Unit Test: {
    { t }
    [
        1 40 shift 1 40 shift [ fixnum* ] compile-call
        1 80 shift =
    ]
}
Unit Test: {
    { t }
    [
        1 40 shift neg 1 40 shift [ fixnum* ] compile-call
        1 80 shift neg =
    ]
}
Unit Test: {
    { t }
    [
        1 40 shift neg 1 40 shift neg [ fixnum* ] compile-call
        1 80 shift =
    ]
}
Unit Test: {
    { t }
    [
        1 30 shift neg 1 50 shift neg [ fixnum* ] compile-call
        1 80 shift =
    ]
}
Unit Test: {
    { t }
    [
        1 50 shift neg 1 30 shift neg [ fixnum* ] compile-call
        1 80 shift =
    ]
}
Unit Test: {
    { 18446744073709551616 }
    [ 1 64 [ fixnum-shift ] compile-call ]
}
Unit Test: {
    { 18446744073709551616 }
    [ 1 [ 64 fixnum-shift ] compile-call ]
}
Unit Test: {
    { 18446744073709551616 }
    [ 1 [ 32 fixnum-shift 32 fixnum-shift ] compile-call ]
}
Unit Test: {
    { -18446744073709551616 }
    [ -1 64 [ fixnum-shift ] compile-call ]
}
Unit Test: {
    { -18446744073709551616 }
    [ -1 [ 64 fixnum-shift ] compile-call ]
}
Unit Test: {
    { -18446744073709551616 }
    [ -1 [ 32 fixnum-shift 32 fixnum-shift ] compile-call ]
}
Unit Test: {
    { t }
    [
        most-negative-fixnum -1 [ fixnum/i ] compile-call
        first-bignum =
    ]
}
Unit Test: {
    { t }
    [
        most-negative-fixnum -1 [ fixnum/mod ] compile-call
        [ first-bignum = ] [ zero? ] bi* and
    ]
}
Unit Test: { { -268435457 } [ 28 2^ [ fixnum-bitnot ] compile-call ] }
Unit Test: {
    { }
    [
        10000 [
            32 random-bits >fixnum 32 random-bits >fixnum 2dup
            [ fixnum* ] [ compiled-fixnum* ] 2bi 2dup =
            [ 4drop ] [ bug-in-fixnum* ] if
        ] times
    ]
}
Unit Test: { { bignum } [ 0 compiled-fixnum>bignum class-of ] }
Unit Test: {
    { }
    [
        10000 [
            32 random-bits >fixnum dup [ fixnum>bignum ] keep
            compiled-fixnum>bignum =
            [ drop ] [ "Oops" throw ] if
        ] times
    ]
}
Unit Test: {
    { }
    [
        10000 [
            5 random <iota> [ drop 32 random-bits ] map
            product >bignum dup [ bignum>fixnum ] keep
            compiled-bignum>fixnum =
            [ drop ] [ "Oops" throw ] if
        ] times
    ]
}
Unit Test: {
    { t }
    [
        most-positive-fixnum 100 - >fixnum 200 [
            [ fixnum+ ] compile-call
            [ bignum>fixnum ] compile-call
        ] 2keep [ fixnum+ >fixnum ] compile-call =
    ]
}
Unit Test: {
    { t }
    [
        most-negative-fixnum 100 + >fixnum -200 [
            [ fixnum+ ] compile-call
            [ bignum>fixnum ] compile-call
        ] 2keep [ fixnum+ >fixnum ] compile-call =
    ]
}
Unit Test: {
    { t }
    [
        most-negative-fixnum 100 + >fixnum 200 [
            [ fixnum- ] compile-call
            [ bignum>fixnum ] compile-call
        ] 2keep [ fixnum- >fixnum ] compile-call =
    ]
}
Unit Test: { { { 1 1 1 } } [ [ 3 1 <array> ] compile-call ] }
Unit Test: { { B{ 0 0 0 } } [ [ 3 <byte-array> ] compile-call ] }
Unit Test: { { 500 } [ [ 500 <byte-array> length ] compile-call ] }
Unit Test: {
    { 1 2 }
    [
        1 2 [ complex boa ] compile-call
        dup real-part swap imaginary-part
    ]
}
Unit Test: {
    { 1 2 }
    [
        1 2 [ ratio boa ] compile-call
        dup numerator swap denominator
    ]
}
Unit Test: { { \ + } [ \ + [ <wrapper> ] compile-call ] }
Unit Test: { { B{ 0 0 0 0 0 } } [ [ 5 <byte-array> ] compile-call ] }
Unit Test: { { V{ 1 2 } } [ { 1 2 3 } 2 [ vector boa ] compile-call ] }
Unit Test: {
    { SBUF" hello" }
    [ "hello world" 5 [ sbuf boa ] compile-call ]
}
Unit Test: { { [ 3 + ] } [ 3 [ + ] [ curry ] compile-call ] }
Unit Test: { { 3 } [ B{ 1 2 3 4 5 } 2 [ alien-unsigned-1 ] compile-call ] }
Unit Test: { { 3 } [ [ B{ 1 2 3 4 5 } 2 alien-unsigned-1 ] compile-call ] }
Unit Test: {
    { 3 }
    [
        B{ 1 2 3 4 5 } 2
        [ { byte-array fixnum } declare alien-unsigned-1 ]
        compile-call
    ]
}
Unit Test: {
    { 3 }
    [
        B{ 1 2 3 4 5 } 2
        [ { c-ptr fixnum } declare alien-unsigned-1 ]
        compile-call
    ]
}
Unit Test: { { } [ B{ 1 2 3 4 5 } malloc-byte-array "b" set ] }
Unit Test: { { t } [ "b" get >boolean ] }
Unit Test: { { 3 } [ "b" get 2 [ alien-unsigned-1 ] compile-call ] }
Unit Test: {
    { 3 }
    [
        "b" get
        [ { alien } declare 2 alien-unsigned-1 ] compile-call
    ]
}
Unit Test: {
    { 3 }
    [
        "b" get 2
        [ { alien fixnum } declare alien-unsigned-1 ]
        compile-call
    ]
}
Unit Test: {
    { 3 }
    [
        "b" get 2
        [ { c-ptr fixnum } declare alien-unsigned-1 ]
        compile-call
    ]
}
Unit Test: { { } [ "b" get free ] }
Unit Test: { { } [ "hello world" ascii malloc-string "s" set ] }
Unit Test: {
    { "hello world" }
    [
        "s" get void* <ref>
        [ { byte-array } declare void* deref ] compile-call
        ascii alien>string
    ]
}
Unit Test: {
    { "hello world" }
    [
        "s" get void* <ref>
        [ { c-ptr } declare void* deref ] compile-call
        ascii alien>string
    ]
}
Unit Test: { { } [ "s" get free ] }
Unit Test: {
    { ALIEN: 1234 }
    [
        ALIEN: 1234
        [ { alien } declare void* <ref> ] compile-call
        void* deref
    ]
}
Unit Test: {
    { ALIEN: 1234 }
    [
        ALIEN: 1234
        [ { c-ptr } declare void* <ref> ] compile-call
        void* deref
    ]
}
Unit Test: {
    { f }
    [
        f [ { POSTPONE: f } declare void* <ref> ] compile-call
        void* deref
    ]
}
Unit Test: {
    { 252 }
    [
        B{ 1 2 3 252 5 } 3
        [ { byte-array fixnum } declare alien-unsigned-1 ]
        compile-call
    ]
}
Unit Test: {
    { -4 }
    [
        B{ 1 2 3 252 5 } 3
        [ { byte-array fixnum } declare alien-signed-1 ]
        compile-call
    ]
}
Unit Test: {
    { -100 }
    [
        -100 char <ref>
        [ { byte-array } declare char deref ] compile-call
    ]
}
Unit Test: {
    { 156 }
    [
        -100 uchar <ref>
        [ { byte-array } declare uchar deref ] compile-call
    ]
}
Unit Test: {
    { -100 }
    [
        -100 [ char <ref> ] [ { fixnum } declare ] prepend
        compile-call char deref
    ]
}
Unit Test: {
    { 156 }
    [
        -100 [ uchar <ref> ] [ { fixnum } declare ] prepend
        compile-call uchar deref
    ]
}
Unit Test: {
    { -1000 }
    [
        -1000 short <ref>
        [ { byte-array } declare short deref ] compile-call
    ]
}
Unit Test: {
    { 64536 }
    [
        -1000 ushort <ref>
        [ { byte-array } declare ushort deref ] compile-call
    ]
}
Unit Test: {
    { -1000 }
    [
        -1000 [ short <ref> ] [ { fixnum } declare ] prepend
        compile-call short deref
    ]
}
Unit Test: {
    { 64536 }
    [
        -1000 [ ushort <ref> ] [ { fixnum } declare ] prepend
        compile-call ushort deref
    ]
}
Unit Test: {
    { -100000 }
    [
        -100000 int <ref>
        [ { byte-array } declare int deref ] compile-call
    ]
}
Unit Test: {
    { 4294867296 }
    [
        -100000 uint <ref>
        [ { byte-array } declare uint deref ] compile-call
    ]
}
Unit Test: {
    { -100000 }
    [
        -100000 [ int <ref> ] [ { fixnum } declare ] prepend
        compile-call int deref
    ]
}
Unit Test: {
    { 4294867296 }
    [
        -100000 [ uint <ref> ] [ { fixnum } declare ] prepend
        compile-call uint deref
    ]
}
Unit Test: { { t } [ pi pi double <ref> double deref = ] }
Unit Test: {
    { t }
    [
        pi double <ref>
        [ { byte-array } declare double deref ] compile-call
        pi =
    ]
}
Unit Test: {
    { t }
    [
        pi 4 <byte-array> [
            [ { float byte-array } declare 0 set-alien-float ]
            compile-call
        ] keep float deref pi - -0.001 0.001 between?
    ]
}
Unit Test: {
    { t }
    [
        pi float <ref>
        [ { byte-array } declare float deref ] compile-call pi -
        -0.001 0.001 between?
    ]
}
Unit Test: {
    { t }
    [
        pi 8 <byte-array> [
            [ { float byte-array } declare 0 set-alien-double ]
            compile-call
        ] keep double deref pi =
    ]
}
Unit Test: {
    { 4 }
    [
        2 B{ 1 2 3 4 5 6 } <displaced-alien>
        [ { alien } declare 1 alien-unsigned-1 ] compile-call
    ]
}
Unit Test: { { ALIEN: 123 } [ 291 [ <alien> ] compile-call ] }
Unit Test: {
    { ALIEN: 123 }
    [ 291 [ { fixnum } declare <alien> ] compile-call ]
}
Unit Test: { { ALIEN: 123 } [ [ 291 <alien> ] compile-call ] }
Unit Test: { { f } [ 0 [ <alien> ] compile-call ] }
Unit Test: { { f } [ 0 [ { fixnum } declare <alien> ] compile-call ] }
Unit Test: { { f } [ [ 0 <alien> ] compile-call ] }
Unit Test: {
    { ALIEN: 321 }
    [ 0 ALIEN: 321 [ <displaced-alien> ] compile-call ]
}
Unit Test: {
    { ALIEN: 321 }
    [
        0 ALIEN: 321
        [ { fixnum c-ptr } declare <displaced-alien> ]
        compile-call
    ]
}
Unit Test: {
    { ALIEN: 321 }
    [ ALIEN: 321 [ 0 swap <displaced-alien> ] compile-call ]
}
Unit Test: {
    { B{ 0 1 2 3 4 } }
    [
        2 B{ 0 1 2 3 4 } <displaced-alien>
        [ 1 swap <displaced-alien> ] compile-call underlying>>
    ]
}
Unit Test: {
    { B{ 0 1 2 3 4 } }
    [
        2 B{ 0 1 2 3 4 } <displaced-alien>
        [ 1 swap { c-ptr } declare <displaced-alien> ]
        compile-call underlying>>
    ]
}
Unit Test: {
    { ALIEN: 1234 ALIEN: 2234 }
    [
        ALIEN: 234 [
            { c-ptr } declare
            [ 4096 swap <displaced-alien> ]
            [ 8192 swap <displaced-alien> ] bi
        ] compile-call
    ]
}
Must Fail: {
    [
        B{ 0 0 0 0 } [ { byte-array } declare void* <ref> ]
        compile-call
    ]
}
Must Fail: {
    [
        B{ 0 0 0 0 } [ { c-ptr } declare void* <ref> ]
        compile-call
    ]
}
Unit Test: {
    { 4 5 }
    [
        3 [
            [ { [ 4444 ] [ 444 ] [ 44 ] [ 4 ] } dispatch ] keep
            2 fixnum+fast
        ] compile-call
    ]
}
Unit Test: { { 1 } [ 8 -3 [ fixnum-shift-fast ] compile-call ] }
Unit Test: { { 2 } [ 16 -3 [ fixnum-shift-fast ] compile-call ] }
Unit Test: { { 2 } [ 16 [ -3 fixnum-shift-fast ] compile-call ] }
Unit Test: { { 8 } [ 1 3 [ fixnum-shift-fast ] compile-call ] }
Unit Test: { { 8 } [ 1 [ 3 fixnum-shift-fast ] compile-call ] }
Unit Test: {
    { B{ 0 1 } }
    [
        B{ 0 0 } 1 alien-accessor-regression boa dup [
            { alien-accessor-regression } declare
            [ i>> ] [ b>> ] bi over set-alien-unsigned-1
        ] compile-call b>>
    ]
}
Unit Test: { { 0 } [ f { } mutable-value-bug-1 ] }
Unit Test: { { 0 } [ t { } mutable-value-bug-2 ] }
Unit Test: { { 255 } [ [ va_c_controls ] compile-call ] }
Unit Test: {
    { 0 }
    [
        [
            [ read-ints ] int-reader
            [ 0 va_call_ints ] with-callback
        ] compile-call
    ]
}
Unit Test: {
    { -1 }
    [
        [
            [ read-ints ] int-reader
            [ 1 va_call_ints ] with-callback
        ] compile-call
    ]
}
Unit Test: {
    { -28 }
    [
        [
            [ read-ints ] int-reader
            [ 7 va_call_ints ] with-callback
        ] compile-call
    ]
}
Unit Test: {
    { 78 }
    [
        [
            [ read-ints ] int-reader
            [ 12 va_call_ints ] with-callback
        ] compile-call
    ]
}
Unit Test: {
    { 78 }
    [
        [
            [ gc read-ints ] int-reader
            [ 12 va_call_ints ] with-callback
        ] compile-call
    ]
}
Unit Test: {
    { 1259.75 }
    [
        [
            double { int double } cdecl
            [ read-mixed ] alien-callback-varargs
            [ va_call_mixed ] with-callback
        ] compile-call
    ]
}
Unit Test: {
    { 86.0 }
    [
        [
            [
                14 load-locals -13 get-local -12 get-local +
                -11 get-local + -10 get-local + -9 get-local +
                -8 get-local + -7 get-local + -6 get-local +
                -5 get-local + -4 get-local + -3 get-local +
                -2 get-local 2 * + -1 get-local 3 * +
                0 get-local 4 * + 14 drop-locals
            ] named-spill-reader
            [ va_call_named_spill ] with-callback
        ] compile-call
    ]
}
Unit Test: {
    { 5.0 }
    [
        [
            [ read-aggregates ] aggregate-reader
            [ va_call_aggregates ] with-callback
        ] compile-call
    ]
}
Unit Test: { { 1 } [ [ va_hfa_spill_control ] compile-call ] }
Unit Test: {
    { 364.0 }
    [
        [
            [
                12 load-locals -11 get-local -10 get-local +
                -9 get-local + -8 get-local + -7 get-local +
                -6 get-local + -5 get-local + -4 get-local +
                -3 get-local x>> + -3 get-local y>> 2 * +
                -2 get-local 3 * +
                -1 get-local values>> first 4 * +
                -1 get-local values>> second 5 * +
                -1 get-local values>> third 6 * +
                0 get-local 7 * + 12 drop-locals
            ] hfa-spill-reader
            [ va_call_hfa_spill ] with-callback
        ] compile-call
    ]
}
Unit Test: {
    { -15769158013578 }
    [
        [
            [
                2 load-locals -1 get-local drop
                va-big <struct> 0 get-local longlong va-arg >>x
                0 get-local longlong va-arg >>y
                0 get-local longlong va-arg >>z
                [ gc read-ints ] int-reader
                [ 12 va_call_ints ] with-callback drop
                gc 2 drop-locals
            ] big-reader [ va_call_big_return ] with-callback
        ] compile-call
    ]
}
Unit Test: {
    { -3.75 }
    [
        [
            [
                3 load-locals -2 get-local drop
                va-pair <struct> -1 get-local >>x
                0 get-local >>y 3 drop-locals
            ] pair-reader [ va_call_pair_return ] with-callback
        ] compile-call
    ]
}
Unit Test: {
    { 3 }
    [
        [
            [
                2 load-locals -1 get-local drop
                0 get-local int va-arg 0 get-local va-copy int
                va-arg + 0 get-local int va-arg + 2 drop-locals
            ] int-reader [ 12 va_call_ints ] with-callback
        ] compile-call
    ]
}
Unit Test: {
    { 79 }
    [
        [
            [
                2 load-locals -1 get-local drop
                0 get-local int va-arg nested-int-callback
                [ 12 va_call_ints ] with-callback +
                0 get-local int va-arg + 2 drop-locals
            ] int-reader [ 12 va_call_ints ] with-callback
        ] compile-call
    ]
}
Unit Test: {
    { -1 }
    [
        [
            [
                2 load-locals -1 get-local drop
                0 get-local outer-args set-global
                nested-context-callback
                [ 0 va_call_ints ] with-callback drop
                0 get-local int va-arg 2 drop-locals
            ] int-reader [ 12 va_call_ints ] with-callback
        ] compile-call
    ]
}
Must Fail With: { [ outer-args get int va-arg ] [ expired-va-list? ] }
Unit Test: {
    { 0 }
    [
        [
            [
                2 load-locals -1 get-local drop
                0 get-local va-copy escaped-args set-global
                0 2 drop-locals
            ] int-reader [ 12 va_call_ints ] with-callback
        ] compile-call
    ]
}
Must Fail With: {
    [ [ escaped-args get int va-arg ] compile-call ]
    [ expired-va-list? ]
}
Unit Test: {
    { 0 }
    [
        [
            [ read-ints ] list-reader
            [ 0 va_call_list ] with-callback
        ] compile-call
    ]
}
Unit Test: {
    { 78 }
    [
        [
            [ read-ints ] list-reader
            [ 12 va_call_list ] with-callback
        ] compile-call
    ]
}
Unit Test: {
    { 155 }
    [
        [
            [
                2 load-locals
                -1 get-local 0 get-local va_sum_list
                -1 get-local 0 get-local va_sum_list +
                0 get-local int va-arg + 2 drop-locals
            ] list-reader [ 12 va_call_list ] with-callback
        ] compile-call
    ]
}
Unit Test: {
    { 155 }
    [
        [
            [
                2 load-locals
                -1 get-local 0 get-local va_sum_list
                -1 get-local 0 get-local va_sum_list +
                0 get-local int va-arg + 2 drop-locals
            ] int-reader [ 12 va_call_ints ] with-callback
        ] compile-call
    ]
}
Unit Test: {
    { 30 "value:-42:1.250:-1234567890123" }
    [ [ 128 formatted ] compile-call ]
}
Unit Test: { { 30 "value:-" } [ [ 8 formatted ] compile-call ] }
Unit Test: { { 30 "" } [ [ 0 formatted ] compile-call ] }
Unit Test: {
    { 30 "value:-42:1.250:-1234567890123" }
    [
        [
            [
                2 load-locals 128 <byte-array> load-local
                0 get-local 128 -2 get-local -1 get-local
                va-vsnprintf 0 get-local utf8 alien>string
                formatted-text set-global 3 drop-locals
            ] format-list-reader
            [ va_call_format_list ] with-callback
            formatted-text get
        ] compile-call
    ]
}
Unit Test: {
    { 25 ":-42:1.250:-1234567890123" }
    [
        [
            [
                2 load-locals -1 get-local drop
                0 get-local c-string va-arg drop
                128 <byte-array> load-local
                0 get-local 128 ":%d:%.*f:%lld" -1 get-local
                va-vsnprintf 0 get-local utf8 alien>string
                formatted-text set-global 3 drop-locals
            ] format-list-reader
            [ va_call_format_list ] with-callback
            formatted-text get
        ] compile-call
    ]
}
Unit Test: { { 1 } [ [ va_small_controls ] compile-call ] }
Unit Test: {
    { 384.5 }
    [
        [
            [
                4 load-locals gc -3 get-local -2 get-local 2 * +
                -1 get-local + 0 get-local half va-arg +
                0 get-local bfloat va-arg 2 * +
                0 get-local half va-arg 3 * +
                0 get-local bfloat va-arg 4 * +
                0 get-local half va-arg 5 * +
                0 get-local bfloat va-arg 6 * +
                0 get-local half va-arg 7 * +
                0 get-local bfloat va-arg 8 * +
                0 get-local half va-arg 9 * +
                0 get-local bfloat va-arg 10 * + 4 drop-locals
            ] small-reader [ va_call_small ] with-callback
        ] compile-call
    ]
}
Unit Test: {
    { 3.75 }
    [
        [
            [
                3 load-locals -2 get-local drop
                gc -1 get-local 0 get-local + 3 drop-locals
            ] small-return-reader
            [ va_call_small_return ] with-callback
        ] compile-call
    ]
}
Unit Test: { { 30 "value:-42:1.250:-1234567890123" } [ direct-formatted ] }
Unit Test: { { } [ [ \ ttt forget ] with-compilation-unit ] }
Unit Test: {
    { }
    [
        [ "compiler.tests.redefine7" forget-vocab ]
        with-compilation-unit
    ]
}
Unit Test: {
    { }
    [
        "USING: kernel math ;\n    IN: compiler.tests.redefine7\n    MIX..."
        ( -- ) eval
    ]
}
Unit Test: {
    { }
    [
        "USE: math\n    IN: compiler.tests.redefine7\n    INSTANCE: floa..."
        ( -- ) eval
    ]
}
Unit Test: {
    { 2.0 }
    [
        1.0 "my-inline" "compiler.tests.redefine7" lookup-word
        execute
    ]
}
Unit Test: { { f } [ redefine-test-26 new a>> ] }
Unit Test: { { 26 } [ store-26 a>> ] }
Unit Test: { { T{ yoo } } [ store-yoo a>> ] }
Must Fail With: { [ store-26. a>> ] [ bad-slot-value? ] }
Must Fail With: { [ store-hoo a>> ] [ bad-slot-value? ] }
Unit Test: {
    { }
    [
        [ \ foo { integer hoo } define-union-class ]
        with-compilation-unit
    ]
}
Unit Test: { { f } [ redefine-test-26 new a>> ] }
Unit Test: { { 26 } [ store-26 a>> ] }
Unit Test: { { T{ hoo } } [ store-hoo a>> ] }
Must Fail With: { [ store-26. a>> ] [ bad-slot-value? ] }
Must Fail With: { [ store-yoo a>> ] [ bad-slot-value? ] }
Unit Test: {
    {
        2.0
        2.0
        2.0
        2.0
        2.0
        2.0
        2.0
        2.0
        2.0
        2.0
        2.0
        2.0
        2.0
        2.0
        2.0
        2.0
        2.0
        2.0
        2.0
        2.0
        2.0
        2.0
        2.0
        2.0
        2.0
        2.0
        2.0
        2.0
        2.0
        2.0
        2.0
        2.0
        2.0
        2.0
        2.0
        2.0
        2.0
        2.0
    }
    [ 1.0 float-spill-bug ]
}
Unit Test: { { t } [ \ float-spill-bug word-optimized? ] }
Unit Test: {
    {
        2.0
        2
        2.0
        2
        2.0
        2
        2.0
        2
        2.0
        2
        2.0
        2
        2.0
        2
        2.0
        2
        2.0
        2
        2.0
        2
        2.0
        2
        2.0
        2
        2.0
        2
        2.0
        2
        2.0
        2
        2.0
        2
        2.0
        2
        2.0
        2
        2.0
        2
        2.0
        2
        2.0
        2
        2.0
        2
        2.0
        2
        2.0
        2
        2.0
        2
        2.0
        2
        2.0
        2
        2.0
        2
        2.0
        2
        2.0
        2
        2.0
        2
        2.0
        2
        2.0
        2
        2.0
        2
        2.0
        2
        2.0
        2
        2.0
        2
        2.0
        2
    }
    [ 1.0 float-fixnum-spill-bug ]
}
Unit Test: { { t } [ \ float-fixnum-spill-bug word-optimized? ] }
Unit Test: { { t } [ \ resolve-spill-bug word-optimized? ] }
Unit Test: { { 4 } [ 1 1 resolve-spill-bug ] }
Unit Test: {
    {
        {
            1
            {
                {
                    { 2 3 4 5 6 7 8 9 }
                    { 10 11 12 13 14 15 16 17 }
                }
                {
                    { 18 19 20 21 22 23 24 25 }
                    { 26 27 { 28 29 30.0 } }
                }
            }
        }
    }
    [ 1 spill-test-1 ]
}
Unit Test: { { t } [ 1.0 spill-test-2 1.0 \ spill-test-2 def>> call = ] }
Must Fail With: { [ 1 f execute-ic-test ] [ second 3 = ] }
Unit Test: { { } [ [ ] call-test ] }
Unit Test: { { } [ f [ drop ] curry call-test ] }
Unit Test: { { } [ [ ] [ ] compose call-test ] }
Must Fail With: { [ [ 1 2 3 ] call-test ] [ wrong-values? ] }
Unit Test: {
    [ "hello" ]
    [
        V{ T{ ##load-reference { dst 0 } { obj "hello" } } }
        compile-test-bb
    ]
}
Unit Test: {
    [ t ]
    [
        V{
            T{ ##load-tagged { dst 1 } { val 14 } }
            T{ ##load-reference { dst 0 } { obj { t f t } } }
            T{ ##slot
                { dst 0 }
                { obj 0 }
                { slot 1 }
                { scale 0 }
                { tag 0 }
            }
        } compile-test-bb
    ]
}
Unit Test: {
    [ t ]
    [
        V{
            T{ ##load-reference { dst 0 } { obj { t f t } } }
            T{ ##slot-imm
                { dst 0 }
                { obj 0 }
                { slot 2 }
                { tag 2 }
            }
        } compile-test-bb
    ]
}
Unit Test: {
    [ t ]
    [
        V{
            T{ ##load-tagged { dst 1 } { val 14 } }
            T{ ##load-reference { dst 0 } { obj { t f t } } }
            T{ ##set-slot
                { src 0 }
                { obj 0 }
                { slot 1 }
                { scale 0 }
                { tag 0 }
            }
        } compile-test-bb dup first eq?
    ]
}
Unit Test: {
    [ t ]
    [
        V{
            T{ ##load-reference { dst 0 } { obj { t f t } } }
            T{ ##set-slot-imm
                { src 0 }
                { obj 0 }
                { slot 2 }
                { tag 2 }
            }
        } compile-test-bb dup first eq?
    ]
}
Unit Test: {
    [ 4 ]
    [
        V{
            T{ ##load-tagged { dst 0 } { val 4 } }
            T{ ##shl { dst 0 } { src1 0 } { src2 0 } }
        } compile-test-bb
    ]
}
Unit Test: {
    [ 4 ]
    [
        V{
            T{ ##load-tagged { dst 0 } { val 4 } }
            T{ ##shl-imm { dst 0 } { src1 0 } { src2 4 } }
        } compile-test-bb
    ]
}
Unit Test: {
    [ 31 ]
    [
        V{
            T{ ##load-reference
                { dst 1 }
                { obj B{ 31 67 52 } }
            }
            T{ ##unbox-any-c-ptr { dst 2 } { src 1 } }
            T{ ##load-memory-imm
                { dst 3 }
                { base 2 }
                { offset 0 }
                { rep int-rep }
                { c-type uchar }
            }
            T{ ##shl-imm { dst 0 } { src1 3 } { src2 4 } }
        } compile-test-bb
    ]
}
Unit Test: {
    [ -1 ]
    [
        V{
            T{ ##load-tagged { dst 1 } { val -16 } }
            T{ ##convert-integer
                { dst 0 }
                { src 1 }
                { c-type char }
            }
        } compile-test-bb
    ]
}
Unit Test: {
    [ -1 ]
    [
        V{
            T{ ##load-tagged { dst 1 } { val -8208 } }
            T{ ##convert-integer
                { dst 0 }
                { src 1 }
                { c-type char }
            }
        } compile-test-bb
    ]
}
Unit Test: {
    [ 15 ]
    [
        V{
            T{ ##load-tagged { dst 1 } { val -8208 } }
            T{ ##convert-integer
                { dst 0 }
                { src 1 }
                { c-type uchar }
            }
        } compile-test-bb
    ]
}
Unit Test: { { f } [ 5 my-inline-3 ] }
Unit Test: { { f } [ 5 my-fake-inline-3 ] }
Unit Test: { { f } [ 5 my-baked-inline-3 ] }
Unit Test: { { f } [ 5 my-inline-4 ] }
Unit Test: { { t } [ 5 my-inline-5 ] }
Unit Test: { { t } [ 5 my-inline-6 ] }
Unit Test: {
    { }
    [
        [ float my-mixin add-mixin-instance ]
        with-compilation-unit
    ]
}
Unit Test: { { 2.0 } [ 1.0 my-inline-1 ] }
Unit Test: { { 2.0 } [ 1.0 my-inline-2 ] }
Unit Test: { { t } [ 1.0 my-inline-3 ] }
Unit Test: { { t } [ 1.0 my-fake-inline-3 ] }
Unit Test: { { t } [ 1.0 my-baked-inline-3 ] }
Unit Test: { { t } [ 1.0 my-inline-4 ] }
Unit Test: { { f } [ 1.0 my-inline-5 ] }
Unit Test: { { f } [ 1.0 my-inline-6 ] }
Unit Test: {
    { }
    [
        [ fixnum my-mixin remove-mixin-instance ]
        with-compilation-unit
    ]
}
Unit Test: { { f } [ 5 my-inline-3 ] }
Unit Test: { { f } [ 5 my-fake-inline-3 ] }
Unit Test: { { f } [ 5 my-baked-inline-3 ] }
Unit Test: { { f } [ 5 my-inline-4 ] }
Unit Test: { { f } [ 5 my-inline-5 ] }
Unit Test: { { f } [ 5 my-inline-6 ] }
Unit Test: {
    { }
    [
        [ float my-mixin remove-mixin-instance ]
        with-compilation-unit
    ]
}
Unit Test: { { 1.0 } [ 1.0 my-inline-1 ] }
Unit Test: { { 1.0 } [ 1.0 my-inline-2 ] }
Unit Test: { { f } [ 1.0 my-inline-3 ] }
Unit Test: { { f } [ 1.0 my-fake-inline-3 ] }
Unit Test: { { f } [ 1.0 my-inline-4 ] }
Unit Test: { { f } [ 1.0 my-inline-5 ] }
Unit Test: { { f } [ 1.0 my-inline-6 ] }
Unit Test: { { "sheeple" } [ sheeple-test ] }
Unit Test: { { t } [ \ sheeple-test word-optimized? ] }
Unit Test: {
    { t }
    [
        object \ sheeple lookup-method
        \ sheeple-test compiled-use?
    ]
}
Unit Test: {
    { f }
    [
        empty-mixin \ sheeple lookup-method
        \ sheeple-test compiled-use?
    ]
}
Unit Test: {
    { }
    [
        "IN: compiler.tests.redefine3 USE: arrays INSTANCE: array empt..."
        ( -- ) eval
    ]
}
Unit Test: { { "wake up" } [ sheeple-test ] }
Unit Test: {
    { f }
    [
        object \ sheeple lookup-method
        \ sheeple-test compiled-use?
    ]
}
Unit Test: {
    { t }
    [
        empty-mixin \ sheeple lookup-method
        \ sheeple-test compiled-use?
    ]
}
Unit Test: {
    { }
    [
        [ array empty-mixin remove-mixin-instance ]
        with-compilation-unit
    ]
}
Unit Test: { { "sheeple" } [ sheeple-test ] }
Unit Test: { { t } [ \ sheeple-test word-optimized? ] }
Unit Test: {
    { t }
    [
        object \ sheeple lookup-method
        \ sheeple-test compiled-use?
    ]
}
Unit Test: {
    { f }
    [
        empty-mixin \ sheeple lookup-method
        \ sheeple-test compiled-use?
    ]
}
Unit Test: { { 6 } [ method-redefine-test-1 ] }
Unit Test: {
    { }
    [
        "IN: compiler.tests.redefine1 USE: math M: fixnum method-redef..."
        ( -- ) eval
    ]
}
Unit Test: { { 7 } [ method-redefine-test-1 ] }
Unit Test: {
    { }
    [
        [
            fixnum \ method-redefine-generic-1 lookup-method
            forget
        ] with-compilation-unit
    ]
}
Unit Test: { { 6 } [ method-redefine-test-1 ] }
Unit Test: { { 6 } [ method-redefine-test-2 ] }
Unit Test: {
    { }
    [
        "IN: compiler.tests.redefine1 USE: kernel USE: math M: fixnum ..."
        ( -- ) eval
    ]
}
Unit Test: { { 7 } [ method-redefine-test-2 ] }
Unit Test: {
    { }
    [
        [
            fixnum string
            [ \ method-redefine-generic-2 lookup-method forget ]
            bi@
        ] with-compilation-unit
    ]
}
Unit Test: { { t } [ \ expr word-optimized? ] }
Unit Test: { { t } [ \ ast>pipeline-expr word-optimized? ] }
Unit Test: { { t } [ 10 [ recurse ] replicate [ ] all? ] }
Must Fail With: { [ overflow-c ] [ 2 head { 64199 15 } = ] }
Must Fail With: { [ overflow/w-primitive ] [ 2 head { 64199 15 } = ] }
Unit Test: {
    { }
    [
        [ overflow/w-compact-gc ]
        [ 2 head { 64199 15 } assert= ] recover compact-gc
    ]
}
Unit Test: { { f } [ f construct-holder value>> ] }
Unit Test: { { f } [ f store-holder value>> ] }
Unit Test: {
    { t f f }
    [ f checked-member? 3 checked-member? literal-member? ]
}
Must Fail With: { [ 3 construct-holder ] [ bad-slot-value? ] }
Must Fail With: { [ 3 store-holder ] [ bad-slot-value? ] }
Must Fail With: { [ literal-holder ] [ bad-slot-value? ] }
Unit Test: {
    { }
    [
        [ fixnum changing-member add-mixin-instance ]
        with-compilation-unit
    ]
}
Unit Test: { { 3 } [ 3 construct-holder value>> ] }
Unit Test: { { 3 } [ 3 store-holder value>> ] }
Unit Test: { { 3 } [ literal-holder value>> ] }
Unit Test: {
    { t t t f }
    [
        f checked-member? 3 checked-member? literal-member? 3.0
        checked-member?
    ]
}
Must Fail With: { [ 3.0 construct-holder ] [ bad-slot-value? ] }
Must Fail With: { [ 3.0 store-holder ] [ bad-slot-value? ] }
Unit Test: {
    { }
    [
        [ float changing-member add-mixin-instance ]
        with-compilation-unit
    ]
}
Unit Test: { { 3.0 } [ 3.0 construct-holder value>> ] }
Unit Test: { { t } [ 3.0 checked-member? ] }
Unit Test: {
    { }
    [
        [ fixnum changing-member remove-mixin-instance ]
        with-compilation-unit
    ]
}
Unit Test: { { f } [ f construct-holder value>> ] }
Unit Test: { { 3.0 } [ 3.0 construct-holder value>> ] }
Unit Test: {
    { t f f t }
    [
        f checked-member? 3 checked-member? literal-member? 3.0
        checked-member?
    ]
}
Must Fail With: { [ 3 construct-holder ] [ bad-slot-value? ] }
Must Fail With: { [ 3 store-holder ] [ bad-slot-value? ] }
Must Fail With: { [ literal-holder ] [ bad-slot-value? ] }
Unit Test: {
    { }
    [
        [ float changing-member remove-mixin-instance ]
        with-compilation-unit
    ]
}
Unit Test: { { f } [ f construct-holder value>> ] }
Unit Test: {
    { t f f f }
    [
        f checked-member? 3 checked-member? literal-member? 3.0
        checked-member?
    ]
}
Must Fail With: { [ 3.0 construct-holder ] [ bad-slot-value? ] }
Unit Test: {
    [ { } ]
    [
        4.0 [
            [ 100 [ dup sqrt drop ] times ]
            collect-fp-exceptions nip
        ] compile-call
    ]
}
Unit Test: { { 11.25 } [ au-one <struct> 1.25 >>a 10.0 au_take_one ] }
Unit Test: {
    { 16.25 }
    [
        au-two <struct> 1.25 2.5 au-pair boa >>pair
        10.0 au_take_two
    ]
}
Unit Test: {
    { 40.0 }
    [
        au-four <struct> 1.0 2.0 3.0 4.0 au-quad boa >>quad
        10.0 au_take_four
    ]
}
Unit Test: {
    { 16.25 }
    [
        au-one <struct> 1.25 >>a 2.5 au-nested boa
        10.0 au_take_nested
    ]
}
Unit Test: { { 13.75 } [ au-mixed <struct> 3.75 >>b 10.0 au_take_mixed ] }
Unit Test: { { 1.25 } [ 1.25 au_return_one a>> ] }
Unit Test: {
    { 1.25 2.5 }
    [ 1.25 2.5 au_return_two pair>> [ a>> ] [ b>> ] bi ]
}
Unit Test: {
    { 1.0 2.0 3.0 4.0 }
    [
        1.0 2.0 3.0 4.0 au_return_four quad>>
        { [ a>> ] [ b>> ] [ c>> ] [ d>> ] } cleave
    ]
}
Unit Test: {
    { 23.25 }
    [
        7 au-two <struct> 1.25 2.5 au-pair boa >>pair
        10.0 au_variadic
    ]
}
Unit Test: {
    { 11.25 }
    [ [ [ swap a>> + ] au-one-cb au_call_one ] compile-call ]
}
Unit Test: {
    { 16.25 }
    [
        [
            [ swap pair>> [ a>> ] [ b>> 2 * ] bi + + ] au-two-cb
            au_call_two
        ] compile-call
    ]
}
Unit Test: {
    { 40.0 }
    [
        [
            [
                swap quad>>
                { [ a>> ] [ b>> 2 * ] [ c>> 3 * ] [ d>> 4 * ] }
                cleave + + + +
            ] au-four-cb au_call_four
        ] compile-call
    ]
}
Unit Test: { { 1 } [ au_c_controls ] }
Unit Test: { { 16 } [ au-padded heap-size ] }
Unit Test: { { 16.25 } [ 1.25 2.5 au-padded boa 10.0 au_take_padded ] }
Unit Test: {
    { 16.25 }
    [
        au-padded-union <struct> 1.25 2.5 au-padded boa >>padded
        10.0 au_take_padded_union
    ]
}
Unit Test: {
    { 1.25 2.5 }
    [ 1.25 2.5 au_return_padded [ a>> ] [ b>> ] bi ]
}
Unit Test: {
    { 16.25 }
    [
        [
            [ swap [ a>> ] [ b>> 2 * ] bi + + ] au-padded-cb
            au_call_padded
        ] compile-call
    ]
}
Unit Test: {
    { 37.25 }
    [
        1.0 2.0 3.0 4.0 5.0 6.0 au-two <struct> 1.25 2.5 au-pair
        boa >>pair 10.0 au_take_spill
    ]
}
Unit Test: {
    { 37.25 }
    [
        [
            [
                swap pair>> [ a>> ] [ b>> 2 * ] bi + + + + + + +
                +
            ] au-spill-cb au_call_spill
        ] compile-call
    ]
}
Unit Test: {
    { 40.0 }
    [
        au-vector <struct> float-4{ 1.0 2.0 3.0 4.0 } >>a
        10.0 au_take_vector
    ]
}
Unit Test: {
    { float-4{ 1.0 2.0 3.0 4.0 } }
    [ 1.0 2.0 3.0 4.0 au_return_vector a>> ]
}
Unit Test: {
    { 40.0 }
    [
        [
            [
                swap a>> {
                    [ first ]
                    [ second 2 * ]
                    [ third 3 * ]
                    [ fourth 4 * ]
                } cleave + + + +
            ] au-vector-cb au_call_vector
        ] compile-call
    ]
}
Unit Test: {
    { 46.0 }
    [
        au-vector-two <struct>
        float-4{ 1.0 2.0 3.0 4.0 } float-4{ 5.0 6.0 7.0 8.0 }
        au-fvec-pair boa >>a 10.0 au_take_vector_two
    ]
}
Unit Test: {
    { float-4{ 1.0 2.0 3.0 4.0 } float-4{ 5.0 6.0 7.0 8.0 } }
    [ au_return_vector_two a>> [ a>> ] [ b>> ] bi ]
}
Unit Test: {
    { 23.25 }
    [
        [
            [
                2 load-locals 0 get-local au-two va-arg pair>>
                [ a>> ] [ b>> 2 * ] bi +
                0 get-local double va-arg + -1 get-local +
                2 drop-locals
            ] au-dynamic-cb au_call_variadic
        ] compile-call
    ]
}
Unit Test: {
    { 23.25 }
    [
        [
            [ swap pair>> [ a>> ] [ b>> 2 * ] bi + + + ]
            au-typed-cb au-call-typed
        ] compile-call
    ]
}
Unit Test: {
    { 53.0 }
    [
        [
            [
                2 load-locals
                0 get-local au-vector-two va-arg a>>
                [ a>> sum ] [ b>> sum ] bi +
                0 get-local double va-arg + -1 get-local +
                2 drop-locals
            ] au-dynamic-cb au_call_vector_variadic
        ] compile-call
    ]
}
Unit Test: {
    { 53.0 }
    [
        [
            [ swap a>> [ a>> sum ] [ b>> sum ] bi + + + ]
            au-vector-typed-cb au-call-vector-typed
        ] compile-call
    ]
}
Unit Test: { { 1 } [ au_small_controls ] }
Unit Test: { { 11.25 } [ au-small <struct> 1.25 >>a 10.0 au_take_small ] }
Unit Test: { { 12.5 } [ au-bsmall <struct> 2.5 >>a 10.0 au_take_bsmall ] }
Unit Test: { { 1.25 } [ 1.25 au_return_small a>> ] }
Unit Test: { { 2.5 } [ 2.5 au_return_bsmall a>> ] }
Unit Test: {
    { 16.25 }
    [
        au-small <struct> 1.25 >>a au-bsmall <struct> 2.5 >>a
        au-small-pair boa 10.0 au_take_small_pair
    ]
}
Unit Test: {
    { 16.25 }
    [
        [
            [ swap small-pair-value + ] au-small-pair-cb
            au_call_small_pair
        ] compile-call
    ]
}
Unit Test: {
    { 23.25 }
    [
        [
            [
                2 load-locals
                0 get-local au-small-pair va-arg
                small-pair-value 0 get-local double va-arg +
                -1 get-local + 2 drop-locals
            ] au-small-dynamic-cb au_call_small_variadic
        ] compile-call
    ]
}
Unit Test: {
    { 23.25 }
    [
        [
            [ swap small-pair-value + + ] au-small-typed-cb
            au-call-small-typed
        ] compile-call
    ]
}
Unit Test: {
    { }
    [
        "USING: alien.c-types alien.syntax ;\n    IN: compiler.tests.re..."
        ( -- ) eval
    ]
}
Unit Test: { { 3 } [ 1 2 callback indirect ] }
Unit Test: {
    { }
    [
        "USING: alien.c-types alien.syntax ;\n    IN: compiler.tests.re..."
        ( -- ) eval
    ]
}
Unit Test: { { 3 } [ 1.0 2.0 callback indirect ] }
Unit Test: {
    { }
    [
        "USING: alien.c-types alien.syntax ;\n    IN: compiler.tests.re..."
        ( -- ) eval
    ]
}
Unit Test: { { 3.0 } [ 1.0 2.0 callback indirect ] }
Unit Test: { { } [ 10 3 test-outputs0 ] }
Unit Test: { { } [ 10 3 test-outputs1 ] }
Unit Test: { { } [ 10 3 test-outputs2 ] }
Unit Test: { { f } [ f h ] }
Unit Test: { { t } [ "hi" h ] }
Unit Test: {
    { }
    [
        "USE: kernel IN: compiler.tests.redefine12 M: jeah g drop f ;"
        ( -- ) eval
    ]
}
Unit Test: { { f } [ T{ jeah } h ] }
Cannot resolve C library function
Library: f
Symbol: this_does_not_exist
DlError: dlsym(RTLD_DEFAULT, this_does_not_exist): symbol not found

Type :help for debugging help.
Must Fail With: {
    [ this_does_not_exist ]
    [
        {
            64199
            9
            B{
                116 104 105 115 95 100 111 101 115 95 110 111
                116 95 101 120 105 115 116 0
            }
            f
        } =
    ]
}
Unit Test: {
    { t }
    [
        \ this_does_not_exist linkage-errors get at error>>
        [ no-such-symbol? ] [ name>> "this_does_not_exist" = ]
        bi and
    ]
}
Cannot resolve C library function
Library: DLL" no_such_library"
Symbol: no_such_function
DlError: dlopen(no_such_library, 0x0009): tried: 'no_such_library' (no such file), '/System/Volumes/Preboot/Cryptexes/OSno_such_library' (no such file), '/usr/lib/no_such_library' (no such file, not in dyld cache), 'no_such_library' (no such file)

Type :help for debugging help.
Must Fail With: {
    [ no_such_function ]
    [
        {
            64199
            9
            B{
                110 111 95 115 117 99 104 95 102 117 110 99 116
                105 111 110 0
            }
            DLL" no_such_library"
        } =
    ]
}
Unit Test: {
    { t }
    [
        \ no_such_function linkage-errors get at error>>
        [ no-such-library? ] [ name>> "no_such_library" = ] bi
        and
    ]
}
Unit Test: {
    { "word" "label" 0 t }
    [
        "word" "label" <basic-block> <cfg> {
            [ word>> ]
            [ label>> ]
            [
                stack-frame>>
                [ spill-area-size>> ]
                [ spill-area-align>> cell = ] bi
            ]
        } cleave
    ]
}
Unit Test: {
    {
        V{
            T{ ##peek { dst 0 } { loc D: 0 } }
            T{ ##slot-imm
                { dst 1 }
                { obj 0 }
                { slot 1 }
                { tag 0 }
            }
            T{ ##copy { dst 2 } { src 1 } { rep any-rep } }
        }
    }
    [
        V{
            T{ ##peek { dst 0 } { loc D: 0 } }
            T{ ##slot-imm
                { dst 1 }
                { obj 0 }
                { slot 1 }
                { tag 0 }
            }
            T{ ##slot-imm
                { dst 2 }
                { obj 0 }
                { slot 1 }
                { tag 0 }
            }
        } test-alias-analysis
    ]
}
Unit Test: {
    {
        V{
            T{ ##peek { dst 0 } { loc D: 0 } }
            T{ ##peek { dst 1 } { loc D: 1 } }
            T{ ##set-slot-imm
                { src 1 }
                { obj 0 }
                { slot 1 }
                { tag 0 }
            }
            T{ ##copy { dst 2 } { src 1 } { rep any-rep } }
        }
    }
    [
        V{
            T{ ##peek { dst 0 } { loc D: 0 } }
            T{ ##peek { dst 1 } { loc D: 1 } }
            T{ ##set-slot-imm
                { src 1 }
                { obj 0 }
                { slot 1 }
                { tag 0 }
            }
            T{ ##slot-imm
                { dst 2 }
                { obj 0 }
                { slot 1 }
                { tag 0 }
            }
        } test-alias-analysis
    ]
}
Unit Test: {
    {
        V{
            T{ ##peek { dst 0 } { loc D: 0 } }
            T{ ##peek { dst 1 } { loc D: 1 } }
            T{ ##peek { dst 2 } { loc D: 2 } }
            T{ ##set-slot-imm
                { src 2 }
                { obj 0 }
                { slot 1 }
                { tag 0 }
            }
        }
    }
    [
        V{
            T{ ##peek { dst 0 } { loc D: 0 } }
            T{ ##peek { dst 1 } { loc D: 1 } }
            T{ ##peek { dst 2 } { loc D: 2 } }
            T{ ##set-slot-imm
                { src 1 }
                { obj 0 }
                { slot 1 }
                { tag 0 }
            }
            T{ ##set-slot-imm
                { src 2 }
                { obj 0 }
                { slot 1 }
                { tag 0 }
            }
        } test-alias-analysis
    ]
}
Unit Test: {
    {
        V{
            T{ ##peek { dst 0 } { loc D: 0 } }
            T{ ##peek { dst 1 } { loc D: 1 } }
            T{ ##peek { dst 2 } { loc D: 2 } }
            T{ ##peek { dst 3 } { loc D: 3 } }
            T{ ##set-slot-imm
                { src 3 }
                { obj 0 }
                { slot 1 }
                { tag 0 }
            }
        }
    }
    [
        V{
            T{ ##peek { dst 0 } { loc D: 0 } }
            T{ ##peek { dst 1 } { loc D: 1 } }
            T{ ##peek { dst 2 } { loc D: 2 } }
            T{ ##peek { dst 3 } { loc D: 3 } }
            T{ ##set-slot-imm
                { src 1 }
                { obj 0 }
                { slot 1 }
                { tag 0 }
            }
            T{ ##set-slot-imm
                { src 2 }
                { obj 0 }
                { slot 1 }
                { tag 0 }
            }
            T{ ##set-slot-imm
                { src 3 }
                { obj 0 }
                { slot 1 }
                { tag 0 }
            }
        } test-alias-analysis
    ]
}
Unit Test: {
    {
        V{
            T{ ##peek { dst 0 } { loc D: 0 } }
            T{ ##slot-imm
                { dst 1 }
                { obj 0 }
                { slot 1 }
                { tag 0 }
            }
        }
    }
    [
        V{
            T{ ##peek { dst 0 } { loc D: 0 } }
            T{ ##slot-imm
                { dst 1 }
                { obj 0 }
                { slot 1 }
                { tag 0 }
            }
            T{ ##set-slot-imm
                { src 1 }
                { obj 0 }
                { slot 1 }
                { tag 0 }
            }
        } test-alias-analysis
    ]
}
Unit Test: {
    {
        V{
            T{ ##peek { dst 0 } { loc D: 0 } }
            T{ ##slot-imm
                { dst 1 }
                { obj 0 }
                { slot 1 }
                { tag 0 }
            }
            T{ ##copy { dst 2 } { src 1 } { rep any-rep } }
        }
    }
    [
        V{
            T{ ##peek { dst 0 } { loc D: 0 } }
            T{ ##slot-imm
                { dst 1 }
                { obj 0 }
                { slot 1 }
                { tag 0 }
            }
            T{ ##copy { dst 2 } { src 1 } { rep any-rep } }
            T{ ##set-slot-imm
                { src 2 }
                { obj 0 }
                { slot 1 }
                { tag 0 }
            }
        } test-alias-analysis
    ]
}
Unit Test: {
    {
        V{
            T{ ##peek { dst 0 } { loc D: 0 } }
            T{ ##peek { dst 1 } { loc D: 1 } }
            T{ ##slot-imm
                { dst 1 }
                { obj 0 }
                { slot 1 }
                { tag 0 }
            }
            T{ ##set-slot-imm
                { src 0 }
                { obj 1 }
                { slot 1 }
                { tag 0 }
            }
            T{ ##slot-imm
                { dst 2 }
                { obj 0 }
                { slot 1 }
                { tag 0 }
            }
        }
    }
    [
        V{
            T{ ##peek { dst 0 } { loc D: 0 } }
            T{ ##peek { dst 1 } { loc D: 1 } }
            T{ ##slot-imm
                { dst 1 }
                { obj 0 }
                { slot 1 }
                { tag 0 }
            }
            T{ ##set-slot-imm
                { src 0 }
                { obj 1 }
                { slot 1 }
                { tag 0 }
            }
            T{ ##slot-imm
                { dst 2 }
                { obj 0 }
                { slot 1 }
                { tag 0 }
            }
        } test-alias-analysis
    ]
}
Unit Test: {
    {
        V{
            T{ ##peek { dst 0 } { loc D: 0 } }
            T{ ##peek { dst 1 } { loc D: 1 } }
            T{ ##peek { dst 2 } { loc D: 2 } }
            T{ ##peek { dst 3 } { loc D: 3 } }
            T{ ##set-slot-imm
                { src 2 }
                { obj 1 }
                { slot 1 }
                { tag 0 }
            }
            T{ ##slot-imm
                { dst 4 }
                { obj 0 }
                { slot 1 }
                { tag 0 }
            }
            T{ ##set-slot-imm
                { src 3 }
                { obj 1 }
                { slot 1 }
                { tag 0 }
            }
        }
    }
    [
        V{
            T{ ##peek { dst 0 } { loc D: 0 } }
            T{ ##peek { dst 1 } { loc D: 1 } }
            T{ ##peek { dst 2 } { loc D: 2 } }
            T{ ##peek { dst 3 } { loc D: 3 } }
            T{ ##set-slot-imm
                { src 2 }
                { obj 1 }
                { slot 1 }
                { tag 0 }
            }
            T{ ##slot-imm
                { dst 4 }
                { obj 0 }
                { slot 1 }
                { tag 0 }
            }
            T{ ##set-slot-imm
                { src 3 }
                { obj 1 }
                { slot 1 }
                { tag 0 }
            }
        } test-alias-analysis
    ]
}
Unit Test: {
    {
        V{
            T{ ##peek { dst 0 } { loc D: 0 } }
            T{ ##peek { dst 1 } { loc D: 1 } }
            T{ ##peek { dst 2 } { loc D: 2 } }
            T{ ##peek { dst 3 } { loc D: 3 } }
            T{ ##slot-imm
                { dst 4 }
                { obj 0 }
                { slot 1 }
                { tag 0 }
            }
            T{ ##set-slot-imm
                { src 2 }
                { obj 0 }
                { slot 1 }
                { tag 0 }
            }
            T{ ##slot
                { dst 5 }
                { obj 0 }
                { slot 3 }
                { scale 0 }
                { tag 0 }
            }
            T{ ##set-slot-imm
                { src 3 }
                { obj 0 }
                { slot 1 }
                { tag 0 }
            }
            T{ ##copy { dst 6 } { src 3 } { rep any-rep } }
        }
    }
    [
        V{
            T{ ##peek { dst 0 } { loc D: 0 } }
            T{ ##peek { dst 1 } { loc D: 1 } }
            T{ ##peek { dst 2 } { loc D: 2 } }
            T{ ##peek { dst 3 } { loc D: 3 } }
            T{ ##slot-imm
                { dst 4 }
                { obj 0 }
                { slot 1 }
                { tag 0 }
            }
            T{ ##set-slot-imm
                { src 2 }
                { obj 0 }
                { slot 1 }
                { tag 0 }
            }
            T{ ##slot
                { dst 5 }
                { obj 0 }
                { slot 3 }
                { scale 0 }
                { tag 0 }
            }
            T{ ##set-slot-imm
                { src 3 }
                { obj 0 }
                { slot 1 }
                { tag 0 }
            }
            T{ ##slot-imm
                { dst 6 }
                { obj 0 }
                { slot 1 }
                { tag 0 }
            }
        } test-alias-analysis
    ]
}
Unit Test: {
    {
        V{
            T{ ##peek { dst 1 } { loc D: 1 } }
            T{ ##peek { dst 2 } { loc D: 2 } }
            T{ ##peek { dst 3 } { loc D: 3 } }
            T{ ##allot
                { dst 4 }
                { size 16 }
                { class-of array }
            }
            T{ ##set-slot-imm
                { src 3 }
                { obj 4 }
                { slot 1 }
                { tag 0 }
            }
            T{ ##set-slot-imm
                { src 2 }
                { obj 1 }
                { slot 1 }
                { tag 0 }
            }
            T{ ##copy { dst 5 } { src 3 } { rep any-rep } }
        }
    }
    [
        V{
            T{ ##peek { dst 1 } { loc D: 1 } }
            T{ ##peek { dst 2 } { loc D: 2 } }
            T{ ##peek { dst 3 } { loc D: 3 } }
            T{ ##allot
                { dst 4 }
                { size 16 }
                { class-of array }
            }
            T{ ##set-slot-imm
                { src 3 }
                { obj 4 }
                { slot 1 }
                { tag 0 }
            }
            T{ ##set-slot-imm
                { src 2 }
                { obj 1 }
                { slot 1 }
                { tag 0 }
            }
            T{ ##slot-imm
                { dst 5 }
                { obj 4 }
                { slot 1 }
                { tag 0 }
            }
        } test-alias-analysis
    ]
}
Unit Test: {
    {
        V{
            T{ ##peek { dst 1 } { loc D: 1 } }
            T{ ##peek { dst 2 } { loc D: 2 } }
            T{ ##peek { dst 3 } { loc D: 3 } }
            T{ ##allot
                { dst 4 }
                { size 16 }
                { class-of array }
            }
            T{ ##slot-imm
                { dst 5 }
                { obj 1 }
                { slot 1 }
                { tag 0 }
            }
            T{ ##set-slot-imm
                { src 3 }
                { obj 4 }
                { slot 1 }
                { tag 0 }
            }
        }
    }
    [
        V{
            T{ ##peek { dst 1 } { loc D: 1 } }
            T{ ##peek { dst 2 } { loc D: 2 } }
            T{ ##peek { dst 3 } { loc D: 3 } }
            T{ ##allot
                { dst 4 }
                { size 16 }
                { class-of array }
            }
            T{ ##set-slot-imm
                { src 1 }
                { obj 4 }
                { slot 1 }
                { tag 0 }
            }
            T{ ##slot-imm
                { dst 5 }
                { obj 1 }
                { slot 1 }
                { tag 0 }
            }
            T{ ##set-slot-imm
                { src 3 }
                { obj 4 }
                { slot 1 }
                { tag 0 }
            }
        } test-alias-analysis
    ]
}
Unit Test: {
    {
        V{
            T{ ##peek { dst 0 } { loc D: 0 } }
            T{ ##peek { dst 1 } { loc D: 1 } }
            T{ ##peek { dst 2 } { loc D: 2 } }
            T{ ##peek { dst 3 } { loc D: 3 } }
            T{ ##allot
                { dst 4 }
                { size 16 }
                { class-of array }
            }
            T{ ##set-slot-imm
                { src 0 }
                { obj 4 }
                { slot 1 }
                { tag 0 }
            }
            T{ ##set-slot-imm
                { src 4 }
                { obj 2 }
                { slot 1 }
                { tag 0 }
            }
            T{ ##slot-imm
                { dst 5 }
                { obj 3 }
                { slot 1 }
                { tag 0 }
            }
            T{ ##set-slot-imm
                { src 1 }
                { obj 5 }
                { slot 1 }
                { tag 0 }
            }
            T{ ##slot-imm
                { dst 6 }
                { obj 4 }
                { slot 1 }
                { tag 0 }
            }
        }
    }
    [
        V{
            T{ ##peek { dst 0 } { loc D: 0 } }
            T{ ##peek { dst 1 } { loc D: 1 } }
            T{ ##peek { dst 2 } { loc D: 2 } }
            T{ ##peek { dst 3 } { loc D: 3 } }
            T{ ##allot
                { dst 4 }
                { size 16 }
                { class-of array }
            }
            T{ ##set-slot-imm
                { src 0 }
                { obj 4 }
                { slot 1 }
                { tag 0 }
            }
            T{ ##set-slot-imm
                { src 4 }
                { obj 2 }
                { slot 1 }
                { tag 0 }
            }
            T{ ##slot-imm
                { dst 5 }
                { obj 3 }
                { slot 1 }
                { tag 0 }
            }
            T{ ##set-slot-imm
                { src 1 }
                { obj 5 }
                { slot 1 }
                { tag 0 }
            }
            T{ ##slot-imm
                { dst 6 }
                { obj 4 }
                { slot 1 }
                { tag 0 }
            }
        } test-alias-analysis
    ]
}
Unit Test: {
    {
        V{
            T{ ##peek { dst 0 } { loc D: 0 } }
            T{ ##allot
                { dst 1 }
                { size 16 }
                { class-of array }
            }
            T{ ##load-reference { dst 2 } }
        }
    }
    [
        V{
            T{ ##peek { dst 0 } { loc D: 0 } }
            T{ ##allot
                { dst 1 }
                { size 16 }
                { class-of array }
            }
            T{ ##compare
                { dst 2 }
                { src1 0 }
                { src2 1 }
                { cc cc= }
            }
        } test-alias-analysis
    ]
}
Unit Test: {
    { t }
    [
        V{
            T{ ##allot
                { dst 0 }
                { size 16 }
                { class-of byte-array }
            }
            T{ ##copy { dst 1 } { src 0 } { rep any-rep } }
            T{ ##load-integer { dst 2 } { val 0 } }
            T{ ##box-displaced-alien
                { dst 3 }
                { displacement 2 }
                { base 1 }
                { temp 4 }
                { base-class byte-array }
            }
            T{ ##compare
                { dst 5 }
                { src1 0 }
                { src2 3 }
                { cc cc= }
            }
        } test-alias-analysis last ##compare?
    ]
}
Unit Test: {
    { t }
    [
        V{
            T{ ##load-integer { dst 0 } { val 0 } }
            T{ ##box-alien { dst 1 } { src 0 } { temp 2 } }
            T{ ##box-alien { dst 3 } { src 0 } { temp 4 } }
            T{ ##compare
                { dst 5 }
                { src1 1 }
                { src2 3 }
                { cc cc= }
            }
        } test-alias-analysis last ##compare?
    ]
}
Unit Test: {
    { t }
    [
        V{
            T{ ##allot
                { dst 0 }
                { size 16 }
                { class-of byte-array }
            }
            T{ ##load-integer { dst 1 } { val 0 } }
            T{ ##box-displaced-alien
                { dst 2 }
                { displacement 1 }
                { base 0 }
                { temp 3 }
                { base-class byte-array }
            }
            T{ ##compare
                { dst 4 }
                { src1 0 }
                { src2 2 }
                { cc cc= }
            }
        } test-alias-analysis last ##compare?
    ]
}
Unit Test: {
    {
        V{
            T{ ##allot
                { dst 1 }
                { size 16 }
                { class-of byte-array }
            }
            T{ ##load-reference { dst 2 } { obj 10 } }
            T{ ##box-displaced-alien
                { dst 3 }
                { displacement 2 }
                { base 1 }
                { temp 4 }
                { base-class byte-array }
            }
            T{ ##slot-imm
                { dst 5 }
                { obj 3 }
                { slot 1 }
                { tag 6 }
            }
            T{ ##compare
                { dst 6 }
                { src1 5 }
                { src2 1 }
                { cc cc= }
            }
        }
    }
    [
        V{
            T{ ##allot
                { dst 1 }
                { size 16 }
                { class-of byte-array }
            }
            T{ ##load-reference { dst 2 } { obj 10 } }
            T{ ##box-displaced-alien
                { dst 3 }
                { displacement 2 }
                { base 1 }
                { temp 4 }
                { base-class byte-array }
            }
            T{ ##slot-imm
                { dst 5 }
                { obj 3 }
                { slot 1 }
                { tag 6 }
            }
            T{ ##compare
                { dst 6 }
                { src1 5 }
                { src2 1 }
                { cc cc= }
            }
        } test-alias-analysis
    ]
}
Unit Test: {
    {
        V{
            T{ ##peek { dst 0 } { loc D: 0 } }
            T{ ##slot-imm
                { dst 1 }
                { obj 0 }
                { slot 1 }
                { tag 0 }
            }
            T{ ##alien-invoke
                { varargs? { } }
                { reg-inputs { } }
                { stack-inputs { } }
                { reg-outputs { } }
                { dead-outputs 0 }
                { cleanup 0 }
                { stack-size "free" }
            }
            T{ ##slot-imm
                { dst 2 }
                { obj 0 }
                { slot 1 }
                { tag 0 }
            }
        }
    }
    [
        V{
            T{ ##peek { dst 0 } { loc D: 0 } }
            T{ ##slot-imm
                { dst 1 }
                { obj 0 }
                { slot 1 }
                { tag 0 }
            }
            T{ ##alien-invoke
                { varargs? { } }
                { reg-inputs { } }
                { stack-inputs { } }
                { reg-outputs { } }
                { dead-outputs 0 }
                { cleanup 0 }
                { stack-size "free" }
            }
            T{ ##slot-imm
                { dst 2 }
                { obj 0 }
                { slot 1 }
                { tag 0 }
            }
        } test-alias-analysis
    ]
}
Unit Test: {
    {
        V{
            T{ ##peek { dst 0 } { loc D: 0 } }
            T{ ##peek { dst 1 } { loc D: 1 } }
            T{ ##set-slot-imm
                { src 1 }
                { obj 0 }
                { slot 1 }
                { tag 0 }
            }
            T{ ##alien-invoke
                { varargs? { } }
                { reg-inputs { } }
                { stack-inputs { } }
                { reg-outputs { } }
                { dead-outputs 0 }
                { cleanup 0 }
                { stack-size "free" }
            }
            T{ ##slot-imm
                { dst 2 }
                { obj 0 }
                { slot 1 }
                { tag 0 }
            }
        }
    }
    [
        V{
            T{ ##peek { dst 0 } { loc D: 0 } }
            T{ ##peek { dst 1 } { loc D: 1 } }
            T{ ##set-slot-imm
                { src 1 }
                { obj 0 }
                { slot 1 }
                { tag 0 }
            }
            T{ ##alien-invoke
                { varargs? { } }
                { reg-inputs { } }
                { stack-inputs { } }
                { reg-outputs { } }
                { dead-outputs 0 }
                { cleanup 0 }
                { stack-size "free" }
            }
            T{ ##slot-imm
                { dst 2 }
                { obj 0 }
                { slot 1 }
                { tag 0 }
            }
        } test-alias-analysis
    ]
}
Unit Test: {
    {
        V{
            T{ ##peek { dst 0 } { loc D: 0 } }
            T{ ##peek { dst 1 } { loc D: 1 } }
            T{ ##peek { dst 2 } { loc D: 2 } }
            T{ ##set-slot-imm
                { src 1 }
                { obj 0 }
                { slot 1 }
                { tag 0 }
            }
            T{ ##alien-invoke
                { varargs? { } }
                { reg-inputs { } }
                { stack-inputs { } }
                { reg-outputs { } }
                { dead-outputs 0 }
                { cleanup 0 }
                { stack-size "free" }
            }
            T{ ##set-slot-imm
                { src 2 }
                { obj 0 }
                { slot 1 }
                { tag 0 }
            }
        }
    }
    [
        V{
            T{ ##peek { dst 0 } { loc D: 0 } }
            T{ ##peek { dst 1 } { loc D: 1 } }
            T{ ##peek { dst 2 } { loc D: 2 } }
            T{ ##set-slot-imm
                { src 1 }
                { obj 0 }
                { slot 1 }
                { tag 0 }
            }
            T{ ##alien-invoke
                { varargs? { } }
                { reg-inputs { } }
                { stack-inputs { } }
                { reg-outputs { } }
                { dead-outputs 0 }
                { cleanup 0 }
                { stack-size "free" }
            }
            T{ ##set-slot-imm
                { src 2 }
                { obj 0 }
                { slot 1 }
                { tag 0 }
            }
        } test-alias-analysis
    ]
}
Unit Test: {
    {
        V{
            T{ ##peek { dst 0 } { loc D: 0 } }
            T{ ##slot-imm
                { dst 1 }
                { obj 0 }
                { slot 1 }
                { tag 0 }
            }
            T{ ##alien-invoke
                { varargs? { } }
                { reg-inputs { } }
                { stack-inputs { } }
                { reg-outputs { } }
                { dead-outputs 0 }
                { cleanup 0 }
                { stack-size "free" }
            }
            T{ ##set-slot-imm
                { src 1 }
                { obj 0 }
                { slot 1 }
                { tag 0 }
            }
        }
    }
    [
        V{
            T{ ##peek { dst 0 } { loc D: 0 } }
            T{ ##slot-imm
                { dst 1 }
                { obj 0 }
                { slot 1 }
                { tag 0 }
            }
            T{ ##alien-invoke
                { varargs? { } }
                { reg-inputs { } }
                { stack-inputs { } }
                { reg-outputs { } }
                { dead-outputs 0 }
                { cleanup 0 }
                { stack-size "free" }
            }
            T{ ##set-slot-imm
                { src 1 }
                { obj 0 }
                { slot 1 }
                { tag 0 }
            }
        } test-alias-analysis
    ]
}
Unit Test: {
    {
        V{
            T{ ##allot { dst 0 } }
            T{ ##slot-imm
                { dst 1 }
                { obj 0 }
                { slot 1 }
                { tag 0 }
            }
            T{ ##alien-invoke
                { varargs? { } }
                { reg-inputs { } }
                { stack-inputs { } }
                { reg-outputs { } }
                { dead-outputs 0 }
                { cleanup 0 }
                { stack-size "free" }
            }
            T{ ##copy { dst 2 } { src 1 } { rep any-rep } }
        }
    }
    [
        V{
            T{ ##allot { dst 0 } }
            T{ ##slot-imm
                { dst 1 }
                { obj 0 }
                { slot 1 }
                { tag 0 }
            }
            T{ ##alien-invoke
                { varargs? { } }
                { reg-inputs { } }
                { stack-inputs { } }
                { reg-outputs { } }
                { dead-outputs 0 }
                { cleanup 0 }
                { stack-size "free" }
            }
            T{ ##slot-imm
                { dst 2 }
                { obj 0 }
                { slot 1 }
                { tag 0 }
            }
        } test-alias-analysis
    ]
}
Unit Test: {
    {
        V{
            T{ ##allot { dst 0 } }
            T{ ##peek { dst 1 } { loc D: 1 } }
            T{ ##set-slot-imm
                { src 1 }
                { obj 0 }
                { slot 1 }
                { tag 0 }
            }
            T{ ##alien-invoke
                { varargs? { } }
                { reg-inputs { } }
                { stack-inputs { } }
                { reg-outputs { } }
                { dead-outputs 0 }
                { cleanup 0 }
                { stack-size "free" }
            }
            T{ ##copy { dst 2 } { src 1 } { rep any-rep } }
        }
    }
    [
        V{
            T{ ##allot { dst 0 } }
            T{ ##peek { dst 1 } { loc D: 1 } }
            T{ ##set-slot-imm
                { src 1 }
                { obj 0 }
                { slot 1 }
                { tag 0 }
            }
            T{ ##alien-invoke
                { varargs? { } }
                { reg-inputs { } }
                { stack-inputs { } }
                { reg-outputs { } }
                { dead-outputs 0 }
                { cleanup 0 }
                { stack-size "free" }
            }
            T{ ##slot-imm
                { dst 2 }
                { obj 0 }
                { slot 1 }
                { tag 0 }
            }
        } test-alias-analysis
    ]
}
Unit Test: {
    {
        V{
            T{ ##allot { dst 0 } }
            T{ ##peek { dst 1 } { loc D: 1 } }
            T{ ##peek { dst 2 } { loc D: 2 } }
            T{ ##set-slot-imm
                { src 1 }
                { obj 0 }
                { slot 1 }
                { tag 0 }
            }
            T{ ##alien-invoke
                { varargs? { } }
                { reg-inputs { } }
                { stack-inputs { } }
                { reg-outputs { } }
                { dead-outputs 0 }
                { cleanup 0 }
                { stack-size "free" }
            }
            T{ ##set-slot-imm
                { src 2 }
                { obj 0 }
                { slot 1 }
                { tag 0 }
            }
        }
    }
    [
        V{
            T{ ##allot { dst 0 } }
            T{ ##peek { dst 1 } { loc D: 1 } }
            T{ ##peek { dst 2 } { loc D: 2 } }
            T{ ##set-slot-imm
                { src 1 }
                { obj 0 }
                { slot 1 }
                { tag 0 }
            }
            T{ ##alien-invoke
                { varargs? { } }
                { reg-inputs { } }
                { stack-inputs { } }
                { reg-outputs { } }
                { dead-outputs 0 }
                { cleanup 0 }
                { stack-size "free" }
            }
            T{ ##set-slot-imm
                { src 2 }
                { obj 0 }
                { slot 1 }
                { tag 0 }
            }
        } test-alias-analysis
    ]
}
Unit Test: {
    {
        V{
            T{ ##allot { dst 0 } }
            T{ ##slot-imm
                { dst 1 }
                { obj 0 }
                { slot 1 }
                { tag 0 }
            }
            T{ ##alien-invoke
                { varargs? { } }
                { reg-inputs { } }
                { stack-inputs { } }
                { reg-outputs { } }
                { dead-outputs 0 }
                { cleanup 0 }
                { stack-size "free" }
            }
        }
    }
    [
        V{
            T{ ##allot { dst 0 } }
            T{ ##slot-imm
                { dst 1 }
                { obj 0 }
                { slot 1 }
                { tag 0 }
            }
            T{ ##alien-invoke
                { varargs? { } }
                { reg-inputs { } }
                { stack-inputs { } }
                { reg-outputs { } }
                { dead-outputs 0 }
                { cleanup 0 }
                { stack-size "free" }
            }
            T{ ##set-slot-imm
                { src 1 }
                { obj 0 }
                { slot 1 }
                { tag 0 }
            }
        } test-alias-analysis
    ]
}
Unit Test: {
    {
        V{
            T{ ##allot { dst 0 } }
            T{ ##alien-indirect
                { varargs? { } }
                { reg-inputs { } }
                { stack-inputs { { 2 double-rep 0 } } }
                { reg-outputs { } }
                { dead-outputs 0 }
                { cleanup 0 }
                { stack-size "free" }
            }
            T{ ##set-slot-imm
                { src 2 }
                { obj 0 }
                { slot 1 }
                { tag 0 }
            }
        }
    }
    [
        V{
            T{ ##allot { dst 0 } }
            T{ ##alien-indirect
                { varargs? { } }
                { reg-inputs { } }
                { stack-inputs { { 2 double-rep 0 } } }
                { reg-outputs { } }
                { dead-outputs 0 }
                { cleanup 0 }
                { stack-size "free" }
            }
            T{ ##set-slot-imm
                { src 2 }
                { obj 0 }
                { slot 1 }
                { tag 0 }
            }
        } test-alias-analysis
    ]
}
Unit Test: {
    { V{ "hello" "there" "B" } }
    [
        { "there" "B" } 0 insns>block
        { "hello" "B" } 1 insns>block [ join-instructions ] keep
        instructions>>
    ]
}
Unit Test: { { } [ test-branch-splitting ] }
Unit Test: { { } [ test-branch-splitting ] }
Unit Test: { { } [ test-branch-splitting ] }
Unit Test: { { } [ test-branch-splitting ] }
Unit Test: { { f } [ { } insns>cfg dup build-stack-frame stack-frame>> ] }
Unit Test: {
    { t }
    [
        { T{ ##call-gc } } insns>cfg dup build-stack-frame
        stack-frame>> stack-frame?
    ]
}
Unit Test: {
    { 0 }
    [
        {
            T{ ##call-gc }
            T{ ##local-allot { dst 1 } { size 32 } { align 8 } }
        } insns>cfg dup build-stack-frame
        cfg>insns last offset>>
    ]
}
Unit Test: { { } [ 42 [ 42 assert= ] with-dummy-cfg-builder ] }
Unit Test: {
    { }
    [
        42
        [ 42 assert= basic-block? t assert= f ]
        with-dummy-cfg-builder
    ]
}
Unit Test: {
    [ ]
    [
        [ ]
        test-builder
        [ [ [ optimize-cfg ] [ check-cfg ] bi ] with-cfg ]
        each
    ]
}
Unit Test: {
    [ ]
    [
        [ dup ]
        test-builder
        [ [ [ optimize-cfg ] [ check-cfg ] bi ] with-cfg ]
        each
    ]
}
Unit Test: {
    [ ]
    [
        [ swap ]
        test-builder
        [ [ [ optimize-cfg ] [ check-cfg ] bi ] with-cfg ]
        each
    ]
}
Unit Test: {
    [ ]
    [
        [ [ ] dip ]
        test-builder
        [ [ [ optimize-cfg ] [ check-cfg ] bi ] with-cfg ]
        each
    ]
}
Unit Test: {
    [ ]
    [
        [ fixnum+ ]
        test-builder
        [ [ [ optimize-cfg ] [ check-cfg ] bi ] with-cfg ]
        each
    ]
}
Unit Test: {
    [ ]
    [
        [ fixnum+fast ]
        test-builder
        [ [ [ optimize-cfg ] [ check-cfg ] bi ] with-cfg ]
        each
    ]
}
Unit Test: {
    [ ]
    [
        [ 3 fixnum+fast ]
        test-builder
        [ [ [ optimize-cfg ] [ check-cfg ] bi ] with-cfg ]
        each
    ]
}
Unit Test: {
    [ ]
    [
        [ fixnum*fast ]
        test-builder
        [ [ [ optimize-cfg ] [ check-cfg ] bi ] with-cfg ]
        each
    ]
}
Unit Test: {
    [ ]
    [
        [ 3 fixnum*fast ]
        test-builder
        [ [ [ optimize-cfg ] [ check-cfg ] bi ] with-cfg ]
        each
    ]
}
Unit Test: {
    [ ]
    [
        [ 3 swap fixnum*fast ]
        test-builder
        [ [ [ optimize-cfg ] [ check-cfg ] bi ] with-cfg ]
        each
    ]
}
Unit Test: {
    [ ]
    [
        [ fixnum-shift-fast ]
        test-builder
        [ [ [ optimize-cfg ] [ check-cfg ] bi ] with-cfg ]
        each
    ]
}
Unit Test: {
    [ ]
    [
        [ 10 fixnum-shift-fast ]
        test-builder
        [ [ [ optimize-cfg ] [ check-cfg ] bi ] with-cfg ]
        each
    ]
}
Unit Test: {
    [ ]
    [
        [ -10 fixnum-shift-fast ]
        test-builder
        [ [ [ optimize-cfg ] [ check-cfg ] bi ] with-cfg ]
        each
    ]
}
Unit Test: {
    [ ]
    [
        [ 0 fixnum-shift-fast ]
        test-builder
        [ [ [ optimize-cfg ] [ check-cfg ] bi ] with-cfg ]
        each
    ]
}
Unit Test: {
    [ ]
    [
        [ 10 swap fixnum-shift-fast ]
        test-builder
        [ [ [ optimize-cfg ] [ check-cfg ] bi ] with-cfg ]
        each
    ]
}
Unit Test: {
    [ ]
    [
        [ -10 swap fixnum-shift-fast ]
        test-builder
        [ [ [ optimize-cfg ] [ check-cfg ] bi ] with-cfg ]
        each
    ]
}
Unit Test: {
    [ ]
    [
        [ 0 swap fixnum-shift-fast ]
        test-builder
        [ [ [ optimize-cfg ] [ check-cfg ] bi ] with-cfg ]
        each
    ]
}
Unit Test: {
    [ ]
    [
        [ fixnum-bitnot ]
        test-builder
        [ [ [ optimize-cfg ] [ check-cfg ] bi ] with-cfg ]
        each
    ]
}
Unit Test: {
    [ ]
    [
        [ eq? ]
        test-builder
        [ [ [ optimize-cfg ] [ check-cfg ] bi ] with-cfg ]
        each
    ]
}
Unit Test: {
    [ ]
    [
        [ "hi" eq? ]
        test-builder
        [ [ [ optimize-cfg ] [ check-cfg ] bi ] with-cfg ]
        each
    ]
}
Unit Test: {
    [ ]
    [
        [ fixnum< ]
        test-builder
        [ [ [ optimize-cfg ] [ check-cfg ] bi ] with-cfg ]
        each
    ]
}
Unit Test: {
    [ ]
    [
        [ 5 fixnum< ]
        test-builder
        [ [ [ optimize-cfg ] [ check-cfg ] bi ] with-cfg ]
        each
    ]
}
Unit Test: {
    [ ]
    [
        [ float+ ]
        test-builder
        [ [ [ optimize-cfg ] [ check-cfg ] bi ] with-cfg ]
        each
    ]
}
Unit Test: {
    [ ]
    [
        [ 3.0 float+ ]
        test-builder
        [ [ [ optimize-cfg ] [ check-cfg ] bi ] with-cfg ]
        each
    ]
}
Unit Test: {
    [ ]
    [
        [ float<= ]
        test-builder
        [ [ [ optimize-cfg ] [ check-cfg ] bi ] with-cfg ]
        each
    ]
}
Unit Test: {
    [ ]
    [
        [ fixnum>bignum ]
        test-builder
        [ [ [ optimize-cfg ] [ check-cfg ] bi ] with-cfg ]
        each
    ]
}
Unit Test: {
    [ ]
    [
        [ bignum>fixnum ]
        test-builder
        [ [ [ optimize-cfg ] [ check-cfg ] bi ] with-cfg ]
        each
    ]
}
Unit Test: {
    [ ]
    [
        [ fixnum>float ]
        test-builder
        [ [ [ optimize-cfg ] [ check-cfg ] bi ] with-cfg ]
        each
    ]
}
Unit Test: {
    [ ]
    [
        [ float>fixnum ]
        test-builder
        [ [ [ optimize-cfg ] [ check-cfg ] bi ] with-cfg ]
        each
    ]
}
Unit Test: {
    [ ]
    [
        [ 3 f <array> ]
        test-builder
        [ [ [ optimize-cfg ] [ check-cfg ] bi ] with-cfg ]
        each
    ]
}
Unit Test: {
    [ ]
    [
        [ [ 1 ] [ 2 ] if ]
        test-builder
        [ [ [ optimize-cfg ] [ check-cfg ] bi ] with-cfg ]
        each
    ]
}
Unit Test: {
    [ ]
    [
        [ fixnum< [ 1 ] [ 2 ] if ]
        test-builder
        [ [ [ optimize-cfg ] [ check-cfg ] bi ] with-cfg ]
        each
    ]
}
Unit Test: {
    [ ]
    [
        [ float+ [ 2.0 float* ] [ 3.0 float* ] bi float/f ]
        test-builder
        [ [ [ optimize-cfg ] [ check-cfg ] bi ] with-cfg ]
        each
    ]
}
Unit Test: {
    [ ]
    [
        [ { [ 1 ] [ 2 ] [ 3 ] } dispatch ]
        test-builder
        [ [ [ optimize-cfg ] [ check-cfg ] bi ] with-cfg ]
        each
    ]
}
Unit Test: {
    [ ]
    [
        [ [ t ] loop ]
        test-builder
        [ [ [ optimize-cfg ] [ check-cfg ] bi ] with-cfg ]
        each
    ]
}
Unit Test: {
    [ ]
    [
        [ [ dup ] loop ]
        test-builder
        [ [ [ optimize-cfg ] [ check-cfg ] bi ] with-cfg ]
        each
    ]
}
Unit Test: {
    [ ]
    [
        [ [ 2 ] [ 3 throw ] if 4 ]
        test-builder
        [ [ [ optimize-cfg ] [ check-cfg ] bi ] with-cfg ]
        each
    ]
}
Unit Test: {
    [ ]
    [
        [ int f "malloc" { int } f alien-invoke ]
        test-builder
        [ [ [ optimize-cfg ] [ check-cfg ] bi ] with-cfg ]
        each
    ]
}
Unit Test: {
    [ ]
    [
        [ int { int } cdecl alien-indirect ]
        test-builder
        [ [ [ optimize-cfg ] [ check-cfg ] bi ] with-cfg ]
        each
    ]
}
Unit Test: {
    [ ]
    [
        [ int { int } cdecl [ ] alien-callback ]
        test-builder
        [ [ [ optimize-cfg ] [ check-cfg ] bi ] with-cfg ]
        each
    ]
}
Unit Test: {
    [ ]
    [
        [ swap - + * ]
        test-builder
        [ [ [ optimize-cfg ] [ check-cfg ] bi ] with-cfg ]
        each
    ]
}
Unit Test: {
    [ ]
    [
        [ swap slot ]
        test-builder
        [ [ [ optimize-cfg ] [ check-cfg ] bi ] with-cfg ]
        each
    ]
}
Unit Test: {
    [ ]
    [
        [ blahblah ]
        test-builder
        [ [ [ optimize-cfg ] [ check-cfg ] bi ] with-cfg ]
        each
    ]
}
Unit Test: {
    [ ]
    [
        [ 1000 [ dup [ reverse ] when ] times ]
        test-builder
        [ [ [ optimize-cfg ] [ check-cfg ] bi ] with-cfg ]
        each
    ]
}
Unit Test: {
    [ ]
    [
        [ 1array ]
        test-builder
        [ [ [ optimize-cfg ] [ check-cfg ] bi ] with-cfg ]
        each
    ]
}
Unit Test: {
    [ ]
    [
        [ 1 2 ? ]
        test-builder
        [ [ [ optimize-cfg ] [ check-cfg ] bi ] with-cfg ]
        each
    ]
}
Unit Test: {
    [ ]
    [
        [ { array } declare [ ] map ]
        test-builder
        [ [ [ optimize-cfg ] [ check-cfg ] bi ] with-cfg ]
        each
    ]
}
Unit Test: {
    [ ]
    [
        [ { array } declare dup 1 slot [ 1 slot ] when ]
        test-builder
        [ [ [ optimize-cfg ] [ check-cfg ] bi ] with-cfg ]
        each
    ]
}
Unit Test: {
    [ ]
    [
        [ [ dup more? ] [ dup ] produce ]
        test-builder
        [ [ [ optimize-cfg ] [ check-cfg ] bi ] with-cfg ]
        each
    ]
}
Unit Test: {
    [ ]
    [
        [ vector new over test-case-1 [ test-case-2 ] [ ] if ]
        test-builder
        [ [ [ optimize-cfg ] [ check-cfg ] bi ] with-cfg ]
        each
    ]
}
Unit Test: {
    [ ]
    [
        [
            [ [ nth-unsafe ".." = 0 ] dip set-nth-unsafe ]
            2curry each-integer-from
        ]
        test-builder
        [ [ [ optimize-cfg ] [ check-cfg ] bi ] with-cfg ]
        each
    ]
}
Unit Test: {
    [ ]
    [
        [
            { fixnum sbuf } declare 2dup 3 slot fixnum> [
                over 3 fixnum* over dup
                [ 2 slot resize-string ] dip 2 set-slot
            ] [ ] if
        ]
        test-builder
        [ [ [ optimize-cfg ] [ check-cfg ] bi ] with-cfg ]
        each
    ]
}
Unit Test: {
    [ ]
    [
        [ [ 2 fixnum* ] when 3 ]
        test-builder
        [ [ [ optimize-cfg ] [ check-cfg ] bi ] with-cfg ]
        each
    ]
}
Unit Test: {
    [ ]
    [
        [ [ 2 fixnum+ ] when 3 ]
        test-builder
        [ [ [ optimize-cfg ] [ check-cfg ] bi ] with-cfg ]
        each
    ]
}
Unit Test: {
    [ ]
    [
        [ [ 2 fixnum- ] when 3 ]
        test-builder
        [ [ [ optimize-cfg ] [ check-cfg ] bi ] with-cfg ]
        each
    ]
}
Unit Test: {
    [ ]
    [
        [ 10000 [ ] times ]
        test-builder
        [ [ [ optimize-cfg ] [ check-cfg ] bi ] with-cfg ]
        each
    ]
}
Unit Test: {
    [ ]
    [
        [
            over integer? [
                over dup 16 <-integer-fixnum
                [ 0 >=-integer-fixnum ] [ drop f ] if
                [ nip dup [ ] [ ] if ] [ 2drop f ] if
            ] [ 2drop f ] if
        ]
        test-builder
        [ [ [ optimize-cfg ] [ check-cfg ] bi ] with-cfg ]
        each
    ]
}
Unit Test: {
    [ ]
    [
        [
            pick 10 fixnum>=
            [ [ 123 fixnum-bitand ] 2dip ] [ ] if
            set-string-nth-fast
        ]
        test-builder
        [ [ [ optimize-cfg ] [ check-cfg ] bi ] with-cfg ]
        each
    ]
}
Unit Test: {
    [ ]
    [
        \ test-1
        test-builder
        [ [ [ optimize-cfg ] [ check-cfg ] bi ] with-cfg ]
        each
    ]
}
Unit Test: {
    [ ]
    [
        \ test-2
        test-builder
        [ [ [ optimize-cfg ] [ check-cfg ] bi ] with-cfg ]
        each
    ]
}
Unit Test: {
    [ ]
    [
        \ test-3
        test-builder
        [ [ [ optimize-cfg ] [ check-cfg ] bi ] with-cfg ]
        each
    ]
}
Unit Test: {
    [ ]
    [
        [ { byte-array } declare 10 \ alien-signed-1 execute ]
        test-builder
        [ [ [ optimize-cfg ] [ check-cfg ] bi ] with-cfg ]
        each
    ]
}
Unit Test: {
    [ ]
    [
        [
            { byte-array fixnum }
            declare
            \ alien-signed-1
            execute
        ]
        test-builder
        [ [ [ optimize-cfg ] [ check-cfg ] bi ] with-cfg ]
        each
    ]
}
Unit Test: {
    [ ]
    [
        [ { byte-array } declare 10 \ alien-signed-2 execute ]
        test-builder
        [ [ [ optimize-cfg ] [ check-cfg ] bi ] with-cfg ]
        each
    ]
}
Unit Test: {
    [ ]
    [
        [
            { byte-array fixnum }
            declare
            \ alien-signed-2
            execute
        ]
        test-builder
        [ [ [ optimize-cfg ] [ check-cfg ] bi ] with-cfg ]
        each
    ]
}
Unit Test: {
    [ ]
    [
        [ { byte-array } declare 10 \ alien-signed-4 execute ]
        test-builder
        [ [ [ optimize-cfg ] [ check-cfg ] bi ] with-cfg ]
        each
    ]
}
Unit Test: {
    [ ]
    [
        [
            { byte-array fixnum }
            declare
            \ alien-signed-4
            execute
        ]
        test-builder
        [ [ [ optimize-cfg ] [ check-cfg ] bi ] with-cfg ]
        each
    ]
}
Unit Test: {
    [ ]
    [
        [ { byte-array } declare 10 \ alien-unsigned-1 execute ]
        test-builder
        [ [ [ optimize-cfg ] [ check-cfg ] bi ] with-cfg ]
        each
    ]
}
Unit Test: {
    [ ]
    [
        [
            { byte-array fixnum }
            declare
            \ alien-unsigned-1
            execute
        ]
        test-builder
        [ [ [ optimize-cfg ] [ check-cfg ] bi ] with-cfg ]
        each
    ]
}
Unit Test: {
    [ ]
    [
        [ { byte-array } declare 10 \ alien-unsigned-2 execute ]
        test-builder
        [ [ [ optimize-cfg ] [ check-cfg ] bi ] with-cfg ]
        each
    ]
}
Unit Test: {
    [ ]
    [
        [
            { byte-array fixnum }
            declare
            \ alien-unsigned-2
            execute
        ]
        test-builder
        [ [ [ optimize-cfg ] [ check-cfg ] bi ] with-cfg ]
        each
    ]
}
Unit Test: {
    [ ]
    [
        [ { byte-array } declare 10 \ alien-unsigned-4 execute ]
        test-builder
        [ [ [ optimize-cfg ] [ check-cfg ] bi ] with-cfg ]
        each
    ]
}
Unit Test: {
    [ ]
    [
        [
            { byte-array fixnum }
            declare
            \ alien-unsigned-4
            execute
        ]
        test-builder
        [ [ [ optimize-cfg ] [ check-cfg ] bi ] with-cfg ]
        each
    ]
}
Unit Test: {
    [ ]
    [
        [ { byte-array } declare 10 \ alien-cell execute ]
        test-builder
        [ [ [ optimize-cfg ] [ check-cfg ] bi ] with-cfg ]
        each
    ]
}
Unit Test: {
    [ ]
    [
        [ { byte-array fixnum } declare \ alien-cell execute ]
        test-builder
        [ [ [ optimize-cfg ] [ check-cfg ] bi ] with-cfg ]
        each
    ]
}
Unit Test: {
    [ ]
    [
        [ { byte-array } declare 10 \ alien-float execute ]
        test-builder
        [ [ [ optimize-cfg ] [ check-cfg ] bi ] with-cfg ]
        each
    ]
}
Unit Test: {
    [ ]
    [
        [ { byte-array fixnum } declare \ alien-float execute ]
        test-builder
        [ [ [ optimize-cfg ] [ check-cfg ] bi ] with-cfg ]
        each
    ]
}
Unit Test: {
    [ ]
    [
        [ { byte-array } declare 10 \ alien-double execute ]
        test-builder
        [ [ [ optimize-cfg ] [ check-cfg ] bi ] with-cfg ]
        each
    ]
}
Unit Test: {
    [ ]
    [
        [ { byte-array fixnum } declare \ alien-double execute ]
        test-builder
        [ [ [ optimize-cfg ] [ check-cfg ] bi ] with-cfg ]
        each
    ]
}
Unit Test: {
    [ ]
    [
        [
            { fixnum byte-array }
            declare
            10
            \ set-alien-signed-1
            execute
        ]
        test-builder
        [ [ [ optimize-cfg ] [ check-cfg ] bi ] with-cfg ]
        each
    ]
}
Unit Test: {
    [ ]
    [
        [
            { fixnum byte-array fixnum }
            declare
            \ set-alien-signed-1
            execute
        ]
        test-builder
        [ [ [ optimize-cfg ] [ check-cfg ] bi ] with-cfg ]
        each
    ]
}
Unit Test: {
    [ ]
    [
        [
            { fixnum byte-array }
            declare
            10
            \ set-alien-signed-2
            execute
        ]
        test-builder
        [ [ [ optimize-cfg ] [ check-cfg ] bi ] with-cfg ]
        each
    ]
}
Unit Test: {
    [ ]
    [
        [
            { fixnum byte-array fixnum }
            declare
            \ set-alien-signed-2
            execute
        ]
        test-builder
        [ [ [ optimize-cfg ] [ check-cfg ] bi ] with-cfg ]
        each
    ]
}
Unit Test: {
    [ ]
    [
        [
            { fixnum byte-array }
            declare
            10
            \ set-alien-signed-4
            execute
        ]
        test-builder
        [ [ [ optimize-cfg ] [ check-cfg ] bi ] with-cfg ]
        each
    ]
}
Unit Test: {
    [ ]
    [
        [
            { fixnum byte-array fixnum }
            declare
            \ set-alien-signed-4
            execute
        ]
        test-builder
        [ [ [ optimize-cfg ] [ check-cfg ] bi ] with-cfg ]
        each
    ]
}
Unit Test: {
    [ ]
    [
        [
            { fixnum byte-array }
            declare
            10
            \ set-alien-unsigned-1
            execute
        ]
        test-builder
        [ [ [ optimize-cfg ] [ check-cfg ] bi ] with-cfg ]
        each
    ]
}
Unit Test: {
    [ ]
    [
        [
            { fixnum byte-array fixnum }
            declare
            \ set-alien-unsigned-1
            execute
        ]
        test-builder
        [ [ [ optimize-cfg ] [ check-cfg ] bi ] with-cfg ]
        each
    ]
}
Unit Test: {
    [ ]
    [
        [
            { fixnum byte-array }
            declare
            10
            \ set-alien-unsigned-2
            execute
        ]
        test-builder
        [ [ [ optimize-cfg ] [ check-cfg ] bi ] with-cfg ]
        each
    ]
}
Unit Test: {
    [ ]
    [
        [
            { fixnum byte-array fixnum }
            declare
            \ set-alien-unsigned-2
            execute
        ]
        test-builder
        [ [ [ optimize-cfg ] [ check-cfg ] bi ] with-cfg ]
        each
    ]
}
Unit Test: {
    [ ]
    [
        [
            { fixnum byte-array }
            declare
            10
            \ set-alien-unsigned-4
            execute
        ]
        test-builder
        [ [ [ optimize-cfg ] [ check-cfg ] bi ] with-cfg ]
        each
    ]
}
Unit Test: {
    [ ]
    [
        [
            { fixnum byte-array fixnum }
            declare
            \ set-alien-unsigned-4
            execute
        ]
        test-builder
        [ [ [ optimize-cfg ] [ check-cfg ] bi ] with-cfg ]
        each
    ]
}
Unit Test: {
    [ ]
    [
        [
            { float byte-array }
            declare
            10
            \ set-alien-float
            execute
        ]
        test-builder
        [ [ [ optimize-cfg ] [ check-cfg ] bi ] with-cfg ]
        each
    ]
}
Unit Test: {
    [ ]
    [
        [
            { float byte-array fixnum }
            declare
            \ set-alien-float
            execute
        ]
        test-builder
        [ [ [ optimize-cfg ] [ check-cfg ] bi ] with-cfg ]
        each
    ]
}
Unit Test: {
    [ ]
    [
        [
            { float byte-array }
            declare
            10
            \ set-alien-double
            execute
        ]
        test-builder
        [ [ [ optimize-cfg ] [ check-cfg ] bi ] with-cfg ]
        each
    ]
}
Unit Test: {
    [ ]
    [
        [
            { float byte-array fixnum }
            declare
            \ set-alien-double
            execute
        ]
        test-builder
        [ [ [ optimize-cfg ] [ check-cfg ] bi ] with-cfg ]
        each
    ]
}
Unit Test: {
    [ ]
    [
        [
            { pinned-c-ptr byte-array }
            declare
            10
            \ set-alien-cell
            execute
        ]
        test-builder
        [ [ [ optimize-cfg ] [ check-cfg ] bi ] with-cfg ]
        each
    ]
}
Unit Test: {
    [ ]
    [
        [
            { pinned-c-ptr byte-array fixnum }
            declare
            \ set-alien-cell
            execute
        ]
        test-builder
        [ [ [ optimize-cfg ] [ check-cfg ] bi ] with-cfg ]
        each
    ]
}
Unit Test: {
    [ ]
    [
        [ { alien } declare 10 \ alien-signed-1 execute ]
        test-builder
        [ [ [ optimize-cfg ] [ check-cfg ] bi ] with-cfg ]
        each
    ]
}
Unit Test: {
    [ ]
    [
        [ { alien fixnum } declare \ alien-signed-1 execute ]
        test-builder
        [ [ [ optimize-cfg ] [ check-cfg ] bi ] with-cfg ]
        each
    ]
}
Unit Test: {
    [ ]
    [
        [ { alien } declare 10 \ alien-signed-2 execute ]
        test-builder
        [ [ [ optimize-cfg ] [ check-cfg ] bi ] with-cfg ]
        each
    ]
}
Unit Test: {
    [ ]
    [
        [ { alien fixnum } declare \ alien-signed-2 execute ]
        test-builder
        [ [ [ optimize-cfg ] [ check-cfg ] bi ] with-cfg ]
        each
    ]
}
Unit Test: {
    [ ]
    [
        [ { alien } declare 10 \ alien-signed-4 execute ]
        test-builder
        [ [ [ optimize-cfg ] [ check-cfg ] bi ] with-cfg ]
        each
    ]
}
Unit Test: {
    [ ]
    [
        [ { alien fixnum } declare \ alien-signed-4 execute ]
        test-builder
        [ [ [ optimize-cfg ] [ check-cfg ] bi ] with-cfg ]
        each
    ]
}
Unit Test: {
    [ ]
    [
        [ { alien } declare 10 \ alien-unsigned-1 execute ]
        test-builder
        [ [ [ optimize-cfg ] [ check-cfg ] bi ] with-cfg ]
        each
    ]
}
Unit Test: {
    [ ]
    [
        [ { alien fixnum } declare \ alien-unsigned-1 execute ]
        test-builder
        [ [ [ optimize-cfg ] [ check-cfg ] bi ] with-cfg ]
        each
    ]
}
Unit Test: {
    [ ]
    [
        [ { alien } declare 10 \ alien-unsigned-2 execute ]
        test-builder
        [ [ [ optimize-cfg ] [ check-cfg ] bi ] with-cfg ]
        each
    ]
}
Unit Test: {
    [ ]
    [
        [ { alien fixnum } declare \ alien-unsigned-2 execute ]
        test-builder
        [ [ [ optimize-cfg ] [ check-cfg ] bi ] with-cfg ]
        each
    ]
}
Unit Test: {
    [ ]
    [
        [ { alien } declare 10 \ alien-unsigned-4 execute ]
        test-builder
        [ [ [ optimize-cfg ] [ check-cfg ] bi ] with-cfg ]
        each
    ]
}
Unit Test: {
    [ ]
    [
        [ { alien fixnum } declare \ alien-unsigned-4 execute ]
        test-builder
        [ [ [ optimize-cfg ] [ check-cfg ] bi ] with-cfg ]
        each
    ]
}
Unit Test: {
    [ ]
    [
        [ { alien } declare 10 \ alien-cell execute ]
        test-builder
        [ [ [ optimize-cfg ] [ check-cfg ] bi ] with-cfg ]
        each
    ]
}
Unit Test: {
    [ ]
    [
        [ { alien fixnum } declare \ alien-cell execute ]
        test-builder
        [ [ [ optimize-cfg ] [ check-cfg ] bi ] with-cfg ]
        each
    ]
}
Unit Test: {
    [ ]
    [
        [ { alien } declare 10 \ alien-float execute ]
        test-builder
        [ [ [ optimize-cfg ] [ check-cfg ] bi ] with-cfg ]
        each
    ]
}
Unit Test: {
    [ ]
    [
        [ { alien fixnum } declare \ alien-float execute ]
        test-builder
        [ [ [ optimize-cfg ] [ check-cfg ] bi ] with-cfg ]
        each
    ]
}
Unit Test: {
    [ ]
    [
        [ { alien } declare 10 \ alien-double execute ]
        test-builder
        [ [ [ optimize-cfg ] [ check-cfg ] bi ] with-cfg ]
        each
    ]
}
Unit Test: {
    [ ]
    [
        [ { alien fixnum } declare \ alien-double execute ]
        test-builder
        [ [ [ optimize-cfg ] [ check-cfg ] bi ] with-cfg ]
        each
    ]
}
Unit Test: {
    [ ]
    [
        [
            { fixnum alien }
            declare
            10
            \ set-alien-signed-1
            execute
        ]
        test-builder
        [ [ [ optimize-cfg ] [ check-cfg ] bi ] with-cfg ]
        each
    ]
}
Unit Test: {
    [ ]
    [
        [
            { fixnum alien fixnum }
            declare
            \ set-alien-signed-1
            execute
        ]
        test-builder
        [ [ [ optimize-cfg ] [ check-cfg ] bi ] with-cfg ]
        each
    ]
}
Unit Test: {
    [ ]
    [
        [
            { fixnum alien }
            declare
            10
            \ set-alien-signed-2
            execute
        ]
        test-builder
        [ [ [ optimize-cfg ] [ check-cfg ] bi ] with-cfg ]
        each
    ]
}
Unit Test: {
    [ ]
    [
        [
            { fixnum alien fixnum }
            declare
            \ set-alien-signed-2
            execute
        ]
        test-builder
        [ [ [ optimize-cfg ] [ check-cfg ] bi ] with-cfg ]
        each
    ]
}
Unit Test: {
    [ ]
    [
        [
            { fixnum alien }
            declare
            10
            \ set-alien-signed-4
            execute
        ]
        test-builder
        [ [ [ optimize-cfg ] [ check-cfg ] bi ] with-cfg ]
        each
    ]
}
Unit Test: {
    [ ]
    [
        [
            { fixnum alien fixnum }
            declare
            \ set-alien-signed-4
            execute
        ]
        test-builder
        [ [ [ optimize-cfg ] [ check-cfg ] bi ] with-cfg ]
        each
    ]
}
Unit Test: {
    [ ]
    [
        [
            { fixnum alien }
            declare
            10
            \ set-alien-unsigned-1
            execute
        ]
        test-builder
        [ [ [ optimize-cfg ] [ check-cfg ] bi ] with-cfg ]
        each
    ]
}
Unit Test: {
    [ ]
    [
        [
            { fixnum alien fixnum }
            declare
            \ set-alien-unsigned-1
            execute
        ]
        test-builder
        [ [ [ optimize-cfg ] [ check-cfg ] bi ] with-cfg ]
        each
    ]
}
Unit Test: {
    [ ]
    [
        [
            { fixnum alien }
            declare
            10
            \ set-alien-unsigned-2
            execute
        ]
        test-builder
        [ [ [ optimize-cfg ] [ check-cfg ] bi ] with-cfg ]
        each
    ]
}
Unit Test: {
    [ ]
    [
        [
            { fixnum alien fixnum }
            declare
            \ set-alien-unsigned-2
            execute
        ]
        test-builder
        [ [ [ optimize-cfg ] [ check-cfg ] bi ] with-cfg ]
        each
    ]
}
Unit Test: {
    [ ]
    [
        [
            { fixnum alien }
            declare
            10
            \ set-alien-unsigned-4
            execute
        ]
        test-builder
        [ [ [ optimize-cfg ] [ check-cfg ] bi ] with-cfg ]
        each
    ]
}
Unit Test: {
    [ ]
    [
        [
            { fixnum alien fixnum }
            declare
            \ set-alien-unsigned-4
            execute
        ]
        test-builder
        [ [ [ optimize-cfg ] [ check-cfg ] bi ] with-cfg ]
        each
    ]
}
Unit Test: {
    [ ]
    [
        [ { float alien } declare 10 \ set-alien-float execute ]
        test-builder
        [ [ [ optimize-cfg ] [ check-cfg ] bi ] with-cfg ]
        each
    ]
}
Unit Test: {
    [ ]
    [
        [
            { float alien fixnum }
            declare
            \ set-alien-float
            execute
        ]
        test-builder
        [ [ [ optimize-cfg ] [ check-cfg ] bi ] with-cfg ]
        each
    ]
}
Unit Test: {
    [ ]
    [
        [
            { float alien }
            declare
            10
            \ set-alien-double
            execute
        ]
        test-builder
        [ [ [ optimize-cfg ] [ check-cfg ] bi ] with-cfg ]
        each
    ]
}
Unit Test: {
    [ ]
    [
        [
            { float alien fixnum }
            declare
            \ set-alien-double
            execute
        ]
        test-builder
        [ [ [ optimize-cfg ] [ check-cfg ] bi ] with-cfg ]
        each
    ]
}
Unit Test: {
    [ ]
    [
        [
            { pinned-c-ptr alien }
            declare
            10
            \ set-alien-cell
            execute
        ]
        test-builder
        [ [ [ optimize-cfg ] [ check-cfg ] bi ] with-cfg ]
        each
    ]
}
Unit Test: {
    [ ]
    [
        [
            { pinned-c-ptr alien fixnum }
            declare
            \ set-alien-cell
            execute
        ]
        test-builder
        [ [ [ optimize-cfg ] [ check-cfg ] bi ] with-cfg ]
        each
    ]
}
Unit Test: {
    [ ]
    [
        [ { POSTPONE: f } declare 10 \ alien-signed-1 execute ]
        test-builder
        [ [ [ optimize-cfg ] [ check-cfg ] bi ] with-cfg ]
        each
    ]
}
Unit Test: {
    [ ]
    [
        [
            { POSTPONE: f fixnum }
            declare
            \ alien-signed-1
            execute
        ]
        test-builder
        [ [ [ optimize-cfg ] [ check-cfg ] bi ] with-cfg ]
        each
    ]
}
Unit Test: {
    [ ]
    [
        [ { POSTPONE: f } declare 10 \ alien-signed-2 execute ]
        test-builder
        [ [ [ optimize-cfg ] [ check-cfg ] bi ] with-cfg ]
        each
    ]
}
Unit Test: {
    [ ]
    [
        [
            { POSTPONE: f fixnum }
            declare
            \ alien-signed-2
            execute
        ]
        test-builder
        [ [ [ optimize-cfg ] [ check-cfg ] bi ] with-cfg ]
        each
    ]
}
Unit Test: {
    [ ]
    [
        [ { POSTPONE: f } declare 10 \ alien-signed-4 execute ]
        test-builder
        [ [ [ optimize-cfg ] [ check-cfg ] bi ] with-cfg ]
        each
    ]
}
Unit Test: {
    [ ]
    [
        [
            { POSTPONE: f fixnum }
            declare
            \ alien-signed-4
            execute
        ]
        test-builder
        [ [ [ optimize-cfg ] [ check-cfg ] bi ] with-cfg ]
        each
    ]
}
Unit Test: {
    [ ]
    [
        [
            { POSTPONE: f }
            declare
            10
            \ alien-unsigned-1
            execute
        ]
        test-builder
        [ [ [ optimize-cfg ] [ check-cfg ] bi ] with-cfg ]
        each
    ]
}
Unit Test: {
    [ ]
    [
        [
            { POSTPONE: f fixnum }
            declare
            \ alien-unsigned-1
            execute
        ]
        test-builder
        [ [ [ optimize-cfg ] [ check-cfg ] bi ] with-cfg ]
        each
    ]
}
Unit Test: {
    [ ]
    [
        [
            { POSTPONE: f }
            declare
            10
            \ alien-unsigned-2
            execute
        ]
        test-builder
        [ [ [ optimize-cfg ] [ check-cfg ] bi ] with-cfg ]
        each
    ]
}
Unit Test: {
    [ ]
    [
        [
            { POSTPONE: f fixnum }
            declare
            \ alien-unsigned-2
            execute
        ]
        test-builder
        [ [ [ optimize-cfg ] [ check-cfg ] bi ] with-cfg ]
        each
    ]
}
Unit Test: {
    [ ]
    [
        [
            { POSTPONE: f }
            declare
            10
            \ alien-unsigned-4
            execute
        ]
        test-builder
        [ [ [ optimize-cfg ] [ check-cfg ] bi ] with-cfg ]
        each
    ]
}
Unit Test: {
    [ ]
    [
        [
            { POSTPONE: f fixnum }
            declare
            \ alien-unsigned-4
            execute
        ]
        test-builder
        [ [ [ optimize-cfg ] [ check-cfg ] bi ] with-cfg ]
        each
    ]
}
Unit Test: {
    [ ]
    [
        [ { POSTPONE: f } declare 10 \ alien-cell execute ]
        test-builder
        [ [ [ optimize-cfg ] [ check-cfg ] bi ] with-cfg ]
        each
    ]
}
Unit Test: {
    [ ]
    [
        [ { POSTPONE: f fixnum } declare \ alien-cell execute ]
        test-builder
        [ [ [ optimize-cfg ] [ check-cfg ] bi ] with-cfg ]
        each
    ]
}
Unit Test: {
    [ ]
    [
        [ { POSTPONE: f } declare 10 \ alien-float execute ]
        test-builder
        [ [ [ optimize-cfg ] [ check-cfg ] bi ] with-cfg ]
        each
    ]
}
Unit Test: {
    [ ]
    [
        [ { POSTPONE: f fixnum } declare \ alien-float execute ]
        test-builder
        [ [ [ optimize-cfg ] [ check-cfg ] bi ] with-cfg ]
        each
    ]
}
Unit Test: {
    [ ]
    [
        [ { POSTPONE: f } declare 10 \ alien-double execute ]
        test-builder
        [ [ [ optimize-cfg ] [ check-cfg ] bi ] with-cfg ]
        each
    ]
}
Unit Test: {
    [ ]
    [
        [
            { POSTPONE: f fixnum }
            declare
            \ alien-double
            execute
        ]
        test-builder
        [ [ [ optimize-cfg ] [ check-cfg ] bi ] with-cfg ]
        each
    ]
}
Unit Test: {
    [ ]
    [
        [
            { fixnum POSTPONE: f }
            declare
            10
            \ set-alien-signed-1
            execute
        ]
        test-builder
        [ [ [ optimize-cfg ] [ check-cfg ] bi ] with-cfg ]
        each
    ]
}
Unit Test: {
    [ ]
    [
        [
            { fixnum POSTPONE: f fixnum }
            declare
            \ set-alien-signed-1
            execute
        ]
        test-builder
        [ [ [ optimize-cfg ] [ check-cfg ] bi ] with-cfg ]
        each
    ]
}
Unit Test: {
    [ ]
    [
        [
            { fixnum POSTPONE: f }
            declare
            10
            \ set-alien-signed-2
            execute
        ]
        test-builder
        [ [ [ optimize-cfg ] [ check-cfg ] bi ] with-cfg ]
        each
    ]
}
Unit Test: {
    [ ]
    [
        [
            { fixnum POSTPONE: f fixnum }
            declare
            \ set-alien-signed-2
            execute
        ]
        test-builder
        [ [ [ optimize-cfg ] [ check-cfg ] bi ] with-cfg ]
        each
    ]
}
Unit Test: {
    [ ]
    [
        [
            { fixnum POSTPONE: f }
            declare
            10
            \ set-alien-signed-4
            execute
        ]
        test-builder
        [ [ [ optimize-cfg ] [ check-cfg ] bi ] with-cfg ]
        each
    ]
}
Unit Test: {
    [ ]
    [
        [
            { fixnum POSTPONE: f fixnum }
            declare
            \ set-alien-signed-4
            execute
        ]
        test-builder
        [ [ [ optimize-cfg ] [ check-cfg ] bi ] with-cfg ]
        each
    ]
}
Unit Test: {
    [ ]
    [
        [
            { fixnum POSTPONE: f }
            declare
            10
            \ set-alien-unsigned-1
            execute
        ]
        test-builder
        [ [ [ optimize-cfg ] [ check-cfg ] bi ] with-cfg ]
        each
    ]
}
Unit Test: {
    [ ]
    [
        [
            { fixnum POSTPONE: f fixnum }
            declare
            \ set-alien-unsigned-1
            execute
        ]
        test-builder
        [ [ [ optimize-cfg ] [ check-cfg ] bi ] with-cfg ]
        each
    ]
}
Unit Test: {
    [ ]
    [
        [
            { fixnum POSTPONE: f }
            declare
            10
            \ set-alien-unsigned-2
            execute
        ]
        test-builder
        [ [ [ optimize-cfg ] [ check-cfg ] bi ] with-cfg ]
        each
    ]
}
Unit Test: {
    [ ]
    [
        [
            { fixnum POSTPONE: f fixnum }
            declare
            \ set-alien-unsigned-2
            execute
        ]
        test-builder
        [ [ [ optimize-cfg ] [ check-cfg ] bi ] with-cfg ]
        each
    ]
}
Unit Test: {
    [ ]
    [
        [
            { fixnum POSTPONE: f }
            declare
            10
            \ set-alien-unsigned-4
            execute
        ]
        test-builder
        [ [ [ optimize-cfg ] [ check-cfg ] bi ] with-cfg ]
        each
    ]
}
Unit Test: {
    [ ]
    [
        [
            { fixnum POSTPONE: f fixnum }
            declare
            \ set-alien-unsigned-4
            execute
        ]
        test-builder
        [ [ [ optimize-cfg ] [ check-cfg ] bi ] with-cfg ]
        each
    ]
}
Unit Test: {
    [ ]
    [
        [
            { float POSTPONE: f }
            declare
            10
            \ set-alien-float
            execute
        ]
        test-builder
        [ [ [ optimize-cfg ] [ check-cfg ] bi ] with-cfg ]
        each
    ]
}
Unit Test: {
    [ ]
    [
        [
            { float POSTPONE: f fixnum }
            declare
            \ set-alien-float
            execute
        ]
        test-builder
        [ [ [ optimize-cfg ] [ check-cfg ] bi ] with-cfg ]
        each
    ]
}
Unit Test: {
    [ ]
    [
        [
            { float POSTPONE: f }
            declare
            10
            \ set-alien-double
            execute
        ]
        test-builder
        [ [ [ optimize-cfg ] [ check-cfg ] bi ] with-cfg ]
        each
    ]
}
Unit Test: {
    [ ]
    [
        [
            { float POSTPONE: f fixnum }
            declare
            \ set-alien-double
            execute
        ]
        test-builder
        [ [ [ optimize-cfg ] [ check-cfg ] bi ] with-cfg ]
        each
    ]
}
Unit Test: {
    [ ]
    [
        [
            { pinned-c-ptr POSTPONE: f }
            declare
            10
            \ set-alien-cell
            execute
        ]
        test-builder
        [ [ [ optimize-cfg ] [ check-cfg ] bi ] with-cfg ]
        each
    ]
}
Unit Test: {
    [ ]
    [
        [
            { pinned-c-ptr POSTPONE: f fixnum }
            declare
            \ set-alien-cell
            execute
        ]
        test-builder
        [ [ [ optimize-cfg ] [ check-cfg ] bi ] with-cfg ]
        each
    ]
}
Unit Test: { { t } [ [ swap ] [ ##replace? ] contains-insn? ] }
Unit Test: { { f } [ [ swap swap ] [ ##replace? ] contains-insn? ] }
Unit Test: {
    { t }
    [
        [
            { fixnum byte-array fixnum } declare
            set-alien-unsigned-1
        ] [ [ ##store-memory? ] [ ##store-memory-imm? ] bi or ]
        contains-insn?
    ]
}
Unit Test: {
    { t }
    [
        [
            { fixnum byte-array fixnum } declare
            [ dup * dup * ] 2dip set-alien-unsigned-1
        ] [ [ ##store-memory? ] [ ##store-memory-imm? ] bi or ]
        contains-insn?
    ]
}
Unit Test: {
    { f }
    [
        [ { byte-array fixnum } declare set-alien-unsigned-1 ]
        [ [ ##store-memory? ] [ ##store-memory-imm? ] bi or ]
        contains-insn?
    ]
}
Unit Test: {
    { t t }
    [
        [ { byte-array fixnum } declare alien-cell ] [
            [ [ ##load-memory? ] [ ##load-memory-imm? ] bi or ]
            contains-insn?
        ] [ [ ##box-alien? ] contains-insn? ] bi
    ]
}
Unit Test: {
    { f }
    [
        [ { byte-array integer } declare alien-cell ]
        [ [ ##load-memory? ] [ ##load-memory-imm? ] bi or ]
        contains-insn?
    ]
}
Unit Test: { { f } [ [ 1000 [ ] times ] [ ##peek? ] contains-insn? ] }
Unit Test: {
    { f t }
    [
        [
            { fixnum alien } declare <displaced-alien>
            0 alien-cell
        ] [ [ ##unbox-any-c-ptr? ] contains-insn? ]
        [ [ ##unbox-alien? ] contains-insn? ] bi
    ]
}
Unit Test: {
    [ f t ]
    [
        [
            { byte-array fixnum } declare alien-cell
            4 alien-float
        ] [ [ ##box-alien? ] contains-insn? ]
        [ [ ##allot? ] contains-insn? ] bi
    ]
}
Unit Test: {
    [ f t ]
    [
        [
            { byte-array fixnum } declare alien-cell
            { alien } declare 4 alien-float
        ] [ [ ##box-alien? ] contains-insn? ]
        [ [ ##allot? ] contains-insn? ] bi
    ]
}
Unit Test: { [ 1 ] [ [ dup float+ ] [ ##load-memory-imm? ] count-insns ] }
Unit Test: {
    { f }
    [
        M\ hashtable set-at
        [ { [ ##call? ] [ word>> \ set-slot eq? ] } 1&& ]
        contains-insn?
    ]
}
Unit Test: { { 2 } [ [ 1 2 ? ] [ ##return? ] count-insns ] }
Unit Test: {
    { f }
    [
        [ tag 1 swap fixnum-shift-fast ]
        [ ##compare-integer-imm-branch? ] contains-insn?
    ]
}
Unit Test: { { foo } [ init-cfg-test \ foo f begin-cfg word>> ] }
Unit Test: {
    { 5 }
    [
        [ dup ] build-tree optimize-tree gensym build-cfg
        first linearization-order length
    ]
}
Unit Test: {
    { 77 }
    [
        init-cfg-test
        { T{ #call { word + } } }
        V{ }
        77
        insns>block
        emit-branch
        first
        predecessors>>
        first
        predecessors>>
        first
        predecessors>>
        first
        number>>
    ]
}
Unit Test: {
    { V{ T{ ##call { word print } } T{ ##branch } } }
    [
        init-cfg-test
        <basic-block>
        dup
        set-basic-block
        \ print
        4
        emit-call
        predecessors>>
        first
        instructions>>
    ]
}
Unit Test: {
    { V{ 3 2 } }
    [
        init-cfg-test
        <basic-block>
        dup
        set-basic-block
        ##branch,
        T{ #if
            { in-d { 9 } }
            { children
                {
                    {
                        T{ #push
                            { literal 3 }
                            { out-d ~array~ }
                        }
                    }
                    {
                        T{ #push
                            { literal 2 }
                            { out-d ~array~ }
                        }
                    }
                }
            }
            { live-branches { t t } }
        }
        emit-if
        predecessors>>
        [ instructions>> first val>> ]
        map
    ]
}
Unit Test: {
    { 1 "good" }
    [
        V{ } 0 insns>block dup set-basic-block
        V{ } "good" insns>block swap [ emit-loop-call ] keep
        [ successors>> length ] [ successors>> first number>> ]
        bi
    ]
}
Unit Test: {
    {
        V{
            T{ ##load-integer { dst 3 } { val 0 } }
            T{ ##add { dst 4 } { src1 3 } { src2 2 } }
            T{ ##load-memory-imm
                { dst 5 }
                { base 4 }
                { offset 0 }
                { rep int-rep }
            }
            T{ ##box-alien { dst 7 } { src 5 } { temp 6 } }
        }
    }
    [
        init-cfg-test
        f
        T{ #call
            { word alien-cell }
            { in-d V{ 10 20 } }
            { out-d { 30 } }
        }
        [ emit-node drop ]
        V{ }
        make
    ]
}
Unit Test: {
    { V{ T{ ##call { word set-slot } } T{ ##branch } } }
    [
        init-cfg-test
        [
            <basic-block> dup set-basic-block
            call-node-1 emit-node
        ]
        V{ }
        make
        drop
        predecessors>>
        first
        instructions>>
    ]
}
Unit Test: {
    { { T{ ##load-integer { dst 78 } { val 0 } } } }
    [
        init-cfg-test
        77
        vreg-counter
        set-global
        [
            f
            T{ #push { literal 0 } { out-d { 8537399 } } }
            emit-node drop
        ]
        { }
        make
    ]
}
Unit Test: {
    {
        T{ height-state
            { ds-begin 0 }
            { rs-begin 0 }
            { ds-inc 1 }
            { rs-inc 0 }
        }
        H{ { D: 0 4 } { D: -1 4 } }
    }
    [
        init-cfg-test
        4
        D: 0
        replace-loc
        f
        T{ #shuffle
            { mapping { { 2 4 } { 3 4 } } }
            { in-d V{ 4 } }
            { out-d V{ 2 3 } }
        }
        emit-node
        drop
        height-state
        get
        replaces
        get
    ]
}
Unit Test: {
    { f }
    [
        init-cfg-test
        <basic-block>
        dup
        set-basic-block
        T{ #terminate { in-d { } } { in-r { } } }
        emit-node
    ]
}
Unit Test: {
    { V{ T{ ##safepoint } T{ ##epilogue } T{ ##return } } }
    [
        <basic-block> dup set-basic-block
        end-word instructions>>
    ]
}
Unit Test: {
    { { -2 0 } }
    [
        T{ #shuffle { in-d { 37 81 92 } } { out-d { 20 } } }
        height-changes
    ]
}
Unit Test: {
    { { { 37 D: 2 } { 81 D: 1 } { 92 D: 0 } } }
    [ T{ #shuffle { in-d { 37 81 92 } } } make-input-map ]
}
Unit Test: {
    { H{ { D: 2 1 } } }
    [
        init-cfg-test
        f
        T{ #shuffle
            { mapping { { 55 3 } } }
            { in-d { 7 3 0 } }
            { out-d { 55 } }
        }
        emit-node
        drop
        replaces
        get
    ]
}
Unit Test: {
    { H{ { D: 0 1 } { D: -1 1 } } }
    [
        init-cfg-test
        f
        T{ #shuffle
            { mapping { { 55 7 } { 77 7 } } }
            { in-d { 7 } }
            { out-d { 55 77 } }
        }
        emit-node
        drop
        replaces
        get
    ]
}
Unit Test: {
    { t }
    [
        init-cfg-test
        <basic-block>
        dup
        set-basic-block
        dup
        \ dummy-assembly
        build-tree
        optimize-tree
        first
        [ emit-node ]
        V{ }
        make
        drop
        eq?
    ]
}
Unit Test: {
    { 2 t }
    [
        \ dummy-callback build-tree optimize-tree gensym
        build-cfg [ length ] [ second frame-pointer?>> ] bi
    ]
}
Unit Test: {
    {
        V{
            T{ ##load-reference { dst 1 } { obj t } }
            T{ ##load-integer { dst 2 } { val 3 } }
            T{ ##copy { dst 4 } { src 1 } { rep any-rep } }
            T{ ##copy { dst 3 } { src 2 } { rep any-rep } }
            T{ ##inc { loc D: 2 } }
            T{ ##branch }
        }
    }
    [
        init-cfg-test
        <basic-block>
        dup
        set-basic-block
        \ dummy-callback
        build-tree
        optimize-tree
        3
        swap
        nth
        child>>
        [ emit-callback-body drop ]
        V{ }
        make
    ]
}
Unit Test: {
    { "malloc" f }
    [
        f f cdecl f "libc" "malloc" alien-invoke-params boa
        caller-linkage [ path>> alien>native-string ] ?call
    ]
}
Unit Test: {
    { t "fdkjlsdflfd" }
    [
        begin-stack-analysis \ foo f begin-cfg drop
        f f cdecl f f "fdkjlsdflfd" alien-invoke-params boa
        caller-linkage 2drop linkage-errors get foo of error>>
        [ no-such-symbol? ] [ name>> ] bi
    ]
}
Unit Test: {
    { { 1 42 } { { int-rep f f } { double-rep f f } } 1 }
    [
        init-cfg-test
        ordinary-struct-result-cpu
        \ cpu
        [
            [
                { 42 } { { double-rep f f } } indirect-result
                prepare-struct-caller
            ] V{ } make drop
        ]
        with-variable
    ]
}
Unit Test: {
    { { 1 } { { int-rep f f } } 1 }
    [
        init-cfg-test
        ordinary-struct-result-cpu
        \ cpu
        [
            [ { } { } indirect-result prepare-struct-caller ]
            V{ } make drop
        ]
        with-variable
    ]
}
Unit Test: {
    { 0 }
    [
        alien-node-params new long >>return cdecl >>abi
        25 caller-stack-cleanup
    ]
}
Unit Test: { { } [ "malloc" f check-dlsym ] }
Unit Test: {
    { { { 1 int-rep X0 } } { { 2 double-rep V0 } } }
    [
        init-cfg-test
        T{ alien-invoke-params { return int } }
        prepare-caller-return
        T{ alien-invoke-params { return double } }
        prepare-caller-return
    ]
}
Unit Test: {
    {
        { 2 3 }
        { { int-rep f f 8 } { int-rep f f 4 } }
        V{ T{ ##unbox-any-c-ptr { dst 2 } { src 1 } } }
    }
    [
        init-cfg-test
        [ { c-string int } unbox-parameters ]
        V{ }
        make
    ]
}
Unit Test: {
    { V{ } V{ } f f }
    [
        cdecl
        [ ] with-param-regs reg-values get stack-values get
    ]
}
Unit Test: {
    {
        V{
            { int-rep X0 }
            { int-rep X1 }
            { int-rep X2 }
            { int-rep X3 }
        }
        V{ }
    }
    [
        init-cfg-test
        { float double half bfloat }
        windows-vararg-layout
    ]
}
Unit Test: {
    { V{ { int-rep X0 } { int-rep X1 } { int-rep X2 } } V{ } }
    [
        init-cfg-test
        { windows-vararg-pair windows-vararg-hfa }
        windows-vararg-layout
    ]
}
Unit Test: {
    {
        V{
            { int-rep X0 }
            { int-rep X1 }
            { int-rep X2 }
            { int-rep X3 }
            { int-rep X4 }
            { int-rep X5 }
            { int-rep X6 }
            { int-rep X7 }
        }
        V{ { int-rep 0 8 } { int-rep 8 8 } }
    }
    [
        init-cfg-test
        {
            int
            int
            int
            int
            int
            int
            int
            windows-vararg-pair
            double
        }
        windows-vararg-layout
    ]
}
Unit Test: {
    { V{ { int-rep X0 } { int-rep X1 } { int-rep X2 } } V{ } }
    [ init-cfg-test { int float-4 } windows-vararg-layout ]
}
Unit Test: {
    { { { int-rep f f 8 } } { { int-rep f f 2 } } }
    [
        init-cfg-test
        double
        base-type
        flatten-windows-vararg-type
        half
        base-type
        flatten-windows-vararg-type
    ]
}
Unit Test: { { { { int-rep f f 4 } } } [ int base-type flatten-c-type ] }
Unit Test: {
    { { { int-rep f f } { int-rep f f } } }
    [
        some-struct base-type base-type flatten-c-type
        [ first3 3array ] map
    ]
}
Unit Test: {
    { { 20 } { { int-rep f f 4 } } { } }
    [ reset-vreg-counter [ 20 int base-type unbox ] { } make ]
}
Unit Test: {
    {
        { 2 3 }
        { { int-rep f f } { int-rep f f } }
        {
            T{ ##unbox-any-c-ptr { dst 1 } { src 20 } }
            T{ ##load-memory-imm
                { dst 2 }
                { base 1 }
                { offset 0 }
                { rep int-rep }
            }
            T{ ##load-memory-imm
                { dst 3 }
                { base 1 }
                { offset 8 }
                { rep int-rep }
            }
        }
    }
    [
        init-cfg-test
        [ 20 some-struct base-type unbox [ first3 3array ] map ]
        { }
        make
    ]
}
Unit Test: {
    {
        { 1 }
        { { int-rep f f 8 } }
        { T{ ##unbox-any-c-ptr { dst 1 } { src 77 } } }
    }
    [
        init-cfg-test
        [ 77 c-string base-type unbox-parameter ]
        { }
        make
    ]
}
Unit Test: {
    { { 77 } { { int-rep f f 4 } } { } }
    [
        init-cfg-test
        [ 77 int base-type unbox-parameter ]
        { }
        make
    ]
}
Unit Test: {
    { f t V{ } f }
    [
        V{ 1 2 3 } clone f reg-class-full? V{ 1 } clone
        [ t reg-class-full? ] keep V{ 1 2 } t reg-class-full?
    ]
}
Unit Test: {
    { 20 }
    [
        init-cfg-test
        { }
        20
        insns>block
        (begin-basic-block)
        predecessors>>
        first
        number>>
    ]
}
Unit Test: {
    { f }
    [
        init-cfg-test
        height-state
        get
        <basic-block>
        begin-branch
        drop
        height-state
        get
        eq?
    ]
}
Unit Test: { { f } [ init-cfg-test <basic-block> dup begin-branch eq? ] }
Unit Test: {
    {
        V{ T{ ##call { word 2drop } } }
        T{ height-state
            { ds-begin 0 }
            { rs-begin 0 }
            { ds-inc -2 }
            { rs-inc 0 }
        }
    }
    [
        init-cfg-test
        \ 2drop
        -2
        <basic-block>
        [ emit-call-block ]
        V{ }
        make
        height-state
        get
    ]
}
Unit Test: {
    { V{ T{ ##no-tco } T{ ##branch } } }
    [
        init-cfg-test
        <basic-block>
        dup
        set-basic-block
        [ drop ##no-tco, ]
        emit-trivial-block
        predecessors>>
        first
        instructions>>
    ]
}
Unit Test: {
    { }
    [
        <basic-block> dup set-basic-block
        ##branch, end-basic-block
    ]
}
Unit Test: {
    { { "succ" "succ" "succ" } }
    [
        3 [ <basic-block> ] replicate
        <basic-block> "succ" >>number dupd connect-Nto1-bbs
        [ successors>> first number>> ] map
    ]
}
Unit Test: { { } [ diamond check-ssa ] }
Must Fail With: {
    [ diamond 3 get instructions>> reverse! drop check-ssa ]
    [ misplaced-phi? ]
}
Must Fail With: {
    [
        diamond 3 get instructions>> first inputs>> 1 get swap
        delete-at check-ssa
    ]
    [ bad-phi-inputs? ]
}
Must Fail With: {
    [
        diamond 3 get instructions>> second 1 >>src drop
        check-ssa
    ]
    [ non-dominating-ssa-use? ]
}
Must Fail With: {
    [
        diamond 3 get instructions>> second 99 >>src drop
        check-ssa
    ]
    [ undefined-ssa-use? ]
}
Must Fail With: {
    [
        diamond 3 get instructions>> second 3 >>dst drop
        check-ssa
    ]
    [ duplicate-ssa-definition? ]
}
Must Fail With: {
    [
        diamond 3 get instructions>> first inputs>> 2 1 get rot
        set-at check-ssa
    ]
    [ non-dominating-ssa-use? ]
}
Must Fail With: {
    [
        diamond dup needs-predecessors
        0 get 3 get predecessors>> push check-ssa
    ]
    [ bad-predecessors? ]
}
Must Fail With: {
    [ diamond 1 get V{ } clone >>successors drop check-ssa ]
    [ bad-phi-inputs? ]
}
Unit Test: {
    { }
    [
        V{
            T{ ##load-integer { dst 0 } { val 0 } }
            T{ ##branch }
        } 0 fresh-bb V{
            T{ ##add-imm { dst 2 } { src1 1 } { src2 1 } }
            T{ ##branch }
        } 2 fresh-bb V{
            T{ ##phi { dst 1 } { inputs H{ { 0 0 } { 2 2 } } } }
            T{ ##branch }
        } 1 fresh-bb 0 1 edge 1 2 edge 2 1 edge
        0 get block>cfg check-ssa
    ]
}
Unit Test: { { } [ test-copy-propagation ] }
Unit Test: {
    {
        V{
            T{ ##replace { src 0 } { loc D: 0 } }
            T{ ##replace { src 4 } { loc D: 1 } }
            T{ ##replace { src 4 } { loc D: 2 } }
            T{ ##branch }
        }
    }
    [ 5 get instructions>> ]
}
Unit Test: { { } [ test-copy-propagation ] }
Unit Test: {
    { V{ T{ ##replace { src 0 } { loc D: 1 } } T{ ##branch } } }
    [ 3 get instructions>> ]
}
Unit Test: {
    { 3 { 2 3 2 } }
    [
        V{
            T{ ##peek { dst 0 } { loc D: 0 } }
            T{ ##peek { dst 1 } { loc D: 1 } }
            T{ ##branch }
        } 0 test-bb V{ T{ ##branch } } 1 test-bb
        V{ T{ ##branch } } 2 test-bb V{
            T{ ##phi { dst 2 } { inputs { { 1 0 } { 2 1 } } } }
            T{ ##phi { dst 3 } { inputs { { 2 0 } { 1 1 } } } }
            T{ ##phi { dst 4 } { inputs { { 2 1 } { 1 0 } } } }
            T{ ##replace { src 2 } { loc D: 0 } }
            T{ ##replace { src 3 } { loc D: 1 } }
            T{ ##replace { src 4 } { loc D: 2 } }
            T{ ##branch }
        } 3 test-bb 0 { 1 2 } edges 1 3 edge 2 3 edge
        test-copy-propagation 3 get instructions>>
        [ [ ##phi? ] count ]
        [ [ ##replace? ] filter [ src>> ] map >array ] bi
    ]
}
Unit Test: {
    { { V{ } } { V{ } } }
    [
        { } 0 insns>block block>cfg 10 im-a-dfa boa
        run-dataflow-analysis [ values ] bi@
    ]
}
Unit Test: {
    { V{ f "ready" f } 4 }
    [
        counted-out-sets new H{ { 1 f } { 3 "ready" } } >>assoc
        [
            { } 0 insns>block V{ 1 2 3 1 } >>predecessors
            swap im-a-dfa new compute-in-set
        ] [ lookups>> ] bi
    ]
}
Unit Test: {
    { V{ } 2 }
    [
        counted-out-sets new H{ } >>assoc [
            { } 0 insns>block V{ 1 2 } >>predecessors
            swap im-a-dfa new compute-in-set
        ] [ lookups>> ] bi
    ]
}
Unit Test: {
    {
        V{
            T{ ##load-integer { dst 1 } { val 8 } }
            T{ ##load-integer { dst 2 } { val 16 } }
            T{ ##add { dst 3 } { src1 1 } { src2 2 } }
            T{ ##replace { src 3 } { loc D: 0 } }
        }
    }
    [
        V{
            T{ ##load-integer { dst 1 } { val 8 } }
            T{ ##load-integer { dst 2 } { val 16 } }
            T{ ##add { dst 3 } { src1 1 } { src2 2 } }
            T{ ##replace { src 3 } { loc D: 0 } }
        } test-dce
    ]
}
Unit Test: {
    { V{ } }
    [
        V{
            T{ ##load-integer { dst 1 } { val 8 } }
            T{ ##load-integer { dst 2 } { val 16 } }
            T{ ##add { dst 3 } { src1 1 } { src2 2 } }
        } test-dce
    ]
}
Unit Test: {
    { V{ } }
    [
        V{
            T{ ##load-integer { dst 3 } { val 8 } }
            T{ ##allot { dst 1 } { temp 2 } }
        } test-dce
    ]
}
Unit Test: {
    { V{ } }
    [
        V{
            T{ ##load-integer { dst 3 } { val 8 } }
            T{ ##allot { dst 1 } { temp 2 } }
            T{ ##set-slot-imm { src 3 } { obj 1 } }
        } test-dce
    ]
}
Unit Test: {
    {
        V{
            T{ ##load-integer { dst 3 } { val 8 } }
            T{ ##allot { dst 1 } { temp 2 } }
            T{ ##set-slot-imm { src 3 } { obj 1 } }
            T{ ##replace { src 1 } { loc D: 0 } }
        }
    }
    [
        V{
            T{ ##load-integer { dst 3 } { val 8 } }
            T{ ##allot { dst 1 } { temp 2 } }
            T{ ##set-slot-imm { src 3 } { obj 1 } }
            T{ ##replace { src 1 } { loc D: 0 } }
        } test-dce
    ]
}
Unit Test: {
    {
        V{
            T{ ##allot { dst 1 } { temp 2 } }
            T{ ##replace { src 1 } { loc D: 0 } }
        }
    }
    [
        V{
            T{ ##allot { dst 1 } { temp 2 } }
            T{ ##replace { src 1 } { loc D: 0 } }
        } test-dce
    ]
}
Unit Test: {
    {
        V{
            T{ ##allot { dst 1 } { temp 2 } }
            T{ ##replace { src 1 } { loc D: 0 } }
            T{ ##load-integer { dst 3 } { val 8 } }
            T{ ##set-slot-imm { src 3 } { obj 1 } }
        }
    }
    [
        V{
            T{ ##allot { dst 1 } { temp 2 } }
            T{ ##replace { src 1 } { loc D: 0 } }
            T{ ##load-integer { dst 3 } { val 8 } }
            T{ ##set-slot-imm { src 3 } { obj 1 } }
        } test-dce
    ]
}
Unit Test: {
    { T{ ##peek { dst 123 } { loc D: 0 } } }
    [
        { T{ ##peek { dst 123 } { loc D: 0 } } } 0 insns>block
        block>cfg compute-insns 123 insn-of
    ]
}
Unit Test: { { } [ 0 get compute-defs ] }
Unit Test: { { } [ test-dominance ] }
Unit Test: { { t } [ 0 get dom-parent 0 get eq? ] }
Unit Test: { { t } [ 1 get dom-parent 0 get eq? ] }
Unit Test: { { t } [ 2 get dom-parent 0 get eq? ] }
Unit Test: { { t } [ 4 get dom-parent 0 get eq? ] }
Unit Test: { { t } [ 3 get dom-parent 1 get eq? ] }
Unit Test: { { t } [ 5 get dom-parent 4 get eq? ] }
Unit Test: { { t } [ 0 get dom-children 1 get 2 get 4 get 3array set= ] }
Unit Test: { { t } [ 0 get 3 get dominates? ] }
Unit Test: { { f } [ 3 get 4 get dominates? ] }
Unit Test: { { f } [ 1 get 4 get dominates? ] }
Unit Test: { { t } [ 4 get 5 get dominates? ] }
Unit Test: { { f } [ 1 get 5 get dominates? ] }
Unit Test: { { } [ test-dominance ] }
Unit Test: { { t } [ 0 4 [a..b] [ get dom-parent 0 get eq? ] all? ] }
Unit Test: { { } [ test-dominance ] }
Unit Test: { { t } [ 0 5 [a..b] [ get dom-parent 0 get eq? ] all? ] }
Unit Test: {
    { t }
    [
        20
        [ non-det-test needs-dominance dom-childrens>numbers ]
        replicate all-equal?
    ]
}
Unit Test: {
    { t f }
    [
        V{ T{ ##inc } T{ ##allot } } 0 insns>block
        insert-gc-check? V{ T{ ##call } } 0 insns>block
        insert-gc-check?
    ]
}
Unit Test: {
    { t }
    [
        V{ T{ ##box-alien { dst 0 } { src 1 } } }
        allocation-size 123 <alien> size =
    ]
}
Unit Test: {
    { t }
    [
        V{ T{ ##box-alien } T{ ##replace } } allocation-size 5
        cells data-alignment get align =
    ]
}
Unit Test: {
    {
        {
            V{
                T{ ##inc }
                T{ ##peek }
                T{ ##alien-invoke }
                T{ ##check-nursery-branch
                    { size 64 }
                    { cc cc<= }
                    { temp1 1 }
                    { temp2 2 }
                }
            }
            V{
                T{ ##allot
                    { dst 1 }
                    { size 64 }
                    { class-of byte-array }
                }
                T{ ##add }
                T{ ##branch }
            }
        }
    }
    [
        init-cfg-test
        {
            V{ T{ ##inc } T{ ##peek } T{ ##alien-invoke } }
            V{
                T{ ##allot
                    { dst 1 }
                    { size 64 }
                    { class-of byte-array }
                }
                T{ ##add }
                T{ ##branch }
            }
        }
        [ add-gc-checks ]
        keep
    ]
}
Unit Test: {
    { { } }
    [
        V{ T{ ##inc } T{ ##peek } T{ ##add } T{ ##branch } }
        gc-check-offsets
    ]
}
Unit Test: {
    { { } }
    [
        V{
            T{ ##inc }
            T{ ##peek }
            T{ ##alien-invoke }
            T{ ##add }
            T{ ##branch }
        } gc-check-offsets
    ]
}
Unit Test: {
    { { 0 } }
    [
        V{
            T{ ##inc }
            T{ ##peek }
            T{ ##allot }
            T{ ##alien-invoke }
            T{ ##add }
            T{ ##branch }
        } gc-check-offsets
    ]
}
Unit Test: {
    { { 0 } }
    [
        V{
            T{ ##inc }
            T{ ##peek }
            T{ ##allot }
            T{ ##allot }
            T{ ##add }
            T{ ##branch }
        } gc-check-offsets
    ]
}
Unit Test: {
    { { 0 4 } }
    [
        V{
            T{ ##inc }
            T{ ##peek }
            T{ ##allot }
            T{ ##alien-invoke }
            T{ ##allot }
            T{ ##add }
            T{ ##sub }
            T{ ##branch }
        } gc-check-offsets
    ]
}
Unit Test: {
    { { 3 } }
    [
        V{
            T{ ##inc }
            T{ ##peek }
            T{ ##alien-invoke }
            T{ ##allot }
            T{ ##add }
            T{ ##branch }
        } gc-check-offsets
    ]
}
Unit Test: { { { { "a" } } } [ { "a" } { } split-instructions ] }
Unit Test: { { { { } { "a" } } } [ { "a" } { 0 } split-instructions ] }
Unit Test: { { { { "a" } { } } } [ { "a" } { 1 } split-instructions ] }
Unit Test: {
    { { { "a" } { "b" } } }
    [ { "a" "b" } { 1 } split-instructions ]
}
Unit Test: {
    { { { } { "a" } { "b" "c" } } }
    [ { "a" "b" "c" } { 0 1 } split-instructions ]
}
Unit Test: { { } [ test-gc-checks ] }
Unit Test: { { t } [ cfg get blocks-with-gc 1 get 1array sequence= ] }
Unit Test: { { t } [ <gc-call> gc-call? ] }
Unit Test: { { } [ test-gc-checks ] }
Unit Test: { { } [ cfg get insert-gc-checks ] }
Unit Test: { { } [ 1 get successors>> first successors>> first 2 set ] }
Unit Test: { { 2 } [ 2 get predecessors>> length ] }
Unit Test: { { t } [ 1 get successors>> first gc-check? ] }
Unit Test: {
    { 64 }
    [ 1 get successors>> first instructions>> first size>> ]
}
Unit Test: { { t } [ 2 get predecessors>> first gc-check? ] }
Unit Test: {
    { V{ T{ ##call-gc { gc-map T{ gc-map } } } T{ ##branch } } }
    [ 2 get predecessors>> second instructions>> ]
}
Unit Test: { { 8 } [ cfg get reverse-post-order length ] }
Unit Test: { { } [ test-gc-checks ] }
Unit Test: { { } [ cfg get insert-gc-checks ] }
Unit Test: { { } [ 1 get successors>> first successors>> first 3 set ] }
Unit Test: {
    { t }
    [ 2 get successors>> first instructions>> first ##phi? ]
}
Unit Test: { { 2 } [ 3 get instructions>> length ] }
Unit Test: { { } [ test-gc-checks ] }
Unit Test: { { } [ cfg get insert-gc-checks ] }
Unit Test: {
    { }
    [
        0 get successors>> first predecessors>>
        [ first 0 get assert= ]
        [ second 1 get [ instructions>> ] bi@ assert= ] bi
    ]
}
Unit Test: {
    { }
    [
        0 get successors>> first successors>>
        [ first 1 get [ instructions>> ] bi@ assert= ]
        [ second gc-call? t assert= ] bi
    ]
}
Unit Test: {
    { }
    [
        2 get predecessors>> first predecessors>>
        [ first gc-check? t assert= ]
        [ second gc-call? t assert= ] bi
    ]
}
Unit Test: { { } [ test-gc-checks ] }
Unit Test: { { } [ cfg get insert-gc-checks ] }
Unit Test: {
    {
        V{
            T{ ##alien-invoke
                { varargs? "malloc" }
                { stack-size T{ gc-map } }
            }
            T{ ##check-nursery-branch
                { size 64 }
                { cc cc<= }
                { temp1 3 }
                { temp2 4 }
            }
        }
    }
    [ 0 get successors>> first instructions>> ]
}
Unit Test: { { } [ test-gc-checks ] }
Unit Test: { { } [ cfg get insert-gc-checks ] }
Unit Test: {
    {
        V{
            T{ ##alien-invoke
                { varargs? "malloc" }
                { stack-size T{ gc-map } }
            }
            T{ ##check-nursery-branch
                { size 64 }
                { cc cc<= }
                { temp1 3 }
                { temp2 4 }
            }
        }
    }
    [ 0 get successors>> first instructions>> ]
}
Unit Test: {
    {
        V{
            T{ ##allot
                { dst 1 }
                { size 64 }
                { class-of byte-array }
            }
            T{ ##alien-invoke
                { varargs? "malloc" }
                { stack-size T{ gc-map } }
            }
            T{ ##check-nursery-branch
                { size 64 }
                { cc cc<= }
                { temp1 5 }
                { temp2 6 }
            }
        }
    }
    [
        0 get successors>> first successors>> first
        instructions>>
    ]
}
Unit Test: {
    {
        V{
            T{ ##allot
                { dst 2 }
                { size 64 }
                { class-of byte-array }
            }
            T{ ##branch }
        }
    }
    [
        0 get successors>> first successors>> first successors>>
        first instructions>>
    ]
}
Unit Test: {
    {
        1
        V{
            T{ ##local-allot { dst 1 } { size 32 } { align 8 } }
        }
    }
    [ reset-vreg-counter [ 32 8 f ^^local-allot ] V{ } make ]
}
Unit Test: {
    { t t }
    [
        [
            \ ^^blend-vector forget {
                M\ ##blend-vector defs-vregs
                M\ ##blend-vector uses-vregs
                M\ ##blend-vector >expr
                M\ ##blend-vector defs-vreg-reps
                M\ ##blend-vector rename-insn-defs
                M\ ##blend-vector ssa-rename-insn-defs
                M\ ##blend-vector convert-insn-defs
                M\ ##blend-vector assign-insn-defs
            } [ forget ] each "compiler.cfg.instructions" reload
        ] with-compilation-unit
        "^^blend-vector" "compiler.cfg.hats" lookup-word word? {
            defs-vregs
            uses-vregs
            >expr
            defs-vreg-reps
            rename-insn-defs
            ssa-rename-insn-defs
            convert-insn-defs
            assign-insn-defs
        } [ "methods" word-prop ##blend-vector swap key? ] all?
    ]
}
Unit Test: {
    { { 1 } { 2 3 4 } { int-4-rep } }
    [
        T{ ##blend-vector
            { dst 1 }
            { mask 2 }
            { yes 3 }
            { no 4 }
            { rep int-4-rep }
        } [ defs-vregs ] [ uses-vregs ] [ defs-vreg-reps ] tri
    ]
}
Unit Test: {
    {
        V{
            T{ ##call { word <displaced-alien> } }
            T{ ##branch }
        }
    }
    [
        init-cfg-test
        <basic-block>
        dup
        set-basic-block
        call-<displaced-alien>
        emit-<displaced-alien>
        predecessors>>
        first
        instructions>>
    ]
}
Unit Test: {
    {
        V{
            T{ ##load-integer { dst 3 } { val 0 } }
            T{ ##add { dst 4 } { src1 3 } { src2 2 } }
            T{ ##load-memory-imm
                { dst 5 }
                { base 4 }
                { offset 0 }
                { rep int-rep }
            }
            T{ ##box-alien { dst 7 } { src 5 } { temp 6 } }
        }
    }
    [
        init-cfg-test
        <basic-block>
        T{ #call
            { word alien-cell }
            { in-d V{ 10 20 } }
            { out-d { 30 } }
        }
        [ emit-alien-cell drop ]
        V{ }
        make
    ]
}
Unit Test: {
    {
        V{
            T{ ##compare-integer
                { dst 4 }
                { src1 1 }
                { src2 2 }
                { cc cc> }
                { temp 3 }
            }
        }
    }
    [ init-cfg-test [ cc> emit-fixnum-comparison ] V{ } make ]
}
Unit Test: {
    {
        V{
            T{ ##compare-integer-imm-branch
                { src1 1 }
                { src2 0 }
                { cc cc> }
            }
        }
        108
    }
    [
        init-cfg-test
        V{ }
        108
        insns>block
        dup
        set-basic-block
        emit-fixnum-shift-general
        predecessors>>
        first
        predecessors>>
        first
        [ instructions>> ]
        [ number>> ]
        bi
    ]
}
Unit Test: {
    {
        V{
            T{ ##copy { dst 1 } { src 321 } { rep any-rep } }
            T{ ##inc { loc D: -1 } }
            T{ ##branch }
        }
        77
    }
    [
        init-cfg-test
        321
        V{ }
        77
        insns>block
        emit-no-overflow-case
        first
        [ instructions>> ]
        [ predecessors>> first number>> ]
        bi
    ]
}
Unit Test: {
    { V{ T{ ##call { word 2drop } } T{ ##branch } } 107 }
    [
        init-cfg-test
        \ 2drop
        V{ }
        107
        insns>block
        emit-overflow-case
        first
        [ instructions>> ]
        [ predecessors>> first number>> ]
        bi
    ]
}
Unit Test: {
    { { ##add-vector } }
    [ simple-ops-cpu float-4-rep [ emit-simd-v+ ] test-emit ]
}
Unit Test: {
    { { ##sub-vector } }
    [ simple-ops-cpu float-4-rep [ emit-simd-v- ] test-emit ]
}
Unit Test: {
    { { ##load-reference ##sub-vector } }
    [ simple-ops-cpu float-4-rep [ emit-simd-vneg ] test-emit ]
}
Unit Test: {
    { { ##zero-vector ##sub-vector } }
    [ simple-ops-cpu int-4-rep [ emit-simd-vneg ] test-emit ]
}
Unit Test: {
    { { ##mul-vector } }
    [ simple-ops-cpu float-4-rep [ emit-simd-v* ] test-emit ]
}
Unit Test: {
    { { ##div-vector } }
    [ simple-ops-cpu float-4-rep [ emit-simd-v/ ] test-emit ]
}
Unit Test: {
    { { ##add-sub-vector } }
    [ addsub-cpu float-4-rep [ emit-simd-v+- ] test-emit ]
}
Unit Test: {
    { { ##load-reference ##mul-vector ##add-vector } }
    [ simple-ops-cpu float-4-rep [ emit-simd-v+- ] test-emit ]
}
Unit Test: {
    {
        {
            ##load-reference
            ##xor-vector
            ##sub-vector
            ##add-vector
        }
    }
    [ simple-ops-cpu int-4-rep [ emit-simd-v+- ] test-emit ]
}
Unit Test: {
    { { ##add-vector } }
    [ simple-ops-cpu float-4-rep [ emit-simd-vs+ ] test-emit ]
}
Unit Test: {
    { { ##add-vector } }
    [ saturating-cpu float-4-rep [ emit-simd-vs+ ] test-emit ]
}
Unit Test: {
    { { ##saturated-add-vector } }
    [ saturating-cpu int-4-rep [ emit-simd-vs+ ] test-emit ]
}
Unit Test: {
    { { ##sub-vector } }
    [ simple-ops-cpu float-4-rep [ emit-simd-vs- ] test-emit ]
}
Unit Test: {
    { { ##sub-vector } }
    [ saturating-cpu float-4-rep [ emit-simd-vs- ] test-emit ]
}
Unit Test: {
    { { ##saturated-sub-vector } }
    [ saturating-cpu int-4-rep [ emit-simd-vs- ] test-emit ]
}
Unit Test: {
    { { ##mul-vector } }
    [ simple-ops-cpu float-4-rep [ emit-simd-vs* ] test-emit ]
}
Unit Test: {
    { { ##mul-vector } }
    [ saturating-cpu float-4-rep [ emit-simd-vs* ] test-emit ]
}
Unit Test: {
    { { ##saturated-mul-vector } }
    [ saturating-cpu int-4-rep [ emit-simd-vs* ] test-emit ]
}
Unit Test: {
    { { ##min-vector } }
    [ minmax-cpu int-4-rep [ emit-simd-vmin ] test-emit ]
}
Unit Test: {
    {
        {
            ##compare-vector
            ##and-vector
            ##andn-vector
            ##or-vector
        }
    }
    [ compare-cpu int-4-rep [ emit-simd-vmin ] test-emit ]
}
Unit Test: {
    { { ##max-vector } }
    [ minmax-cpu int-4-rep [ emit-simd-vmax ] test-emit ]
}
Unit Test: {
    {
        {
            ##compare-vector
            ##and-vector
            ##andn-vector
            ##or-vector
        }
    }
    [ compare-cpu int-4-rep [ emit-simd-vmax ] test-emit ]
}
Unit Test: {
    { { ##dot-vector } }
    [ dot-cpu float-4-rep [ emit-simd-vdot ] test-emit ]
}
Unit Test: {
    {
        {
            ##mul-vector
            ##horizontal-add-vector
            ##horizontal-add-vector
            ##vector>scalar
        }
    }
    [ horizontal-cpu float-4-rep [ emit-simd-vdot ] test-emit ]
}
Unit Test: {
    {
        {
            ##mul-vector
            ##merge-vector-head
            ##merge-vector-tail
            ##add-vector
            ##merge-vector-head
            ##merge-vector-tail
            ##add-vector
            ##vector>scalar
        }
    }
    [ simple-ops-cpu float-4-rep [ emit-simd-vdot ] test-emit ]
}
Unit Test: {
    { { ##sqrt-vector } }
    [ simple-ops-cpu float-4-rep [ emit-simd-vsqrt ] test-emit ]
}
Unit Test: {
    { { ##horizontal-add-vector ##vector>scalar } }
    [ horizontal-cpu double-2-rep [ emit-simd-sum ] test-emit ]
}
Unit Test: {
    {
        {
            ##horizontal-add-vector
            ##horizontal-add-vector
            ##vector>scalar
        }
    }
    [ horizontal-cpu float-4-rep [ emit-simd-sum ] test-emit ]
}
Unit Test: {
    {
        {
            ##unpack-vector-head
            ##unpack-vector-tail
            ##add-vector
            ##horizontal-add-vector
            ##horizontal-add-vector
            ##vector>scalar
        }
    }
    [ horizontal-cpu short-8-rep [ emit-simd-sum ] test-emit ]
}
Unit Test: {
    {
        {
            ##unpack-vector-head
            ##unpack-vector-tail
            ##add-vector
            ##horizontal-add-vector
            ##horizontal-add-vector
            ##horizontal-add-vector
            ##vector>scalar
        }
    }
    [ horizontal-cpu char-16-rep [ emit-simd-sum ] test-emit ]
}
Unit Test: {
    { { } }
    [ simple-ops-cpu uint-4-rep [ emit-simd-vabs ] test-emit ]
}
Unit Test: {
    { { ##abs-vector } }
    [ abs-cpu float-4-rep [ emit-simd-vabs ] test-emit ]
}
Unit Test: {
    { { ##load-reference ##andn-vector } }
    [ simple-ops-cpu float-4-rep [ emit-simd-vabs ] test-emit ]
}
Unit Test: {
    {
        {
            ##zero-vector
            ##sub-vector
            ##compare-vector
            ##and-vector
            ##andn-vector
            ##or-vector
        }
    }
    [ compare-cpu int-4-rep [ emit-simd-vabs ] test-emit ]
}
Unit Test: {
    { { ##and-vector } }
    [ simple-ops-cpu float-4-rep [ emit-simd-vand ] test-emit ]
}
Unit Test: {
    { { ##andn-vector } }
    [ simple-ops-cpu float-4-rep [ emit-simd-vandn ] test-emit ]
}
Unit Test: {
    { { ##or-vector } }
    [ simple-ops-cpu float-4-rep [ emit-simd-vor ] test-emit ]
}
Unit Test: {
    { { ##xor-vector } }
    [ simple-ops-cpu float-4-rep [ emit-simd-vxor ] test-emit ]
}
Unit Test: {
    { { ##not-vector } }
    [ not-cpu float-4-rep [ emit-simd-vnot ] test-emit ]
}
Unit Test: {
    { { ##fill-vector ##xor-vector } }
    [ simple-ops-cpu float-4-rep [ emit-simd-vnot ] test-emit ]
}
Unit Test: {
    { { ##shl-vector-imm } }
    [
        shift-imm-cpu 2 int-4-rep
        [ emit-simd-vlshift ] test-emit-literal
    ]
}
Unit Test: {
    { { ##shl-vector } }
    [ shift-cpu int-4-rep [ emit-simd-vlshift ] test-emit ]
}
Unit Test: {
    { { ##shr-vector-imm } }
    [
        shift-imm-cpu 2 int-4-rep
        [ emit-simd-vrshift ] test-emit-literal
    ]
}
Unit Test: {
    { { ##shr-vector } }
    [ shift-cpu int-4-rep [ emit-simd-vrshift ] test-emit ]
}
Unit Test: {
    { { ##horizontal-shl-vector-imm } }
    [
        horizontal-shift-cpu 2 int-4-rep
        [ emit-simd-hlshift ] test-emit-literal
    ]
}
Unit Test: {
    { { ##horizontal-shr-vector-imm } }
    [
        horizontal-shift-cpu 2 int-4-rep
        [ emit-simd-hrshift ] test-emit-literal
    ]
}
Unit Test: {
    { { ##load-reference ##shuffle-vector } }
    [
        shuffle-cpu { 0 1 2 3 } int-4-rep
        [ emit-simd-vshuffle-elements ] test-emit-literal
    ]
}
Unit Test: {
    { { ##shuffle-vector-imm } }
    [
        shuffle-imm-cpu { 0 1 2 3 } int-4-rep
        [ emit-simd-vshuffle-elements ] test-emit-literal
    ]
}
Unit Test: {
    { { ##shuffle-vector } }
    [
        shuffle-cpu int-4-rep
        [ emit-simd-vshuffle-bytes ] test-emit
    ]
}
Unit Test: {
    { { ##merge-vector-head } }
    [
        simple-ops-cpu float-4-rep
        [ emit-simd-vmerge-head ] test-emit
    ]
}
Unit Test: {
    { { ##merge-vector-tail } }
    [
        simple-ops-cpu float-4-rep
        [ emit-simd-vmerge-tail ] test-emit
    ]
}
Unit Test: {
    { { ##compare-vector } }
    [ compare-cpu int-4-rep [ emit-simd-v<= ] test-emit ]
}
Unit Test: {
    { { ##min-vector ##compare-vector } }
    [ minmax-cpu int-4-rep [ emit-simd-v<= ] test-emit ]
}
Unit Test: {
    {
        {
            ##load-reference
            ##xor-vector
            ##xor-vector
            ##compare-vector
        }
    }
    [ compare-cpu uint-4-rep [ emit-simd-v<= ] test-emit ]
}
Unit Test: {
    { { ##test-vector } }
    [ simple-ops-cpu int-4-rep [ emit-simd-vany? ] test-emit ]
}
Unit Test: {
    { { } }
    [ convert-cpu float-4-rep [ emit-simd-v>float ] test-emit ]
}
Unit Test: {
    { { ##integer>float-vector } }
    [ convert-cpu int-4-rep [ emit-simd-v>float ] test-emit ]
}
Unit Test: {
    { { } }
    [ convert-cpu int-4-rep [ emit-simd-v>integer ] test-emit ]
}
Unit Test: {
    { { ##float>integer-vector } }
    [
        convert-cpu float-4-rep
        [ emit-simd-v>integer ] test-emit
    ]
}
Unit Test: {
    { { ##signed-pack-vector } }
    [
        simple-ops-cpu int-4-rep
        [ emit-simd-vpack-signed ] test-emit
    ]
}
Unit Test: {
    { { ##unsigned-pack-vector } }
    [
        simple-ops-cpu int-4-rep
        [ emit-simd-vpack-unsigned ] test-emit
    ]
}
Unit Test: {
    { { ##unpack-vector-head } }
    [
        unpack-head-cpu int-4-rep
        [ emit-simd-vunpack-head ] test-emit
    ]
}
Unit Test: {
    { { ##zero-vector ##merge-vector-head } }
    [
        simple-ops-cpu uint-4-rep
        [ emit-simd-vunpack-head ] test-emit
    ]
}
Unit Test: {
    { { ##merge-vector-head ##shr-vector-imm } }
    [
        shift-imm-cpu int-4-rep
        [ emit-simd-vunpack-head ] test-emit
    ]
}
Unit Test: {
    { { ##zero-vector ##compare-vector ##merge-vector-head } }
    [
        compare-cpu int-4-rep
        [ emit-simd-vunpack-head ] test-emit
    ]
}
Unit Test: {
    { { ##unpack-vector-tail } }
    [
        unpack-cpu int-4-rep
        [ emit-simd-vunpack-tail ] test-emit
    ]
}
Unit Test: {
    { { ##tail>head-vector ##unpack-vector-head } }
    [
        unpack-head-cpu int-4-rep
        [ emit-simd-vunpack-tail ] test-emit
    ]
}
Unit Test: {
    { { ##zero-vector ##merge-vector-tail } }
    [
        simple-ops-cpu uint-4-rep
        [ emit-simd-vunpack-tail ] test-emit
    ]
}
Unit Test: {
    { { ##merge-vector-tail ##shr-vector-imm } }
    [
        shift-imm-cpu int-4-rep
        [ emit-simd-vunpack-tail ] test-emit
    ]
}
Unit Test: {
    { { ##zero-vector ##compare-vector ##merge-vector-tail } }
    [
        compare-cpu int-4-rep
        [ emit-simd-vunpack-tail ] test-emit
    ]
}
Unit Test: {
    { { ##scalar>vector ##shuffle-vector-imm } }
    [ shuffle-imm-cpu float-4-rep [ emit-simd-with ] test-emit ]
}
Unit Test: {
    { { ##gather-vector-2 } }
    [
        simple-ops-cpu double-2-rep
        [ emit-simd-gather-2 ] test-emit
    ]
}
Unit Test: {
    { { ##gather-vector-4 } }
    [
        simple-ops-cpu float-4-rep
        [ emit-simd-gather-4 ] test-emit
    ]
}
Unit Test: {
    { { ##shuffle-vector-imm ##vector>scalar } }
    [
        shuffle-imm-cpu 1 float-4-rep
        [ emit-simd-select ] test-emit-literal
    ]
}
Unit Test: {
    {
        V{
            T{ ##load-reference
                { dst 1 }
                { obj
                    B{ 0 0 0 128 0 0 0 128 0 0 0 128 0 0 0 128 }
                }
            }
            T{ ##load-reference
                { dst 2 }
                { obj B{ 0 0 0 0 0 0 0 128 0 0 0 0 0 0 0 128 } }
            }
        }
    }
    [
        init-cfg-test
        [
            { float-4-rep double-2-rep }
            [ ^load-neg-zero-vector drop ] each
        ]
        V{ }
        make
    ]
}
Unit Test: {
    {
        V{
            T{ ##load-reference
                { dst 1 }
                { obj
                    B{
                        0 0 128 191 0 0 128 63 0 0 128 191 0 0
                        128 63
                    }
                }
            }
            T{ ##load-reference
                { dst 2 }
                { obj
                    B{ 0 0 0 0 0 0 240 191 0 0 0 0 0 0 240 63 }
                }
            }
            T{ ##load-reference
                { dst 3 }
                { obj
                    B{
                        255 0 255 0 255 0 255 0 255 0 255 0 255
                        0 255 0
                    }
                }
            }
            T{ ##load-reference
                { dst 4 }
                { obj
                    B{
                        255 255 0 0 255 255 0 0 255 255 0 0 255
                        255 0 0
                    }
                }
            }
            T{ ##load-reference
                { dst 5 }
                { obj
                    B{
                        255 255 255 255 0 0 0 0 255 255 255 255
                        0 0 0 0
                    }
                }
            }
            T{ ##load-reference
                { dst 6 }
                { obj
                    B{
                        255 255 255 255 255 255 255 255 0 0 0 0
                        0 0 0 0
                    }
                }
            }
        }
    }
    [
        init-cfg-test
        [
            {
                float-4-rep
                double-2-rep
                char-16-rep
                short-8-rep
                int-4-rep
                longlong-2-rep
            } [ ^load-add-sub-vector drop ] each
        ]
        V{ }
        make
    ]
}
Unit Test: {
    {
        V{
            T{ ##load-reference
                { dst 1 }
                { obj B{ 0 0 0 63 0 0 0 63 0 0 0 63 0 0 0 63 } }
            }
            T{ ##load-reference
                { dst 2 }
                { obj
                    B{ 0 0 0 0 0 0 224 63 0 0 0 0 0 0 224 63 }
                }
            }
        }
    }
    [
        init-cfg-test
        [
            { float-4-rep double-2-rep }
            [ ^load-half-vector drop ] each
        ]
        V{ }
        make
    ]
}
Unit Test: {
    {
        {
            B{
                128 128 128 128 128 128 128 128 128 128 128 128
                128 128 128 128
            }
            B{ 0 128 0 128 0 128 0 128 0 128 0 128 0 128 0 128 }
            B{ 0 0 0 128 0 0 0 128 0 0 0 128 0 0 0 128 }
            B{ 0 0 0 0 0 0 0 128 0 0 0 0 0 0 0 128 }
        }
    }
    [
        { char-16-rep short-8-rep int-4-rep longlong-2-rep }
        [ sign-bit-mask ] map
    ]
}
Must Fail With: {
    [ simple-ops-cpu [ emit-simd-v+ ] test-emit-nonliteral-rep ]
    [ bad-simd-intrinsic? ]
}
Must Fail With: {
    [ simple-ops-cpu f [ emit-simd-v+ ] test-emit ]
    [ bad-simd-intrinsic? ]
}
Must Fail With: {
    [ simple-ops-cpu 3 [ emit-simd-v+ ] test-emit ]
    [ bad-simd-intrinsic? ]
}
Unit Test: {
    { V{ T{ ##call { word set-slot } } T{ ##branch } } }
    [
        init-cfg-test
        <basic-block>
        dup
        set-basic-block
        call-node-1
        [ emit-set-slot ]
        V{ }
        make
        drop
        predecessors>>
        first
        instructions>>
    ]
}
Unit Test: {
    {
        V{
            T{ ##shl-imm { dst 4 } { src1 3 } { src2 3 } }
            T{ ##sub-imm { dst 5 } { src1 4 } { src2 2 } }
            T{ ##set-slot
                { src 1 }
                { obj 2 }
                { slot 5 }
                { scale 0 }
                { tag 0 }
            }
            T{ ##write-barrier
                { src 2 }
                { slot 5 }
                { scale 0 }
                { tag 0 }
                { temp1 6 }
                { temp2 7 }
            }
        }
    }
    [ init-cfg-test call-node-2 [ emit-set-slot ] V{ } make ]
}
Unit Test: {
    {
        V{
            T{ ##set-slot-imm
                { src 1 }
                { obj 2 }
                { slot 9 }
                { tag 2 }
            }
            T{ ##write-barrier-imm
                { src 2 }
                { slot 9 }
                { tag 2 }
                { temp1 3 }
                { temp2 4 }
            }
        }
    }
    [ init-cfg-test call-node-3 [ emit-set-slot ] V{ } make ]
}
Unit Test: {
    { t f }
    [ 33 immediate-slot-offset? "foo" immediate-slot-offset? ]
}
Unit Test: {
    { t f f t 2 f t 2 9 }
    [
        call-node-1 node>set-slot-data call-node-2
        node>set-slot-data call-node-3 node>set-slot-data
    ]
}
Unit Test: {
    {
        V{
            T{ ##tagged>integer { dst 4 } { src 3 } }
            T{ ##add { dst 5 } { src1 4 } { src2 2 } }
            T{ ##store-memory-imm
                { src 1 }
                { base 5 }
                { offset "varies" }
                { rep int-rep }
                { c-type uchar }
            }
        }
    }
    [
        init-cfg-test
        [ emit-set-string-nth-fast ]
        V{ }
        make
        dup
        third
        "varies"
        >>offset
        drop
    ]
}
Unit Test: {
    { }
    [
        H{ { 1 int-rep } } representations set
        H{ { 1 1 } } leader-map set test-live-intervals
    ]
}
Unit Test: {
    { 0 0 }
    [ 1 live-intervals get at ranges>> ranges-endpoints ]
}
Unit Test: {
    {
        T{ live-interval-state
            { vreg 1 }
            { spill-to T{ spill-slot } }
            { spill-rep float-rep }
            { ranges V{ { 0 2 } } }
            { uses
                V{
                    T{ vreg-use { n 0 } { def-rep float-rep } }
                    T{ vreg-use { n 1 } { use-rep float-rep } }
                }
            }
        }
        T{ live-interval-state
            { vreg 1 }
            { reload-from T{ spill-slot } }
            { reload-rep float-rep }
            { ranges V{ { 5 5 } } }
            { uses
                V{ T{ vreg-use { n 5 } { use-rep float-rep } } }
            }
        }
    }
    [
        T{ live-interval-state
            { vreg 1 }
            { ranges V{ { 0 5 } } }
            { uses
                V{
                    T{ vreg-use { n 0 } { def-rep float-rep } }
                    T{ vreg-use { n 1 } { use-rep float-rep } }
                    T{ vreg-use { n 5 } { use-rep float-rep } }
                }
            }
        } 2 split-for-spill clean-up-split
    ]
}
Unit Test: {
    {
        f
        T{ live-interval-state
            { vreg 2 }
            { reload-from T{ spill-slot { n 4 } } }
            { reload-rep float-rep }
            { ranges V{ { 1 5 } } }
            { uses
                V{
                    T{ vreg-use { n 1 } { use-rep float-rep } }
                    T{ vreg-use { n 5 } { use-rep float-rep } }
                }
            }
        }
    }
    [
        T{ live-interval-state
            { vreg 2 }
            { ranges V{ { 0 5 } } }
            { uses
                V{
                    T{ vreg-use { n 0 } { def-rep float-rep } }
                    T{ vreg-use { n 1 } { use-rep float-rep } }
                    T{ vreg-use { n 5 } { use-rep float-rep } }
                }
            }
        } 0 split-for-spill clean-up-split
    ]
}
Unit Test: {
    {
        T{ live-interval-state
            { vreg 3 }
            { spill-to T{ spill-slot { n 8 } } }
            { spill-rep float-rep }
            { ranges V{ { 0 2 } } }
            { uses
                V{
                    T{ vreg-use { n 0 } { def-rep float-rep } }
                    T{ vreg-use { n 1 } { use-rep float-rep } }
                }
            }
        }
        f
    }
    [
        T{ live-interval-state
            { vreg 3 }
            { ranges V{ { 0 5 } } }
            { uses
                V{
                    T{ vreg-use { n 0 } { def-rep float-rep } }
                    T{ vreg-use { n 1 } { use-rep float-rep } }
                    T{ vreg-use { n 5 } { use-rep float-rep } }
                }
            }
        } 5 split-for-spill clean-up-split
    ]
}
Unit Test: {
    {
        T{ live-interval-state
            { vreg 4 }
            { spill-to T{ spill-slot { n 12 } } }
            { spill-rep float-rep }
            { ranges V{ { 0 1 } } }
            { uses
                V{ T{ vreg-use { n 0 } { def-rep float-rep } } }
            }
        }
        T{ live-interval-state
            { vreg 4 }
            { reload-from T{ spill-slot { n 12 } } }
            { reload-rep float-rep }
            { ranges V{ { 20 30 } } }
            { uses
                V{
                    T{ vreg-use { n 20 } { use-rep float-rep } }
                    T{ vreg-use { n 30 } { use-rep float-rep } }
                }
            }
        }
    }
    [
        T{ live-interval-state
            { vreg 4 }
            { ranges V{ { 0 8 } { 10 18 } { 20 30 } } }
            { uses
                V{
                    T{ vreg-use { n 0 } { def-rep float-rep } }
                    T{ vreg-use { n 20 } { use-rep float-rep } }
                    T{ vreg-use { n 30 } { use-rep float-rep } }
                }
            }
        } 10 split-for-spill clean-up-split
    ]
}
Unit Test: {
    {
        T{ live-interval-state
            { vreg 5 }
            { spill-to T{ spill-slot { n 16 } } }
            { spill-rep float-rep }
            { ranges V{ { 0 1 } } }
            { uses
                V{ T{ vreg-use { n 0 } { def-rep float-rep } } }
            }
        }
        T{ live-interval-state
            { vreg 5 }
            { ranges V{ { 20 30 } } }
            { uses
                V{
                    T{ vreg-use { n 20 } { def-rep float-rep } }
                    T{ vreg-use { n 30 } { use-rep float-rep } }
                }
            }
        }
    }
    [
        T{ live-interval-state
            { vreg 5 }
            { ranges V{ { 0 8 } { 10 18 } { 20 30 } } }
            { uses
                V{
                    T{ vreg-use { n 0 } { def-rep float-rep } }
                    T{ vreg-use { n 20 } { def-rep float-rep } }
                    T{ vreg-use { n 30 } { use-rep float-rep } }
                }
            }
        } 10 split-for-spill clean-up-split
    ]
}
Unit Test: {
    {
        T{ live-interval-state
            { vreg 6 }
            { spill-to T{ spill-slot { n 24 } } }
            { spill-rep double-rep }
            { ranges V{ { 0 11 } } }
            { uses
                V{
                    T{ vreg-use { n 0 } { def-rep float-rep } }
                    T{ vreg-use
                        { n 10 }
                        { def-rep double-rep }
                        { use-rep float-rep }
                    }
                }
            }
        }
        T{ live-interval-state
            { vreg 6 }
            { reload-from T{ spill-slot { n 24 } } }
            { reload-rep double-rep }
            { ranges V{ { 20 20 } } }
            { uses
                V{
                    T{ vreg-use
                        { n 20 }
                        { use-rep double-rep }
                    }
                }
            }
        }
    }
    [
        T{ live-interval-state
            { vreg 6 }
            { ranges V{ { 0 20 } } }
            { uses
                V{
                    T{ vreg-use { n 0 } { def-rep float-rep } }
                    T{ vreg-use
                        { n 10 }
                        { def-rep double-rep }
                        { use-rep float-rep }
                    }
                    T{ vreg-use
                        { n 20 }
                        { use-rep double-rep }
                    }
                }
            }
        } 15 split-for-spill clean-up-split
    ]
}
Unit Test: {
    {
        f
        T{ live-interval-state
            { vreg 7 }
            { ranges V{ { 8 8 } } }
            { uses
                V{ T{ vreg-use { n 8 } { def-rep int-rep } } }
            }
        }
    }
    [
        T{ live-interval-state
            { vreg 7 }
            { ranges V{ { 4 8 } } }
            { uses
                V{ T{ vreg-use { n 8 } { def-rep int-rep } } }
            }
        } 4 split-for-spill clean-up-split
    ]
}
Unit Test: {
    {
        T{ live-interval-state
            { vreg 8 }
            { spill-to T{ spill-slot { n 32 } } }
            { spill-rep int-rep }
            { ranges V{ { 0 3 } } }
            { uses
                V{
                    T{ vreg-use { n 0 } { use-rep int-rep } }
                    T{ vreg-use { n 2 } { use-rep int-rep } }
                }
            }
        }
        T{ live-interval-state
            { vreg 8 }
            { reload-from T{ spill-slot { n 32 } } }
            { reload-rep int-rep }
            { ranges V{ { 14 16 } } }
            { uses
                V{ T{ vreg-use { n 14 } { use-rep int-rep } } }
            }
        }
    }
    [
        T{ live-interval-state
            { vreg 8 }
            { ranges V{ { 0 4 } { 6 10 } { 12 16 } } }
            { uses
                V{
                    T{ vreg-use { n 0 } { use-rep int-rep } }
                    T{ vreg-use { n 2 } { use-rep int-rep } }
                    T{ vreg-use { n 14 } { use-rep int-rep } }
                }
            }
        } 8 split-for-spill clean-up-split
    ]
}
Unit Test: {
    { { 3 10 } }
    [
        H{
            {
                int-regs
                V{
                    T{ live-interval-state
                        { vreg 1 }
                        { reg 1 }
                        { ranges V{ ~array~ } }
                        { uses
                            V{
                                ~vreg-use~
                                ~vreg-use~
                                ~vreg-use~
                                ~vreg-use~
                                ~vreg-use~
                            }
                        }
                    }
                    T{ live-interval-state
                        { vreg 2 }
                        { reg 2 }
                        { ranges V{ ~array~ } }
                        { uses
                            V{
                                ~vreg-use~
                                ~vreg-use~
                                ~vreg-use~
                            }
                        }
                    }
                    T{ live-interval-state
                        { vreg 3 }
                        { reg 3 }
                        { ranges V{ ~array~ } }
                        { uses V{ ~vreg-use~ ~vreg-use~ } }
                    }
                }
            }
        } active-intervals set H{ } inactive-intervals set T{
        live-interval-state
            { vreg 1 }
            { ranges V{ { 5 5 } } }
            { uses
                V{ T{ vreg-use { n 5 } { def-rep int-rep } } }
            }
        } spill-status
    ]
}
Unit Test: {
    { { 1 1/0. } }
    [
        H{
            {
                int-regs
                V{
                    T{ live-interval-state
                        { vreg 1 }
                        { reg 1 }
                        { ranges V{ ~array~ } }
                        { uses V{ ~vreg-use~ } }
                    }
                    T{ live-interval-state
                        { vreg 2 }
                        { reg 2 }
                        { uses V{ ~vreg-use~ ~vreg-use~ } }
                    }
                }
            }
        } active-intervals set H{ } inactive-intervals set T{
        live-interval-state
            { vreg 3 }
            { ranges V{ { 5 5 } } }
            { uses
                V{ T{ vreg-use { n 5 } { def-rep int-rep } } }
            }
        } spill-status
    ]
}
Unit Test: {
    { }
    [
        {
            T{ live-interval-state
                { vreg 1 }
                { ranges V{ { 0 100 } } }
                { uses
                    V{
                        T{ vreg-use
                            { n 0 }
                            { def-rep int-rep }
                        }
                        T{ vreg-use
                            { n 100 }
                            { use-rep int-rep }
                        }
                    }
                }
            }
        } H{ { int-regs { "A" } } } check-linear-scan
    ]
}
Unit Test: {
    { }
    [
        {
            T{ live-interval-state
                { vreg 1 }
                { ranges V{ { 0 10 } } }
                { uses
                    V{
                        T{ vreg-use
                            { n 0 }
                            { def-rep int-rep }
                        }
                        T{ vreg-use
                            { n 10 }
                            { use-rep int-rep }
                        }
                    }
                }
            }
            T{ live-interval-state
                { vreg 2 }
                { ranges V{ { 11 20 } } }
                { uses
                    V{
                        T{ vreg-use
                            { n 11 }
                            { def-rep int-rep }
                        }
                        T{ vreg-use
                            { n 20 }
                            { use-rep int-rep }
                        }
                    }
                }
            }
        } H{ { int-regs { "A" } } } check-linear-scan
    ]
}
Unit Test: {
    { }
    [
        {
            T{ live-interval-state
                { vreg 1 }
                { ranges V{ { 0 100 } } }
                { uses
                    V{
                        T{ vreg-use
                            { n 0 }
                            { def-rep int-rep }
                        }
                        T{ vreg-use
                            { n 100 }
                            { use-rep int-rep }
                        }
                    }
                }
            }
            T{ live-interval-state
                { vreg 2 }
                { ranges V{ { 30 60 } } }
                { uses
                    V{
                        T{ vreg-use
                            { n 30 }
                            { def-rep int-rep }
                        }
                        T{ vreg-use
                            { n 60 }
                            { use-rep int-rep }
                        }
                    }
                }
            }
        } H{ { int-regs { "A" } } } check-linear-scan
    ]
}
Unit Test: {
    { }
    [
        {
            T{ live-interval-state
                { vreg 1 }
                { ranges V{ { 0 100 } } }
                { uses
                    V{
                        T{ vreg-use
                            { n 0 }
                            { def-rep int-rep }
                        }
                        T{ vreg-use
                            { n 100 }
                            { use-rep int-rep }
                        }
                    }
                }
            }
            T{ live-interval-state
                { vreg 2 }
                { ranges V{ { 30 200 } } }
                { uses
                    V{
                        T{ vreg-use
                            { n 30 }
                            { def-rep int-rep }
                        }
                        T{ vreg-use
                            { n 200 }
                            { use-rep int-rep }
                        }
                    }
                }
            }
        } H{ { int-regs { "A" } } } check-linear-scan
    ]
}
Must Fail: {
    [
        {
            T{ live-interval-state
                { vreg 1 }
                { ranges V{ { 0 100 } } }
                { uses
                    V{
                        T{ vreg-use
                            { n 0 }
                            { def-rep int-rep }
                        }
                        T{ vreg-use
                            { n 100 }
                            { use-rep int-rep }
                        }
                    }
                }
            }
            T{ live-interval-state
                { vreg 2 }
                { ranges V{ { 30 100 } } }
                { uses
                    V{
                        T{ vreg-use
                            { n 30 }
                            { def-rep int-rep }
                        }
                        T{ vreg-use
                            { n 100 }
                            { use-rep int-rep }
                        }
                    }
                }
            }
        } H{ { int-regs { "A" } } } check-linear-scan
    ]
}
Unit Test: {
    { }
    [
        {
            T{ live-interval-state
                { vreg 1 }
                { ranges V{ { 0 2 } { 10 20 } } }
                { uses
                    V{
                        T{ vreg-use
                            { n 0 }
                            { def-rep int-rep }
                        }
                        T{ vreg-use
                            { n 10 }
                            { use-rep int-rep }
                        }
                        T{ vreg-use
                            { n 20 }
                            { use-rep int-rep }
                        }
                    }
                }
            }
            T{ live-interval-state
                { vreg 2 }
                { ranges V{ { 0 2 } { 10 20 } } }
                { uses
                    V{
                        T{ vreg-use
                            { n 0 }
                            { def-rep int-rep }
                        }
                        T{ vreg-use
                            { n 10 }
                            { use-rep int-rep }
                        }
                        T{ vreg-use
                            { n 20 }
                            { use-rep int-rep }
                        }
                    }
                }
            }
            T{ live-interval-state
                { vreg 3 }
                { ranges V{ { 4 8 } } }
                { uses
                    V{
                        T{ vreg-use
                            { n 6 }
                            { def-rep int-rep }
                        }
                    }
                }
            }
            T{ live-interval-state
                { vreg 4 }
                { ranges V{ { 4 8 } } }
                { uses
                    V{
                        T{ vreg-use
                            { n 8 }
                            { def-rep int-rep }
                        }
                    }
                }
            }
            T{ live-interval-state
                { vreg 5 }
                { ranges V{ { 4 8 } } }
                { uses
                    V{
                        T{ vreg-use
                            { n 8 }
                            { def-rep int-rep }
                        }
                    }
                }
            }
        } H{ { int-regs { "A" "B" } } } check-linear-scan
    ]
}
Unit Test: {
    { }
    [
        {
            T{ live-interval-state
                { vreg 1 }
                { ranges V{ { 0 10 } } }
                { uses
                    V{
                        T{ vreg-use
                            { n 0 }
                            { def-rep int-rep }
                        }
                        T{ vreg-use
                            { n 6 }
                            { use-rep int-rep }
                        }
                        T{ vreg-use
                            { n 10 }
                            { use-rep int-rep }
                        }
                    }
                }
            }
            T{ live-interval-state
                { vreg 5 }
                { ranges V{ { 2 8 } } }
                { uses
                    V{
                        T{ vreg-use
                            { n 8 }
                            { def-rep int-rep }
                        }
                    }
                }
            }
        } H{ { int-regs { "A" } } } check-linear-scan
    ]
}
Unit Test: {
    { { 0 10 } }
    [
        H{
            {
                int-regs
                {
                    T{ live-interval-state
                        { vreg 1 }
                        { reg 0 }
                        { ranges V{ ~array~ ~array~ } }
                        { uses V{ 0 2 10 20 } }
                    }
                    T{ live-interval-state
                        { vreg 2 }
                        { reg 0 }
                        { ranges V{ ~array~ ~array~ } }
                        { uses V{ 4 6 30 40 } }
                    }
                }
            }
        } inactive-intervals set H{
            {
                int-regs
                {
                    T{ live-interval-state
                        { vreg 3 }
                        { reg 1 }
                        { ranges V{ ~array~ } }
                        { uses V{ 0 40 } }
                    }
                }
            }
        } active-intervals set T{ live-interval-state
            { vreg 4 }
            { ranges V{ { 8 10 } } }
            { uses
                V{
                    T{ vreg-use { n 8 } { def-rep int-rep } }
                    T{ vreg-use { n 10 } { use-rep int-rep } }
                }
            }
        } H{ { int-regs { 0 1 } } } register-status
    ]
}
Unit Test: { { t } [ T{ cfg } admissible-registers machine-registers = ] }
Unit Test: {
    { f }
    [
        T{ cfg { frame-pointer? t } } admissible-registers
        int-regs of frame-reg swap member?
    ]
}
Unit Test: { { } [ T{ sync-point { n 30 } } { } handle-sync-point ] }
Unit Test: {
    { { { int-regs V{ } } { float-regs V{ } } } }
    [
        f f <basic-block> <cfg> cfg set
        H{ } clone spill-slots set
        V{ } clone handled-intervals set 100 progress set
        T{ sync-point { n 35 } } test-active-intervals
        [ handle-sync-point ] keep
    ]
}
Unit Test: {
    { f }
    [
        <min-heap> unhandled-min-heap set
        f f <basic-block> <cfg> cfg set 40 progress set
        T{ sync-point { n 40 } } interval-[30,46]
        spill-at-sync-point
    ]
}
Unit Test: { { t } [ T{ sync-point { n 15 } } f spill-at-sync-point? ] }
Unit Test: {
    { t }
    [ test-spilled-atomic-use 42 already-spilled-atomic-use? ]
}
Unit Test: {
    { f f f }
    [
        test-spilled-atomic-use f >>reload-from
        42 already-spilled-atomic-use?
        test-spilled-atomic-use dup uses>> first f >>spill-slot?
        drop 42 already-spilled-atomic-use?
        test-spilled-atomic-use V{ { 41 42 } } >>ranges
        42 already-spilled-atomic-use?
    ]
}
Unit Test: {
    { }
    [
        t check-allocation?
        [ test-spilled-atomic-use 42 spill ] with-variable
    ]
}
Unit Test: {
    { LH{ { RAX 23 } } }
    [
        f machine-registers init-allocator
        H{ { 20 int-rep } } representations set
        test-live-interval2 [ add-active ] keep <linked-hash>
        [ active-positions ] keep
    ]
}
Unit Test: {
    { T{ spill-slot } }
    [
        f f <basic-block> <cfg> cfg set
        H{ } clone spill-slots set
        H{ { 45 double-2-rep } } representations set
        test-live-interval assign-spill
        { 45 8 } spill-slots get at
    ]
}
Unit Test: {
    { LH{ } }
    [
        H{ { 10 int-rep } } representations set
        T{ live-interval-state { vreg 10 } } <linked-hash>
        [ inactive-positions ] keep
    ]
}
Unit Test: { { double-rep } [ test-live-interval last-use-rep ] }
Unit Test: { { f } [ 30 <live-interval> spill-before ] }
Unit Test: {
    { { RAX 5 } }
    [
        f machine-registers init-allocator
        H{ { 10 int-rep } } representations set
        10 make-one-use-interval add-active
        5 make-one-use-interval add-inactive
        20 make-one-use-interval spill-status
    ]
}
Unit Test: {
    { { RAX 23 } }
    [
        f machine-registers init-allocator
        H{ { 10 int-rep } } representations set
        23 make-one-use-interval [ add-active ] keep
        spill-status
    ]
}
Unit Test: {
    { { RBX 28 } }
    [
        f machine-registers init-allocator
        H{ { 20 int-rep } { 45 int-rep } } representations set
        test-live-interval2 [ add-active ] keep
        test-live-interval add-inactive spill-status
    ]
}
Unit Test: {
    { { RCX 1/0. } }
    [
        f machine-registers init-allocator
        H{ { 20 int-rep } { 45 int-rep } { 21 int-rep } }
        representations set test-live-interval3 add-active
        test-live-interval2 spill-status
    ]
}
Unit Test: {
    {
        T{ live-interval-state
            { ranges V{ { 25 30 } { 40 50 } } }
            { uses V{ T{ vreg-use { n 25 } } } }
        }
    }
    [
        T{ live-interval-state
            { ranges V{ { 0 10 } { 20 30 } { 40 50 } } }
            { uses V{ T{ vreg-use { n 25 } } } }
        } dup trim-after-ranges
    ]
}
Unit Test: {
    {
        T{ live-interval-state
            { ranges V{ { 10 23 } } }
            { uses V{ T{ vreg-use { n 10 } } } }
        }
    }
    [
        T{ live-interval-state
            { ranges V{ { 20 23 } } }
            { uses V{ T{ vreg-use { n 10 } } } }
        } dup trim-after-ranges
    ]
}
Unit Test: {
    {
        T{ live-interval-state
            { ranges V{ { 0 10 } { 20 21 } } }
            { uses V{ T{ vreg-use { n 20 } } } }
        }
    }
    [
        T{ live-interval-state
            { ranges V{ { 0 10 } { 20 30 } { 40 50 } } }
            { uses V{ T{ vreg-use { n 20 } } } }
        } dup trim-before-ranges
    ]
}
Unit Test: {
    {
        T{ live-interval-state
            { ranges V{ { 5 8 } } }
            { uses
                V{ T{ vreg-use { n 3 } { def-rep int-rep } } }
            }
        }
        T{ live-interval-state
            { ranges V{ { 12 20 } } }
            { uses
                V{ T{ vreg-use { n 15 } { def-rep int-rep } } }
            }
        }
    }
    [ test-interval-easy 10 split-interval ]
}
Unit Test: {
    { { T{ vreg-use { n 3 } } } { T{ vreg-use { n 9 } } } }
    [
        { T{ vreg-use { n 3 } } T{ vreg-use { n 9 } } } 6
        split-uses
    ]
}
Unit Test: {
    { { T{ vreg-use { n 10 } } T{ vreg-use { n 10 } } } { } }
    [
        { T{ vreg-use { n 10 } } T{ vreg-use { n 10 } } } 12
        split-uses
    ]
}
Unit Test: {
    { { T{ vreg-use { n 3 } } } { T{ vreg-use { n 5 } } } }
    [
        {
            T{ vreg-use { n 3 } }
            T{ vreg-use { n 4 } }
            T{ vreg-use { n 5 } }
        } 4 split-uses
    ]
}
Unit Test: {
    { V{ T{ live-interval-state { vreg 123 } } } }
    [
        f machine-registers init-allocator
        H{ { 123 int-rep } } representations set
        T{ live-interval-state { vreg 123 } } [ add-active ]
        keep active-intervals-for
    ]
}
Unit Test: {
    {
        {
            {
                int-regs
                V{ T{ live-interval-state { vreg 123 } } }
            }
            { float-regs V{ } }
        }
    }
    [
        f machine-registers init-allocator
        H{ { 123 int-rep } } representations set
        T{ live-interval-state { vreg 123 } } add-active
        active-intervals get
    ]
}
Unit Test: {
    { { { "prutt" 12 } } }
    [ 30 "prutt" { { "prutt" 12 } } [ add-use-position ] keep ]
}
Unit Test: {
    {
        H{
            { { 3 8 } T{ spill-slot { n 32 } } }
            { { 45 16 } T{ spill-slot { n 16 } } }
            { { 1234 8 } T{ spill-slot } }
        }
    }
    [
        H{ } clone spill-slots set f f <basic-block> <cfg>
        cfg set
        { 1234 45 3 } { int-rep double-2-rep tagged-rep }
        [ assign-spill-slot drop ] 2each spill-slots get
    ]
}
Unit Test: {
    { t }
    [
        H{ } clone spill-slots set { } insns>cfg cfg set
        55 int-rep assign-spill-slot
        spill-slots get values first eq?
    ]
}
Unit Test: {
    {
        H{
            { { 55 8 } T{ spill-slot } }
            { { 44 8 } T{ spill-slot { n 8 } } }
        }
    }
    [
        H{ } clone spill-slots set { } insns>cfg cfg set
        { { 55 int-rep } { 44 int-rep } { 55 int-rep } }
        [ assign-spill-slot drop ] assoc-each spill-slots get
    ]
}
Unit Test: {
    { }
    [
        40 progress set T{ live-interval-state
            { vreg 123 }
            { ranges V{ { 0 0 } { 30 34 } } }
        } check-handled
    ]
}
Unit Test: {
    { 8 }
    [
        3 { } insns>cfg stack-frame>> [ align-spill-area ] keep
        spill-area-align>>
    ]
}
Unit Test: {
    { V{ T{ live-interval-state { vreg 123 } } } }
    [
        f machine-registers init-allocator
        H{ { 123 int-rep } } representations set
        T{ live-interval-state { vreg 123 } } [ add-inactive ]
        keep inactive-intervals-for
    ]
}
Unit Test: {
    { { 33 1/0. 1/0. } }
    [ T{ sync-point { n 33 } } interval/sync-point-key ]
}
Unit Test: {
    { { 0 34 123 } }
    [
        T{ live-interval-state
            { vreg 123 }
            { ranges V{ { 0 0 } { 30 34 } } }
        } interval/sync-point-key
    ]
}
Unit Test: {
    {
        T{ spill-slot }
        T{ spill-slot { n 8 } }
        T{ stack-frame
            { spill-area-size 16 }
            { spill-area-align 8 }
        }
    }
    [
        { } insns>cfg stack-frame>>
        [ '[ 8 _ next-spill-slot ] twice ] keep
    ]
}
Unit Test: {
    {
        {
            { { 5 1/0. 1/0. } T{ sync-point { n 5 } } }
            {
                { 20 28 f }
                T{ live-interval-state
                    { ranges V{ { 20 28 } } }
                }
            }
            {
                { 20 30 f }
                T{ live-interval-state
                    { ranges V{ { 20 30 } } }
                }
            }
            {
                { 33 999 f }
                T{ live-interval-state
                    { ranges V{ { 33 999 } } }
                }
            }
            { { 33 1/0. 1/0. } T{ sync-point { n 33 } } }
            { { 100 1/0. 1/0. } T{ sync-point { n 100 } } }
        }
    }
    [
        {
            T{ live-interval-state { ranges V{ { 20 30 } } } }
            T{ live-interval-state { ranges V{ { 20 28 } } } }
            T{ live-interval-state { ranges V{ { 33 999 } } } }
            T{ sync-point { n 5 } }
            T{ sync-point { n 33 } }
            T{ sync-point { n 100 } }
        } >unhandled-min-heap heap-pop-all
    ]
}
Unit Test: {
    { 2 }
    [
        {
            T{ live-interval-state { ranges V{ { 20 30 } } } }
            T{ live-interval-state { ranges V{ { 20 30 } } } }
        } >unhandled-min-heap heap-size
    ]
}
Unit Test: {
    {
        {
            T{ ##reload
                { dst RBX }
                { rep tagged-rep }
                { src T{ spill-slot } }
            }
        }
    }
    [
        H{ } clone pending-interval-assoc set
        <min-heap> pending-interval-heap set 30 {
            T{ live-interval-state
                { vreg 789 }
                { reg RBX }
                { reload-from T{ spill-slot } }
                { reload-rep tagged-rep }
                { ranges V{ { 30 30 } } }
                { uses
                    V{
                        T{ vreg-use
                            { n 26 }
                            { use-rep tagged-rep }
                        }
                    }
                }
            }
        } live-intervals>min-heap
        [ activate-new-intervals ] { } make
    ]
}
Unit Test: {
    { T{ ##peek { dst RAX } { loc D: 0 } { insn# 0 } } }
    [
        H{ { 37 RAX } } pending-interval-assoc set
        { { 37 int-rep 37 f } } setup-vreg-spills
        T{ ##peek { dst 37 } { loc D: 0 } { insn# 0 } }
        [ assign-insn-defs ] keep
    ]
}
Unit Test: {
    {
        T{ ##replace-imm { src 20 } { loc D: 0 } }
        T{ ##replace { src RAX } { loc D: 0 } }
    }
    [
        T{ ##replace-imm { src 20 } { loc D: 0 } }
        [ assign-all-registers ] keep
        H{ { 37 RAX } } pending-interval-assoc set
        H{ { 37 37 } } leader-map set
        T{ ##replace { src 37 } { loc D: 0 } } clone
        [ assign-all-registers ] keep
    ]
}
Unit Test: {
    { }
    [
        V{ T{ ##inc { loc D: 3 } { insn# 7 } } } 0 insns>block
        block>cfg { } assign-registers
    ]
}
Unit Test: {
    { V{ T{ ##inc { loc D: 3 } { insn# 7 } } } }
    [
        { } init-assignment
        V{ T{ ##inc { loc D: 3 } { insn# 7 } } } 0 insns>block
        [ assign-registers-in-block ] keep instructions>>
    ]
}
Unit Test: {
    { 3 H{ } }
    [
        H{ { 25 RBX } } clone pending-interval-assoc set 90
        { 50 90 95 120 } [ 25 <live-interval> 2array ] map
        >min-heap [ expire-old-intervals ] keep
        heap-size pending-interval-assoc get
    ]
}
Unit Test: {
    {
        {
            T{ ##reload
                { dst RAX }
                { rep int-rep }
                { src T{ spill-slot } }
            }
        }
    }
    [
        [
            T{ live-interval-state
                { reg RAX }
                { reload-from T{ spill-slot } }
                { reload-rep int-rep }
            } insert-reload
        ] { } make
    ]
}
Unit Test: {
    { { T{ ##spill { src RAX } } } }
    [
        [
            T{ live-interval-state { vreg 1234 } { reg RAX } }
            insert-spill
        ] { } make
    ]
}
Unit Test: {
    { V{ T{ ##spill { src RAX } { rep int-rep } } } }
    [
        [
            1234 <live-interval> RAX >>reg int-rep >>spill-rep
            insert-spill
        ] V{ } make
    ]
}
Unit Test: {
    { V{ { RDI int-rep T{ spill-slot } } } }
    [
        f f <basic-block> <cfg> cfg set
        H{ } clone spill-slots set
        H{ } clone pending-interval-assoc set
        <min-heap> pending-interval-heap set
        H{ { 235 float-rep } } representations set
        test-interval add-pending
        test-call-gc spill/reloads-for-call-gc
    ]
}
Unit Test: {
    { T{ spill-slot { n 990 } } }
    [
        { { 10 int-rep 10 T{ spill-slot { n 990 } } } }
        setup-vreg-spills 10 vreg>spill-slot
    ]
}
Unit Test: {
    { T{ spill-slot { n 16 } } }
    [
        { { 45 double-rep 45 T{ spill-slot { n 16 } } } }
        setup-vreg-spills 45 vreg>reg
    ]
}
Must Fail With: {
    [
        {
            { 45 double-2-rep 45 T{ spill-slot { n 16 } } }
            { 46 double-rep 45 f }
        } setup-vreg-spills 46 vreg>reg
    ]
    [ bad-vreg? ]
}
Unit Test: {
    { { { 33 RAX } { 44 RBX } } }
    [
        { { 33 int-rep 33 f } { 44 int-rep 44 f } }
        setup-vreg-spills
        H{ { 44 RBX } { 33 RAX } } pending-interval-assoc set
        { { 33 33 } { 44 44 } } vregs>regs
    ]
}
Unit Test: {
    { { 3 56 } }
    [
        { { 3 7 } { -1 56 } { -1 3 } } >min-heap
        [ -1 = ] heap-pop-while sort
    ]
}
Unit Test: { { } [ interval-a interval-b check-pair ] }
Must Fail With: {
    [ interval-a interval-b V{ { 3 7 } } >>ranges check-pair ]
    [ overlapping-allocated-ranges? ]
}
Must Fail With: {
    [ interval-a interval-b 2 >>reg check-pair ]
    [ invalid-allocated-register? ]
}
Must Fail With: {
    [ interval-a interval-b V{ { 6 7 } } >>ranges check-pair ]
    [ uncovered-allocated-use? ]
}
Must Fail With: {
    [ interval-a interval-b V{ { 7 4 } } >>ranges check-pair ]
    [ invalid-allocated-ranges? ]
}
Unit Test: {
    { }
    [
        interval-a interval-b 2array
        dup required-register-uses check-register-uses
    ]
}
Must Fail With: {
    [
        interval-a interval-b 2array
        required-register-uses interval-a 1array swap
        check-register-uses
    ]
    [ changed-register-uses? ]
}
Must Fail With: {
    [
        interval-a interval-b 2array
        required-register-uses interval-a dup interval-b 3array
        swap check-register-uses
    ]
    [ changed-register-uses? ]
}
Unit Test: {
    { { { 0 0 } } }
    [
        interval-a V{
            T{ vreg-use { n 0 } }
            T{ vreg-use { n 10 } { spill-slot? t } }
        } >>uses 1array required-register-uses
    ]
}
Unit Test: {
    {
        T{ vreg-use { n 20 } { spill-slot? t } }
        T{ live-interval-state
            { vreg 10 }
            { uses
                V{ T{ vreg-use { n 20 } { spill-slot? t } } }
            }
        }
    }
    [ 20 10 <live-interval> [ t (add-use) ] keep ]
}
Unit Test: {
    { V{ T{ sync-point { n 2 } } } }
    [
        V{ T{ ##call-gc } T{ ##callback-inputs } } insns>cfg
        [ number-instructions ] [ cfg>sync-points ] bi
    ]
}
Unit Test: {
    {
        T{ vreg-use
            { n 102 }
            { def-rep int-rep }
            { use-rep tagged-rep }
        }
    }
    [ 128 test-interval (find-use) ]
}
Unit Test: {
    { f T{ vreg-use { n 25 } } }
    [
        25 T{ live-interval-state } find-use 25 T{
        live-interval-state
            { uses V{ T{ vreg-use { n 25 } } } }
        } find-use
    ]
}
Unit Test: {
    { V{ { 5 10 } { 21 30 } } }
    [
        { { 21 30 } { 5 10 } } <live-interval-for-ranges> dup
        finish-live-interval ranges>>
    ]
}
Unit Test: {
    { f f t }
    [
        T{ ##call-gc } insn>sync-point
        T{ ##callback-outputs } insn>sync-point keep-dst?>>
        T{ ##unbox } insn>sync-point keep-dst?>>
    ]
}
Unit Test: {
    { t f f }
    [
        { { 4 20 } } <live-interval-for-ranges>
        { { 8 12 } } <live-interval-for-ranges>
        intervals-intersect?
        { { 9 20 } { 3 5 } } <live-interval-for-ranges>
        { { 7 8 } { 0 1 } } <live-interval-for-ranges>
        intervals-intersect?
        { { 3 5 } } <live-interval-for-ranges>
        { { 7 8 } } <live-interval-for-ranges>
        intervals-intersect?
    ]
}
Unit Test: {
    { }
    [ H{ } clone live-outs set <basic-block> handle-live-out ]
}
Unit Test: {
    {
        H{
            {
                8
                T{ live-interval-state
                    { vreg 8 }
                    { ranges V{ { -10 23 } } }
                }
            }
            {
                9
                T{ live-interval-state
                    { vreg 9 }
                    { ranges V{ { -10 23 } } }
                }
            }
            {
                4
                T{ live-interval-state
                    { vreg 4 }
                    { ranges V{ { -10 23 } } }
                }
            }
        }
    }
    [
        -10 from set 23 to set H{ } clone live-intervals set
        H{ { 8 8 } { 9 9 } { 4 4 } } leader-map set
        H{ { 8 int-rep } { 9 int-rep } { 4 int-rep } }
        representations set <basic-block> [
            H{ { 8 8 } { 9 9 } { 4 4 } } 2array
            1array live-outs set
        ] [ handle-live-out ] bi live-intervals get
    ]
}
Unit Test: {
    {
        T{ live-interval-state
            { vreg 37 }
            { ranges V{ { 20 20 } } }
            { uses
                V{ T{ vreg-use { n 20 } { def-rep int-rep } } }
            }
        }
    }
    [
        H{ { 37 37 } } leader-map set
        H{ { 37 int-rep } } representations set
        37 20 f record-def 37 vreg>live-interval
    ]
}
Unit Test: {
    {
        V{ { 0 10 } }
        V{ T{ vreg-use { n 10 } { use-rep tagged-rep } } }
    }
    [
        [
            0 from set H{ { 1 1 } } leader-map set
            H{ { 1 tagged-rep } } representations set
            H{ } clone live-intervals set T{ ##call-gc
                { gc-map
                    T{ gc-map { derived-roots V{ ~array~ } } }
                }
                { insn# 10 }
            } compute-live-intervals* 1 vreg>live-interval
            [ ranges>> ] [ uses>> ] bi
        ] with-scope
    ]
}
Unit Test: { { V{ { 10 20 } } } [ 10 20 V{ } [ add-new-range ] keep ] }
Unit Test: { { f } [ 10 { } extend-last? ] }
Unit Test: {
    { V{ { 3 10 } } V{ { 5 12 } } V{ { 5 12 } } }
    [
        3 9 V{ { 5 10 } } [ add-range ] keep 5 10
        V{ { 10 12 } } [ add-range ] keep 5 9
        V{ { 10 12 } } [ add-range ] keep
    ]
}
Unit Test: {
    { f 15 10 5 }
    [
        { 10 20 } { 30 40 } intersect-range
        { 10 20 } { 15 16 } intersect-range
        { 0 10 } { 10 30 } intersect-range
        { 0 10 } { 5 30 } intersect-range
    ]
}
Unit Test: {
    { 50 f f f 11 8 f f }
    [
        { { 0 10 } { 20 30 } { 40 50 } }
        { { 11 15 } { 31 35 } { 50 55 } } intersect-ranges
        { { 0 10 } { 20 30 } { 40 50 } }
        { { 11 15 } { 31 36 } { 51 55 } } intersect-ranges
        { } { { 11 15 } } intersect-ranges
        { { 11 15 } } { } intersect-ranges
        { { 11 15 } } { { 10 15 } { 16 18 } } intersect-ranges
        { { 4 20 } } { { 8 12 } } intersect-ranges
        { { 9 20 } { 3 5 } } { { 0 1 } { 7 8 } }
        intersect-ranges
        { { 3 5 } } { { 7 8 } } intersect-ranges
    ]
}
Unit Test: {
    { t f f t t }
    [
        115 { { 90 120 } { 40 50 } } ranges-cover? 50
        { { 60 70 } { 20 30 } } ranges-cover? 120
        { { 130 140 } { 70 80 } { 50 60 } { 44 48 } { 40 42 } }
        ranges-cover? 135
        { { 130 140 } { 70 80 } { 50 60 } { 44 48 } }
        ranges-cover? 135
        { { 130 140 } { 70 80 } { 50 60 } { 44 48 } { 40 42 } }
        reverse ranges-cover?
    ]
}
Unit Test: {
    { V{ { 8 12 } } V{ { 9 9 } } }
    [
        8 V{ { 4 12 } } [ shorten-ranges ] keep 9
        V{ } [ shorten-ranges ] keep
    ]
}
Unit Test: { { { 10 15 } { 16 20 } } [ { 10 20 } 15 split-range ] }
Unit Test: {
    { { { 10 20 } } { { 30 40 } } }
    [ { { 10 20 } { 30 40 } } 25 split-ranges ]
}
Unit Test: { { { { 0 0 } } { { 1 5 } } } [ { { 0 5 } } 0 split-ranges ] }
Unit Test: {
    { { { 1 10 } { 15 17 } } { { 18 20 } } }
    [ { { 1 10 } { 15 20 } } 17 split-ranges ]
}
Unit Test: {
    { { { 1 10 } } { { 15 20 } } }
    [ { { 1 10 } { 15 20 } } 12 split-ranges ]
}
Unit Test: {
    { { { 1 10 } { 15 16 } } { { 17 20 } } }
    [ { { 1 10 } { 15 20 } } 16 split-ranges ]
}
Unit Test: {
    { { { 1 10 } { 15 15 } } { { 16 20 } } }
    [ { { 1 10 } { 15 20 } } 15 split-ranges ]
}
Must Fail: { [ { { 1 10 } } 0 split-ranges ] }
Unit Test: {
    { t f f f }
    [
        { { 1 10 } { 15 20 } } valid-ranges?
        { { 10 1 } { 15 20 } } valid-ranges?
        { { 1 5 } { 3 10 } } valid-ranges?
        { { 5 1 } } valid-ranges?
    ]
}
Unit Test: {
    { { { 25 30 } { 40 50 } } { { 10 23 } } { { 366 366 } } }
    [
        25 { { 0 10 } { 20 30 } { 40 50 } } fix-lower-bound 10
        { { 20 23 } } fix-lower-bound 366
        { { 355 356 } { 357 366 } } fix-lower-bound
    ]
}
Unit Test: {
    {
        { { 0 10 } { 20 20 } }
        { { 0 20 } }
        { { 0 10 } { 20 23 } }
    }
    [
        20 { { 0 10 } { 20 30 } { 40 50 } } fix-upper-bound 20
        { { 0 40 } } fix-upper-bound 23
        { { 0 10 } { 20 30 } { 40 50 } } fix-upper-bound
    ]
}
Unit Test: { { 0 40 } [ { { 0 10 } { 30 40 } } ranges-endpoints ] }
Unit Test: {
    {
        {
            {
                T{ location
                    { reg T{ spill-slot } }
                    { rep int-rep }
                    { reg-class int-regs }
                }
                T{ location
                    { reg 1 }
                    { rep int-rep }
                    { reg-class int-regs }
                }
            }
        }
    }
    [ [ 0 <spill-slot> 1 int-rep add-mapping ] { } make ]
}
Unit Test: {
    {
        {
            T{ ##reload
                { dst 1 }
                { rep int-rep }
                { src T{ spill-slot } }
            }
        }
    }
    [
        [
            T{ location
                { reg T{ spill-slot } }
                { rep int-rep }
                { reg-class int-regs }
            } T{ location
                { reg 1 }
                { rep int-rep }
                { reg-class int-regs }
            } >insn
        ] { } make
    ]
}
Unit Test: {
    {
        {
            T{ ##spill
                { src 1 }
                { rep int-rep }
                { dst T{ spill-slot } }
            }
        }
    }
    [
        [
            T{ location
                { reg 1 }
                { rep int-rep }
                { reg-class int-regs }
            } T{ location
                { reg T{ spill-slot } }
                { rep int-rep }
                { reg-class int-regs }
            } >insn
        ] { } make
    ]
}
Unit Test: {
    { { T{ ##copy { dst 2 } { src 1 } { rep int-rep } } } }
    [
        [
            T{ location
                { reg 1 }
                { rep int-rep }
                { reg-class int-regs }
            } T{ location
                { reg 2 }
                { rep int-rep }
                { reg-class int-regs }
            } >insn
        ] { } make
    ]
}
Unit Test: {
    {
        {
            T{ ##copy { dst 2 } { src 1 } { rep int-rep } }
            T{ ##branch }
        }
    }
    [
        {
            {
                T{ location
                    { reg 1 }
                    { rep int-rep }
                    { reg-class int-regs }
                }
                T{ location
                    { reg 2 }
                    { rep int-rep }
                    { reg-class int-regs }
                }
            }
        } mapping-instructions
    ]
}
Unit Test: {
    {
        {
            T{ ##spill
                { src 0 }
                { rep int-rep }
                { dst T{ spill-slot } }
            }
            T{ ##reload
                { dst 0 }
                { rep tagged-rep }
                { src T{ spill-slot { n 1 } } }
            }
            T{ ##branch }
        }
    }
    [
        {
            {
                T{ location
                    { reg T{ spill-slot { n 1 } } }
                    { rep tagged-rep }
                    { reg-class int-regs }
                }
                T{ location
                    { reg 0 }
                    { rep tagged-rep }
                    { reg-class int-regs }
                }
            }
            {
                T{ location
                    { reg 0 }
                    { rep int-rep }
                    { reg-class int-regs }
                }
                T{ location
                    { reg T{ spill-slot } }
                    { rep int-rep }
                    { reg-class int-regs }
                }
            }
        } mapping-instructions
    ]
}
Unit Test: {
    {
        {
            T{ ##spill
                { src 0 }
                { rep int-rep }
                { dst T{ spill-slot { n 1 } } }
            }
            T{ ##reload
                { dst 0 }
                { rep tagged-rep }
                { src T{ spill-slot } }
            }
            T{ ##branch }
        }
    }
    [
        {
            {
                T{ location
                    { reg T{ spill-slot } }
                    { rep tagged-rep }
                    { reg-class int-regs }
                }
                T{ location
                    { reg 0 }
                    { rep tagged-rep }
                    { reg-class int-regs }
                }
            }
            {
                T{ location
                    { reg 0 }
                    { rep int-rep }
                    { reg-class int-regs }
                }
                T{ location
                    { reg T{ spill-slot { n 1 } } }
                    { rep int-rep }
                    { reg-class int-regs }
                }
            }
        } mapping-instructions
    ]
}
Unit Test: {
    {
        {
            T{ ##spill
                { src 0 }
                { rep int-rep }
                { dst T{ spill-slot { n 1 } } }
            }
            T{ ##reload
                { dst 0 }
                { rep tagged-rep }
                { src T{ spill-slot } }
            }
            T{ ##branch }
        }
    }
    [
        {
            {
                T{ location
                    { reg 0 }
                    { rep int-rep }
                    { reg-class int-regs }
                }
                T{ location
                    { reg T{ spill-slot { n 1 } } }
                    { rep int-rep }
                    { reg-class int-regs }
                }
            }
            {
                T{ location
                    { reg T{ spill-slot } }
                    { rep tagged-rep }
                    { reg-class int-regs }
                }
                T{ location
                    { reg 0 }
                    { rep tagged-rep }
                    { reg-class int-regs }
                }
            }
        } mapping-instructions
    ]
}
Unit Test: {
    { t }
    [
        {
            {
                T{ location
                    { reg 0 }
                    { rep int-rep }
                    { reg-class int-regs }
                }
                T{ location
                    { reg 1 }
                    { rep int-rep }
                    { reg-class int-regs }
                }
            }
            {
                T{ location
                    { reg 1 }
                    { rep int-rep }
                    { reg-class int-regs }
                }
                T{ location
                    { reg 0 }
                    { rep int-rep }
                    { reg-class int-regs }
                }
            }
        } mapping-instructions {
            {
                T{ ##spill
                    { src 0 }
                    { rep int-rep }
                    { dst T{ spill-slot { n 8 } } }
                }
                T{ ##copy { dst 0 } { src 1 } { rep int-rep } }
                T{ ##reload
                    { dst 1 }
                    { rep int-rep }
                    { src T{ spill-slot { n 8 } } }
                }
                T{ ##branch }
            }
            {
                T{ ##spill
                    { src 1 }
                    { rep int-rep }
                    { dst T{ spill-slot { n 8 } } }
                }
                T{ ##copy { dst 1 } { src 0 } { rep int-rep } }
                T{ ##reload
                    { dst 0 }
                    { rep int-rep }
                    { src T{ spill-slot { n 8 } } }
                }
                T{ ##branch }
            }
        } member?
    ]
}
Unit Test: {
    { { 0 1 2 } }
    [ 0 get block>cfg linearization-order [ number>> ] map ]
}
Unit Test: {
    { { 10 20 30 } }
    [
        two-successors-cfg (linearization-order)
        [ number>> ] map
    ]
}
Unit Test: {
    { { 0 1 2 3 4 5 } }
    [
        6 <iota> [ V{ } clone over insns>block ] map>alist dup
        { { 0 1 } { 0 2 } { 0 5 } { 2 3 } { 3 4 } { 4 2 } }
        make-edges 0 of block>cfg (linearization-order)
        [ number>> ] map
    ]
}
Unit Test: {
    { { } V{ 10 } }
    [
        HS{ } clone visited set V{ } 10 insns>block
        [ process-block ] V{ } make [ number>> ] map
    ]
}
Unit Test: {
    { { 0 1 2 } }
    [
        two-successors-cfg linearization-order dup number-blocks
        [ number>> ] map
    ]
}
Unit Test: { { H{ } } [ { } 0 insns>block compute-edge-live-in ] }
Unit Test: {
    { H{ { "bl1" H{ { 7 7 } } } { "bl2" H{ { 99 99 } } } } }
    [
        {
            T{ ##phi
                { dst 103 }
                { inputs H{ { "bl1" 7 } { "bl2" 99 } } }
            }
        } 0 insns>block compute-edge-live-in
    ]
}
Unit Test: {
    {
        H{
            {
                "b-31"
                H{
                    { 192 192 }
                    { 193 193 }
                    { 194 194 }
                    { 195 195 }
                }
            }
            {
                "b-23"
                H{
                    { 187 187 }
                    { 181 181 }
                    { 182 182 }
                    { 183 183 }
                }
            }
            {
                "b-26"
                H{
                    { 188 188 }
                    { 189 189 }
                    { 190 190 }
                    { 191 191 }
                }
            }
        }
    }
    [
        {
            T{ ##phi
                { dst 196 }
                { inputs
                    H{
                        { "b-31" 193 }
                        { "b-23" 183 }
                        { "b-26" 189 }
                    }
                }
            }
            T{ ##phi
                { dst 197 }
                { inputs
                    H{
                        { "b-31" 194 }
                        { "b-23" 182 }
                        { "b-26" 190 }
                    }
                }
            }
            T{ ##phi
                { dst 198 }
                { inputs
                    H{
                        { "b-31" 195 }
                        { "b-23" 181 }
                        { "b-26" 191 }
                    }
                }
            }
            T{ ##phi
                { dst 199 }
                { inputs
                    H{
                        { "b-31" 192 }
                        { "b-23" 187 }
                        { "b-26" 188 }
                    }
                }
            }
        } 0 insns>block compute-edge-live-in
    ]
}
Unit Test: {
    { T{ gc-map { gc-roots { 48 } } { derived-roots V{ } } } }
    [
        H{ { 48 tagged-rep } } representations set
        H{ { 48 48 } } clone T{ gc-map } [ fill-gc-map ] keep
    ]
}
Unit Test: {
    { V{ } { 125 } }
    [
        H{
            { 123 double-rep }
            { 124 double-2-rep }
            { 125 tagged-rep }
        } representations set { 123 124 125 } unique gc-roots
    ]
}
Unit Test: {
    { H{ { 37 37 } } }
    [
        H{ } clone [
            T{ ##replace { src 37 } { loc D: 0 } { insn# 0 } }
            gen-uses
        ] keep
    ]
}
Unit Test: {
    { H{ } }
    [
        H{ } dup
        T{ ##peek { dst 37 } { loc D: 0 } { insn# 0 } }
        kill-defs
    ]
}
Unit Test: {
    { H{ { 3 3 } } }
    [
        H{ { 2 99 } { 99 99 } { 37 99 } } leader-map set
        H{ { 37 37 } { 3 3 } } dup
        T{ ##peek { dst 2 } { loc D: 0 } { insn# 0 } } kill-defs
    ]
}
Unit Test: {
    { H{ { 3 3 } } 0 }
    [
        [
            f leader-map set counted-live-set new
            H{ { 1 1 } { 3 3 } } clone >>assoc
            [ T{ ##peek { dst 1 } { loc D: 0 } } kill-defs ]
            keep [ assoc>> ] [ scans>> ] bi
        ] with-scope
    ]
}
Unit Test: {
    { H{ { 1 1 } { 3 3 } } 0 }
    [
        [
            H{ { 1 3 } { 3 3 } } clone leader-map set
            counted-live-set new
            H{ { 1 1 } { 3 3 } } clone >>assoc
            [ T{ ##replace { src 1 } { loc D: 0 } } kill-defs ]
            keep [ assoc>> ] [ scans>> ] bi
        ] with-scope
    ]
}
Unit Test: {
    { H{ { 3 3 } } }
    [
        [
            f leader-map set H{ { 1 1 } { 2 2 } { 3 3 } } clone
            [
                T{ ##parallel-copy
                    { values { { 1 10 } { 2 20 } } }
                } kill-defs
            ] keep
        ] with-scope
    ]
}
Unit Test: {
    { H{ { 4 4 } { 99 99 } } }
    [
        [
            H{ { 1 2 } { 2 3 } { 3 3 } { 4 4 } } clone
            leader-map set
            H{ { 1 1 } { 2 2 } { 3 3 } { 4 4 } { 99 99 } } clone
            [ T{ ##peek { dst 1 } { loc D: 0 } } kill-defs ]
            keep
        ] with-scope
    ]
}
Unit Test: {
    {
        H{ { 10 3 } { 20 2 } { 30 3 } }
        H{ { 1 H{ { 10 1 } } } { 2 H{ { 20 2 } { 10 2 } } } }
        H{ { 10 3 } { 30 3 } }
    }
    [
        [
            init-liveness <basic-block> V{ 1 2 } >>successors
            load-local H{
                { 1 H{ { 10 1 } } }
                { 2 H{ { 20 2 } { 10 2 } } }
            } live-ins set H{ } clone load-local
            H{ { 10 3 } { 30 3 } } -1 get-local 0 get-local
            set-at 0 get-local 1 edge-live-ins get set-at
            -1 get-local compute-live-out live-ins get -1
            get-local 1 edge-live-in 2 drop-locals
        ] with-scope
    ]
}
Unit Test: {
    { 3 }
    [
        init-liveness 3 <iota>
        [ <basic-block> swap >>number ] map <basic-block>
        [ connect-Nto1-bbs ] keep liveness-step length
    ]
}
Unit Test: {
    { 84 }
    [
        H{ { 84 84 } } clone base-pointers set
        84 lookup-base-pointer
    ]
}
Unit Test: {
    { 15 }
    [
        { T{ ##tagged>integer { dst 30 } { src 15 } } } 0
        insns>block block>cfg compute-live-sets
        30 lookup-base-pointer
    ]
}
Unit Test: {
    { f }
    [
        456
        T{ ##peek { dst 123 } { loc D: 0 } }
        lookup-base-pointer*
    ]
}
Unit Test: {
    {
        T{ gc-map
            { gc-roots { 1 } }
            { derived-roots V{ { 30 1 } } }
        }
        H{ { 1 1 } { 30 30 } }
    }
    [
        [
            f leader-map set H{ } clone base-pointers set
            H{ { 1 tagged-rep } { 30 int-rep } } representations
            set H{
                {
                    10
                    T{ ##tagged>integer { dst 10 } { src 1 } }
                }
                {
                    20
                    T{ ##parallel-copy { values { ~array~ } } }
                }
                {
                    30
                    T{ ##copy
                        { dst 30 }
                        { src 20 }
                        { rep int-rep }
                    }
                }
            } insns set H{ { 30 30 } } clone
            T{ ##call-gc { gc-map T{ gc-map } } } clone
            [ visit-insn ] 2keep gc-map>> swap
        ] with-scope
    ]
}
Unit Test: {
    {
        T{ gc-map
            { gc-roots { 1 } }
            { derived-roots V{ { 20 1 } } }
        }
    }
    [
        [
            f leader-map set
            H{ { 1 tagged-rep } { 10 int-rep } { 20 int-rep } }
            representations set {
                T{ ##peek { dst 1 } { loc D: 0 } }
                T{ ##tagged>integer { dst 10 } { src 1 } }
                T{ ##parallel-copy { values { { 20 10 } } } }
                T{ ##call-gc { gc-map T{ gc-map } } }
                T{ ##replace { src 20 } { loc D: 0 } }
            } [ insns>cfg compute-live-sets ] keep 3 swap nth
            gc-map>>
        ] with-scope
    ]
}
Unit Test: {
    { f f }
    [
        [
            f leader-map set H{ } clone base-pointers set H{
                {
                    20
                    T{ ##parallel-copy { values { ~array~ } } }
                }
                { 10 T{ ##load-integer { dst 10 } { val 7 } } }
            } insns set
            20 lookup-base-pointer 20 lookup-base-pointer
        ] with-scope
    ]
}
Unit Test: {
    { f }
    [
        [
            f leader-map set H{ } clone base-pointers set H{
                {
                    20
                    T{ ##parallel-copy { values { ~array~ } } }
                }
                {
                    10
                    T{ ##copy
                        { dst 10 }
                        { src 20 }
                        { rep int-rep }
                    }
                }
            } insns set 20 lookup-base-pointer
        ] with-scope
    ]
}
Unit Test: {
    { H{ { 37 37 } } }
    [
        H{ } clone dup {
            T{ ##replace { src 37 } { loc D: 1 } { insn# 6 } }
            T{ ##peek { dst 37 } { loc D: 0 } { insn# 0 } }
        } transfer-liveness
    ]
}
Unit Test: {
    { V{ } HS{ 48 } }
    [
        H{ { 48 tagged-rep } } representations set 48 V{ } clone
        HS{ } clone [ visit-gc-root ] 2keep
    ]
}
Unit Test: {
    { V{ { 48 40 } } HS{ 40 } }
    [
        H{ { 48 40 } } base-pointers set
        H{ { 48 int-rep } } representations set 48 V{ } clone
        HS{ } clone [ visit-gc-root ] 2keep
    ]
}
Unit Test: {
    { H{ } }
    [
        H{ } clone
        [ T{ ##peek { dst 0 } { loc D: 0 } } visit-insn ] keep
    ]
}
Unit Test: {
    { H{ { 48 48 } { 37 37 } } }
    [
        H{ { 48 tagged-rep } } representations set
        H{ { 48 48 } } clone [
            T{ ##replace { src 37 } { loc D: 1 } { insn# 6 } }
            visit-insn
        ] keep
    ]
}
Unit Test: {
    {
        T{ ##call-gc
            { gc-map
                T{ gc-map
                    { gc-roots { 93 } }
                    { derived-roots V{ } }
                }
            }
        }
    }
    [
        H{ { 93 tagged-rep } } representations set
        H{ { 93 93 } } clone
        T{ ##call-gc { gc-map T{ gc-map } } } [ visit-insn ]
        keep
    ]
}
Unit Test: { { } [ test-liveness ] }
Unit Test: { { H{ { 1 1 } { 2 2 } { 3 3 } } } [ 1 get live-in ] }
Unit Test: { { } [ test-liveness ] }
Unit Test: { { H{ { 0 0 } } } [ 2 get live-in ] }
Unit Test: { { } [ test-liveness ] }
Unit Test: {
    { H{ { 28 28 } { 29 29 } { 30 30 } { 31 31 } } }
    [ 5 get live-out ]
}
Unit Test: { { H{ { 28 28 } { 29 29 } { 30 30 } } } [ 6 get live-in ] }
Unit Test: { { H{ { 28 28 } { 29 29 } { 31 31 } } } [ 7 get live-in ] }
Unit Test: { { H{ { 30 30 } } } [ 6 get 8 get edge-live-in ] }
Unit Test: { { } [ 0 get block>cfg dup cfg set compute-live-sets ] }
Unit Test: { { t } [ 0 get live-in assoc-empty? ] }
Unit Test: { { H{ { 2 2 } } } [ 4 get live-out ] }
Unit Test: { { H{ { 0 0 } } } [ 2 get 4 get edge-live-in ] }
Unit Test: { { H{ { 1 1 } } } [ 3 get 4 get edge-live-in ] }
Unit Test: { { } [ 0 get block>cfg dup cfg set compute-live-sets ] }
Unit Test: {
    { V{ { 1 0 } } }
    [ 1 get instructions>> 2 swap nth gc-map>> derived-roots>> ]
}
Unit Test: {
    { { 0 } }
    [ 1 get instructions>> 2 swap nth gc-map>> gc-roots>> ]
}
Unit Test: {
    { V{ { 1 0 } } }
    [ 1 get instructions>> 4 swap nth gc-map>> derived-roots>> ]
}
Unit Test: {
    { { 0 } }
    [ 1 get instructions>> 4 swap nth gc-map>> gc-roots>> ]
}
Unit Test: {
    { H{ { 1 1 } { 2 2 } } }
    [
        [
            f leader-map set
            H{ { 1 tagged-rep } { 2 int-rep } } representations
            set H{ { 2 1 } } clone base-pointers set
            H{ { 2 2 } } clone [
                T{ ##call-gc { gc-map T{ gc-map } } } clone
                visit-insn
            ] keep
        ] with-scope
    ]
}
Unit Test: {
    { V{ 0 } { 1 } }
    [
        V{ } 0 insns>block V{ } 1 insns>block
        [ connect-bbs ] keep f f <natural-loop>
        [ process-loop-block ] keep blocks>> members
        [ [ number>> ] map ] bi@
    ]
}
Unit Test: { { } [ f f <natural-loop> process-loop-ends ] }
Unit Test: { { } [ test-loop-detection ] }
Unit Test: { { 1 } [ 0 get loop-nesting-at ] }
Unit Test: { { 0 } [ 1 get loop-nesting-at ] }
Unit Test: { { 1 } [ 2 get loop-nesting-at ] }
Unit Test: {
    { t }
    [
        {
            T{ ##mul { dst 2 } { src1 0 } { src2 1 } }
            T{ ##neg { dst 3 } { src 2 } }
        } fused-insns last
        T{ ##mneg { dst 3 } { src1 0 } { src2 1 } } =
    ]
}
Unit Test: {
    { 0 }
    [
        {
            T{ ##mul { dst 2 } { src1 0 } { src2 1 } }
            T{ ##neg { dst 3 } { src 2 } }
            T{ ##add { dst 4 } { src1 2 } { src2 3 } }
        } fused-insns [ ##mneg? ] count
    ]
}
Unit Test: {
    { 0 }
    [
        {
            T{ ##fixnum-mul { dst 2 } { src1 0 } { src2 1 } }
            T{ ##neg { dst 3 } { src 2 } }
        } fused-insns [ ##mneg? ] count
    ]
}
Unit Test: {
    { 1 }
    [
        [ { fixnum fixnum } declare fixnum*fast -1 fixnum*fast ]
        [ ##mneg? ] count-insns
    ]
}
Unit Test: {
    { 0 }
    [
        [ { fixnum fixnum } declare fixnum*fast -1 fixnum*fast ]
        [ ##mul? ] count-insns
    ]
}
Unit Test: {
    { -42 }
    [
        6 7
        [ { fixnum fixnum } declare fixnum*fast -1 fixnum*fast ]
        compile-call
    ]
}
Unit Test: {
    { 42 }
    [
        -6 7
        [ { fixnum fixnum } declare fixnum*fast -1 fixnum*fast ]
        compile-call
    ]
}
Unit Test: {
    { 0 }
    [
        0 -7
        [ { fixnum fixnum } declare fixnum*fast -1 fixnum*fast ]
        compile-call
    ]
}
Unit Test: {
    { -49 }
    [
        7
        [ { fixnum } declare dup fixnum*fast -1 fixnum*fast ]
        compile-call
    ]
}
Unit Test: {
    { t }
    [
        most-negative-fixnum 1
        [ { fixnum fixnum } declare fixnum*fast -1 fixnum*fast ]
        compile-call most-negative-fixnum =
    ]
}
Unit Test: {
    { 2 }
    [
        most-positive-fixnum 2
        [ { fixnum fixnum } declare fixnum*fast -1 fixnum*fast ]
        compile-call
    ]
}
Unit Test: {
    { t }
    [
        most-positive-fixnum 2 * neg most-positive-fixnum 2
        [ { fixnum fixnum } declare * neg ] compile-call =
    ]
}
Unit Test: { { 0 } [ shared-use-in-successor ] }
Unit Test: { { { } } [ H{ } test-parallel-copy ] }
Unit Test: {
    {
        {
            T{ ##copy { dst 4 } { src 2 } { rep any-rep } }
            T{ ##copy { dst 2 } { src 1 } { rep any-rep } }
            T{ ##copy { dst 1 } { src 4 } { rep any-rep } }
        }
    }
    [ H{ { 1 2 } { 2 1 } } test-parallel-copy ]
}
Unit Test: {
    {
        {
            T{ ##copy { dst 1 } { src 2 } { rep any-rep } }
            T{ ##copy { dst 3 } { src 4 } { rep any-rep } }
        }
    }
    [ H{ { 1 2 } { 3 4 } } test-parallel-copy ]
}
Unit Test: {
    {
        {
            T{ ##copy { dst 1 } { src 3 } { rep any-rep } }
            T{ ##copy { dst 2 } { src 1 } { rep any-rep } }
        }
    }
    [ H{ { 1 3 } { 2 3 } } test-parallel-copy ]
}
Unit Test: {
    {
        {
            T{ ##copy { dst 4 } { src 3 } { rep any-rep } }
            T{ ##copy { dst 3 } { src 2 } { rep any-rep } }
            T{ ##copy { dst 2 } { src 1 } { rep any-rep } }
            T{ ##copy { dst 1 } { src 4 } { rep any-rep } }
        }
    }
    [ { { 2 1 } { 3 2 } { 1 3 } { 4 3 } } test-parallel-copy ]
}
Unit Test: {
    { linear-scan-allocator }
    [
        f register-allocator
        [ current-register-allocator ] with-variable
    ]
}
Unit Test: {
    { 1234 linear-scan-allocator }
    [
        f register-allocator [
            recording-allocator register-allocator
            [ 1234 allocate-registers recorded-cfg get ]
            with-variable current-register-allocator
        ] with-variable
    ]
}
Unit Test: {
    { t t t }
    [
        init-test-allocation [
            1 { 0 100 } test-interval 2
            { 20 22 24 40 } test-interval 2array
            swap backtracking-allocation
        ] keep [ check-allocated-intervals ] 2keep drop
        [ spill-to>> ] any? backtracking-evictions get 0 >
        backtracking-splits get 0 >
    ]
}
Unit Test: {
    { 1 t }
    [
        init-test-allocation 1 { 0 10 } test-interval 1
        { 20 30 } test-interval 2array
        swap backtracking-allocation
        assigned-bundles get length swap [ reg>> ] map first2 =
    ]
}
Unit Test: {
    { 2 t t }
    [
        init-test-allocation 1 { 0 40 100 } test-interval
        T{ sync-point { n 40 } } 2array
        swap backtracking-allocation
        [ length ] [ [ spill-to>> ] any? ]
        [ [ reload-from>> ] any? ] tri
    ]
}
Unit Test: {
    { 42 }
    [
        backtracking-allocator register-allocator
        [ 19 23 [ { fixnum fixnum } declare + ] compile-call ]
        with-variable
    ]
}
Unit Test: {
    { 7.5 }
    [
        backtracking-allocator register-allocator
        [ 1.5 2.0 3.0 [ * + ] compile-call ] with-variable
    ]
}
Unit Test: {
    { { 1 2 3 } }
    [
        backtracking-allocator register-allocator
        [ { 1 2 3 } [ dup gc drop ] compile-call ] with-variable
    ]
}
Unit Test: {
    { 4950 }
    [
        backtracking-allocator register-allocator
        [ 100 [ <iota> 0 [ + ] reduce ] compile-call ]
        with-variable
    ]
}
Unit Test: {
    { t }
    [
        [ { fixnum fixnum } declare + ]
        { linear-scan-allocator backtracking-allocator }
        compare-allocators
        [ "procedures" of first "code-bytes" of 0 > ] all?
    ]
}
Unit Test: {
    { 1220 }
    [
        backtracking-allocator register-allocator
        [ 10 pressure-quotation compile-call ] with-variable
    ]
}
Unit Test: {
    { t t }
    [
        pressure-quotation
        { linear-scan-allocator backtracking-allocator }
        compare-allocators [
            [
                "procedures" of
                [ "passes" of last "spills" of ] map-sum 0 >
            ] all?
        ] [
            second "procedures" of first "allocation" of
            "evictions" of 0 >
        ] bi
    ]
}
Unit Test: {
    { t 1 }
    [
        init-test-allocation 1 { 40 } test-interval
        dup uses>> first t >>spill-slot? drop
        T{ sync-point { n 40 } } 2array
        swap backtracking-allocation
        empty? spill-slots get assoc-size
    ]
}
Unit Test: {
    { t 2 }
    [
        tree-graph dup maximum-cardinality-order
        [ perfect-order? ] [ greedy-colors values supremum 1 + ]
        2bi
    ]
}
Unit Test: {
    { f }
    [ cycle-graph dup maximum-cardinality-order perfect-order? ]
}
Unit Test: {
    { H{ { 0 V{ } } { 1 V{ } } } }
    [
        H{ { 0 int-rep } { 1 int-rep } } representations [
            {
                T{ live-interval-state
                    { vreg 0 }
                    { ranges V{ { 0 2 } { 8 10 } } }
                }
                T{ live-interval-state
                    { vreg 1 }
                    { ranges V{ { 4 6 } } }
                }
            } interference-graph
        ] with-variable
    ]
}
Unit Test: {
    { 13 6 }
    [
        [
            5 [ dup 0 > [ 2 * ] [ 3 + ] if 3 + ] compile-call 0
            [ dup 0 > [ 2 * ] [ 3 + ] if 3 + ] compile-call
        ] with-chordal-test
    ]
}
Unit Test: {
    { { double-2-rep double-rep double-rep double-2-rep } }
    [
        [
            H{ { 0 double-rep } { 1 double-2-rep } }
            representations set machine-registers registers set
            H{ } clone scratch-spills set
            { } insns>cfg dup stack-frame>> 32 >>spill-area-size
            drop cfg set [
                0 <spill-slot> double-rep <location>
                8 <spill-slot> double-rep <location>
                memory>memory
            ] { } make [ rep>> ] map
        ] with-scope
    ]
}
Unit Test: {
    { 55 }
    [
        [
            10
            [ 0 swap [ dup 0 > ] [ [ + ] keep 1 - ] while drop ]
            compile-call
        ] with-chordal-test
    ]
}
Unit Test: {
    { 2 1 }
    [
        [ [ 1 2 5 [ swap ] times ] compile-call ]
        with-chordal-test
    ]
}
Unit Test: {
    { { 1 2 3 } }
    [ [ [ 1 2 3 3array gc ] compile-call ] with-chordal-test ]
}
Unit Test: {
    { t }
    [
        [
            [ 1.0 100 [ fsin ] times 1.0 float+ ] compile-call
            1.168852488727981 0.000000001 ~
        ] with-chordal-test
    ]
}
Unit Test: {
    { 65537.0 }
    [
        [ [ 2.0 4 [ 2.0 fpow ] times 1.0 float+ ] compile-call ]
        with-chordal-test
    ]
}
Unit Test: {
    { t }
    [
        [
            40 <iota> >array pressure-quotation compile-call
            40 <iota> [ >float 0.5 float+ ] map =
        ] with-chordal-test
    ]
}
Unit Test: {
    { t t }
    [
        [
            pressure-quotation measure-compilation "procedures"
            of first
            [ "allocation" of "repair-assignments" of 0 > ]
            [ "passes" of last "spills" of 0 > ] bi
        ] with-chordal-test
    ]
}
Unit Test: {
    { 920.0 -720.0 }
    [
        [
            2.5 t phi-pressure-quotation compile-call
            2.5 f phi-pressure-quotation compile-call
        ] with-chordal-test
    ]
}
Unit Test: {
    { t t }
    [
        [
            [ 1.0 100 [ fsin ] times 1.0 float+ ]
            measure-compilation "procedures" of
            first "allocation" of
            [ "chordal?" of ] [ "color-assignments" of 0 > ] bi
        ] with-chordal-test
    ]
}
Unit Test: {
    { t t { 0 1 } }
    [
        [
            f derived-diamond 3 load-locals
            -2 get-local construct-ssa-bases
            -2 get-local compute-ssa-live-sets
            4 phi-bases get at load-local
            -1 get-local gc-map>> gc-roots>> 0 get-local swap
            member?
            -1 get-local gc-map>> derived-roots>> 4 0 get-local
            2 { } new-sequence [ 1 swap set-nth-unsafe ] keep
            [ 0 swap set-nth-unsafe ] keep { } like { } like
            swap member?
            -2 get-local instructions>> first inputs>> values
            natural-sort 4 drop-locals
        ] with-scope
    ]
}
Unit Test: {
    { t t t }
    [
        [
            t derived-loop 4 load-locals
            -3 get-local construct-ssa-bases
            -3 get-local compute-ssa-live-sets
            2 phi-bases get at load-local
            -3 get-local instructions>> first inputs>>
            load-local -5 get-local entry>> 0 get-local at 0 =
            -3 get-local 0 get-local at -1 get-local =
            -2 get-local gc-map>> derived-roots>> 2 -1 get-local
            2 { } new-sequence [ 1 swap set-nth-unsafe ] keep
            [ 0 swap set-nth-unsafe ] keep { } like { } like
            swap member? 6 drop-locals
        ] with-scope
    ]
}
Unit Test: {
    { t }
    [
        [
            f derived-loop 3drop construct-ssa-bases
            phi-bases get assoc-empty?
        ] with-scope
    ]
}
Unit Test: {
    { t t }
    [
        [
            t check-allocation? set
            executable-derived-cfg compile-derived-cfg
            [ t execute-derived-gc ] [ f execute-derived-gc ] bi
        ] with-scope
    ]
}
Unit Test: {
    { t t }
    [
        [
            t derived-diamond 3 load-locals
            -2 get-local construct-ssa-bases
            -2 get-local compute-ssa-live-sets
            -1 get-local instructions>> first inputs>> values
            [ 0 = not ] find nip load-local
            0 get-local rep-of tagged-rep =
            -1 get-local gc-map>> derived-roots>> 4 phi-bases
            get at 4 swap 2array swap member? 4 drop-locals
        ] with-scope
    ]
}
Unit Test: {
    { 2 f }
    [
        init-test 1
        { { 0 2 } { 10 12 } } { 0 2 10 12 } test-interval 2
        { { 4 8 } } { 4 8 } test-interval 2array
        allocate-test length "splits" greedy-statistics get at
    ]
}
Unit Test: {
    { 12 }
    [
        greedy-allocator register-allocator
        [ "greedy" [ dup length swap strlen + ] compile-call ]
        with-variable
    ]
}
Unit Test: {
    { 10880000 }
    [
        greedy-allocator register-allocator [
            [
                20000 [ 32 17 <array> ] replicate [ sum ] map
                sum
            ] compile-call
        ] with-variable
    ]
}
Unit Test: {
    { t t t }
    [
        init-test 1 { { 0 20 } } { 0 20 } test-interval 2
        { { 6 10 } } { 6 8 10 } test-interval 2array
        allocate-test length 2 >
        "evictions" greedy-statistics get at 0 >
        "splits" greedy-statistics get at 0 >
    ]
}
Unit Test: {
    { t }
    [
        init-test H{ { 6 8 } { 10 8 } } greedy-use-weights set 1
        { { 0 4 } } { 0 4 } test-interval spill-weight 2
        { { 6 10 } } { 6 10 } test-interval spill-weight <
    ]
}
Unit Test: {
    { 7 }
    [
        init-test { { 7 1 } } greedy-region-boundaries set 1
        { { 0 40 } } { 0 8 10 40 } test-interval region-split
    ]
}
Unit Test: {
    { t }
    [
        init-test { { 7 1 } } greedy-region-boundaries set 1
        { { 0 40 } } { 0 6 12 40 } test-interval 2
        { { 8 10 } } { 8 10 } test-interval 2array
        allocate-test drop
        "region-splits" greedy-statistics get at 0 >
    ]
}
Unit Test: {
    { 2 t }
    [
        init-test 1 { { 0 20 } } { 0 20 } test-interval
        10 f sync-point boa 2array allocate-test dup length swap
        [ spill-to>> ] map
        sift first spill-slots get values first =
    ]
}
Unit Test: {
    { 1 f }
    [
        init-test 1 { { 10 20 } } { 10 20 } test-interval
        10 t sync-point boa 2array
        allocate-test length "clobber-splits" greedy-statistics
        get at
    ]
}
Unit Test: {
    { 0 1 }
    [
        init-test 1 { { 10 10 } } { 10 } test-interval
        dup first-use t >>spill-slot? drop 10 f sync-point boa
        2array allocate-test length spill-slots get assoc-size
    ]
}
Unit Test: {
    { 0 1 }
    [
        init-test 1 { { 0 10 } } { 10 } test-interval
        dup first-use f >>def-rep int-rep >>use-rep
        t >>spill-slot? drop 10 f sync-point boa 2array
        allocate-test length spill-slots get assoc-size
    ]
}
Unit Test: {
    { 4950 }
    [
        greedy-allocator register-allocator
        [ 100 [ 0 swap [ + ] each-integer ] compile-call ]
        with-variable
    ]
}
Unit Test: {
    { { 1.0 2.0 3.0 4.0 } }
    [
        greedy-allocator register-allocator
        [ { 0.0 1.0 2.0 3.0 } [ [ 1.0 + ] map ] compile-call ]
        with-variable
    ]
}
Unit Test: {
    { 5092.0 }
    [
        greedy-allocator register-allocator
        [ 2.5 \ pressure-kernel def>> compile-call ]
        with-variable
    ]
}
Unit Test: {
    { "D: 3\nR: -1\n" }
    [ [ D: 3 . R: -1 . ] with-string-writer ]
}
Unit Test: {
    { { double-rep double-rep } }
    [
        T{ ##add-float { dst 5 } { src1 3 } { src2 4 } }
        uses-vreg-reps
    ]
}
Unit Test: {
    { { double-rep } }
    [
        T{ ##load-memory-imm
            { dst 5 }
            { base 3 }
            { offset 0 }
            { rep double-rep }
        } defs-vreg-reps
    ]
}
Unit Test: {
    {
        {
            T{ ##allot
                { dst 2 }
                { size 16 }
                { class-of float }
                { temp 4 }
            }
            T{ ##store-memory-imm
                { src 1 }
                { base 2 }
                { offset 5 }
                { rep double-rep }
            }
        }
    }
    [ [ 2 1 tagged-rep double-rep emit-conversion ] { } make ]
}
Unit Test: {
    {
        {
            T{ ##load-memory-imm
                { dst 2 }
                { base 1 }
                { offset 5 }
                { rep double-rep }
            }
        }
    }
    [ [ 2 1 double-rep tagged-rep emit-conversion ] { } make ]
}
Unit Test: { { } [ test-representations ] }
Unit Test: { { 1 } [ 1 get instructions>> [ ##allot? ] count ] }
Unit Test: { { } [ test-representations ] }
Unit Test: {
    { V{ T{ ##peek { dst 1 } { loc D: 0 } } T{ ##branch } } }
    [ 1 get instructions>> ]
}
Unit Test: { { } [ test-representations ] }
Unit Test: {
    { V{ T{ ##peek { dst 1 } { loc D: 0 } } T{ ##branch } } }
    [ 1 get instructions>> ]
}
Unit Test: { { } [ test-representations ] }
Unit Test: {
    {
        V{
            T{ ##peek { dst 4 } { loc D: 0 } }
            T{ ##sar-imm { dst 1 } { src1 4 } { src2 4 } }
            T{ ##branch }
        }
    }
    [ 1 get instructions>> ]
}
Unit Test: { { } [ test-representations ] }
Unit Test: { { t } [ 1 get instructions>> 4 swap nth ##scalar>integer? ] }
Unit Test: { { } [ test-representations ] }
Unit Test: {
    { T{ ##load-tagged { dst 1 } { val 16 } } }
    [ 1 get instructions>> first ]
}
Unit Test: {
    { T{ ##load-tagged { dst 2 } { val 32 } } }
    [ 2 get instructions>> first ]
}
Unit Test: { { } [ test-representations ] }
Unit Test: { { 2 } [ 2 get instructions>> length ] }
Unit Test: {
    { f }
    [
        V{
            T{ ##peek { dst 0 } { loc D: 0 } }
            T{ ##peek { dst 1 } { loc D: 1 } }
            T{ ##tagged>integer { dst 2 } { src 1 } }
            T{ ##add-float { dst 3 } { src1 0 } { src2 0 } }
            T{ ##store-memory-imm
                { src 3 }
                { base 2 }
                { offset 0 }
                { rep float-rep }
            }
            T{ ##store-memory-imm
                { src 3 }
                { base 2 }
                { offset 4 }
                { rep float-rep }
            }
            T{ ##mul-float { dst 4 } { src1 0 } { src2 0 } }
            T{ ##replace { src 4 } { loc D: 0 } }
        } test-peephole [ ##single>double-float? ] any?
    ]
}
Unit Test: {
    {
        V{
            T{ ##load-tagged { dst 1 } { val 1600 } }
            T{ ##replace { src 1 } { loc D: 0 } }
        }
    }
    [
        V{
            T{ ##load-integer { dst 1 } { val 100 } }
            T{ ##replace { src 1 } { loc D: 0 } }
        } test-peephole
    ]
}
Unit Test: {
    {
        V{
            T{ ##peek { dst 1 } { loc D: 0 } }
            T{ ##sar-imm { dst 2 } { src1 1 } { src2 1 } }
            T{ ##add { dst 4 } { src1 2 } { src2 2 } }
            T{ ##shl-imm { dst 3 } { src1 4 } { src2 4 } }
            T{ ##replace { src 3 } { loc D: 0 } }
        }
    }
    [
        V{
            T{ ##peek { dst 1 } { loc D: 0 } }
            T{ ##shl-imm { dst 2 } { src1 1 } { src2 3 } }
            T{ ##add { dst 3 } { src1 2 } { src2 2 } }
            T{ ##replace { src 3 } { loc D: 0 } }
        } test-peephole
    ]
}
Unit Test: {
    {
        V{
            T{ ##peek { dst 1 } { loc D: 0 } }
            T{ ##shl-imm { dst 2 } { src1 1 } { src2 6 } }
            T{ ##add { dst 4 } { src1 2 } { src2 2 } }
            T{ ##shl-imm { dst 3 } { src1 4 } { src2 4 } }
            T{ ##replace { src 3 } { loc D: 0 } }
        }
    }
    [
        V{
            T{ ##peek { dst 1 } { loc D: 0 } }
            T{ ##shl-imm { dst 2 } { src1 1 } { src2 10 } }
            T{ ##add { dst 3 } { src1 2 } { src2 2 } }
            T{ ##replace { src 3 } { loc D: 0 } }
        } test-peephole
    ]
}
Unit Test: {
    {
        V{
            T{ ##peek { dst 1 } { loc D: 0 } }
            T{ ##copy { dst 2 } { src 1 } { rep int-rep } }
            T{ ##add { dst 5 } { src1 2 } { src2 2 } }
            T{ ##shl-imm { dst 3 } { src1 5 } { src2 4 } }
            T{ ##replace { src 3 } { loc D: 0 } }
        }
    }
    [
        V{
            T{ ##peek { dst 1 } { loc D: 0 } }
            T{ ##shl-imm { dst 2 } { src1 1 } { src2 4 } }
            T{ ##add { dst 3 } { src1 2 } { src2 2 } }
            T{ ##replace { src 3 } { loc D: 0 } }
        } test-peephole
    ]
}
Unit Test: {
    {
        V{
            T{ ##load-integer { dst 1 } { val 100 } }
            T{ ##shl-imm { dst 2 } { src1 1 } { src2 7 } }
            T{ ##replace { src 2 } { loc D: 0 } }
        }
    }
    [
        V{
            T{ ##load-integer { dst 1 } { val 100 } }
            T{ ##shl-imm { dst 2 } { src1 1 } { src2 3 } }
            T{ ##replace { src 2 } { loc D: 0 } }
        } test-peephole
    ]
}
Unit Test: {
    {
        V{
            T{ ##peek { dst 0 } { loc D: 0 } }
            T{ ##shl-imm { dst 1 } { src1 0 } { src2 3 } }
            T{ ##replace { src 1 } { loc D: 0 } }
        }
    }
    [
        V{
            T{ ##peek { dst 0 } { loc D: 0 } }
            T{ ##shl-imm { dst 1 } { src1 0 } { src2 3 } }
            T{ ##replace { src 1 } { loc D: 0 } }
        } test-peephole
    ]
}
Unit Test: {
    {
        V{
            T{ ##load-integer { dst 1 } { val 100 } }
            T{ ##shl-imm { dst 2 } { src1 1 } { src2 3 } }
            T{ ##load-integer { dst 3 } { val 100 } }
            T{ ##load-integer { dst 4 } { val 100 } }
            T{ ##store-memory
                { src 2 }
                { base 3 }
                { displacement 4 }
                { scale 0 }
                { offset 0 }
                { rep int-rep }
                { c-type char }
            }
        }
    }
    [
        V{
            T{ ##load-integer { dst 1 } { val 100 } }
            T{ ##shl-imm { dst 2 } { src1 1 } { src2 3 } }
            T{ ##load-integer { dst 3 } { val 100 } }
            T{ ##load-integer { dst 4 } { val 100 } }
            T{ ##store-memory
                { src 2 }
                { base 3 }
                { displacement 4 }
                { scale 0 }
                { offset 0 }
                { rep int-rep }
                { c-type char }
            }
        } test-peephole
    ]
}
Unit Test: {
    {
        V{
            T{ ##peek { dst 1 } { loc D: 0 } }
            T{ ##sar-imm { dst 7 } { src1 1 } { src2 7 } }
            T{ ##shl-imm { dst 2 } { src1 7 } { src2 4 } }
            T{ ##replace { src 2 } { loc D: 0 } }
        }
    }
    [
        V{
            T{ ##peek { dst 1 } { loc D: 0 } }
            T{ ##sar-imm { dst 2 } { src1 1 } { src2 3 } }
            T{ ##replace { src 2 } { loc D: 0 } }
        } test-peephole
    ]
}
Unit Test: {
    {
        V{
            T{ ##load-integer { dst 1 } { val 100 } }
            T{ ##sar-imm { dst 7 } { src1 1 } { src2 3 } }
            T{ ##shl-imm { dst 2 } { src1 7 } { src2 4 } }
            T{ ##replace { src 2 } { loc D: 0 } }
        }
    }
    [
        V{
            T{ ##load-integer { dst 1 } { val 100 } }
            T{ ##sar-imm { dst 2 } { src1 1 } { src2 3 } }
            T{ ##replace { src 2 } { loc D: 0 } }
        } test-peephole
    ]
}
Unit Test: {
    {
        V{
            T{ ##peek { dst 0 } { loc D: 0 } }
            T{ ##sar-imm { dst 1 } { src1 0 } { src2 7 } }
            T{ ##load-integer { dst 3 } { val 100 } }
            T{ ##load-integer { dst 4 } { val 100 } }
            T{ ##store-memory
                { src 1 }
                { base 3 }
                { displacement 4 }
                { scale 0 }
                { offset 0 }
                { rep int-rep }
                { c-type char }
            }
        }
    }
    [
        V{
            T{ ##peek { dst 0 } { loc D: 0 } }
            T{ ##sar-imm { dst 1 } { src1 0 } { src2 3 } }
            T{ ##load-integer { dst 3 } { val 100 } }
            T{ ##load-integer { dst 4 } { val 100 } }
            T{ ##store-memory
                { src 1 }
                { base 3 }
                { displacement 4 }
                { scale 0 }
                { offset 0 }
                { rep int-rep }
                { c-type char }
            }
        } test-peephole
    ]
}
Unit Test: {
    {
        V{
            T{ ##load-integer { dst 1 } { val 100 } }
            T{ ##sar-imm { dst 2 } { src1 1 } { src2 3 } }
            T{ ##load-integer { dst 3 } { val 100 } }
            T{ ##load-integer { dst 4 } { val 100 } }
            T{ ##store-memory
                { src 2 }
                { base 3 }
                { displacement 4 }
                { scale 0 }
                { offset 0 }
                { rep int-rep }
                { c-type char }
            }
        }
    }
    [
        V{
            T{ ##load-integer { dst 1 } { val 100 } }
            T{ ##sar-imm { dst 2 } { src1 1 } { src2 3 } }
            T{ ##load-integer { dst 3 } { val 100 } }
            T{ ##load-integer { dst 4 } { val 100 } }
            T{ ##store-memory
                { src 2 }
                { base 3 }
                { displacement 4 }
                { scale 0 }
                { offset 0 }
                { rep int-rep }
                { c-type char }
            }
        } test-peephole
    ]
}
Unit Test: {
    {
        V{
            T{ ##load-vector
                { dst 0 }
                { val B{ 0 0 0 0 0 0 0 0 0 0 0 0 0 0 0 0 } }
                { rep short-8-rep }
            }
            T{ ##select-vector
                { dst 1 }
                { src 0 }
                { n 0 }
                { rep short-8-rep }
            }
            T{ ##sar-imm { dst 2 } { src1 1 } { src2 3 } }
            T{ ##load-integer { dst 3 } { val 100 } }
            T{ ##add { dst 4 } { src1 2 } { src2 3 } }
            T{ ##load-integer { dst 5 } { val 100 } }
            T{ ##load-integer { dst 6 } { val 100 } }
            T{ ##store-memory
                { src 4 }
                { base 5 }
                { displacement 6 }
                { scale 0 }
                { offset 0 }
                { rep int-rep }
                { c-type char }
            }
        }
    }
    [
        V{
            T{ ##load-vector
                { dst 0 }
                { val B{ 0 0 0 0 0 0 0 0 0 0 0 0 0 0 0 0 } }
                { rep short-8-rep }
            }
            T{ ##select-vector
                { dst 1 }
                { src 0 }
                { n 0 }
                { rep short-8-rep }
            }
            T{ ##sar-imm { dst 2 } { src1 1 } { src2 3 } }
            T{ ##load-integer { dst 3 } { val 100 } }
            T{ ##add { dst 4 } { src1 2 } { src2 3 } }
            T{ ##load-integer { dst 5 } { val 100 } }
            T{ ##load-integer { dst 6 } { val 100 } }
            T{ ##store-memory
                { src 4 }
                { base 5 }
                { displacement 6 }
                { scale 0 }
                { offset 0 }
                { rep int-rep }
                { c-type char }
            }
        } test-peephole
    ]
}
Unit Test: {
    {
        V{
            T{ ##load-vector
                { dst 0 }
                { val B{ 0 0 0 0 0 0 0 0 0 0 0 0 0 0 0 0 } }
                { rep int-4-rep }
            }
            T{ ##select-vector
                { dst 1 }
                { src 0 }
                { n 0 }
                { rep int-4-rep }
            }
            T{ ##sar-imm { dst 2 } { src1 1 } { src2 3 } }
            T{ ##load-integer { dst 3 } { val 100 } }
            T{ ##add { dst 7 } { src1 2 } { src2 3 } }
            T{ ##shl-imm { dst 4 } { src1 7 } { src2 4 } }
            T{ ##replace { src 4 } { loc D: 0 } }
        }
    }
    [
        V{
            T{ ##load-vector
                { dst 0 }
                { val B{ 0 0 0 0 0 0 0 0 0 0 0 0 0 0 0 0 } }
                { rep int-4-rep }
            }
            T{ ##select-vector
                { dst 1 }
                { src 0 }
                { n 0 }
                { rep int-4-rep }
            }
            T{ ##sar-imm { dst 2 } { src1 1 } { src2 3 } }
            T{ ##load-integer { dst 3 } { val 100 } }
            T{ ##add { dst 4 } { src1 2 } { src2 3 } }
            T{ ##replace { src 4 } { loc D: 0 } }
        } test-peephole
    ]
}
Unit Test: {
    {
        V{
            T{ ##peek { dst 1 } { loc D: 0 } }
            T{ ##add-imm { dst 2 } { src1 1 } { src2 1600 } }
            T{ ##replace { src 2 } { loc D: 0 } }
        }
    }
    [
        V{
            T{ ##peek { dst 1 } { loc D: 0 } }
            T{ ##add-imm { dst 2 } { src1 1 } { src2 100 } }
            T{ ##replace { src 2 } { loc D: 0 } }
        } test-peephole
    ]
}
Unit Test: {
    {
        V{
            T{ ##peek { dst 0 } { loc D: 0 } }
            T{ ##peek { dst 1 } { loc D: 1 } }
            T{ ##add { dst 2 } { src1 0 } { src2 1 } }
            T{ ##replace { src 2 } { loc D: 0 } }
        }
    }
    [
        V{
            T{ ##peek { dst 0 } { loc D: 0 } }
            T{ ##peek { dst 1 } { loc D: 1 } }
            T{ ##add { dst 2 } { src1 0 } { src2 1 } }
            T{ ##replace { src 2 } { loc D: 0 } }
        } test-peephole
    ]
}
Unit Test: {
    {
        V{
            T{ ##peek { dst 0 } { loc D: 0 } }
            T{ ##mul-imm { dst 1 } { src1 0 } { src2 100 } }
            T{ ##replace { src 1 } { loc D: 0 } }
        }
    }
    [
        V{
            T{ ##peek { dst 0 } { loc D: 0 } }
            T{ ##mul-imm { dst 1 } { src1 0 } { src2 100 } }
            T{ ##replace { src 1 } { loc D: 0 } }
        } test-peephole
    ]
}
Unit Test: {
    {
        V{
            T{ ##peek { dst 0 } { loc D: 0 } }
            T{ ##peek { dst 1 } { loc D: 1 } }
            T{ ##sar-imm { dst 5 } { src1 1 } { src2 4 } }
            T{ ##add-imm { dst 2 } { src1 5 } { src2 30 } }
            T{ ##mul-imm { dst 3 } { src1 2 } { src2 1600 } }
            T{ ##replace { src 3 } { loc D: 0 } }
        }
    }
    [
        V{
            T{ ##peek { dst 0 } { loc D: 0 } }
            T{ ##peek { dst 1 } { loc D: 1 } }
            T{ ##add-imm { dst 2 } { src1 1 } { src2 30 } }
            T{ ##mul-imm { dst 3 } { src1 2 } { src2 100 } }
            T{ ##replace { src 3 } { loc D: 0 } }
        } test-peephole
    ]
}
Unit Test: {
    {
        V{
            T{ ##peek { dst 0 } { loc D: 0 } }
            T{ ##peek { dst 1 } { loc D: 1 } }
            T{ ##test
                { dst 2 }
                { src1 0 }
                { src2 1 }
                { cc cc= }
            }
            T{ ##replace { src 2 } { loc D: 0 } }
        }
    }
    [
        V{
            T{ ##peek { dst 0 } { loc D: 0 } }
            T{ ##peek { dst 1 } { loc D: 1 } }
            T{ ##test
                { dst 2 }
                { src1 0 }
                { src2 1 }
                { cc cc= }
            }
            T{ ##replace { src 2 } { loc D: 0 } }
        } test-peephole
    ]
}
Unit Test: {
    {
        V{
            T{ ##peek { dst 0 } { loc D: 0 } }
            T{ ##peek { dst 1 } { loc D: 1 } }
            T{ ##compare-integer
                { dst 2 }
                { src1 0 }
                { src2 1 }
                { cc cc= }
            }
            T{ ##replace { src 2 } { loc D: 0 } }
        }
    }
    [
        V{
            T{ ##peek { dst 0 } { loc D: 0 } }
            T{ ##peek { dst 1 } { loc D: 1 } }
            T{ ##compare-integer
                { dst 2 }
                { src1 0 }
                { src2 1 }
                { cc cc= }
            }
            T{ ##replace { src 2 } { loc D: 0 } }
        } test-peephole
    ]
}
Unit Test: {
    {
        V{
            T{ ##peek { dst 0 } { loc D: 0 } }
            T{ ##peek { dst 1 } { loc D: 1 } }
            T{ ##compare-integer-branch
                { src1 0 }
                { src2 1 }
                { cc cc= }
            }
        }
    }
    [
        V{
            T{ ##peek { dst 0 } { loc D: 0 } }
            T{ ##peek { dst 1 } { loc D: 1 } }
            T{ ##compare-integer-branch
                { src1 0 }
                { src2 1 }
                { cc cc= }
            }
        } test-peephole
    ]
}
Unit Test: {
    {
        V{
            T{ ##peek { dst 0 } { loc D: 0 } }
            T{ ##peek { dst 1 } { loc D: 1 } }
            T{ ##test-branch { src1 0 } { src2 1 } { cc cc= } }
        }
    }
    [
        V{
            T{ ##peek { dst 0 } { loc D: 0 } }
            T{ ##peek { dst 1 } { loc D: 1 } }
            T{ ##test-branch { src1 0 } { src2 1 } { cc cc= } }
        } test-peephole
    ]
}
Unit Test: {
    {
        V{
            T{ ##peek { dst 0 } { loc D: 0 } }
            T{ ##peek { dst 1 } { loc D: 1 } }
            T{ ##compare-integer-imm-branch
                { src1 0 }
                { src2 160 }
                { cc cc= }
            }
        }
    }
    [
        V{
            T{ ##peek { dst 0 } { loc D: 0 } }
            T{ ##peek { dst 1 } { loc D: 1 } }
            T{ ##compare-integer-imm-branch
                { src1 0 }
                { src2 10 }
                { cc cc= }
            }
        } test-peephole
    ]
}
Unit Test: {
    {
        V{
            T{ ##peek { dst 0 } { loc D: 0 } }
            T{ ##peek { dst 1 } { loc D: 1 } }
            T{ ##sar-imm { dst 6 } { src1 0 } { src2 4 } }
            T{ ##test-imm-branch
                { src1 6 }
                { src2 10 }
                { cc cc= }
            }
        }
    }
    [
        V{
            T{ ##peek { dst 0 } { loc D: 0 } }
            T{ ##peek { dst 1 } { loc D: 1 } }
            T{ ##test-imm-branch
                { src1 0 }
                { src2 10 }
                { cc cc= }
            }
        } test-peephole
    ]
}
Unit Test: {
    {
        V{
            T{ ##peek { dst 0 } { loc D: 0 } }
            T{ ##neg { dst 1 } { src 0 } }
            T{ ##replace { src 1 } { loc D: 0 } }
        }
    }
    [
        V{
            T{ ##peek { dst 0 } { loc D: 0 } }
            T{ ##neg { dst 1 } { src 0 } }
            T{ ##replace { src 1 } { loc D: 0 } }
        } test-peephole
    ]
}
Unit Test: {
    {
        V{
            T{ ##peek { dst 0 } { loc D: 0 } }
            T{ ##peek { dst 1 } { loc D: 1 } }
            T{ ##sar-imm { dst 5 } { src1 0 } { src2 4 } }
            T{ ##sar-imm { dst 6 } { src1 1 } { src2 4 } }
            T{ ##mul { dst 2 } { src1 5 } { src2 6 } }
            T{ ##mul-imm { dst 3 } { src1 2 } { src2 -16 } }
            T{ ##replace { src 3 } { loc D: 0 } }
        }
    }
    [
        V{
            T{ ##peek { dst 0 } { loc D: 0 } }
            T{ ##peek { dst 1 } { loc D: 1 } }
            T{ ##mul { dst 2 } { src1 0 } { src2 1 } }
            T{ ##neg { dst 3 } { src 2 } }
            T{ ##replace { src 3 } { loc D: 0 } }
        } test-peephole
    ]
}
Unit Test: {
    {
        V{
            T{ ##peek { dst 0 } { loc D: 0 } }
            T{ ##not { dst 3 } { src 0 } }
            T{ ##xor-imm { dst 1 } { src1 3 } { src2 15 } }
            T{ ##replace { src 1 } { loc D: 0 } }
        }
    }
    [
        V{
            T{ ##peek { dst 0 } { loc D: 0 } }
            T{ ##not { dst 1 } { src 0 } }
            T{ ##replace { src 1 } { loc D: 0 } }
        } test-peephole
    ]
}
Unit Test: {
    {
        V{
            T{ ##peek { dst 0 } { loc D: 0 } }
            T{ ##bit-count { dst 3 } { src 0 } }
            T{ ##shl-imm { dst 1 } { src1 3 } { src2 4 } }
            T{ ##replace { src 1 } { loc D: 0 } }
        }
    }
    [
        V{
            T{ ##peek { dst 0 } { loc D: 0 } }
            T{ ##bit-count { dst 1 } { src 0 } }
            T{ ##replace { src 1 } { loc D: 0 } }
        } test-peephole
    ]
}
Unit Test: { { } [ test-scc ] }
Unit Test: { { t } [ 0 vreg>scc 1 vreg>scc = ] }
Unit Test: { { t } [ 0 vreg>scc 3 vreg>scc = ] }
Unit Test: { { f } [ 2 vreg>scc 3 vreg>scc = ] }
Unit Test: {
    { t t f }
    [
        T{ ##load-integer } peephole-optimizable?
        T{ ##shr-imm } peephole-optimizable?
        T{ ##call } peephole-optimizable?
    ]
}
Unit Test: {
    { f f t }
    [
        { T{ ##call-gc } } insns-needs-save-context? {
            T{ ##add { dst 1 } { src1 2 } { src2 3 } }
            T{ ##branch }
        } insns-needs-save-context?
        { T{ ##alien-invoke } } insns-needs-save-context?
    ]
}
Unit Test: {
    {
        V{
            T{ ##add { dst 1 } { src1 2 } { src2 3 } }
            T{ ##branch }
        }
    }
    [ 0 get instructions>> ]
}
Unit Test: {
    {
        V{
            T{ ##inc { loc D: 3 } }
            T{ ##save-context { temp1 5 } { temp2 6 } }
            T{ ##box
                { dst 4 }
                { src 3 }
                { boxer "from_signed_4" }
                { rep int-rep }
                { gc-map T{ gc-map { gc-roots { } } } }
            }
        }
    }
    [ 0 get instructions>> ]
}
Unit Test: {
    {
        V{
            T{ ##phi }
            T{ ##save-context { temp1 7 } { temp2 8 } }
            T{ ##box }
        }
    }
    [ 0 get instructions>> ]
}
Unit Test: {
    { 3 }
    [
        V{ T{ ##phi } T{ ##phi } T{ ##phi } T{ insn } }
        save-context-offset
    ]
}
Unit Test: {
    { { V{ T{ ##phi { dst 789 } { inputs H{ } } } } } }
    [
        H{ } clone inserting-phis set 789 { } 0 insns>block
        insert-phi-later inserting-phis get values
    ]
}
Unit Test: {
    { 99 55 }
    [
        H{ } clone inserting-phis set { } 55 insns>block
        { } 1 insns>block [ connect-bbs ] keep
        99 swap insert-phi-later
        inserting-phis get values first first
        [ dst>> ] [ inputs>> keys first number>> ] bi
    ]
}
Unit Test: {
    { f t }
    [
        HS{ 68 } live-phis set T{ ##phi } live-phi?
        T{ ##phi { dst 68 } } live-phi?
    ]
}
Unit Test: { { } [ test-ssa ] }
Unit Test: {
    {
        V{
            T{ ##load-integer { dst 1 } { val 100 } }
            T{ ##add-imm { dst 2 } { src1 1 } { src2 50 } }
            T{ ##add-imm { dst 3 } { src1 2 } { src2 10 } }
            T{ ##branch }
        }
    }
    [ 0 get instructions>> ]
}
Unit Test: {
    {
        V{
            T{ ##load-integer { dst 4 } { val 3 } }
            T{ ##branch }
        }
    }
    [ 1 get instructions>> ]
}
Unit Test: {
    {
        V{
            T{ ##load-integer { dst 5 } { val 4 } }
            T{ ##branch }
        }
    }
    [ 2 get instructions>> ]
}
Unit Test: {
    {
        V{
            T{ ##phi { dst 6 } { inputs H{ { 1 4 } { 2 5 } } } }
            T{ ##replace { src 6 } { loc D: 0 } }
            T{ ##return }
        }
    }
    [ 3 get instructions>> clean-up-phis ]
}
Unit Test: { { } [ test-ssa ] }
Unit Test: {
    {
        V{
            T{ ##phi { dst 3 } { inputs H{ { 2 1 } { 3 2 } } } }
            T{ ##replace { src 3 } { loc D: 0 } }
        }
    }
    [ 4 get instructions>> clean-up-phis ]
}
Unit Test: { { } [ test-ssa ] }
Unit Test: { { V{ } } [ 4 get instructions>> [ ##phi? ] filter ] }
Unit Test: { { } [ test-ssa ] }
Unit Test: { { V{ } } [ 5 get instructions>> [ ##phi? ] filter ] }
Unit Test: { { V{ } } [ 7 get instructions>> [ ##phi? ] filter ] }
Unit Test: { { } [ test-tdmsc ] }
Unit Test: { { { 4 } } [ 1 get 1array merge-set [ number>> ] map ] }
Unit Test: { { { 4 } } [ 2 get 1array merge-set [ number>> ] map ] }
Unit Test: { { { } } [ 0 get 1array merge-set ] }
Unit Test: { { { } } [ 4 get 1array merge-set ] }
Unit Test: { { } [ test-tdmsc ] }
Unit Test: {
    { t }
    [ 2 get 3 get 2array merge-set 4 get 6 get 2array set= ]
}
Unit Test: { { } [ test-tdmsc ] }
Unit Test: {
    { { 2 } }
    [ { 2 3 4 5 } [ get ] map merge-set [ number>> ] map ]
}
Unit Test: { { { } } [ { 0 1 6 7 } [ get ] map merge-set ] }
Unit Test: {
    {
        V{
            T{ ##phi
                { dst 103 }
                { inputs H{ { "bl1" 7 } { "bl2" 99 } } }
            }
            T{ ##parallel-copy { values V{ { 3 4 } } } }
        }
    }
    [
        V{ { 3 4 } } phi-copies set V{
            T{ ##phi
                { dst 103 }
                { inputs H{ { "bl1" 7 } { "bl2" 99 } } }
            }
        } 0 insns>block [ insert-phi-copies ] keep
        instructions>>
    ]
}
Unit Test: {
    { T{ ##parallel-copy { values V{ { 3 4 } } } } }
    [ V{ { 3 4 } } phi-copy-insn ]
}
Unit Test: {
    { V{ T{ ##copy { dst 100 } { src 46 } } } }
    [
        setup-leader/reps-scenario
        T{ ##copy { dst 100 } { src 46 } } [ cleanup-insn ] V{ }
        make
    ]
}
Unit Test: {
    {
        V{
            T{ ##copy
                { dst 47 }
                { src 45 }
                { rep double-2-rep }
            }
        }
    }
    [
        setup-leader/reps-scenario
        T{ ##parallel-copy { values V{ { 100 46 } } } }
        [ cleanup-insn ] V{ } make
    ]
}
Unit Test: {
    { V{ } }
    [
        T{ ##parallel-copy { values V{ } } } [ cleanup-insn ]
        V{ } make
    ]
}
Unit Test: {
    { }
    [
        H{ { 36 23 } { 23 23 } } leader-map set
        H{ { 36 int-rep } { 37 tagged-rep } } representations
        set V{
            T{ ##alien-invoke
                { reg-inputs V{ { 56 int-rep RDI } } }
                { stack-inputs V{ } }
                { reg-outputs { { 36 int-rep RAX } } }
                { dead-outputs { } }
                { cleanup 0 }
                { stack-size 0 }
                { symbols "g_quark_to_string" }
                { dll DLL" libglib-2.0.so" }
                { gc-map T{ gc-map } }
                { insn# 14 }
            }
            T{ ##call-gc { gc-map T{ gc-map } } }
            T{ ##box-alien
                { dst 37 }
                { src 36 }
                { temp 11 }
                { insn# 18 }
            }
        } 0 insns>block block>cfg destruct-ssa
    ]
}
Unit Test: {
    { { f t t f } }
    [
        H{
            { 30 int-rep }
            { 100 double-rep }
            { 20 tagged-rep }
            { 45 double-2-rep }
            { 46 double-rep }
            { 47 double-rep }
        } representations set
        { { 45 46 } { 47 100 } { 20 30 } { 30 100 } }
        [ first2 eliminatable-copy? ] map
    ]
}
Unit Test: {
    {
        H{
            {
                77
                {
                    T{ vreg-info
                        { vreg 77 }
                        { value 77 }
                        { bb "bb2" }
                    }
                }
            }
            {
                123
                {
                    T{ vreg-info
                        { vreg 123 }
                        { value 123 }
                        { bb "bb1" }
                    }
                }
            }
        }
    }
    [
        H{ { 77 "bb2" } { 123 "bb1" } } defs set
        initial-class-elements
    ]
}
Unit Test: {
    { H{ { 65 65 } { 99 99 } { 62 62 } { 303 303 } } }
    [
        {
            T{ ##load-vector
                { dst 62 }
                { val B{ 0 0 0 0 0 0 0 64 0 0 0 0 0 0 52 64 } }
                { rep double-2-rep }
            }
            T{ ##add-vector
                { dst 65 }
                { src1 62 }
                { src2 63 }
                { rep double-2-rep }
            }
            T{ ##allot { dst 99 } { size 24 } { temp 303 } }
        } initial-leaders
    ]
}
Unit Test: {
    { H{ { 118 118 } } }
    [
        {
            T{ ##phi
                { dst 118 }
                { inputs H{ { 4 120 } { 2 119 } } }
            }
        } [ insns>cfg compute-defs ] [ init-coalescing ] bi
        leader-map get
    ]
}
Unit Test: { { } [ 10 10 f try-eliminate-copy ] }
Unit Test: {
    { V{ { 2 1 } } }
    [
        [
            T{ ##copy { dst 2 } { src 1 } { rep int-rep } }
            coalesce-later
        ] V{ } make
    ]
}
Unit Test: {
    { V{ { 3 4 } { 7 8 } } }
    [
        [
            T{ ##parallel-copy { values V{ { 3 4 } { 7 8 } } } }
            coalesce-later
        ] V{ } make
    ]
}
Unit Test: {
    { t }
    [
        10 [
            { 2286 2287 2288 } unique leader-map set
            2286 make-phi-inputs ##phi new-insn coalesce-now
            2286 leader
        ] replicate all-equal?
    ]
}
Unit Test: { { } [ test-interference ] }
Unit Test: { { f } [ 0 1 test-vregs-intersect? ] }
Unit Test: { { f } [ 1 0 test-vregs-intersect? ] }
Unit Test: { { f } [ 2 3 test-vregs-intersect? ] }
Unit Test: { { f } [ 3 2 test-vregs-intersect? ] }
Unit Test: { { t } [ 0 2 test-vregs-intersect? ] }
Unit Test: { { t } [ 2 0 test-vregs-intersect? ] }
Unit Test: { { f } [ 1 3 test-vregs-intersect? ] }
Unit Test: { { f } [ 3 1 test-vregs-intersect? ] }
Unit Test: { { t } [ 3 4 test-vregs-intersect? ] }
Unit Test: { { t } [ 4 3 test-vregs-intersect? ] }
Unit Test: { { t } [ 3 5 test-vregs-intersect? ] }
Unit Test: { { t } [ 5 3 test-vregs-intersect? ] }
Unit Test: { { f } [ 3 6 test-vregs-intersect? ] }
Unit Test: { { f } [ 6 3 test-vregs-intersect? ] }
Unit Test: { { } [ test-interference ] }
Unit Test: { { t } [ { 15 } { 23 13 } test-sets-interfere? nip ] }
Unit Test: { { } [ test-interference ] }
Unit Test: { { f } [ { 48 } { 32 35 } test-sets-interfere? nip ] }
Unit Test: { { } [ test-interference ] }
Unit Test: { { t } [ 43 45 test-vregs-intersect? ] }
Unit Test: { { f } [ 43 45 test-vregs-interfere? ] }
Unit Test: { { t } [ 43 46 test-vregs-intersect? ] }
Unit Test: { { t } [ 43 46 test-vregs-interfere? ] }
Unit Test: { { f } [ 45 46 test-vregs-intersect? ] }
Unit Test: { { f } [ 45 46 test-vregs-interfere? ] }
Unit Test: { { f } [ { 43 } { 45 } test-sets-interfere? nip ] }
Unit Test: {
    { t f }
    [
        { 46 } { 43 } { 45 } [ [ <test-vreg-info> ] map ] tri@
        sets-interfere? [ sets-interfere? nip ] dip
    ]
}
Unit Test: { { } [ test-interference ] }
Unit Test: {
    { f f }
    [
        { 33 } { 21 } { 32 } [ [ <test-vreg-info> ] map ] tri@
        sets-interfere? [ sets-interfere? nip ] dip
    ]
}
Unit Test: { { f } [ 33 21 test-vregs-intersect? ] }
Unit Test: { { f } [ 32 21 test-vregs-intersect? ] }
Unit Test: { { f } [ 32 33 test-vregs-intersect? ] }
Unit Test: { { { } { } } [ { } { } test-merge-order ] }
Unit Test: {
    { { { 0 0 } { 1 0 } } { blue blue } }
    [ { { 0 0 } { 1 0 } } { } test-merge-order ]
}
Unit Test: {
    { { { 0 0 } { 1 0 } } { red red } }
    [ { } { { 0 0 } { 1 0 } } test-merge-order ]
}
Unit Test: {
    {
        { { 0 0 } { 1 0 } { 2 0 } { 3 0 } }
        { blue red blue red }
    }
    [ { { 0 0 } { 2 0 } } { { 1 0 } { 3 0 } } test-merge-order ]
}
Unit Test: {
    {
        { { 0 0 } { 0 1 } { 0 2 } { 0 3 } }
        { red blue red blue }
    }
    [ { { 0 1 } { 0 3 } } { { 0 0 } { 0 2 } } test-merge-order ]
}
Unit Test: {
    {
        { { 0 0 } { 0 0 } { 0 0 } { 0 0 } }
        { red red blue blue }
    }
    [ { { 0 0 } { 0 0 } } { { 0 0 } { 0 0 } } test-merge-order ]
}
Unit Test: {
    { { { 0 0 } { 1 0 } { 2 0 } } { blue red red } }
    [ V{ { 0 0 } } V{ { 1 0 } { 2 0 } } test-merge-order ]
}
Unit Test: {
    { { { 0 0 } { 1 0 } { 2 0 } } { red blue blue } }
    [ V{ { 1 0 } { 2 0 } } V{ { 0 0 } } test-merge-order ]
}
Unit Test: {
    { 112 149 }
    [
        T{ stack-frame
            { params 91 }
            { allot-area-size 10 }
            { allot-area-align 8 }
            { spill-area-size 16 }
            { spill-area-align 8 }
        } finalize-stack-frame
        [ spill-area-base>> ] [
            f f <basic-block> <cfg> swap >>stack-frame cfg set
            37 spill-offset
        ] bi
    ]
}
Unit Test: {
    {
        H{ { D: 0 5 } { D: 2 3 } { D: 1 4 } }
        T{ height-state
            { ds-begin 0 }
            { rs-begin 0 }
            { ds-inc 0 }
            { rs-inc 0 }
        }
    }
    [
        init-cfg-test
        { 3 4 5 }
        ds-loc
        store-vregs
        replaces
        get
        height-state
        get
    ]
}
Unit Test: {
    { { D: 4 D: 3 D: 2 D: 1 D: 0 } }
    [ ds-loc 5 stack-locs >array ]
}
Unit Test: {
    { { 1 2 3 4 5 6 7 8 } }
    [ init-cfg-test 8 ds-loc load-vregs ]
}
Unit Test: {
    {
        1
        2
        T{ height-state
            { ds-begin 0 }
            { rs-begin 0 }
            { ds-inc -2 }
            { rs-inc 0 }
        }
    }
    [ init-cfg-test 2inputs height-state get ]
}
Unit Test: {
    {
        V{
            T{ ##inc { loc D: 2 } { insn# 0 } }
            T{ ##clear { loc D: 1 } }
            T{ ##clear { loc D: 0 } }
            T{ ##peek { loc D: 2 } { insn# 1 } }
        }
    }
    [
        { T{ ##inc { loc D: 2 } } T{ ##peek { loc D: 2 } } }
        insns>cfg dup clear-uninitialized cfg>insns
    ]
}
Unit Test: {
    { t f t t }
    [
        { { 0 { } } { 0 { } } } T{ ##peek { loc D: 0 } }
        dangerous-insn?
        { { 1 { } } { 0 { } } } T{ ##peek { loc D: 0 } }
        dangerous-insn?
        { { 2 { 0 1 } } { 0 { } } } T{ ##peek { loc D: 2 } }
        dangerous-insn?
        { { 0 { } } { 3 { } } } T{ ##call-gc } dangerous-insn?
    ]
}
Unit Test: { { { } } [ { { 2 { } } { 0 { } } } state>clears ] }
Unit Test: {
    { { T{ ##clear { loc D: 1 } } T{ ##clear { loc D: 0 } } } }
    [ { { 2 { 0 1 } } { 0 { } } } state>clears ]
}
Unit Test: { { { } } [ { { 0 { } } { 0 { } } } state>clears ] }
Unit Test: {
    { { T{ ##clear { loc D: 0 } } T{ ##clear { loc R: 0 } } } }
    [ { { 1 { 0 } } { 1 { 0 } } } state>clears ]
}
Unit Test: {
    { "there" "hi" }
    [
        V{ "hi" } clone 1 insns>block
        V{ "there" } clone 2 insns>block 2dup connect-bbs
        2dup visit-edge
        [ successors>> first instructions>> first ]
        [ predecessors>> first instructions>> first ] bi*
    ]
}
Unit Test: {
    { HS{ } HS{ } HS{ } }
    [
        init-cfg-test
        V{ }
        137
        insns>block
        [ [ "eh" , end-local-analysis ] V{ } make drop ]
        [ [ peeks>> ] [ replaces>> ] [ kills>> ] tri ]
        bi
    ]
}
Unit Test: {
    { HS{ D: 3 } }
    [
        init-cfg-test
        V{ }
        137
        insns>block
        [
            [ 3 D: 3 replace-loc "eh" , end-local-analysis ]
            V{ } make drop
        ]
        [ replaces>> ]
        bi
    ]
}
Unit Test: { { D: 6 } [ D: 3 3 0 0 0 height-state boa local-loc>global ] }
Unit Test: {
    { D: 4 R: 5 }
    [
        3 4 0 0 height-state boa
        [ D: 1 swap local-loc>global ]
        [ R: 1 swap local-loc>global ] bi
    ]
}
Unit Test: {
    {
        { 10 11 12 13 14 15 }
        { }
        { }
        { -6 -5 -4 -3 }
        { -7 -6 -5 }
    }
    [
        -10 -6 kill-locations 0 0 kill-locations
        2 4 kill-locations 6 -4 kill-locations
        7 -3 kill-locations
    ]
}
Unit Test: { { 1 } [ init-cfg-test D: 0 loc>vreg ] }
Unit Test: { { 80 } [ init-cfg-test 80 D: 77 replace-loc D: 77 peek-loc ] }
Unit Test: {
    {
        {
            T{ ##copy { dst 1 } { src 25 } { rep any-rep } }
            T{ ##copy { dst 2 } { src 26 } { rep any-rep } }
        }
    }
    [
        init-cfg-test
        { { D: 0 25 } { R: 0 26 } }
        replaces>copy-insns
    ]
}
Unit Test: {
    { H{ { D: 3 7 } } }
    [
        init-cfg-test
        D: 0
        loc>vreg
        D: 2
        loc>vreg
        2drop
        2
        D: 2
        replace-loc
        7
        D: 3
        replace-loc
        replaces
        get
        remove-redundant-replaces
    ]
}
Unit Test: {
    {
        V{
            T{ ##copy { dst 1 } { src 3 } { rep any-rep } }
            "eh"
        }
    }
    [
        init-cfg-test
        3
        D: 0
        replace-loc
        [ "eh" , replaces get height-state get emit-insns ]
        V{ }
        make
    ]
}
Unit Test: {
    { HS{ } }
    [ 0 0 0 0 height-state boa compute-local-kill-set ]
}
Unit Test: {
    { HS{ R: -4 } }
    [ 0 4 0 -1 height-state boa compute-local-kill-set ]
}
Unit Test: {
    { HS{ D: -2 D: -1 } }
    [ 2 0 -2 0 height-state boa compute-local-kill-set ]
}
Unit Test: { { D: 2 } [ D: 3 1 0 0 0 height-state boa global-loc>local ] }
Unit Test: {
    {
        T{ height-state
            { ds-begin 0 }
            { rs-begin 0 }
            { ds-inc 3 }
            { rs-inc 0 }
        }
    }
    [ init-cfg-test D: 3 inc-stack height-state get ]
}
Unit Test: {
    {
        T{ height-state
            { ds-begin 2 }
            { rs-begin 0 }
            { ds-inc 3 }
            { rs-inc 0 }
        }
    }
    [
        init-cfg-test
        2
        0
        0
        0
        height-state
        boa
        height-state
        set
        D: 3
        inc-stack
        height-state
        get
    ]
}
Unit Test: {
    { { T{ ##inc { loc D: 4 } } T{ ##inc { loc R: -2 } } } }
    [ 0 0 4 -2 height-state boa height-state>insns ]
}
Unit Test: {
    { H{ { D: -1 40 } } }
    [
        init-cfg-test
        D: 1
        inc-stack
        40
        D: 0
        replace-loc
        replaces
        get
    ]
}
Unit Test: {
    { 0 0 0 }
    [
        { 3 { } } 2 classify-read { 0 { } } -1 classify-read
        { 3 { } } -1 classify-read
    ]
}
Unit Test: {
    { 1 1 1 1 1 }
    [
        { 1 { 0 } } 1 classify-read { 0 { } } 0 classify-read
        { 3 { } } 4 classify-read { 0 { } } 4 classify-read
        { 1 { 0 } } 4 classify-read
    ]
}
Unit Test: {
    { 2 2 2 }
    [
        { 1 { 0 } } 0 classify-read
        { 2 { 0 1 2 } } 0 classify-read
        { 0 { 0 1 2 } } 0 classify-read
    ]
}
Unit Test: {
    { { { 0 { } } { 2 { } } } { { 0 { } } { 2 { } } } }
    [
        { { 0 { } } { 2 { } } } all-live
        { { 0 { } } { 2 { 0 } } } all-live
    ]
}
Unit Test: {
    { { { 4 { } } { 2 { 0 1 } } } }
    [ V{ { { 4 { } } { 2 { 0 1 } } } } combine-states ]
}
Unit Test: {
    { { { 2 { 0 1 } } { 2 { 0 1 } } } }
    [
        V{
            { { 2 { 0 1 } } { 2 { } } }
            { { 2 { } } { 2 { 0 1 } } }
        } combine-states
    ]
}
Unit Test: { { { { 0 { } } { 0 { } } } } [ V{ } combine-states ] }
Unit Test: {
    { { { 0 { } } { 0 { } } } }
    [
        { { 3 { 0 } } { 0 { } } } T{ ##inc { loc D: -3 } }
        visit-insn
    ]
}
Unit Test: {
    { { { 3 { 0 1 2 } } { 0 { } } } }
    [
        { { 0 { } } { 0 { } } } T{ ##inc { loc D: 3 } }
        visit-insn
    ]
}
Unit Test: {
    { { { 0 { } } { 0 { } } } }
    [ initial-state T{ ##call } visit-insn ]
}
Must Fail With: {
    [ { { 3 { 0 1 2 } } { 0 { } } } T{ ##call } visit-insn ]
    [ vacant-when-calling? ]
}
Unit Test: {
    { { { 4 { } } { 0 { } } } }
    [
        { { 4 { 0 1 2 3 } } { 0 { } } } T{ ##call-gc }
        visit-insn
    ]
}
Unit Test: {
    { { { 3 { 0 } } { 0 { } } } }
    [
        { { 3 { 0 } } { 0 { } } }
        T{ ##peek { dst 1 } { loc D: 1 } } visit-insn
    ]
}
Unit Test: {
    { { { 0 { } } { 2 { } } } { { 2 { } } { 0 { } } } }
    [
        { { 0 { } } { 2 { 0 1 } } }
        T{ ##peek { dst 1 } { loc R: 2 } } visit-insn
        { { 2 { 0 1 } } { 0 { } } }
        T{ ##peek { dst 1 } { loc D: 2 } } visit-insn
    ]
}
Must Fail With: {
    [
        { { 3 { 0 1 2 } } { 0 { } } }
        T{ ##peek { dst 1 } { loc D: 0 } } visit-insn
    ]
    [ vacant-peek? ]
}
Unit Test: {
    {
        H{
            { 0 { { 0 { } } { 0 { } } } }
            { 1 { { 2 { 0 1 } } { 0 { } } } }
            { 2 { { 2 { } } { 0 { } } } }
        }
    }
    [
        {
            T{ ##inc { loc D: 2 } }
            T{ ##peek { loc D: 2 } }
            T{ ##inc { loc D: 0 } }
        } insns>cfg trace-stack-state
    ]
}
Unit Test: {
    {
        H{
            { 0 { { 0 { } } { 0 { } } } }
            { 1 { { 0 { } } { 0 { } } } }
            { 2 { { 0 { } } { 0 { } } } }
        }
    }
    [
        V{ T{ ##safepoint } T{ ##prologue } T{ ##branch } }
        insns>cfg trace-stack-state
    ]
}
Unit Test: {
    {
        H{
            { 0 { { 0 { } } { 0 { } } } }
            { 1 { { 3 { 0 1 2 } } { 0 { } } } }
            { 2 { { 3 { } } { 0 { } } } }
        }
    }
    [
        V{
            T{ ##inc { loc D: 3 } }
            T{ ##peek { loc D: 3 } }
            T{ ##branch }
        } insns>cfg trace-stack-state
    ]
}
Unit Test: {
    {
        H{
            { 0 { { 0 { } } { 0 { } } } }
            { 1 { { 1 { 0 } } { 0 { } } } }
            { 2 { { 1 { } } { 0 { } } } }
            { 3 { { 1 { } } { 0 { } } } }
        }
    }
    [ cfg1 trace-stack-state ]
}
Unit Test: {
    {
        H{
            { 0 { { 0 { } } { 0 { } } } }
            { 1 { { 0 { } } { 0 { } } } }
            { 2 { { 0 { } } { 0 { } } } }
            { 3 { { 0 { } } { 0 { } } } }
            { 4 { { 2 { 0 1 } } { 0 { } } } }
            { 5 { { 2 { 0 } } { 0 { } } } }
            { 6 { { 2 { } } { 0 { } } } }
            { 7 { { 2 { } } { 0 { } } } }
            { 8 { { 2 { } } { 0 { } } } }
            { 9 { { 2 { } } { 0 { } } } }
            { 10 { { 4 { 0 1 } } { 0 { } } } }
            { 11 { { 4 { 0 1 } } { 0 { } } } }
            { 12 { { 4 { 0 1 } } { 0 { } } } }
            { 13 { { 4 { 0 } } { 0 { } } } }
            { 14 { { 4 { 0 } } { 0 { } } } }
            { 15 { { 4 { 0 } } { 0 { } } } }
            { 16 { { 7 { 3 0 1 2 } } { 0 { } } } }
            { 17 { { 7 { 3 1 2 } } { 0 { } } } }
            { 18 { { 7 { 3 2 } } { 0 { } } } }
            { 19 { { 7 { 3 } } { 0 { } } } }
            { 20 { { 7 { } } { 0 { } } } }
            { 21 { { 4 { } } { 0 { } } } }
            { 22 { { 4 { } } { 0 { } } } }
        }
    }
    [ bug1021-cfg trace-stack-state ]
}
Unit Test: {
    {
        H{
            { 0 { { 0 { } } { 0 { } } } }
            { 1 { { 3 { 0 1 2 } } { 0 { } } } }
            { 2 { { 3 { 0 1 } } { 0 { } } } }
            { 3 { { 3 { 1 } } { 0 { } } } }
            { 4 { { 3 { } } { 0 { } } } }
            { 5 { { 3 { } } { 0 { } } } }
            { 6 { { 3 { } } { 0 { } } } }
            { 7 { { 3 { } } { 0 { } } } }
            { 8 { { 4 { 0 } } { 0 { } } } }
            { 9 { { 4 { 0 } } { 1 { 0 } } } }
            { 10 { { 4 { 0 1 } } { 1 { } } } }
            { 11 { { 2 { } } { 1 { } } } }
            { 12 { { 2 { } } { 6 { 0 1 2 3 4 } } } }
            { 13 { { 2 { } } { 6 { 0 1 2 4 } } } }
            { 14 { { 2 { } } { 6 { 0 1 2 4 } } } }
            { 15 { { 2 { } } { 6 { 0 1 2 } } } }
            { 16 { { 2 { } } { 6 { 0 1 } } } }
            { 17 { { 2 { } } { 6 { 0 } } } }
            { 18 { { 2 { } } { 6 { } } } }
            { 19 { { 2 { } } { 6 { } } } }
            { 20 { { 2 { } } { 6 { } } } }
            { 21 { { 2 { } } { 6 { } } } }
            { 22 { { 2 { } } { 6 { } } } }
            { 23 { { 2 { } } { 6 { } } } }
            { 24 { { 2 { } } { 6 { } } } }
            { 25 { { 2 { } } { 6 { } } } }
            { 26 { { 4 { 0 1 } } { 6 { } } } }
            { 27 { { 4 { 0 1 } } { 1 { } } } }
            { 28 { { 4 { 0 1 } } { 1 { } } } }
            { 29 { { 4 { 0 1 } } { 1 { } } } }
            { 30 { { 1 { } } { 1 { } } } }
            { 31 { { 2 { 0 } } { 1 { } } } }
            { 32 { { 2 { 0 } } { 0 { } } } }
        }
    }
    [ bug1289-cfg trace-stack-state ]
}
Unit Test: {
    {
        H{
            { 0 { { 0 { } } { 0 { } } } }
            { 1 { { 0 { } } { 0 { } } } }
            { 2 { { 0 { } } { 0 { } } } }
            { 3 { { -1 { } } { 0 { } } } }
            { 4 { { -1 { } } { 0 { } } } }
            { 5 { { -1 { } } { 0 { } } } }
            { 6 { { -1 { } } { 0 { } } } }
            { 7 { { -1 { } } { 0 { } } } }
            { 8 { { 0 { 0 } } { 0 { } } } }
            { 9 { { 0 { } } { 0 { } } } }
            { 10 { { 0 { } } { 0 { } } } }
            { 11 { { 0 { } } { 0 { } } } }
            { 12 { { 0 { } } { 0 { } } } }
            { 13 { { 1 { 0 } } { 0 { } } } }
            { 14 { { 1 { } } { 0 { } } } }
            { 15 { { 1 { } } { 0 { } } } }
            { 16 { { 1 { } } { 0 { } } } }
            { 17 { { 1 { } } { 0 { } } } }
            { 18 { { 1 { } } { 0 { } } } }
            { 19 { { 2 { 0 1 2 } } { 0 { } } } }
            { 20 { { -1 { } } { 0 { } } } }
            { 21 { { -1 { } } { 0 { } } } }
            { 22 { { -1 { } } { 0 { } } } }
            { 23 { { -1 { } } { 0 { } } } }
            { 24 { { -1 { } } { 0 { } } } }
            { 25 { { 2 { 0 1 2 } } { 0 { } } } }
            { 26 { { 2 { 0 1 2 } } { 0 { } } } }
            { 27 { { -2 { } } { 0 { } } } }
            { 28 { { -1 { 0 } } { 0 { } } } }
            { 29 { { -1 { } } { 0 { } } } }
            { 30 { { -2 { } } { 0 { } } } }
            { 31 { { -2 { } } { 0 { } } } }
            { 32 { { -2 { } } { 0 { } } } }
            { 33 { { -1 { 0 } } { 0 { } } } }
            { 34 { { -1 { } } { 0 { } } } }
            { 35 { { -1 { } } { 0 { } } } }
            { 36 { { -1 { } } { 0 { } } } }
        }
    }
    [ bug-benchmark-terrain-cfg trace-stack-state ]
}
Unit Test: { { { { 0 { } } { 0 { } } } } [ V{ } following-stack-state ] }
Unit Test: {
    { { { 1 { 0 } } { 0 { } } } }
    [ V{ T{ ##inc { loc D: 1 } } } following-stack-state ]
}
Unit Test: {
    { { { 0 { } } { 1 { 0 } } } }
    [ V{ T{ ##inc { loc R: 1 } } } following-stack-state ]
}
Unit Test: {
    { { { 0 { } } { 0 { } } } }
    [ V{ T{ ##peek { loc D: 25 } } } following-stack-state ]
}
Unit Test: {
    { { { 0 { } } { 0 { } } } }
    [
        V{
            T{ ##replace { src 10 } { loc D: 0 } }
            T{ ##replace { src 10 } { loc D: 1 } }
            T{ ##replace { src 10 } { loc D: 2 } }
        } following-stack-state
    ]
}
Unit Test: {
    { { { 1 { } } { 0 { } } } }
    [
        V{
            T{ ##replace { src 10 } { loc D: 0 } }
            T{ ##inc { loc D: 1 } }
            T{ ##replace { src 10 } { loc D: 0 } }
        } following-stack-state
    ]
}
Unit Test: {
    { { { 0 { } } { 0 { } } } }
    [
        V{
            T{ ##replace { src 10 } { loc D: 0 } }
            T{ ##inc { loc D: 1 } }
            T{ ##replace { src 10 } { loc D: 0 } }
            T{ ##inc { loc D: -1 } }
        } following-stack-state
    ]
}
Unit Test: {
    { { { 0 { } } { 0 { } } } }
    [
        V{
            T{ ##inc { loc D: 1 } }
            T{ ##replace { src 10 } { loc D: 0 } }
            T{ ##inc { loc D: -1 } }
        } following-stack-state
    ]
}
Unit Test: {
    { { { -1 { } } { 0 { } } } }
    [
        V{
            T{ ##replace { src 10 } { loc D: 0 } }
            T{ ##inc { loc D: -1 } }
            T{ ##call }
        } following-stack-state
    ]
}
Must Fail With: {
    [
        V{
            T{ ##inc { loc D: 1 } }
            T{ ##alien-invoke { gc-map T{ gc-map } } }
            T{ ##peek { loc D: 0 } }
        } following-stack-state
    ]
    [ vacant-peek? ]
}
Must Fail With: {
    [
        V{ T{ ##inc { loc D: 1 } } T{ ##peek { loc D: 0 } } }
        following-stack-state
    ]
    [ vacant-peek? ]
}
Must Fail With: {
    [
        V{ T{ ##inc { loc R: 1 } } T{ ##peek { loc R: 0 } } }
        following-stack-state
    ]
    [ vacant-peek? ]
}
Unit Test: {
    { "eh" "eh" 1 2 }
    [
        V{ } clone 1 insns>block V{ } clone 2 insns>block
        2dup connect-bbs 2dup V{ "eh" } insert-basic-block [
            [ successors>> ] [ predecessors>> ] bi*
            [ first instructions>> first ] bi@
        ] keep predecessors>> first
        [ predecessors>> ] [ successors>> ] bi
        [ first number>> ] bi@
    ]
}
Unit Test: {
    {
        {
            T{ ##load-reference { dst 0 } { obj 0.0 } }
            T{ ##load-reference { dst 1 } { obj -0.0 } }
        }
    }
    [
        {
            T{ ##load-reference { dst 0 } { obj 0.0 } }
            T{ ##load-reference { dst 1 } { obj -0.0 } }
        } value-numbering-step
    ]
}
Unit Test: {
    {
        {
            T{ ##load-reference { dst 0 } { obj 0.0 } }
            T{ ##copy { dst 1 } { src 0 } { rep any-rep } }
        }
    }
    [
        {
            T{ ##load-reference { dst 0 } { obj 0.0 } }
            T{ ##load-reference { dst 1 } { obj 0.0 } }
        } value-numbering-step
    ]
}
Unit Test: {
    {
        {
            T{ ##load-reference { dst 0 } { obj t } }
            T{ ##copy { dst 1 } { src 0 } { rep any-rep } }
        }
    }
    [
        {
            T{ ##load-reference { dst 0 } { obj t } }
            T{ ##load-reference { dst 1 } { obj t } }
        } value-numbering-step
    ]
}
Unit Test: {
    {
        {
            T{ ##peek { dst 1 } { loc D: 1 } }
            T{ ##peek { dst 2 } { loc D: 2 } }
            T{ ##compare
                { dst 4 }
                { src1 2 }
                { src2 1 }
                { cc cc= }
            }
            T{ ##copy { dst 6 } { src 4 } { rep any-rep } }
            T{ ##replace { src 6 } { loc D: 0 } }
        }
    }
    [
        {
            T{ ##peek { dst 1 } { loc D: 1 } }
            T{ ##peek { dst 2 } { loc D: 2 } }
            T{ ##compare
                { dst 4 }
                { src1 2 }
                { src2 1 }
                { cc cc= }
            }
            T{ ##compare-imm { dst 6 } { src1 4 } { cc cc/= } }
            T{ ##replace { src 6 } { loc D: 0 } }
        } value-numbering-step trim-temps
    ]
}
Unit Test: {
    {
        {
            T{ ##peek { dst 1 } { loc D: 1 } }
            T{ ##compare-imm
                { dst 2 }
                { src1 1 }
                { src2 16 }
                { cc cc= }
            }
            T{ ##copy { dst 3 } { src 2 } { rep any-rep } }
            T{ ##replace { src 3 } { loc D: 0 } }
        }
    }
    [
        {
            T{ ##peek { dst 1 } { loc D: 1 } }
            T{ ##compare-imm
                { dst 2 }
                { src1 1 }
                { src2 16 }
                { cc cc= }
            }
            T{ ##compare-imm { dst 3 } { src1 2 } { cc cc/= } }
            T{ ##replace { src 3 } { loc D: 0 } }
        } value-numbering-step trim-temps
    ]
}
Unit Test: {
    {
        {
            T{ ##peek { dst 1 } { loc D: 1 } }
            T{ ##peek { dst 2 } { loc D: 2 } }
            T{ ##compare-integer
                { dst 4 }
                { src1 2 }
                { src2 1 }
                { cc cc> }
            }
            T{ ##copy { dst 6 } { src 4 } { rep any-rep } }
            T{ ##replace { src 6 } { loc D: 0 } }
        }
    }
    [
        {
            T{ ##peek { dst 1 } { loc D: 1 } }
            T{ ##peek { dst 2 } { loc D: 2 } }
            T{ ##compare-integer
                { dst 4 }
                { src1 2 }
                { src2 1 }
                { cc cc> }
            }
            T{ ##compare-imm { dst 6 } { src1 4 } { cc cc/= } }
            T{ ##replace { src 6 } { loc D: 0 } }
        } value-numbering-step trim-temps
    ]
}
Unit Test: {
    {
        {
            T{ ##peek { dst 1 } { loc D: 1 } }
            T{ ##peek { dst 2 } { loc D: 2 } }
            T{ ##compare-integer
                { dst 4 }
                { src1 2 }
                { src2 1 }
                { cc cc<= }
            }
            T{ ##compare-integer
                { dst 6 }
                { src1 2 }
                { src2 1 }
                { cc cc/<= }
            }
            T{ ##replace { src 6 } { loc D: 0 } }
        }
    }
    [
        {
            T{ ##peek { dst 1 } { loc D: 1 } }
            T{ ##peek { dst 2 } { loc D: 2 } }
            T{ ##compare-integer
                { dst 4 }
                { src1 2 }
                { src2 1 }
                { cc cc<= }
            }
            T{ ##compare-imm { dst 6 } { src1 4 } { cc cc= } }
            T{ ##replace { src 6 } { loc D: 0 } }
        } value-numbering-step trim-temps
    ]
}
Unit Test: {
    {
        {
            T{ ##peek { dst 1 } { loc D: 1 } }
            T{ ##compare-integer-imm
                { dst 2 }
                { src1 1 }
                { src2 100 }
                { cc cc<= }
            }
            T{ ##compare-integer-imm
                { dst 3 }
                { src1 1 }
                { src2 100 }
                { cc cc/<= }
            }
            T{ ##replace { src 3 } { loc D: 0 } }
        }
    }
    [
        {
            T{ ##peek { dst 1 } { loc D: 1 } }
            T{ ##compare-integer-imm
                { dst 2 }
                { src1 1 }
                { src2 100 }
                { cc cc<= }
            }
            T{ ##compare-imm { dst 3 } { src1 2 } { cc cc= } }
            T{ ##replace { src 3 } { loc D: 0 } }
        } value-numbering-step trim-temps
    ]
}
Unit Test: {
    {
        {
            T{ ##peek { dst 8 } { loc D: 0 } }
            T{ ##peek { dst 9 } { loc D: -1 } }
            T{ ##compare-float-unordered
                { dst 12 }
                { src1 8 }
                { src2 9 }
                { cc cc< }
            }
            T{ ##compare-float-unordered
                { dst 14 }
                { src1 8 }
                { src2 9 }
                { cc cc/< }
            }
            T{ ##replace { src 14 } { loc D: 0 } }
        }
    }
    [
        {
            T{ ##peek { dst 8 } { loc D: 0 } }
            T{ ##peek { dst 9 } { loc D: -1 } }
            T{ ##compare-float-unordered
                { dst 12 }
                { src1 8 }
                { src2 9 }
                { cc cc< }
            }
            T{ ##compare-imm { dst 14 } { src1 12 } { cc cc= } }
            T{ ##replace { src 14 } { loc D: 0 } }
        } value-numbering-step trim-temps
    ]
}
Unit Test: {
    {
        {
            T{ ##peek { dst 29 } { loc D: -1 } }
            T{ ##peek { dst 30 } { loc D: -2 } }
            T{ ##compare
                { dst 33 }
                { src1 29 }
                { src2 30 }
                { cc cc= }
            }
            T{ ##compare-branch
                { src1 29 }
                { src2 30 }
                { cc cc= }
            }
        }
    }
    [
        {
            T{ ##peek { dst 29 } { loc D: -1 } }
            T{ ##peek { dst 30 } { loc D: -2 } }
            T{ ##compare
                { dst 33 }
                { src1 29 }
                { src2 30 }
                { cc cc= }
            }
            T{ ##compare-imm-branch { src1 33 } { cc cc/= } }
        } value-numbering-step trim-temps
    ]
}
Unit Test: {
    {
        {
            T{ ##peek { dst 29 } { loc D: -1 } }
            T{ ##peek { dst 30 } { loc D: -2 } }
            T{ ##compare-integer
                { dst 33 }
                { src1 29 }
                { src2 30 }
                { cc cc<= }
            }
            T{ ##compare-integer-branch
                { src1 29 }
                { src2 30 }
                { cc cc<= }
            }
        }
    }
    [
        {
            T{ ##peek { dst 29 } { loc D: -1 } }
            T{ ##peek { dst 30 } { loc D: -2 } }
            T{ ##compare-integer
                { dst 33 }
                { src1 29 }
                { src2 30 }
                { cc cc<= }
            }
            T{ ##compare-imm-branch { src1 33 } { cc cc/= } }
        } value-numbering-step trim-temps
    ]
}
Unit Test: {
    {
        {
            T{ ##peek { dst 29 } { loc D: -1 } }
            T{ ##peek { dst 30 } { loc D: -2 } }
            T{ ##test
                { dst 33 }
                { src1 29 }
                { src2 30 }
                { cc cc= }
            }
            T{ ##test-branch
                { src1 29 }
                { src2 30 }
                { cc cc= }
            }
        }
    }
    [
        {
            T{ ##peek { dst 29 } { loc D: -1 } }
            T{ ##peek { dst 30 } { loc D: -2 } }
            T{ ##test
                { dst 33 }
                { src1 29 }
                { src2 30 }
                { cc cc= }
            }
            T{ ##compare-imm-branch { src1 33 } { cc cc/= } }
        } value-numbering-step trim-temps
    ]
}
Unit Test: {
    {
        {
            T{ ##peek { dst 29 } { loc D: -1 } }
            T{ ##test-imm
                { dst 33 }
                { src1 29 }
                { src2 30 }
                { cc cc= }
            }
            T{ ##test-imm-branch
                { src1 29 }
                { src2 30 }
                { cc cc= }
            }
        }
    }
    [
        {
            T{ ##peek { dst 29 } { loc D: -1 } }
            T{ ##test-imm
                { dst 33 }
                { src1 29 }
                { src2 30 }
                { cc cc= }
            }
            T{ ##compare-imm-branch { src1 33 } { cc cc/= } }
        } value-numbering-step trim-temps
    ]
}
Unit Test: {
    {
        {
            T{ ##peek { dst 1 } { loc D: -1 } }
            T{ ##test-vector
                { dst 2 }
                { src1 1 }
                { rep float-4-rep }
                { vcc vcc-any }
            }
            T{ ##test-vector-branch
                { src1 1 }
                { rep float-4-rep }
                { vcc vcc-any }
            }
        }
    }
    [
        {
            T{ ##peek { dst 1 } { loc D: -1 } }
            T{ ##test-vector
                { dst 2 }
                { src1 1 }
                { rep float-4-rep }
                { vcc vcc-any }
            }
            T{ ##compare-imm-branch { src1 2 } { cc cc/= } }
        } value-numbering-step trim-temps
    ]
}
Unit Test: {
    {
        {
            T{ ##peek { dst 0 } { loc D: 0 } }
            T{ ##load-integer { dst 1 } { val 100 } }
            T{ ##add-imm { dst 2 } { src1 0 } { src2 100 } }
        }
    }
    [
        {
            T{ ##peek { dst 0 } { loc D: 0 } }
            T{ ##load-integer { dst 1 } { val 100 } }
            T{ ##add { dst 2 } { src1 0 } { src2 1 } }
        } value-numbering-step
    ]
}
Unit Test: {
    {
        {
            T{ ##peek { dst 0 } { loc D: 0 } }
            T{ ##load-integer { dst 1 } { val 100 } }
            T{ ##add-imm { dst 2 } { src1 0 } { src2 100 } }
        }
    }
    [
        {
            T{ ##peek { dst 0 } { loc D: 0 } }
            T{ ##load-integer { dst 1 } { val 100 } }
            T{ ##add { dst 2 } { src1 1 } { src2 0 } }
        } value-numbering-step
    ]
}
Unit Test: {
    {
        {
            T{ ##peek { dst 0 } { loc D: 0 } }
            T{ ##load-integer { dst 1 } { val 0 } }
        }
    }
    [
        {
            T{ ##peek { dst 0 } { loc D: 0 } }
            T{ ##sub { dst 1 } { src1 0 } { src2 0 } }
        } value-numbering-step
    ]
}
Unit Test: {
    {
        {
            T{ ##peek { dst 0 } { loc D: 0 } }
            T{ ##load-integer { dst 1 } { val 100 } }
            T{ ##mul-imm { dst 2 } { src1 0 } { src2 100 } }
        }
    }
    [
        {
            T{ ##peek { dst 0 } { loc D: 0 } }
            T{ ##load-integer { dst 1 } { val 100 } }
            T{ ##mul { dst 2 } { src1 0 } { src2 1 } }
        } value-numbering-step
    ]
}
Unit Test: {
    {
        {
            T{ ##peek { dst 0 } { loc D: 0 } }
            T{ ##load-integer { dst 1 } { val 100 } }
            T{ ##mul-imm { dst 2 } { src1 0 } { src2 100 } }
        }
    }
    [
        {
            T{ ##peek { dst 0 } { loc D: 0 } }
            T{ ##load-integer { dst 1 } { val 100 } }
            T{ ##mul { dst 2 } { src1 1 } { src2 0 } }
        } value-numbering-step
    ]
}
Unit Test: {
    {
        {
            T{ ##peek { dst 1 } { loc D: 0 } }
            T{ ##shl-imm { dst 2 } { src1 1 } { src2 3 } }
        }
    }
    [
        {
            T{ ##peek { dst 1 } { loc D: 0 } }
            T{ ##mul-imm { dst 2 } { src1 1 } { src2 8 } }
        } value-numbering-step
    ]
}
Unit Test: {
    {
        {
            T{ ##peek { dst 0 } { loc D: 0 } }
            T{ ##load-integer { dst 1 } { val 255 } }
            T{ ##shl { dst 2 } { src1 0 } { src2 1 } }
        }
    }
    [
        {
            T{ ##peek { dst 0 } { loc D: 0 } }
            T{ ##load-integer { dst 1 } { val 255 } }
            T{ ##shl { dst 2 } { src1 0 } { src2 1 } }
        } value-numbering-step
    ]
}
Unit Test: {
    {
        {
            T{ ##peek { dst 0 } { loc D: 0 } }
            T{ ##load-integer { dst 1 } { val 255 } }
            T{ ##shr { dst 2 } { src1 0 } { src2 1 } }
        }
    }
    [
        {
            T{ ##peek { dst 0 } { loc D: 0 } }
            T{ ##load-integer { dst 1 } { val 255 } }
            T{ ##shr { dst 2 } { src1 0 } { src2 1 } }
        } value-numbering-step
    ]
}
Unit Test: {
    {
        {
            T{ ##peek { dst 0 } { loc D: 0 } }
            T{ ##load-integer { dst 1 } { val 255 } }
            T{ ##sar { dst 2 } { src1 0 } { src2 1 } }
        }
    }
    [
        {
            T{ ##peek { dst 0 } { loc D: 0 } }
            T{ ##load-integer { dst 1 } { val 255 } }
            T{ ##sar { dst 2 } { src1 0 } { src2 1 } }
        } value-numbering-step
    ]
}
Unit Test: {
    {
        {
            T{ ##peek { dst 0 } { loc D: 0 } }
            T{ ##load-integer { dst 1 } { val 5 } }
            T{ ##shl-imm { dst 2 } { src1 0 } { src2 5 } }
        }
    }
    [
        {
            T{ ##peek { dst 0 } { loc D: 0 } }
            T{ ##load-integer { dst 1 } { val 5 } }
            T{ ##shl { dst 2 } { src1 0 } { src2 1 } }
        } value-numbering-step
    ]
}
Unit Test: {
    {
        {
            T{ ##peek { dst 0 } { loc D: 0 } }
            T{ ##load-integer { dst 1 } { val 0 } }
            T{ ##neg { dst 2 } { src 0 } }
        }
    }
    [
        {
            T{ ##peek { dst 0 } { loc D: 0 } }
            T{ ##load-integer { dst 1 } { val 0 } }
            T{ ##sub { dst 2 } { src1 1 } { src2 0 } }
        } value-numbering-step
    ]
}
Unit Test: {
    {
        {
            T{ ##peek { dst 0 } { loc D: 0 } }
            T{ ##load-integer { dst 1 } { val 0 } }
            T{ ##neg { dst 2 } { src 0 } }
            T{ ##copy { dst 3 } { src 0 } { rep any-rep } }
        }
    }
    [
        {
            T{ ##peek { dst 0 } { loc D: 0 } }
            T{ ##load-integer { dst 1 } { val 0 } }
            T{ ##sub { dst 2 } { src1 1 } { src2 0 } }
            T{ ##sub { dst 3 } { src1 1 } { src2 2 } }
        } value-numbering-step
    ]
}
Unit Test: {
    {
        {
            T{ ##peek { dst 0 } { loc D: 0 } }
            T{ ##neg { dst 1 } { src 0 } }
            T{ ##copy { dst 2 } { src 0 } { rep any-rep } }
        }
    }
    [
        {
            T{ ##peek { dst 0 } { loc D: 0 } }
            T{ ##neg { dst 1 } { src 0 } }
            T{ ##neg { dst 2 } { src 1 } }
        } value-numbering-step
    ]
}
Unit Test: {
    {
        {
            T{ ##peek { dst 0 } { loc D: 0 } }
            T{ ##not { dst 1 } { src 0 } }
            T{ ##copy { dst 2 } { src 0 } { rep any-rep } }
        }
    }
    [
        {
            T{ ##peek { dst 0 } { loc D: 0 } }
            T{ ##not { dst 1 } { src 0 } }
            T{ ##not { dst 2 } { src 1 } }
        } value-numbering-step
    ]
}
Unit Test: {
    {
        {
            T{ ##peek { dst 0 } { loc D: 0 } }
            T{ ##load-integer { dst 1 } { val 100 } }
            T{ ##compare-imm
                { dst 2 }
                { src1 0 }
                { src2 100 }
                { cc cc= }
            }
        }
    }
    [
        {
            T{ ##peek { dst 0 } { loc D: 0 } }
            T{ ##load-integer { dst 1 } { val 100 } }
            T{ ##compare
                { dst 2 }
                { src1 0 }
                { src2 1 }
                { cc cc= }
            }
        } value-numbering-step trim-temps
    ]
}
Unit Test: {
    {
        {
            T{ ##peek { dst 0 } { loc D: 0 } }
            T{ ##load-integer { dst 1 } { val 100 } }
            T{ ##compare-integer-imm
                { dst 2 }
                { src1 0 }
                { src2 100 }
                { cc cc<= }
            }
        }
    }
    [
        {
            T{ ##peek { dst 0 } { loc D: 0 } }
            T{ ##load-integer { dst 1 } { val 100 } }
            T{ ##compare-integer
                { dst 2 }
                { src1 0 }
                { src2 1 }
                { cc cc<= }
            }
        } value-numbering-step trim-temps
    ]
}
Unit Test: {
    [
        {
            T{ ##peek { dst 0 } { loc D: 0 } }
            T{ ##load-reference { dst 1 } { obj 3.5 } }
            T{ ##compare
                { dst 2 }
                { src1 0 }
                { src2 1 }
                { cc cc= }
            }
        }
    ]
    [
        {
            T{ ##peek { dst 0 } { loc D: 0 } }
            T{ ##load-reference { dst 1 } { obj 3.5 } }
            T{ ##compare
                { dst 2 }
                { src1 0 }
                { src2 1 }
                { cc cc= }
            }
        } value-numbering-step trim-temps
    ]
}
Unit Test: {
    [
        {
            T{ ##peek { dst 0 } { loc D: 0 } }
            T{ ##load-reference { dst 1 } { obj 3.5 } }
            T{ ##compare-branch
                { src1 0 }
                { src2 1 }
                { cc cc= }
            }
        }
    ]
    [
        {
            T{ ##peek { dst 0 } { loc D: 0 } }
            T{ ##load-reference { dst 1 } { obj 3.5 } }
            T{ ##compare-branch
                { src1 0 }
                { src2 1 }
                { cc cc= }
            }
        } value-numbering-step trim-temps
    ]
}
Unit Test: {
    {
        {
            T{ ##peek { dst 0 } { loc D: 0 } }
            T{ ##load-integer { dst 1 } { val 100 } }
            T{ ##compare-integer-imm
                { dst 2 }
                { src1 0 }
                { src2 100 }
                { cc cc>= }
            }
        }
    }
    [
        {
            T{ ##peek { dst 0 } { loc D: 0 } }
            T{ ##load-integer { dst 1 } { val 100 } }
            T{ ##compare-integer
                { dst 2 }
                { src1 1 }
                { src2 0 }
                { cc cc<= }
            }
        } value-numbering-step trim-temps
    ]
}
Unit Test: {
    {
        {
            T{ ##peek { dst 0 } { loc D: 0 } }
            T{ ##load-integer { dst 1 } { val 100 } }
            T{ ##compare-integer-imm-branch
                { src1 0 }
                { src2 100 }
                { cc cc<= }
            }
        }
    }
    [
        {
            T{ ##peek { dst 0 } { loc D: 0 } }
            T{ ##load-integer { dst 1 } { val 100 } }
            T{ ##compare-integer-branch
                { src1 0 }
                { src2 1 }
                { cc cc<= }
            }
        } value-numbering-step
    ]
}
Unit Test: {
    {
        {
            T{ ##peek { dst 0 } { loc D: 0 } }
            T{ ##load-integer { dst 1 } { val 100 } }
            T{ ##compare-integer-imm-branch
                { src1 0 }
                { src2 100 }
                { cc cc>= }
            }
        }
    }
    [
        {
            T{ ##peek { dst 0 } { loc D: 0 } }
            T{ ##load-integer { dst 1 } { val 100 } }
            T{ ##compare-integer-branch
                { src1 1 }
                { src2 0 }
                { cc cc<= }
            }
        } value-numbering-step trim-temps
    ]
}
Unit Test: {
    {
        {
            T{ ##load-integer { dst 1 } { val 100 } }
            T{ ##load-integer { dst 2 } { val 200 } }
            T{ ##load-reference { dst 3 } { obj t } }
        }
    }
    [
        {
            T{ ##load-integer { dst 1 } { val 100 } }
            T{ ##load-integer { dst 2 } { val 200 } }
            T{ ##compare-integer
                { dst 3 }
                { src1 1 }
                { src2 2 }
                { cc cc<= }
            }
        } value-numbering-step trim-temps
    ]
}
Unit Test: {
    {
        {
            T{ ##load-integer { dst 1 } { val 100 } }
            T{ ##load-integer { dst 2 } { val 200 } }
            T{ ##load-reference { dst 3 } }
        }
    }
    [
        {
            T{ ##load-integer { dst 1 } { val 100 } }
            T{ ##load-integer { dst 2 } { val 200 } }
            T{ ##compare-integer
                { dst 3 }
                { src1 1 }
                { src2 2 }
                { cc cc= }
            }
        } value-numbering-step trim-temps
    ]
}
Unit Test: {
    {
        {
            T{ ##load-integer { dst 1 } { val 100 } }
            T{ ##load-reference { dst 2 } }
        }
    }
    [
        {
            T{ ##load-integer { dst 1 } { val 100 } }
            T{ ##compare-integer-imm
                { dst 2 }
                { src1 1 }
                { src2 123 }
                { cc cc= }
            }
        } value-numbering-step trim-temps
    ]
}
Unit Test: {
    {
        {
            T{ ##load-integer { dst 1 } { val 10 } }
            T{ ##load-integer { dst 2 } { val 20 } }
            T{ ##load-reference { dst 3 } }
        }
    }
    [
        {
            T{ ##load-integer { dst 1 } { val 10 } }
            T{ ##load-integer { dst 2 } { val 20 } }
            T{ ##compare-integer
                { dst 3 }
                { src1 1 }
                { src2 2 }
                { cc cc= }
            }
        } value-numbering-step
    ]
}
Unit Test: {
    {
        {
            T{ ##load-integer { dst 1 } { val 1 } }
            T{ ##load-integer { dst 2 } { val 2 } }
            T{ ##load-reference { dst 3 } { obj t } }
        }
    }
    [
        {
            T{ ##load-integer { dst 1 } { val 1 } }
            T{ ##load-integer { dst 2 } { val 2 } }
            T{ ##compare-integer
                { dst 3 }
                { src1 1 }
                { src2 2 }
                { cc cc/= }
            }
        } value-numbering-step
    ]
}
Unit Test: {
    {
        {
            T{ ##load-integer { dst 1 } { val 1 } }
            T{ ##load-integer { dst 2 } { val 2 } }
            T{ ##load-reference { dst 3 } { obj t } }
        }
    }
    [
        {
            T{ ##load-integer { dst 1 } { val 1 } }
            T{ ##load-integer { dst 2 } { val 2 } }
            T{ ##compare-integer
                { dst 3 }
                { src1 1 }
                { src2 2 }
                { cc cc< }
            }
        } value-numbering-step
    ]
}
Unit Test: {
    {
        {
            T{ ##load-integer { dst 1 } { val 10 } }
            T{ ##load-integer { dst 2 } { val 20 } }
            T{ ##load-reference { dst 3 } }
        }
    }
    [
        {
            T{ ##load-integer { dst 1 } { val 10 } }
            T{ ##load-integer { dst 2 } { val 20 } }
            T{ ##compare-integer
                { dst 3 }
                { src1 2 }
                { src2 1 }
                { cc cc< }
            }
        } value-numbering-step
    ]
}
Unit Test: {
    {
        {
            T{ ##peek { dst 0 } { loc D: 0 } }
            T{ ##load-reference { dst 1 } }
        }
    }
    [
        {
            T{ ##peek { dst 0 } { loc D: 0 } }
            T{ ##compare-integer
                { dst 1 }
                { src1 0 }
                { src2 0 }
                { cc cc< }
            }
        } value-numbering-step
    ]
}
Unit Test: {
    {
        {
            T{ ##peek { dst 0 } { loc D: 0 } }
            T{ ##copy { dst 1 } { src 0 } { rep any-rep } }
            T{ ##load-reference { dst 2 } }
        }
    }
    [
        {
            T{ ##peek { dst 0 } { loc D: 0 } }
            T{ ##copy { dst 1 } { src 0 } { rep any-rep } }
            T{ ##compare-integer
                { dst 2 }
                { src1 0 }
                { src2 1 }
                { cc cc< }
            }
        } value-numbering-step
    ]
}
Unit Test: {
    {
        {
            T{ ##peek { dst 0 } { loc D: 0 } }
            T{ ##load-reference { dst 1 } { obj t } }
        }
    }
    [
        {
            T{ ##peek { dst 0 } { loc D: 0 } }
            T{ ##compare-integer
                { dst 1 }
                { src1 0 }
                { src2 0 }
                { cc cc<= }
            }
        } value-numbering-step
    ]
}
Unit Test: {
    {
        {
            T{ ##peek { dst 0 } { loc D: 0 } }
            T{ ##load-reference { dst 1 } }
        }
    }
    [
        {
            T{ ##peek { dst 0 } { loc D: 0 } }
            T{ ##compare-integer
                { dst 1 }
                { src1 0 }
                { src2 0 }
                { cc cc> }
            }
        } value-numbering-step
    ]
}
Unit Test: {
    {
        {
            T{ ##peek { dst 0 } { loc D: 0 } }
            T{ ##load-reference { dst 1 } { obj t } }
        }
    }
    [
        {
            T{ ##peek { dst 0 } { loc D: 0 } }
            T{ ##compare-integer
                { dst 1 }
                { src1 0 }
                { src2 0 }
                { cc cc>= }
            }
        } value-numbering-step
    ]
}
Unit Test: {
    {
        {
            T{ ##peek { dst 0 } { loc D: 0 } }
            T{ ##load-reference { dst 1 } }
        }
    }
    [
        {
            T{ ##peek { dst 0 } { loc D: 0 } }
            T{ ##compare-integer
                { dst 1 }
                { src1 0 }
                { src2 0 }
                { cc cc/= }
            }
        } value-numbering-step
    ]
}
Unit Test: {
    {
        {
            T{ ##peek { dst 0 } { loc D: 0 } }
            T{ ##load-reference { dst 1 } { obj t } }
        }
    }
    [
        {
            T{ ##peek { dst 0 } { loc D: 0 } }
            T{ ##compare-integer
                { dst 1 }
                { src1 0 }
                { src2 0 }
                { cc cc= }
            }
        } value-numbering-step
    ]
}
Unit Test: {
    {
        {
            T{ ##load-integer { dst 1 } { val 10 } }
            T{ ##load-reference { dst 2 } { obj t } }
        }
    }
    [
        {
            T{ ##load-integer { dst 1 } { val 10 } }
            T{ ##compare-imm
                { dst 2 }
                { src1 1 }
                { src2 10 }
                { cc cc= }
            }
        } value-numbering-step
    ]
}
Unit Test: {
    {
        {
            T{ ##load-integer { dst 1 } { val 10 } }
            T{ ##load-reference { dst 2 } }
        }
    }
    [
        {
            T{ ##load-integer { dst 1 } { val 10 } }
            T{ ##compare-imm
                { dst 2 }
                { src1 1 }
                { src2 20 }
                { cc cc= }
            }
        } value-numbering-step
    ]
}
Unit Test: {
    {
        {
            T{ ##load-integer { dst 1 } { val 10 } }
            T{ ##load-reference { dst 2 } { obj t } }
        }
    }
    [
        {
            T{ ##load-integer { dst 1 } { val 10 } }
            T{ ##compare-imm
                { dst 2 }
                { src1 1 }
                { src2 100 }
                { cc cc/= }
            }
        } value-numbering-step
    ]
}
Unit Test: {
    {
        {
            T{ ##load-integer { dst 1 } { val 10 } }
            T{ ##load-reference { dst 2 } }
        }
    }
    [
        {
            T{ ##load-integer { dst 1 } { val 10 } }
            T{ ##compare-imm
                { dst 2 }
                { src1 1 }
                { src2 10 }
                { cc cc/= }
            }
        } value-numbering-step
    ]
}
Unit Test: {
    {
        {
            T{ ##peek { dst 0 } { loc D: 0 } }
            T{ ##load-reference { dst 1 } { obj t } }
        }
    }
    [
        {
            T{ ##peek { dst 0 } { loc D: 0 } }
            T{ ##compare
                { dst 1 }
                { src1 0 }
                { src2 0 }
                { cc cc= }
            }
        } value-numbering-step
    ]
}
Unit Test: {
    {
        {
            T{ ##peek { dst 0 } { loc D: 0 } }
            T{ ##load-reference { dst 1 } }
        }
    }
    [
        {
            T{ ##peek { dst 0 } { loc D: 0 } }
            T{ ##compare
                { dst 1 }
                { src1 0 }
                { src2 0 }
                { cc cc/= }
            }
        } value-numbering-step
    ]
}
Unit Test: {
    {
        {
            T{ ##load-integer { dst 1 } { val 12 } }
            T{ ##load-reference { dst 3 } { obj t } }
        }
    }
    [
        {
            T{ ##load-integer { dst 1 } { val 12 } }
            T{ ##test-imm
                { dst 3 }
                { src1 1 }
                { src2 13 }
                { cc cc/= }
            }
        } value-numbering-step
    ]
}
Unit Test: {
    {
        {
            T{ ##load-integer { dst 1 } { val 15 } }
            T{ ##load-reference { dst 3 } }
        }
    }
    [
        {
            T{ ##load-integer { dst 1 } { val 15 } }
            T{ ##test-imm
                { dst 3 }
                { src1 1 }
                { src2 16 }
                { cc cc/= }
            }
        } value-numbering-step
    ]
}
Unit Test: {
    {
        {
            T{ ##load-integer { dst 1 } { val 12 } }
            T{ ##load-reference { dst 3 } }
        }
    }
    [
        {
            T{ ##load-integer { dst 1 } { val 12 } }
            T{ ##test-imm
                { dst 3 }
                { src1 1 }
                { src2 13 }
                { cc cc= }
            }
        } value-numbering-step
    ]
}
Unit Test: {
    {
        {
            T{ ##load-integer { dst 1 } { val 15 } }
            T{ ##load-reference { dst 3 } { obj t } }
        }
    }
    [
        {
            T{ ##load-integer { dst 1 } { val 15 } }
            T{ ##test-imm
                { dst 3 }
                { src1 1 }
                { src2 16 }
                { cc cc= }
            }
        } value-numbering-step
    ]
}
Unit Test: {
    {
        {
            T{ ##peek { dst 0 } { loc D: 0 } }
            T{ ##peek { dst 1 } { loc D: 1 } }
            T{ ##and { dst 2 } { src1 0 } { src2 1 } }
            T{ ##test
                { dst 3 }
                { src1 0 }
                { src2 1 }
                { cc cc= }
            }
        }
    }
    [
        {
            T{ ##peek { dst 0 } { loc D: 0 } }
            T{ ##peek { dst 1 } { loc D: 1 } }
            T{ ##and { dst 2 } { src1 0 } { src2 1 } }
            T{ ##test
                { dst 3 }
                { src1 2 }
                { src2 2 }
                { cc cc= }
            }
        } value-numbering-step
    ]
}
Unit Test: {
    {
        {
            T{ ##peek { dst 0 } { loc D: 0 } }
            T{ ##and-imm { dst 2 } { src1 0 } { src2 12 } }
            T{ ##test-imm
                { dst 3 }
                { src1 0 }
                { src2 12 }
                { cc cc= }
            }
        }
    }
    [
        {
            T{ ##peek { dst 0 } { loc D: 0 } }
            T{ ##and-imm { dst 2 } { src1 0 } { src2 12 } }
            T{ ##test
                { dst 3 }
                { src1 2 }
                { src2 2 }
                { cc cc= }
            }
        } value-numbering-step
    ]
}
Unit Test: {
    {
        {
            T{ ##peek { dst 0 } { loc D: 0 } }
            T{ ##load-integer { dst 1 } { val 10 } }
            T{ ##test-imm
                { dst 2 }
                { src1 0 }
                { src2 10 }
                { cc cc= }
            }
        }
    }
    [
        {
            T{ ##peek { dst 0 } { loc D: 0 } }
            T{ ##load-integer { dst 1 } { val 10 } }
            T{ ##test
                { dst 2 }
                { src1 0 }
                { src2 1 }
                { cc cc= }
            }
        } value-numbering-step trim-temps
    ]
}
Unit Test: {
    {
        {
            T{ ##peek { dst 0 } { loc D: 0 } }
            T{ ##load-integer { dst 1 } { val 10 } }
            T{ ##test-imm
                { dst 2 }
                { src1 0 }
                { src2 10 }
                { cc cc= }
            }
        }
    }
    [
        {
            T{ ##peek { dst 0 } { loc D: 0 } }
            T{ ##load-integer { dst 1 } { val 10 } }
            T{ ##test
                { dst 2 }
                { src1 1 }
                { src2 0 }
                { cc cc= }
            }
        } value-numbering-step trim-temps
    ]
}
Unit Test: {
    {
        {
            T{ ##peek { dst 0 } { loc D: 0 } }
            T{ ##load-integer { dst 1 } { val 10 } }
            T{ ##test-imm-branch
                { src1 0 }
                { src2 10 }
                { cc cc= }
            }
        }
    }
    [
        {
            T{ ##peek { dst 0 } { loc D: 0 } }
            T{ ##load-integer { dst 1 } { val 10 } }
            T{ ##test-branch { src1 0 } { src2 1 } { cc cc= } }
        } value-numbering-step
    ]
}
Unit Test: {
    {
        {
            T{ ##peek { dst 0 } { loc D: 0 } }
            T{ ##load-integer { dst 1 } { val 10 } }
            T{ ##test-imm-branch
                { src1 0 }
                { src2 10 }
                { cc cc= }
            }
        }
    }
    [
        {
            T{ ##peek { dst 0 } { loc D: 0 } }
            T{ ##load-integer { dst 1 } { val 10 } }
            T{ ##test-branch { src1 1 } { src2 0 } { cc cc= } }
        } value-numbering-step
    ]
}
Unit Test: {
    {
        {
            T{ ##peek { dst 0 } { loc D: 0 } }
            T{ ##load-integer { dst 1 } { val 10 } }
            T{ ##test-imm-branch
                { src1 0 }
                { src2 10 }
                { cc cc= }
            }
        }
    }
    [
        {
            T{ ##peek { dst 0 } { loc D: 0 } }
            T{ ##load-integer { dst 1 } { val 10 } }
            T{ ##test-branch { src1 1 } { src2 0 } { cc cc= } }
        } value-numbering-step
    ]
}
Unit Test: {
    {
        {
            T{ ##peek { dst 0 } { loc D: 0 } }
            T{ ##load-integer { dst 1 } { val 100 } }
            T{ ##add-imm { dst 2 } { src1 0 } { src2 100 } }
            T{ ##load-integer { dst 3 } { val 50 } }
            T{ ##add-imm { dst 4 } { src1 0 } { src2 150 } }
        }
    }
    [
        {
            T{ ##peek { dst 0 } { loc D: 0 } }
            T{ ##load-integer { dst 1 } { val 100 } }
            T{ ##add { dst 2 } { src1 0 } { src2 1 } }
            T{ ##load-integer { dst 3 } { val 50 } }
            T{ ##add { dst 4 } { src1 2 } { src2 3 } }
        } value-numbering-step
    ]
}
Unit Test: {
    {
        {
            T{ ##peek { dst 0 } { loc D: 0 } }
            T{ ##load-integer { dst 1 } { val 100 } }
            T{ ##add-imm { dst 2 } { src1 0 } { src2 100 } }
            T{ ##load-integer { dst 3 } { val 50 } }
            T{ ##add-imm { dst 4 } { src1 0 } { src2 150 } }
        }
    }
    [
        {
            T{ ##peek { dst 0 } { loc D: 0 } }
            T{ ##load-integer { dst 1 } { val 100 } }
            T{ ##add { dst 2 } { src1 1 } { src2 0 } }
            T{ ##load-integer { dst 3 } { val 50 } }
            T{ ##add { dst 4 } { src1 3 } { src2 2 } }
        } value-numbering-step
    ]
}
Unit Test: {
    {
        {
            T{ ##peek { dst 0 } { loc D: 0 } }
            T{ ##shl-imm { dst 1 } { src1 0 } { src2 10 } }
            T{ ##shl-imm { dst 2 } { src1 0 } { src2 21 } }
            T{ ##replace { src 2 } { loc D: 0 } }
        }
    }
    [
        {
            T{ ##peek { dst 0 } { loc D: 0 } }
            T{ ##shl-imm { dst 1 } { src1 0 } { src2 10 } }
            T{ ##shl-imm { dst 2 } { src1 1 } { src2 11 } }
            T{ ##replace { src 2 } { loc D: 0 } }
        } value-numbering-step
    ]
}
Unit Test: {
    {
        {
            T{ ##peek { dst 0 } { loc D: 0 } }
            T{ ##shl-imm { dst 1 } { src1 0 } { src2 10 } }
            T{ ##shl-imm { dst 2 } { src1 1 } { src2 63 } }
            T{ ##replace { src 2 } { loc D: 0 } }
        }
    }
    [
        {
            T{ ##peek { dst 0 } { loc D: 0 } }
            T{ ##shl-imm { dst 1 } { src1 0 } { src2 10 } }
            T{ ##shl-imm { dst 2 } { src1 1 } { src2 63 } }
            T{ ##replace { src 2 } { loc D: 0 } }
        } value-numbering-step
    ]
}
Unit Test: {
    {
        {
            T{ ##peek { dst 0 } { loc D: 0 } }
            T{ ##sar-imm { dst 1 } { src1 0 } { src2 10 } }
            T{ ##sar-imm { dst 2 } { src1 0 } { src2 21 } }
            T{ ##replace { src 2 } { loc D: 0 } }
        }
    }
    [
        {
            T{ ##peek { dst 0 } { loc D: 0 } }
            T{ ##sar-imm { dst 1 } { src1 0 } { src2 10 } }
            T{ ##sar-imm { dst 2 } { src1 1 } { src2 11 } }
            T{ ##replace { src 2 } { loc D: 0 } }
        } value-numbering-step
    ]
}
Unit Test: {
    {
        {
            T{ ##peek { dst 0 } { loc D: 0 } }
            T{ ##sar-imm { dst 1 } { src1 0 } { src2 10 } }
            T{ ##sar-imm { dst 2 } { src1 1 } { src2 63 } }
            T{ ##replace { src 2 } { loc D: 0 } }
        }
    }
    [
        {
            T{ ##peek { dst 0 } { loc D: 0 } }
            T{ ##sar-imm { dst 1 } { src1 0 } { src2 10 } }
            T{ ##sar-imm { dst 2 } { src1 1 } { src2 63 } }
            T{ ##replace { src 2 } { loc D: 0 } }
        } value-numbering-step
    ]
}
Unit Test: {
    {
        {
            T{ ##peek { dst 0 } { loc D: 0 } }
            T{ ##shr-imm { dst 1 } { src1 0 } { src2 10 } }
            T{ ##shr-imm { dst 2 } { src1 0 } { src2 21 } }
            T{ ##replace { src 2 } { loc D: 0 } }
        }
    }
    [
        {
            T{ ##peek { dst 0 } { loc D: 0 } }
            T{ ##shr-imm { dst 1 } { src1 0 } { src2 10 } }
            T{ ##shr-imm { dst 2 } { src1 1 } { src2 11 } }
            T{ ##replace { src 2 } { loc D: 0 } }
        } value-numbering-step
    ]
}
Unit Test: {
    {
        {
            T{ ##peek { dst 0 } { loc D: 0 } }
            T{ ##shr-imm { dst 1 } { src1 0 } { src2 10 } }
            T{ ##shr-imm { dst 2 } { src1 1 } { src2 63 } }
            T{ ##replace { src 2 } { loc D: 0 } }
        }
    }
    [
        {
            T{ ##peek { dst 0 } { loc D: 0 } }
            T{ ##shr-imm { dst 1 } { src1 0 } { src2 10 } }
            T{ ##shr-imm { dst 2 } { src1 1 } { src2 63 } }
            T{ ##replace { src 2 } { loc D: 0 } }
        } value-numbering-step
    ]
}
Unit Test: {
    {
        {
            T{ ##peek { dst 0 } { loc D: 0 } }
            T{ ##shr-imm { dst 1 } { src1 0 } { src2 10 } }
            T{ ##sar-imm { dst 2 } { src1 1 } { src2 11 } }
            T{ ##replace { src 2 } { loc D: 0 } }
        }
    }
    [
        {
            T{ ##peek { dst 0 } { loc D: 0 } }
            T{ ##shr-imm { dst 1 } { src1 0 } { src2 10 } }
            T{ ##sar-imm { dst 2 } { src1 1 } { src2 11 } }
            T{ ##replace { src 2 } { loc D: 0 } }
        } value-numbering-step
    ]
}
Unit Test: {
    {
        {
            T{ ##peek { dst 0 } { loc D: 0 } }
            T{ ##add-imm { dst 1 } { src1 0 } { src2 10 } }
            T{ ##shl-imm { dst 3 } { src1 0 } { src2 2 } }
            T{ ##add-imm { dst 2 } { src1 3 } { src2 40 } }
            T{ ##replace { src 2 } { loc D: 0 } }
        }
    }
    [
        {
            T{ ##peek { dst 0 } { loc D: 0 } }
            T{ ##add-imm { dst 1 } { src1 0 } { src2 10 } }
            T{ ##shl-imm { dst 2 } { src1 1 } { src2 2 } }
            T{ ##replace { src 2 } { loc D: 0 } }
        } value-numbering-step
    ]
}
Unit Test: {
    {
        {
            T{ ##peek { dst 0 } { loc D: 0 } }
            T{ ##add-imm { dst 1 } { src1 0 } { src2 10 } }
            T{ ##mul-imm { dst 4 } { src1 0 } { src2 3 } }
            T{ ##add-imm { dst 2 } { src1 4 } { src2 30 } }
            T{ ##replace { src 2 } { loc D: 0 } }
        }
    }
    [
        {
            T{ ##peek { dst 0 } { loc D: 0 } }
            T{ ##add-imm { dst 1 } { src1 0 } { src2 10 } }
            T{ ##mul-imm { dst 2 } { src1 1 } { src2 3 } }
            T{ ##replace { src 2 } { loc D: 0 } }
        } value-numbering-step
    ]
}
Unit Test: {
    {
        {
            T{ ##peek { dst 0 } { loc D: 0 } }
            T{ ##peek { dst 1 } { loc D: 1 } }
            T{ ##copy { dst 3 } { src 0 } { rep any-rep } }
            T{ ##replace { src 3 } { loc D: 0 } }
        }
    }
    [
        {
            T{ ##peek { dst 0 } { loc D: 0 } }
            T{ ##peek { dst 1 } { loc D: 1 } }
            T{ ##add-imm { dst 3 } { src1 0 } { src2 0 } }
            T{ ##replace { src 3 } { loc D: 0 } }
        } value-numbering-step
    ]
}
Unit Test: {
    {
        {
            T{ ##peek { dst 0 } { loc D: 0 } }
            T{ ##peek { dst 1 } { loc D: 1 } }
            T{ ##copy { dst 3 } { src 0 } { rep any-rep } }
            T{ ##replace { src 3 } { loc D: 0 } }
        }
    }
    [
        {
            T{ ##peek { dst 0 } { loc D: 0 } }
            T{ ##peek { dst 1 } { loc D: 1 } }
            T{ ##or-imm { dst 3 } { src1 0 } { src2 0 } }
            T{ ##replace { src 3 } { loc D: 0 } }
        } value-numbering-step
    ]
}
Unit Test: {
    {
        {
            T{ ##peek { dst 0 } { loc D: 0 } }
            T{ ##peek { dst 1 } { loc D: 1 } }
            T{ ##copy { dst 3 } { src 0 } { rep any-rep } }
            T{ ##replace { src 3 } { loc D: 0 } }
        }
    }
    [
        {
            T{ ##peek { dst 0 } { loc D: 0 } }
            T{ ##peek { dst 1 } { loc D: 1 } }
            T{ ##xor-imm { dst 3 } { src1 0 } { src2 0 } }
            T{ ##replace { src 3 } { loc D: 0 } }
        } value-numbering-step
    ]
}
Unit Test: {
    {
        {
            T{ ##peek { dst 0 } { loc D: 0 } }
            T{ ##load-integer { dst 1 } { val 0 } }
        }
    }
    [
        {
            T{ ##peek { dst 0 } { loc D: 0 } }
            T{ ##and-imm { dst 1 } { src1 0 } { src2 0 } }
        } value-numbering-step
    ]
}
Unit Test: {
    {
        {
            T{ ##peek { dst 0 } { loc D: 0 } }
            T{ ##copy { dst 1 } { src 0 } { rep any-rep } }
            T{ ##replace { src 1 } { loc D: 0 } }
        }
    }
    [
        {
            T{ ##peek { dst 0 } { loc D: 0 } }
            T{ ##and-imm { dst 1 } { src1 0 } { src2 -1 } }
            T{ ##replace { src 1 } { loc D: 0 } }
        } value-numbering-step
    ]
}
Unit Test: {
    {
        {
            T{ ##peek { dst 0 } { loc D: 0 } }
            T{ ##copy { dst 1 } { src 0 } { rep any-rep } }
            T{ ##replace { src 1 } { loc D: 0 } }
        }
    }
    [
        {
            T{ ##peek { dst 0 } { loc D: 0 } }
            T{ ##and { dst 1 } { src1 0 } { src2 0 } }
            T{ ##replace { src 1 } { loc D: 0 } }
        } value-numbering-step
    ]
}
Unit Test: {
    {
        {
            T{ ##peek { dst 0 } { loc D: 0 } }
            T{ ##copy { dst 1 } { src 0 } { rep any-rep } }
            T{ ##replace { src 1 } { loc D: 0 } }
        }
    }
    [
        {
            T{ ##peek { dst 0 } { loc D: 0 } }
            T{ ##or-imm { dst 1 } { src1 0 } { src2 0 } }
            T{ ##replace { src 1 } { loc D: 0 } }
        } value-numbering-step
    ]
}
Unit Test: {
    {
        {
            T{ ##peek { dst 0 } { loc D: 0 } }
            T{ ##load-integer { dst 1 } { val -1 } }
        }
    }
    [
        {
            T{ ##peek { dst 0 } { loc D: 0 } }
            T{ ##or-imm { dst 1 } { src1 0 } { src2 -1 } }
        } value-numbering-step
    ]
}
Unit Test: {
    {
        {
            T{ ##peek { dst 0 } { loc D: 0 } }
            T{ ##copy { dst 1 } { src 0 } { rep any-rep } }
            T{ ##replace { src 1 } { loc D: 0 } }
        }
    }
    [
        {
            T{ ##peek { dst 0 } { loc D: 0 } }
            T{ ##or { dst 1 } { src1 0 } { src2 0 } }
            T{ ##replace { src 1 } { loc D: 0 } }
        } value-numbering-step
    ]
}
Unit Test: {
    {
        {
            T{ ##peek { dst 0 } { loc D: 0 } }
            T{ ##copy { dst 1 } { src 0 } { rep any-rep } }
            T{ ##replace { src 1 } { loc D: 0 } }
        }
    }
    [
        {
            T{ ##peek { dst 0 } { loc D: 0 } }
            T{ ##xor-imm { dst 1 } { src1 0 } { src2 0 } }
            T{ ##replace { src 1 } { loc D: 0 } }
        } value-numbering-step
    ]
}
Unit Test: {
    {
        {
            T{ ##peek { dst 0 } { loc D: 0 } }
            T{ ##not { dst 1 } { src 0 } }
            T{ ##replace { src 1 } { loc D: 0 } }
        }
    }
    [
        {
            T{ ##peek { dst 0 } { loc D: 0 } }
            T{ ##xor-imm { dst 1 } { src1 0 } { src2 -1 } }
            T{ ##replace { src 1 } { loc D: 0 } }
        } value-numbering-step
    ]
}
Unit Test: {
    {
        {
            T{ ##peek { dst 0 } { loc D: 0 } }
            T{ ##load-integer { dst 1 } { val 0 } }
        }
    }
    [
        {
            T{ ##peek { dst 0 } { loc D: 0 } }
            T{ ##xor { dst 1 } { src1 0 } { src2 0 } }
        } value-numbering-step
    ]
}
Unit Test: {
    {
        {
            T{ ##peek { dst 0 } { loc D: 0 } }
            T{ ##copy { dst 2 } { src 0 } { rep any-rep } }
            T{ ##replace { src 2 } { loc D: 0 } }
        }
    }
    [
        {
            T{ ##peek { dst 0 } { loc D: 0 } }
            T{ ##mul-imm { dst 2 } { src1 0 } { src2 1 } }
            T{ ##replace { src 2 } { loc D: 0 } }
        } value-numbering-step
    ]
}
Unit Test: {
    {
        {
            T{ ##peek { dst 0 } { loc D: 0 } }
            T{ ##copy { dst 2 } { src 0 } { rep any-rep } }
            T{ ##replace { src 2 } { loc D: 0 } }
        }
    }
    [
        {
            T{ ##peek { dst 0 } { loc D: 0 } }
            T{ ##shl-imm { dst 2 } { src1 0 } { src2 0 } }
            T{ ##replace { src 2 } { loc D: 0 } }
        } value-numbering-step
    ]
}
Unit Test: {
    {
        {
            T{ ##peek { dst 0 } { loc D: 0 } }
            T{ ##copy { dst 2 } { src 0 } { rep any-rep } }
            T{ ##replace { src 2 } { loc D: 0 } }
        }
    }
    [
        {
            T{ ##peek { dst 0 } { loc D: 0 } }
            T{ ##shr-imm { dst 2 } { src1 0 } { src2 0 } }
            T{ ##replace { src 2 } { loc D: 0 } }
        } value-numbering-step
    ]
}
Unit Test: {
    {
        {
            T{ ##peek { dst 0 } { loc D: 0 } }
            T{ ##copy { dst 2 } { src 0 } { rep any-rep } }
            T{ ##replace { src 2 } { loc D: 0 } }
        }
    }
    [
        {
            T{ ##peek { dst 0 } { loc D: 0 } }
            T{ ##sar-imm { dst 2 } { src1 0 } { src2 0 } }
            T{ ##replace { src 2 } { loc D: 0 } }
        } value-numbering-step
    ]
}
Unit Test: {
    {
        {
            T{ ##peek { dst 0 } { loc D: 0 } }
            T{ ##load-integer { dst 1 } { val 1 } }
            T{ ##load-integer { dst 2 } { val 3 } }
            T{ ##load-integer { dst 3 } { val 4 } }
        }
    }
    [
        {
            T{ ##peek { dst 0 } { loc D: 0 } }
            T{ ##load-integer { dst 1 } { val 1 } }
            T{ ##load-integer { dst 2 } { val 3 } }
            T{ ##add { dst 3 } { src1 1 } { src2 2 } }
        } value-numbering-step
    ]
}
Unit Test: {
    {
        {
            T{ ##peek { dst 0 } { loc D: 0 } }
            T{ ##load-integer { dst 1 } { val 2 } }
            T{ ##load-integer { dst 2 } { val 3 } }
            T{ ##load-integer { dst 3 } { val 6 } }
        }
    }
    [
        {
            T{ ##peek { dst 0 } { loc D: 0 } }
            T{ ##load-integer { dst 1 } { val 2 } }
            T{ ##load-integer { dst 2 } { val 3 } }
            T{ ##mul { dst 3 } { src1 1 } { src2 2 } }
        } value-numbering-step
    ]
}
Unit Test: {
    {
        {
            T{ ##peek { dst 0 } { loc D: 0 } }
            T{ ##load-integer { dst 1 } { val 2 } }
            T{ ##load-integer { dst 2 } { val 1 } }
            T{ ##load-integer { dst 3 } { val 0 } }
        }
    }
    [
        {
            T{ ##peek { dst 0 } { loc D: 0 } }
            T{ ##load-integer { dst 1 } { val 2 } }
            T{ ##load-integer { dst 2 } { val 1 } }
            T{ ##and { dst 3 } { src1 1 } { src2 2 } }
        } value-numbering-step
    ]
}
Unit Test: {
    {
        {
            T{ ##peek { dst 0 } { loc D: 0 } }
            T{ ##load-integer { dst 1 } { val 2 } }
            T{ ##load-integer { dst 2 } { val 1 } }
            T{ ##load-integer { dst 3 } { val 3 } }
        }
    }
    [
        {
            T{ ##peek { dst 0 } { loc D: 0 } }
            T{ ##load-integer { dst 1 } { val 2 } }
            T{ ##load-integer { dst 2 } { val 1 } }
            T{ ##or { dst 3 } { src1 1 } { src2 2 } }
        } value-numbering-step
    ]
}
Unit Test: {
    {
        {
            T{ ##peek { dst 0 } { loc D: 0 } }
            T{ ##load-integer { dst 1 } { val 2 } }
            T{ ##load-integer { dst 2 } { val 3 } }
            T{ ##load-integer { dst 3 } { val 1 } }
        }
    }
    [
        {
            T{ ##peek { dst 0 } { loc D: 0 } }
            T{ ##load-integer { dst 1 } { val 2 } }
            T{ ##load-integer { dst 2 } { val 3 } }
            T{ ##xor { dst 3 } { src1 1 } { src2 2 } }
        } value-numbering-step
    ]
}
Unit Test: {
    {
        {
            T{ ##peek { dst 0 } { loc D: 0 } }
            T{ ##load-integer { dst 1 } { val 1 } }
            T{ ##load-integer { dst 3 } { val 8 } }
        }
    }
    [
        {
            T{ ##peek { dst 0 } { loc D: 0 } }
            T{ ##load-integer { dst 1 } { val 1 } }
            T{ ##shl-imm { dst 3 } { src1 1 } { src2 3 } }
        } value-numbering-step
    ]
}
Unit Test: {
    [
        {
            T{ ##peek { dst 0 } { loc D: 0 } }
            T{ ##load-integer { dst 1 } { val -1 } }
            T{ ##load-integer
                { dst 3 }
                { val 281474976710655 }
            }
        }
    ]
    [
        {
            T{ ##peek { dst 0 } { loc D: 0 } }
            T{ ##load-integer { dst 1 } { val -1 } }
            T{ ##shr-imm { dst 3 } { src1 1 } { src2 16 } }
        } value-numbering-step
    ]
}
Unit Test: {
    {
        {
            T{ ##peek { dst 0 } { loc D: 0 } }
            T{ ##load-integer { dst 1 } { val -8 } }
            T{ ##load-integer { dst 3 } { val -4 } }
        }
    }
    [
        {
            T{ ##peek { dst 0 } { loc D: 0 } }
            T{ ##load-integer { dst 1 } { val -8 } }
            T{ ##sar-imm { dst 3 } { src1 1 } { src2 1 } }
        } value-numbering-step
    ]
}
Unit Test: {
    [
        {
            T{ ##peek { dst 0 } { loc D: 0 } }
            T{ ##load-integer { dst 1 } { val 65536 } }
            T{ ##load-integer
                { dst 2 }
                { val 140737488355328 }
            }
            T{ ##add { dst 3 } { src1 0 } { src2 2 } }
        }
    ]
    [
        {
            T{ ##peek { dst 0 } { loc D: 0 } }
            T{ ##load-integer { dst 1 } { val 65536 } }
            T{ ##shl-imm { dst 2 } { src1 1 } { src2 31 } }
            T{ ##add { dst 3 } { src1 0 } { src2 2 } }
        } value-numbering-step
    ]
}
Unit Test: {
    [
        {
            T{ ##peek { dst 0 } { loc D: 0 } }
            T{ ##load-integer
                { dst 2 }
                { val 140737488355328 }
            }
            T{ ##add { dst 3 } { src1 0 } { src2 2 } }
        }
    ]
    [
        {
            T{ ##peek { dst 0 } { loc D: 0 } }
            T{ ##load-integer
                { dst 2 }
                { val 140737488355328 }
            }
            T{ ##add { dst 3 } { src1 0 } { src2 2 } }
        } value-numbering-step
    ]
}
Unit Test: {
    {
        {
            T{ ##peek { dst 0 } { loc D: 0 } }
            T{ ##load-integer { dst 1 } { val 1 } }
            T{ ##load-integer { dst 2 } { val -1 } }
        }
    }
    [
        {
            T{ ##peek { dst 0 } { loc D: 0 } }
            T{ ##load-integer { dst 1 } { val 1 } }
            T{ ##neg { dst 2 } { src 1 } }
        } value-numbering-step
    ]
}
Unit Test: {
    {
        {
            T{ ##peek { dst 0 } { loc D: 0 } }
            T{ ##load-integer { dst 1 } { val 1 } }
            T{ ##load-integer { dst 2 } { val -2 } }
        }
    }
    [
        {
            T{ ##peek { dst 0 } { loc D: 0 } }
            T{ ##load-integer { dst 1 } { val 1 } }
            T{ ##not { dst 2 } { src 1 } }
        } value-numbering-step
    ]
}
Unit Test: {
    {
        {
            T{ ##load-reference { dst 1 } }
            T{ ##load-integer { dst 2 } { val 1 } }
            T{ ##copy { dst 3 } { src 2 } { rep any-rep } }
        }
    }
    [
        {
            T{ ##load-reference { dst 1 } }
            T{ ##tagged>integer { dst 2 } { src 1 } }
            T{ ##and-imm { dst 3 } { src1 2 } { src2 15 } }
        } value-numbering-step
    ]
}
Unit Test: {
    {
        {
            T{ ##load-integer { dst 1 } { val 100 } }
            T{ ##load-integer { dst 2 } { val 1600 } }
            T{ ##load-integer { dst 3 } { val 1601 } }
        }
    }
    [
        {
            T{ ##load-integer { dst 1 } { val 100 } }
            T{ ##tagged>integer { dst 2 } { src 1 } }
            T{ ##add-imm { dst 3 } { src1 2 } { src2 1 } }
        } value-numbering-step
    ]
}
Unit Test: {
    {
        {
            T{ ##peek { dst 0 } { loc D: 0 } }
            T{ ##box-alien { dst 1 } { src 0 } }
            T{ ##copy { dst 2 } { src 0 } { rep any-rep } }
            T{ ##replace { src 2 } { loc D: 0 } }
        }
    }
    [
        {
            T{ ##peek { dst 0 } { loc D: 0 } }
            T{ ##box-alien { dst 1 } { src 0 } }
            T{ ##unbox-alien { dst 2 } { src 1 } }
            T{ ##replace { src 2 } { loc D: 0 } }
        } value-numbering-step
    ]
}
Unit Test: {
    {
        {
            T{ ##peek { dst 0 } { loc D: 0 } }
            T{ ##box-alien { dst 1 } { src 0 } }
            T{ ##copy { dst 2 } { src 0 } { rep any-rep } }
            T{ ##replace { src 2 } { loc D: 0 } }
        }
    }
    [
        {
            T{ ##peek { dst 0 } { loc D: 0 } }
            T{ ##box-alien { dst 1 } { src 0 } }
            T{ ##unbox-any-c-ptr { dst 2 } { src 1 } }
            T{ ##replace { src 2 } { loc D: 0 } }
        } value-numbering-step
    ]
}
Unit Test: {
    {
        {
            T{ ##peek { dst 0 } { loc D: 0 } }
            T{ ##load-integer { dst 2 } { val 0 } }
            T{ ##copy { dst 1 } { src 0 } { rep any-rep } }
            T{ ##replace { src 1 } { loc D: 0 } }
        }
    }
    [
        {
            T{ ##peek { dst 0 } { loc D: 0 } }
            T{ ##load-integer { dst 2 } { val 0 } }
            T{ ##box-displaced-alien
                { dst 1 }
                { displacement 2 }
                { base 0 }
                { temp c-ptr }
            }
            T{ ##replace { src 1 } { loc D: 0 } }
        } value-numbering-step
    ]
}
Unit Test: {
    {
        {
            T{ ##peek { dst 0 } { loc D: 0 } }
            T{ ##load-integer { dst 2 } { val 16 } }
            T{ ##box-displaced-alien
                { dst 1 }
                { displacement 2 }
                { base 0 }
                { temp c-ptr }
            }
            T{ ##unbox-any-c-ptr { dst 4 } { src 0 } }
            T{ ##add-imm { dst 3 } { src1 4 } { src2 16 } }
        }
    }
    [
        {
            T{ ##peek { dst 0 } { loc D: 0 } }
            T{ ##load-integer { dst 2 } { val 16 } }
            T{ ##box-displaced-alien
                { dst 1 }
                { displacement 2 }
                { base 0 }
                { temp c-ptr }
            }
            T{ ##unbox-any-c-ptr { dst 3 } { src 1 } }
        } value-numbering-step
    ]
}
Unit Test: {
    {
        {
            T{ ##box-alien { dst 0 } { src 1 } }
            T{ ##load-integer { dst 2 } { val 16 } }
            T{ ##box-displaced-alien
                { dst 3 }
                { displacement 2 }
                { base 0 }
                { temp c-ptr }
            }
            T{ ##copy { dst 5 } { src 1 } { rep any-rep } }
            T{ ##add-imm { dst 4 } { src1 5 } { src2 16 } }
        }
    }
    [
        {
            T{ ##box-alien { dst 0 } { src 1 } }
            T{ ##load-integer { dst 2 } { val 16 } }
            T{ ##box-displaced-alien
                { dst 3 }
                { displacement 2 }
                { base 0 }
                { temp c-ptr }
            }
            T{ ##unbox-any-c-ptr { dst 4 } { src 3 } }
        } value-numbering-step
    ]
}
Unit Test: {
    {
        {
            T{ ##peek { dst 0 } { loc D: 0 } }
            T{ ##load-integer { dst 2 } { val 0 } }
            T{ ##copy { dst 3 } { src 0 } { rep any-rep } }
            T{ ##replace { src 3 } { loc D: 1 } }
        }
    }
    [
        {
            T{ ##peek { dst 0 } { loc D: 0 } }
            T{ ##load-integer { dst 2 } { val 0 } }
            T{ ##box-displaced-alien
                { dst 3 }
                { displacement 2 }
                { base 0 }
                { temp c-ptr }
            }
            T{ ##replace { src 3 } { loc D: 1 } }
        } value-numbering-step
    ]
}
Unit Test: {
    {
        {
            T{ ##vector>scalar
                { dst 1 }
                { src 0 }
                { rep float-4-rep }
            }
            T{ ##copy { dst 2 } { src 0 } { rep any-rep } }
        }
    }
    [
        {
            T{ ##vector>scalar
                { dst 1 }
                { src 0 }
                { rep float-4-rep }
            }
            T{ ##scalar>vector
                { dst 2 }
                { src 1 }
                { rep float-4-rep }
            }
        } value-numbering-step
    ]
}
Unit Test: {
    { { T{ ##copy { dst 1 } { src 0 } { rep any-rep } } } }
    [
        {
            T{ ##shuffle-vector-imm
                { dst 1 }
                { src 0 }
                { shuffle { 0 1 2 3 } }
                { rep float-4-rep }
            }
        } value-numbering-step
    ]
}
Unit Test: {
    {
        {
            T{ ##shuffle-vector-imm
                { dst 1 }
                { src 0 }
                { shuffle { 1 2 3 0 } }
                { rep float-4-rep }
            }
            T{ ##shuffle-vector-imm
                { dst 2 }
                { src 0 }
                { shuffle { 0 2 3 1 } }
                { rep float-4-rep }
            }
        }
    }
    [
        {
            T{ ##shuffle-vector-imm
                { dst 1 }
                { src 0 }
                { shuffle { 1 2 3 0 } }
                { rep float-4-rep }
            }
            T{ ##shuffle-vector-imm
                { dst 2 }
                { src 1 }
                { shuffle { 3 1 2 0 } }
                { rep float-4-rep }
            }
        } value-numbering-step
    ]
}
Unit Test: {
    {
        {
            T{ ##shuffle-vector-imm
                { dst 1 }
                { src 0 }
                { shuffle { 1 2 3 0 } }
                { rep float-4-rep }
            }
            T{ ##shuffle-vector-imm
                { dst 2 }
                { src 1 }
                { shuffle { 1 0 } }
                { rep double-2-rep }
            }
        }
    }
    [
        {
            T{ ##shuffle-vector-imm
                { dst 1 }
                { src 0 }
                { shuffle { 1 2 3 0 } }
                { rep float-4-rep }
            }
            T{ ##shuffle-vector-imm
                { dst 2 }
                { src 1 }
                { shuffle { 1 0 } }
                { rep double-2-rep }
            }
        } value-numbering-step
    ]
}
Unit Test: {
    {
        {
            T{ ##load-integer { dst 0 } { val 55 } }
            T{ ##load-reference
                { dst 1 }
                { obj B{ 55 0 0 0 55 0 0 0 55 0 0 0 55 0 0 0 } }
            }
            T{ ##load-reference
                { dst 2 }
                { obj B{ 55 0 0 0 55 0 0 0 55 0 0 0 55 0 0 0 } }
            }
        }
    }
    [
        {
            T{ ##load-integer { dst 0 } { val 55 } }
            T{ ##scalar>vector
                { dst 1 }
                { src 0 }
                { rep int-4-rep }
            }
            T{ ##shuffle-vector-imm
                { dst 2 }
                { src 1 }
                { shuffle { 0 0 0 0 } }
                { rep float-4-rep }
            }
        } value-numbering-step
    ]
}
Unit Test: {
    {
        {
            T{ ##load-reference { dst 0 } { obj 1.25 } }
            T{ ##load-reference
                { dst 1 }
                { obj
                    B{
                        0 0 160 63 0 0 160 63 0 0 160 63 0 0 160
                        63
                    }
                }
            }
            T{ ##load-reference
                { dst 2 }
                { obj
                    B{
                        0 0 160 63 0 0 160 63 0 0 160 63 0 0 160
                        63
                    }
                }
            }
        }
    }
    [
        {
            T{ ##load-reference { dst 0 } { obj 1.25 } }
            T{ ##scalar>vector
                { dst 1 }
                { src 0 }
                { rep float-4-rep }
            }
            T{ ##shuffle-vector-imm
                { dst 2 }
                { src 1 }
                { shuffle { 0 0 0 0 } }
                { rep float-4-rep }
            }
        } value-numbering-step
    ]
}
Unit Test: {
    {
        {
            T{ ##load-reference { dst 0 } { obj 1.25 } }
            T{ ##load-reference
                { dst 1 }
                { obj
                    B{
                        0 0 160 63 0 0 160 63 0 0 160 63 0 0 160
                        63
                    }
                }
            }
            T{ ##load-reference
                { dst 2 }
                { obj
                    B{
                        0 0 160 63 0 0 160 63 0 0 160 63 0 0 160
                        63
                    }
                }
            }
        }
    }
    [
        {
            T{ ##load-reference { dst 0 } { obj 1.25 } }
            T{ ##scalar>vector
                { dst 1 }
                { src 0 }
                { rep float-4-rep }
            }
            T{ ##shuffle-vector-imm
                { dst 2 }
                { src 1 }
                { shuffle { 0 0 0 0 } }
                { rep float-4-rep }
            }
        } value-numbering-step
    ]
}
Unit Test: {
    {
        {
            T{ ##load-integer { dst 0 } { val 55 } }
            T{ ##load-reference
                { dst 1 }
                { obj
                    B{ 55 0 55 0 55 0 55 0 55 0 55 0 55 0 55 0 }
                }
            }
            T{ ##load-reference
                { dst 2 }
                { obj B{ 1 0 1 0 1 0 1 0 1 0 1 0 1 0 1 0 } }
            }
            T{ ##load-reference
                { dst 3 }
                { obj
                    B{ 0 55 0 55 0 55 0 55 0 55 0 55 0 55 0 55 }
                }
            }
        }
    }
    [
        {
            T{ ##load-integer { dst 0 } { val 55 } }
            T{ ##scalar>vector
                { dst 1 }
                { src 0 }
                { rep short-8-rep }
            }
            T{ ##load-reference
                { dst 2 }
                { obj B{ 1 0 1 0 1 0 1 0 1 0 1 0 1 0 1 0 } }
            }
            T{ ##shuffle-vector
                { dst 3 }
                { src 1 }
                { shuffle 2 }
                { rep float-4-rep }
            }
        } value-numbering-step
    ]
}
Unit Test: {
    {
        {
            T{ ##load-reference { dst 0 } { obj 1.25 } }
            T{ ##load-reference { dst 2 } { obj 3.75 } }
            T{ ##load-reference
                { dst 4 }
                { obj
                    B{ 0 0 0 0 0 0 244 63 0 0 0 0 0 0 14 64 }
                }
            }
        }
    }
    [
        {
            T{ ##load-reference { dst 0 } { obj 1.25 } }
            T{ ##load-reference { dst 2 } { obj 3.75 } }
            T{ ##gather-vector-2
                { dst 4 }
                { src1 0 }
                { src2 2 }
                { rep double-2-rep }
            }
        } value-numbering-step
    ]
}
Unit Test: {
    {
        {
            T{ ##load-integer { dst 0 } { val 125 } }
            T{ ##load-integer { dst 2 } { val 375 } }
            T{ ##load-reference
                { dst 4 }
                { obj B{ 125 0 0 0 0 0 0 0 119 1 0 0 0 0 0 0 } }
            }
        }
    }
    [
        {
            T{ ##load-integer { dst 0 } { val 125 } }
            T{ ##load-integer { dst 2 } { val 375 } }
            T{ ##gather-vector-2
                { dst 4 }
                { src1 0 }
                { src2 2 }
                { rep longlong-2-rep }
            }
        } value-numbering-step
    ]
}
Unit Test: {
    {
        {
            T{ ##load-reference { dst 0 } { obj 1.25 } }
            T{ ##load-reference { dst 1 } { obj 2.5 } }
            T{ ##load-reference { dst 2 } { obj 3.75 } }
            T{ ##load-reference { dst 3 } { obj 5.0 } }
            T{ ##load-reference
                { dst 4 }
                { obj
                    B{
                        0 0 160 63 0 0 32 64 0 0 112 64 0 0 160
                        64
                    }
                }
            }
        }
    }
    [
        {
            T{ ##load-reference { dst 0 } { obj 1.25 } }
            T{ ##load-reference { dst 1 } { obj 2.5 } }
            T{ ##load-reference { dst 2 } { obj 3.75 } }
            T{ ##load-reference { dst 3 } { obj 5.0 } }
            T{ ##gather-vector-4
                { dst 4 }
                { src1 0 }
                { src2 1 }
                { src3 2 }
                { src4 3 }
                { rep float-4-rep }
            }
        } value-numbering-step
    ]
}
Unit Test: {
    {
        {
            T{ ##load-integer { dst 0 } { val 125 } }
            T{ ##load-integer { dst 1 } { val 250 } }
            T{ ##load-integer { dst 2 } { val 375 } }
            T{ ##load-integer { dst 3 } { val 500 } }
            T{ ##load-reference
                { dst 4 }
                { obj
                    B{ 125 0 0 0 250 0 0 0 119 1 0 0 244 1 0 0 }
                }
            }
        }
    }
    [
        {
            T{ ##load-integer { dst 0 } { val 125 } }
            T{ ##load-integer { dst 1 } { val 250 } }
            T{ ##load-integer { dst 2 } { val 375 } }
            T{ ##load-integer { dst 3 } { val 500 } }
            T{ ##gather-vector-4
                { dst 4 }
                { src1 0 }
                { src2 1 }
                { src3 2 }
                { src4 3 }
                { rep int-4-rep }
            }
        } value-numbering-step
    ]
}
Unit Test: {
    { { T{ ##zero-vector { dst 2 } { rep float-4-rep } } } }
    [
        {
            T{ ##xor-vector
                { dst 2 }
                { src1 1 }
                { src2 1 }
                { rep float-4-rep }
            }
        } value-numbering-step
    ]
}
Unit Test: {
    {
        {
            T{ ##fill-vector { dst 3 } { rep float-4-rep } }
            T{ ##xor-vector
                { dst 4 }
                { src1 0 }
                { src2 3 }
                { rep float-4-rep }
            }
            T{ ##andn-vector
                { dst 5 }
                { src1 0 }
                { src2 1 }
                { rep float-4-rep }
            }
        }
    }
    [
        {
            T{ ##fill-vector { dst 3 } { rep float-4-rep } }
            T{ ##xor-vector
                { dst 4 }
                { src1 0 }
                { src2 3 }
                { rep float-4-rep }
            }
            T{ ##and-vector
                { dst 5 }
                { src1 4 }
                { src2 1 }
                { rep float-4-rep }
            }
        } value-numbering-step
    ]
}
Unit Test: {
    {
        {
            T{ ##not-vector
                { dst 4 }
                { src 0 }
                { rep float-4-rep }
            }
            T{ ##andn-vector
                { dst 5 }
                { src1 0 }
                { src2 1 }
                { rep float-4-rep }
            }
        }
    }
    [
        {
            T{ ##not-vector
                { dst 4 }
                { src 0 }
                { rep float-4-rep }
            }
            T{ ##and-vector
                { dst 5 }
                { src1 4 }
                { src2 1 }
                { rep float-4-rep }
            }
        } value-numbering-step
    ]
}
Unit Test: {
    {
        {
            T{ ##fill-vector { dst 3 } { rep float-4-rep } }
            T{ ##xor-vector
                { dst 4 }
                { src1 0 }
                { src2 3 }
                { rep float-4-rep }
            }
            T{ ##andn-vector
                { dst 5 }
                { src1 0 }
                { src2 1 }
                { rep float-4-rep }
            }
        }
    }
    [
        {
            T{ ##fill-vector { dst 3 } { rep float-4-rep } }
            T{ ##xor-vector
                { dst 4 }
                { src1 0 }
                { src2 3 }
                { rep float-4-rep }
            }
            T{ ##and-vector
                { dst 5 }
                { src1 1 }
                { src2 4 }
                { rep float-4-rep }
            }
        } value-numbering-step
    ]
}
Unit Test: {
    {
        {
            T{ ##not-vector
                { dst 4 }
                { src 0 }
                { rep float-4-rep }
            }
            T{ ##andn-vector
                { dst 5 }
                { src1 0 }
                { src2 1 }
                { rep float-4-rep }
            }
        }
    }
    [
        {
            T{ ##not-vector
                { dst 4 }
                { src 0 }
                { rep float-4-rep }
            }
            T{ ##and-vector
                { dst 5 }
                { src1 1 }
                { src2 4 }
                { rep float-4-rep }
            }
        } value-numbering-step
    ]
}
Unit Test: {
    {
        {
            T{ ##fill-vector { dst 3 } { rep float-4-rep } }
            T{ ##xor-vector
                { dst 4 }
                { src1 0 }
                { src2 3 }
                { rep float-4-rep }
            }
            T{ ##and-vector
                { dst 5 }
                { src1 0 }
                { src2 1 }
                { rep float-4-rep }
            }
        }
    }
    [
        {
            T{ ##fill-vector { dst 3 } { rep float-4-rep } }
            T{ ##xor-vector
                { dst 4 }
                { src1 0 }
                { src2 3 }
                { rep float-4-rep }
            }
            T{ ##andn-vector
                { dst 5 }
                { src1 4 }
                { src2 1 }
                { rep float-4-rep }
            }
        } value-numbering-step
    ]
}
Unit Test: {
    {
        {
            T{ ##not-vector
                { dst 4 }
                { src 0 }
                { rep float-4-rep }
            }
            T{ ##and-vector
                { dst 5 }
                { src1 0 }
                { src2 1 }
                { rep float-4-rep }
            }
        }
    }
    [
        {
            T{ ##not-vector
                { dst 4 }
                { src 0 }
                { rep float-4-rep }
            }
            T{ ##andn-vector
                { dst 5 }
                { src1 4 }
                { src2 1 }
                { rep float-4-rep }
            }
        } value-numbering-step
    ]
}
Unit Test: {
    {
        {
            T{ ##fill-vector { dst 3 } { rep float-4-rep } }
            T{ ##xor-vector
                { dst 4 }
                { src1 0 }
                { src2 3 }
                { rep float-4-rep }
            }
            T{ ##andn-vector
                { dst 5 }
                { src1 0 }
                { src2 1 }
                { rep float-4-rep }
            }
            T{ ##and-vector
                { dst 6 }
                { src1 0 }
                { src2 2 }
                { rep float-4-rep }
            }
            T{ ##or-vector
                { dst 7 }
                { src1 5 }
                { src2 6 }
                { rep float-4-rep }
            }
        }
    }
    [
        {
            T{ ##fill-vector { dst 3 } { rep float-4-rep } }
            T{ ##xor-vector
                { dst 4 }
                { src1 0 }
                { src2 3 }
                { rep float-4-rep }
            }
            T{ ##and-vector
                { dst 5 }
                { src1 4 }
                { src2 1 }
                { rep float-4-rep }
            }
            T{ ##andn-vector
                { dst 6 }
                { src1 4 }
                { src2 2 }
                { rep float-4-rep }
            }
            T{ ##or-vector
                { dst 7 }
                { src1 5 }
                { src2 6 }
                { rep float-4-rep }
            }
        } value-numbering-step
    ]
}
Unit Test: {
    {
        {
            T{ ##not-vector
                { dst 4 }
                { src 0 }
                { rep float-4-rep }
            }
            T{ ##andn-vector
                { dst 5 }
                { src1 0 }
                { src2 1 }
                { rep float-4-rep }
            }
            T{ ##and-vector
                { dst 6 }
                { src1 0 }
                { src2 2 }
                { rep float-4-rep }
            }
            T{ ##or-vector
                { dst 7 }
                { src1 5 }
                { src2 6 }
                { rep float-4-rep }
            }
        }
    }
    [
        {
            T{ ##not-vector
                { dst 4 }
                { src 0 }
                { rep float-4-rep }
            }
            T{ ##and-vector
                { dst 5 }
                { src1 4 }
                { src2 1 }
                { rep float-4-rep }
            }
            T{ ##andn-vector
                { dst 6 }
                { src1 4 }
                { src2 2 }
                { rep float-4-rep }
            }
            T{ ##or-vector
                { dst 7 }
                { src1 5 }
                { src2 6 }
                { rep float-4-rep }
            }
        } value-numbering-step
    ]
}
Unit Test: {
    {
        {
            T{ ##load-integer { dst 1 } { val 1 } }
            T{ ##load-integer { dst 2 } { val 2 } }
            T{ ##branch }
        }
        1
    }
    [
        {
            T{ ##load-integer { dst 1 } { val 1 } }
            T{ ##load-integer { dst 2 } { val 2 } }
            T{ ##compare-branch
                { src1 1 }
                { src2 2 }
                { cc cc= }
            }
        } test-branch-folding
    ]
}
Unit Test: {
    {
        {
            T{ ##load-integer { dst 1 } { val 1 } }
            T{ ##load-integer { dst 2 } { val 2 } }
            T{ ##branch }
        }
        0
    }
    [
        {
            T{ ##load-integer { dst 1 } { val 1 } }
            T{ ##load-integer { dst 2 } { val 2 } }
            T{ ##compare-branch
                { src1 1 }
                { src2 2 }
                { cc cc/= }
            }
        } test-branch-folding
    ]
}
Unit Test: {
    {
        {
            T{ ##load-integer { dst 1 } { val 1 } }
            T{ ##load-integer { dst 2 } { val 2 } }
            T{ ##branch }
        }
        0
    }
    [
        {
            T{ ##load-integer { dst 1 } { val 1 } }
            T{ ##load-integer { dst 2 } { val 2 } }
            T{ ##compare-integer-branch
                { src1 1 }
                { src2 2 }
                { cc cc< }
            }
        } test-branch-folding
    ]
}
Unit Test: {
    {
        {
            T{ ##load-integer { dst 1 } { val 1 } }
            T{ ##load-integer { dst 2 } { val 2 } }
            T{ ##branch }
        }
        1
    }
    [
        {
            T{ ##load-integer { dst 1 } { val 1 } }
            T{ ##load-integer { dst 2 } { val 2 } }
            T{ ##compare-integer-branch
                { src1 2 }
                { src2 1 }
                { cc cc< }
            }
        } test-branch-folding
    ]
}
Unit Test: {
    { { T{ ##peek { dst 0 } { loc D: 0 } } T{ ##branch } } 1 }
    [
        {
            T{ ##peek { dst 0 } { loc D: 0 } }
            T{ ##compare-integer-branch
                { src1 0 }
                { src2 0 }
                { cc cc< }
            }
        } test-branch-folding
    ]
}
Unit Test: {
    { { T{ ##peek { dst 0 } { loc D: 0 } } T{ ##branch } } 0 }
    [
        {
            T{ ##peek { dst 0 } { loc D: 0 } }
            T{ ##compare-integer-branch
                { src1 0 }
                { src2 0 }
                { cc cc<= }
            }
        } test-branch-folding
    ]
}
Unit Test: {
    { { T{ ##peek { dst 0 } { loc D: 0 } } T{ ##branch } } 1 }
    [
        {
            T{ ##peek { dst 0 } { loc D: 0 } }
            T{ ##compare-integer-branch
                { src1 0 }
                { src2 0 }
                { cc cc> }
            }
        } test-branch-folding
    ]
}
Unit Test: {
    { { T{ ##peek { dst 0 } { loc D: 0 } } T{ ##branch } } 0 }
    [
        {
            T{ ##peek { dst 0 } { loc D: 0 } }
            T{ ##compare-integer-branch
                { src1 0 }
                { src2 0 }
                { cc cc>= }
            }
        } test-branch-folding
    ]
}
Unit Test: {
    { { T{ ##peek { dst 0 } { loc D: 0 } } T{ ##branch } } 0 }
    [
        {
            T{ ##peek { dst 0 } { loc D: 0 } }
            T{ ##compare-integer-branch
                { src1 0 }
                { src2 0 }
                { cc cc= }
            }
        } test-branch-folding
    ]
}
Unit Test: {
    { { T{ ##peek { dst 0 } { loc D: 0 } } T{ ##branch } } 1 }
    [
        {
            T{ ##peek { dst 0 } { loc D: 0 } }
            T{ ##compare-integer-branch
                { src1 0 }
                { src2 0 }
                { cc cc/= }
            }
        } test-branch-folding
    ]
}
Unit Test: {
    {
        {
            T{ ##peek { dst 0 } { loc D: 0 } }
            T{ ##load-reference { dst 1 } { obj t } }
            T{ ##branch }
        }
        0
    }
    [
        {
            T{ ##peek { dst 0 } { loc D: 0 } }
            T{ ##compare
                { dst 1 }
                { src1 0 }
                { src2 0 }
                { cc cc<= }
            }
            T{ ##compare-imm-branch { src1 1 } { cc cc/= } }
        } test-branch-folding
    ]
}
Unit Test: {
    { }
    [
        0 get block>cfg dup cfg set
        [ value-numbering ] [ select-representations ]
        [ destruct-ssa ] tri
    ]
}
Unit Test: { { 1 } [ 1 get successors>> length ] }
Unit Test: { { t } [ 1 get successors>> first 3 get eq? ] }
Unit Test: { { 2 } [ 4 get instructions>> length ] }
Unit Test: {
    { }
    [
        0 get block>cfg t global-value-numbering?
        [ { value-numbering eliminate-dead-code } apply-passes ]
        with-variable
    ]
}
Unit Test: { { t } [ 1 get successors>> first 3 get eq? ] }
Unit Test: { { f } [ 3 get instructions>> [ ##phi? ] any? ] }
Unit Test: { { 1 } [ 4 get instructions>> first src>> ] }
Unit Test: {
    { }
    [
        0 get block>cfg
        { value-numbering eliminate-dead-code } apply-passes
    ]
}
Unit Test: { { f } [ 1 get instructions>> [ ##peek? ] any? ] }
Unit Test: {
    {
        V{
            T{ ##peek { dst 1 } { loc D: 0 } }
            T{ ##tagged>integer { dst 2 } { src 1 } }
            T{ ##add-imm { dst 3 } { src1 2 } { src2 10 } }
            T{ ##load-memory-imm
                { dst 4 }
                { base 2 }
                { offset 10 }
                { rep int-rep }
                { c-type uchar }
            }
        }
    }
    [
        V{
            T{ ##peek { dst 1 } { loc D: 0 } }
            T{ ##tagged>integer { dst 2 } { src 1 } }
            T{ ##add-imm { dst 3 } { src1 2 } { src2 10 } }
            T{ ##load-memory-imm
                { dst 4 }
                { base 3 }
                { offset 0 }
                { rep int-rep }
                { c-type uchar }
            }
        } value-numbering-step
    ]
}
Unit Test: {
    {
        V{
            T{ ##peek { dst 0 } { loc D: 0 } }
            T{ ##peek { dst 1 } { loc D: 1 } }
            T{ ##tagged>integer { dst 2 } { src 0 } }
            T{ ##tagged>integer { dst 3 } { src 1 } }
            T{ ##add-imm { dst 4 } { src1 3 } { src2 10 } }
            T{ ##store-memory-imm
                { src 2 }
                { base 3 }
                { offset 10 }
                { rep int-rep }
                { c-type uchar }
            }
        }
    }
    [
        V{
            T{ ##peek { dst 0 } { loc D: 0 } }
            T{ ##peek { dst 1 } { loc D: 1 } }
            T{ ##tagged>integer { dst 2 } { src 0 } }
            T{ ##tagged>integer { dst 3 } { src 1 } }
            T{ ##add-imm { dst 4 } { src1 3 } { src2 10 } }
            T{ ##store-memory-imm
                { src 2 }
                { base 4 }
                { offset 0 }
                { rep int-rep }
                { c-type uchar }
            }
        } value-numbering-step
    ]
}
Unit Test: {
    {
        V{
            T{ ##peek { dst 0 } { loc D: 0 } }
            T{ ##peek { dst 1 } { loc D: 1 } }
            T{ ##tagged>integer { dst 2 } { src 0 } }
            T{ ##tagged>integer { dst 3 } { src 1 } }
            T{ ##add { dst 4 } { src1 2 } { src2 3 } }
            T{ ##load-memory
                { dst 5 }
                { base 2 }
                { displacement 3 }
                { scale 0 }
                { offset 0 }
                { rep int-rep }
                { c-type uchar }
            }
        }
    }
    [
        V{
            T{ ##peek { dst 0 } { loc D: 0 } }
            T{ ##peek { dst 1 } { loc D: 1 } }
            T{ ##tagged>integer { dst 2 } { src 0 } }
            T{ ##tagged>integer { dst 3 } { src 1 } }
            T{ ##add { dst 4 } { src1 2 } { src2 3 } }
            T{ ##load-memory-imm
                { dst 5 }
                { base 4 }
                { offset 0 }
                { rep int-rep }
                { c-type uchar }
            }
        } value-numbering-step
    ]
}
Unit Test: {
    {
        V{
            T{ ##peek { dst 0 } { loc D: 0 } }
            T{ ##peek { dst 1 } { loc D: 1 } }
            T{ ##tagged>integer { dst 2 } { src 0 } }
            T{ ##tagged>integer { dst 3 } { src 1 } }
            T{ ##add { dst 4 } { src1 2 } { src2 3 } }
            T{ ##store-memory
                { src 5 }
                { base 2 }
                { displacement 3 }
                { scale 0 }
                { offset 0 }
                { rep int-rep }
                { c-type uchar }
            }
        }
    }
    [
        V{
            T{ ##peek { dst 0 } { loc D: 0 } }
            T{ ##peek { dst 1 } { loc D: 1 } }
            T{ ##tagged>integer { dst 2 } { src 0 } }
            T{ ##tagged>integer { dst 3 } { src 1 } }
            T{ ##add { dst 4 } { src1 2 } { src2 3 } }
            T{ ##store-memory-imm
                { src 5 }
                { base 4 }
                { offset 0 }
                { rep int-rep }
                { c-type uchar }
            }
        } value-numbering-step
    ]
}
Unit Test: {
    [
        V{
            T{ ##peek { dst 0 } { loc D: 0 } }
            T{ ##peek { dst 1 } { loc D: 1 } }
            T{ ##tagged>integer { dst 2 } { src 0 } }
            T{ ##tagged>integer { dst 3 } { src 1 } }
            T{ ##add-imm { dst 4 } { src1 2 } { src2 31337 } }
            T{ ##load-memory
                { dst 5 }
                { base 4 }
                { displacement 3 }
                { scale 0 }
                { offset 0 }
                { rep int-rep }
                { c-type uchar }
            }
        }
    ]
    [
        V{
            T{ ##peek { dst 0 } { loc D: 0 } }
            T{ ##peek { dst 1 } { loc D: 1 } }
            T{ ##tagged>integer { dst 2 } { src 0 } }
            T{ ##tagged>integer { dst 3 } { src 1 } }
            T{ ##add-imm { dst 4 } { src1 2 } { src2 31337 } }
            T{ ##load-memory
                { dst 5 }
                { base 4 }
                { displacement 3 }
                { scale 0 }
                { offset 0 }
                { rep int-rep }
                { c-type uchar }
            }
        } value-numbering-step
    ]
}
Unit Test: {
    [
        V{
            T{ ##peek { dst 0 } { loc D: 0 } }
            T{ ##peek { dst 1 } { loc D: 1 } }
            T{ ##tagged>integer { dst 2 } { src 0 } }
            T{ ##tagged>integer { dst 3 } { src 1 } }
            T{ ##add-imm { dst 4 } { src1 3 } { src2 31337 } }
            T{ ##load-memory
                { dst 5 }
                { base 2 }
                { displacement 4 }
                { scale 0 }
                { offset 1 }
                { rep int-rep }
                { c-type uchar }
            }
        }
    ]
    [
        V{
            T{ ##peek { dst 0 } { loc D: 0 } }
            T{ ##peek { dst 1 } { loc D: 1 } }
            T{ ##tagged>integer { dst 2 } { src 0 } }
            T{ ##tagged>integer { dst 3 } { src 1 } }
            T{ ##add-imm { dst 4 } { src1 3 } { src2 31337 } }
            T{ ##load-memory
                { dst 5 }
                { base 2 }
                { displacement 4 }
                { scale 0 }
                { offset 1 }
                { rep int-rep }
                { c-type uchar }
            }
        } value-numbering-step
    ]
}
Unit Test: {
    { }
    [
        V{
            T{ ##peek { dst 0 } { loc D: 0 } }
            T{ ##peek { dst 1 } { loc D: 1 } }
            T{ ##tagged>integer { dst 2 } { src 0 } }
            T{ ##tagged>integer { dst 3 } { src 1 } }
            T{ ##add-imm { dst 4 } { src1 3 } { src2 10 } }
            T{ ##load-memory
                { dst 5 }
                { base 2 }
                { displacement 4 }
                { scale 1 }
                { offset 1 }
                { rep int-rep }
                { c-type uchar }
            }
        } dup value-numbering-step assert=
    ]
}
Unit Test: {
    {
        V{
            T{ ##peek { dst 0 } { loc D: 0 } }
            T{ ##peek { dst 1 } { loc D: 1 } }
            T{ ##tagged>integer { dst 2 } { src 0 } }
            T{ ##tagged>integer { dst 3 } { src 1 } }
            T{ ##shl-imm { dst 4 } { src1 3 } { src2 2 } }
            T{ ##load-memory
                { dst 5 }
                { base 2 }
                { displacement 4 }
                { scale 0 }
                { offset 0 }
                { rep int-rep }
                { c-type uchar }
            }
        }
    }
    [
        V{
            T{ ##peek { dst 0 } { loc D: 0 } }
            T{ ##peek { dst 1 } { loc D: 1 } }
            T{ ##tagged>integer { dst 2 } { src 0 } }
            T{ ##tagged>integer { dst 3 } { src 1 } }
            T{ ##shl-imm { dst 4 } { src1 3 } { src2 2 } }
            T{ ##load-memory
                { dst 5 }
                { base 2 }
                { displacement 4 }
                { scale 0 }
                { offset 0 }
                { rep int-rep }
                { c-type uchar }
            }
        } value-numbering-step
    ]
}
Unit Test: {
    { T{ ##test-branch { src1 RAX } { src2 RAX } { cc cc= } } }
    [
        RAX 0 cc= f ##compare-integer-imm-branch boa
        >test-branch
    ]
}
Unit Test: { { f } [ [ [ 3 ] [ 4 ] if fixnum>float ] has-integer>float? ] }
Unit Test: {
    { f }
    [ [ { float object } declare 1 -1 ? - ] has-integer>float? ]
}
Unit Test: { { 3.0 } [ t [ [ 3 ] [ 4 ] if fixnum>float ] compile-call ] }
Unit Test: { { 4.0 } [ f [ [ 3 ] [ 4 ] if fixnum>float ] compile-call ] }
Unit Test: {
    { 9.0 }
    [
        10.0 t
        [ { float object } declare 1 -1 ? - ] compile-call
    ]
}
Unit Test: {
    { 11.0 }
    [
        10.0 f
        [ { float object } declare 1 -1 ? - ] compile-call
    ]
}
Unit Test: {
    { f }
    [ [ [ 3 ] [ 4 ] if dup fixnum>float ] has-integer>float? ]
}
Unit Test: {
    { 3 3.0 }
    [ t [ [ 3 ] [ 4 ] if dup fixnum>float ] compile-call ]
}
Unit Test: {
    { 4 4.0 }
    [ f [ [ 3 ] [ 4 ] if dup fixnum>float ] compile-call ]
}
Unit Test: {
    { f }
    [
        [ [ 3 dup ] [ 4 dup ] if fixnum>float ]
        has-integer>float?
    ]
}
Unit Test: {
    { 3 3.0 }
    [ t [ [ 3 dup ] [ 4 dup ] if fixnum>float ] compile-call ]
}
Unit Test: {
    { 4 4.0 }
    [ f [ [ 3 dup ] [ 4 dup ] if fixnum>float ] compile-call ]
}
Unit Test: {
    { t }
    [
        [
            { fixnum object } declare [ ] [ drop 4 ] if
            fixnum>float
        ] has-integer>float?
    ]
}
Unit Test: {
    { t }
    [
        [ [ 9007199254740993 ] [ 4 ] if fixnum>float ]
        has-integer>float?
    ]
}
Unit Test: {
    {
        {
            T{ ##load-integer { dst 0 } { val -3 } }
            T{ ##load-reference { dst 1 } { obj -3.0 } }
        }
    }
    [
        {
            T{ ##load-integer { dst 0 } { val -3 } }
            T{ ##integer>float { dst 1 } { src 0 } }
        } value-numbering-step
    ]
}
Unit Test: {
    { t }
    [
        {
            T{ ##load-integer
                { dst 0 }
                { val 9007199254740992 }
            }
            T{ ##integer>float { dst 1 } { src 0 } }
        } value-numbering-step last ##load-reference?
    ]
}
Unit Test: {
    { t }
    [
        {
            T{ ##load-integer
                { dst 0 }
                { val 9007199254740993 }
            }
            T{ ##integer>float { dst 1 } { src 0 } }
        } value-numbering-step last ##integer>float?
    ]
}
Unit Test: {
    { 4845873199050653696 }
    [
        +round-down+
        [ t selected-inexact-float ] with-rounding-mode
        double>bits
    ]
}
Unit Test: {
    { 4845873199050653697 }
    [
        +round-up+
        [ t selected-inexact-float ] with-rounding-mode
        double>bits
    ]
}
Unit Test: {
    { t }
    [
        t [ selected-inexact-float ] collect-fp-exceptions nip
        +fp-inexact+ swap member?
    ]
}
Unit Test: {
    { f }
    [
        f [ selected-inexact-float ] collect-fp-exceptions nip
        +fp-inexact+ swap member?
    ]
}
Unit Test: {
    { t }
    [
        cell-bits 1 - 2^ neg load-local
        0 0 get-local f \ ##load-integer boa
        T{ ##neg { dst 1 } { src 0 } } T{ ##compare-integer-imm
            { dst 2 }
            { src1 1 }
            { src2 0 }
            { cc cc< }
        } 3 { } new-sequence [ 2 swap set-nth-unsafe ] keep
        [ 1 swap set-nth-unsafe ] keep
        [ 0 swap set-nth-unsafe ] keep { } like { } like
        value-numbering-step last obj>> 1 drop-locals
    ]
}
Unit Test: {
    { t }
    [
        cell-bits 1 - 2^ 1 - load-local
        0 0 get-local f \ ##load-integer boa
        T{ ##add-imm { dst 1 } { src1 0 } { src2 1 } } T{
        ##compare-integer-imm
            { dst 2 }
            { src1 1 }
            { src2 0 }
            { cc cc< }
        } 3 { } new-sequence [ 2 swap set-nth-unsafe ] keep
        [ 1 swap set-nth-unsafe ] keep
        [ 0 swap set-nth-unsafe ] keep { } like { } like
        value-numbering-step last obj>> 1 drop-locals
    ]
}
Unit Test: {
    { 0 }
    [
        cell-bits 2 - 2^ load-local
        0 0 get-local f \ ##load-integer boa
        T{ ##mul-imm { dst 1 } { src1 0 } { src2 4 } } 2
        { } new-sequence [ 1 swap set-nth-unsafe ] keep
        [ 0 swap set-nth-unsafe ] keep { } like { } like
        value-numbering-step last val>> 1 drop-locals
    ]
}
Unit Test: {
    { t t 1 }
    [
        V{
            T{ ##peek { dst 0 } { loc D: 0 } }
            T{ ##add-imm { dst 1 } { src1 0 } { src2 7 } }
            T{ ##branch }
        } 0 test-bb V{
            T{ ##add-imm { dst 2 } { src1 0 } { src2 7 } }
            T{ ##branch }
        } 1 test-bb 0 1 edge
        0 get block>cfg check-global 1 get instructions>> first
        [ ##copy? ] [ src>> ] bi
    ]
}
Unit Test: {
    { t t t }
    [
        V{
            T{ ##peek { dst 0 } { loc D: 0 } }
            T{ ##load-integer { dst 1 } { val 7 } }
            T{ ##add { dst 2 } { src1 0 } { src2 1 } }
            T{ ##branch }
        } 0 test-bb V{
            T{ ##load-integer { dst 3 } { val 7 } }
            T{ ##add { dst 4 } { src1 0 } { src2 3 } }
            T{ ##branch }
        } 1 test-bb 0 1 edge
        0 get block>cfg check-global 1 get instructions>>
        [ first ##load-integer? ] [ second ##copy? ] bi
    ]
}
Unit Test: {
    { 32 34 -8 }
    [
        t global-value-numbering? [
            37 t [ across-branch ] compile-call 37 f
            [ across-branch ] compile-call -1 t
            [ across-branch ] compile-call
        ] with-variable
    ]
}
Unit Test: {
    { t t t 3 }
    [
        V{ T{ ##peek { dst 0 } { loc D: 0 } } T{ ##branch } } 0
        test-bb V{
            T{ ##add-imm { dst 1 } { src1 0 } { src2 7 } }
            T{ ##branch }
        } 1 test-bb V{
            T{ ##add-imm { dst 2 } { src1 0 } { src2 7 } }
            T{ ##branch }
        } 2 test-bb V{
            T{ ##phi { dst 3 } { inputs H{ { 1 1 } { 2 2 } } } }
            T{ ##add-imm { dst 4 } { src1 0 } { src2 7 } }
            T{ ##branch }
        } 3 test-bb 0 { 1 2 } edges 1 3 edge 2 3 edge
        0 get block>cfg check-global 3 get instructions>>
        [ first ##phi? ] [ second [ ##copy? ] [ src>> ] bi ] bi
    ]
}
Unit Test: {
    { f t }
    [
        V{ T{ ##peek { dst 0 } { loc D: 0 } } T{ ##branch } } 0
        test-bb V{
            T{ ##add-imm { dst 1 } { src1 0 } { src2 7 } }
            T{ ##branch }
        } 1 test-bb V{
            T{ ##add-imm { dst 2 } { src1 0 } { src2 7 } }
            T{ ##branch }
        } 2 test-bb V{
            T{ ##add-imm { dst 3 } { src1 0 } { src2 7 } }
            T{ ##branch }
        } 3 test-bb 0 { 1 2 } edges 1 3 edge 2 3 edge
        0 get block>cfg check-global 3 get instructions>> first
        ##add-imm?
    ]
}
Unit Test: {
    { f 2 }
    [
        V{
            T{ ##peek { dst 0 } { loc D: 0 } }
            T{ ##peek { dst 1 } { loc D: 1 } }
            T{ ##branch }
        } 0 test-bb V{ T{ ##branch } } 1 test-bb
        V{ T{ ##branch } } 2 test-bb V{
            T{ ##phi { dst 2 } { inputs H{ { 1 0 } { 2 1 } } } }
            T{ ##phi { dst 3 } { inputs H{ { 1 1 } { 2 0 } } } }
            T{ ##branch }
        } 3 test-bb 0 { 1 2 } edges 1 3 edge 2 3 edge
        0 get block>cfg check-global 3 get instructions>>
        [ ##phi? ] count
    ]
}
Unit Test: {
    { t t t }
    [
        V{
            T{ ##peek { dst 0 } { loc D: 0 } }
            T{ ##peek { dst 1 } { loc D: 1 } }
            T{ ##branch }
        } 0 test-bb V{ T{ ##branch } } 1 test-bb
        V{ T{ ##branch } } 2 test-bb V{
            T{ ##phi { dst 2 } { inputs H{ { 1 0 } { 2 0 } } } }
            T{ ##phi { dst 3 } { inputs H{ { 1 0 } { 2 1 } } } }
            T{ ##branch }
        } 3 test-bb 0 { 1 2 } edges 1 3 edge 2 3 edge
        0 get block>cfg check-global 3 get instructions>>
        [ first ##phi? ] [ second ##copy? ] bi
    ]
}
Unit Test: {
    { t t }
    [
        V{ T{ ##peek { dst 0 } { loc D: 0 } } T{ ##branch } } 0
        test-bb V{
            T{ ##copy { dst 2 } { src 1 } { rep any-rep } }
            T{ ##branch }
        } 2 test-bb V{
            T{ ##phi { dst 1 } { inputs H{ { 0 0 } { 2 2 } } } }
            T{ ##branch }
        } 1 test-bb 0 1 edge 1 2 edge 2 1 edge
        0 get block>cfg check-global 1 get instructions>> first
        ##copy?
    ]
}
Unit Test: {
    { f t }
    [
        V{
            T{ ##peek { dst 0 } { loc D: 0 } }
            T{ ##add-imm { dst 1 } { src1 0 } { src2 7 } }
            T{ ##branch }
        } 0 test-bb V{ T{ ##branch } } 1 test-bb
        1 get t >>kill-block? drop V{
            T{ ##add-imm { dst 2 } { src1 0 } { src2 7 } }
            T{ ##branch }
        } 2 test-bb 0 1 edge 1 2 edge
        0 get block>cfg check-global 2 get instructions>> first
        ##add-imm?
    ]
}
Unit Test: {
    { f t t }
    [
        V{
            T{ ##peek { dst 0 } { loc D: 0 } }
            T{ ##integer>float { dst 1 } { src 0 } }
            T{ ##load-memory-imm
                { dst 2 }
                { base 0 }
                { offset 0 }
                { rep int-rep }
            }
            T{ ##branch }
        } 0 test-bb V{
            T{ ##integer>float { dst 3 } { src 0 } }
            T{ ##load-memory-imm
                { dst 4 }
                { base 0 }
                { offset 0 }
                { rep int-rep }
            }
            T{ ##branch }
        } 1 test-bb 0 1 edge
        0 get block>cfg check-global 1 get instructions>>
        [ first ##integer>float? ] [ second ##load-memory-imm? ]
        bi
    ]
}
Unit Test: {
    { T{ ##and-imm { dst 4 } { src1 5 } { src2 6 } } }
    [
        H{ { 10 10 } } vregs>vns set 10 4 5 6 f ##and-imm boa
        2array 1array vns>insns set 10 vn>insn
    ]
}
Unit Test: {
    {
        {
            T{ ##load-integer { dst 2 } { val -7 } }
            T{ ##load-integer { dst 3 } { val 12 } }
            T{ ##load-reference { dst 4 } { obj 7.0 } }
        }
    }
    [
        V{
            T{ ##load-integer { dst 0 } { val 7 } }
            T{ ##branch }
        } 0 insns>block load-local V{
            T{ ##copy { dst 1 } { src 0 } { rep any-rep } }
            T{ ##branch }
        } 1 insns>block load-local V{
            T{ ##neg { dst 2 } { src 1 } }
            T{ ##add-imm { dst 3 } { src1 1 } { src2 5 } }
            T{ ##integer>float { dst 4 } { src 1 } }
            T{ ##return }
        } 2 insns>block load-local
        -2 get-local -1 get-local connect-bbs
        -1 get-local 0 get-local connect-bbs
        -2 get-local block>cfg value-numbering
        0 get-local instructions>> 3 head >array 3 drop-locals
    ]
}
Unit Test: {
    { t }
    [
        V{
            T{ ##peek { dst 0 } { loc D: 0 } }
            T{ ##neg { dst 1 } { src 0 } }
            T{ ##return }
        } insns>cfg dup value-numbering
        entry>> instructions>> second ##neg?
    ]
}
Unit Test: {
    { { t t t t f f f f } }
    [
        {
            0
            9223372036854775808
            4039728865751334912
            5183643170566569984
            4039728864677593088
            5183643171103440896
            4607632778762754458
            9218868437227405313
        } [ bits>double exact-single? ] map
    ]
}
Unit Test: {
    { t }
    [
        {
            T{ ##load-reference { dst 0 } { obj 1.1 } }
            T{ ##scalar>vector
                { dst 1 }
                { src 0 }
                { rep float-4-rep }
            }
        } value-numbering-step last ##scalar>vector?
    ]
}
Unit Test: {
    { t }
    [
        {
            T{ ##load-reference { dst 0 } { obj 1.1 } }
            T{ ##gather-vector-4
                { dst 1 }
                { src1 0 }
                { src2 0 }
                { src3 0 }
                { src4 0 }
                { rep float-4-rep }
            }
        } value-numbering-step last ##gather-vector-4?
    ]
}
Unit Test: {
    { t }
    [
        [ inexact-vector ] [ ##double>single-float? ]
        contains-insn?
    ]
}
Unit Test: {
    { f }
    [
        [ exact-vector ] [ ##double>single-float? ]
        contains-insn?
    ]
}
Unit Test: {
    { 4607632778333257728 }
    [
        +round-down+
        [ inexact-vector double>bits ] with-rounding-mode
    ]
}
Unit Test: {
    { 4607632778870128640 }
    [
        +round-up+
        [ inexact-vector double>bits ] with-rounding-mode
    ]
}
Unit Test: {
    { t }
    [
        [ inexact-vector ] collect-fp-exceptions nip
        +fp-inexact+ swap member?
    ]
}
Unit Test: {
    { f }
    [
        [ exact-vector ] collect-fp-exceptions nip
        +fp-inexact+ swap member?
    ]
}
Unit Test: {
    {
        V{
            T{ ##peek { dst 1 } }
            T{ ##set-slot { src 2 } { obj 1 } { slot 3 } }
            T{ ##write-barrier { src 1 } { slot 3 } }
        }
    }
    [
        V{
            T{ ##peek { dst 1 } }
            T{ ##set-slot { src 2 } { obj 1 } { slot 3 } }
            T{ ##write-barrier { src 1 } { slot 3 } }
        } write-barriers-step
    ]
}
Unit Test: {
    {
        V{
            T{ ##peek { dst 1 } }
            T{ ##set-slot-imm { src 2 } { obj 1 } }
            T{ ##write-barrier-imm { src 1 } }
        }
    }
    [
        V{
            T{ ##peek { dst 1 } }
            T{ ##set-slot-imm { src 2 } { obj 1 } }
            T{ ##write-barrier-imm { src 1 } }
        } write-barriers-step
    ]
}
Unit Test: {
    {
        V{
            T{ ##allot { dst 1 } }
            T{ ##set-slot { src 2 } { obj 1 } { slot 3 } }
        }
    }
    [
        V{
            T{ ##allot { dst 1 } }
            T{ ##set-slot { src 2 } { obj 1 } { slot 3 } }
            T{ ##write-barrier { src 1 } { slot 3 } }
        } write-barriers-step
    ]
}
Unit Test: {
    {
        V{
            T{ ##allot { dst 1 } }
            T{ ##set-slot-imm { src 2 } { obj 1 } }
        }
    }
    [
        V{
            T{ ##allot { dst 1 } }
            T{ ##set-slot-imm { src 2 } { obj 1 } }
            T{ ##write-barrier-imm { src 1 } }
        } write-barriers-step
    ]
}
Unit Test: {
    {
        V{
            T{ ##allot { dst 1 } }
            T{ ##box }
            T{ ##set-slot { src 2 } { obj 1 } { slot 3 } }
            T{ ##write-barrier { src 1 } { slot 3 } }
        }
    }
    [
        V{
            T{ ##allot { dst 1 } }
            T{ ##box }
            T{ ##set-slot { src 2 } { obj 1 } { slot 3 } }
            T{ ##write-barrier { src 1 } { slot 3 } }
        } write-barriers-step
    ]
}
Unit Test: {
    {
        V{
            T{ ##allot { dst 1 } }
            T{ ##box }
            T{ ##set-slot-imm { src 2 } { obj 1 } }
            T{ ##write-barrier-imm { src 1 } }
        }
    }
    [
        V{
            T{ ##allot { dst 1 } }
            T{ ##box }
            T{ ##set-slot-imm { src 2 } { obj 1 } }
            T{ ##write-barrier-imm { src 1 } }
        } write-barriers-step
    ]
}
Unit Test: {
    {
        V{
            T{ ##copy { dst 2 } { src 1 } }
            T{ ##set-slot-imm { src 3 } { obj 1 } }
            T{ ##write-barrier-imm { src 2 } }
        }
    }
    [
        V{
            T{ ##copy { dst 2 } { src 1 } }
            T{ ##set-slot-imm { src 3 } { obj 1 } }
            T{ ##write-barrier-imm { src 2 } }
        } write-barriers-step
    ]
}
Unit Test: {
    {
        V{
            T{ ##copy { dst 2 } { src 1 } }
            T{ ##set-slot-imm { src 3 } { obj 2 } }
            T{ ##write-barrier-imm { src 1 } }
        }
    }
    [
        V{
            T{ ##copy { dst 2 } { src 1 } }
            T{ ##set-slot-imm { src 3 } { obj 2 } }
            T{ ##write-barrier-imm { src 1 } }
        } write-barriers-step
    ]
}
Unit Test: {
    {
        V{
            T{ ##copy { dst 2 } { src 1 } }
            T{ ##copy { dst 3 } { src 2 } }
            T{ ##set-slot-imm { src 3 } { obj 1 } }
            T{ ##write-barrier-imm { src 2 } }
        }
    }
    [
        V{
            T{ ##copy { dst 2 } { src 1 } }
            T{ ##copy { dst 3 } { src 2 } }
            T{ ##set-slot-imm { src 3 } { obj 1 } }
            T{ ##write-barrier-imm { src 2 } }
        } write-barriers-step
    ]
}
Unit Test: {
    {
        V{
            T{ ##copy { dst 2 } { src 1 } }
            T{ ##copy { dst 3 } { src 2 } }
            T{ ##set-slot-imm { src 4 } { obj 1 } }
            T{ ##write-barrier-imm { src 3 } }
        }
    }
    [
        V{
            T{ ##copy { dst 2 } { src 1 } }
            T{ ##copy { dst 3 } { src 2 } }
            T{ ##set-slot-imm { src 4 } { obj 1 } }
            T{ ##write-barrier-imm { src 3 } }
        } write-barriers-step
    ]
}
Unit Test: {
    { t f }
    [
        { } 0 insns>block { } 1 insns>block useless-branch?
        { } 0 insns>block { } 20 insns>block useless-branch?
    ]
}
Must Not Fail: { [ [ ] with-fixup ] }
Must Not Fail: { [ [ \ + %call ] with-fixup ] }
Must Not Fail: {
    [
        [
            <label> dup define-label dup resolve-label
            %jump-label
        ] with-fixup
    ]
}
Must Not Fail: {
    [
        [
            <label> dup define-label dup resolve-label
            B{ 0 0 0 0 } % rc-absolute-cell label-fixup
        ] with-fixup
    ]
}
Must Fail: { [ [ <label> dup define-label %jump-label ] with-fixup ] }
Must Fail: {
    [
        [
            <label> dup define-label B{ 0 0 0 0 } %
            rc-relative label-fixup
        ] with-fixup
    ]
}
Must Fail: {
    [
        [
            <label> dup define-label B{ 0 0 0 0 } %
            rc-absolute-cell label-fixup
        ] with-fixup
    ]
}
Unit Test: { { 0 } [ "result" get length 16 mod ] }
Unit Test: { { t } [ "result" get length "expect" get length = ] }
Unit Test: { { t } [ "result" get "expect" get = ] }
Unit Test: {
    { 5 0 4 1 }
    [
        { { 4 } } largest-spill-slot { { } } largest-spill-slot
        { { 2 3 } { 0 } } largest-spill-slot
        { { 0 } } largest-spill-slot
    ]
}
Unit Test: { { f } [ T{ gc-map } gc-map-needed? ] }
Unit Test: {
    { 0 V{ } }
    [ { T{ gc-map } } [ emit-gc-info-bitmap ] V{ } make ]
}
Unit Test: {
    { V{ { 2 4 } } }
    [
        T{ gc-map { derived-roots V{ { 2 4 } } } }
        derived-root-offsets
    ]
}
Unit Test: {
    { 3 B{ 255 255 255 255 255 255 255 255 4 0 0 0 } }
    [
        { T{ gc-map { derived-roots V{ { 2 4 } } } } }
        [ emit-base-tables ] B{ } make
    ]
}
Unit Test: {
    { B{ 0 0 0 0 } }
    [ { } return-addresses set serialize-gc-maps ]
}
Unit Test: {
    { B{ 123 0 0 0 0 0 0 0 0 0 0 0 1 0 0 0 } }
    [
        { 123 } return-addresses set { T{ gc-map } } gc-maps set
        serialize-gc-maps
    ]
}
Unit Test: {
    { 17 }
    [
        { T{ gc-map { gc-roots V{ 1 3 } } } } gc-maps set
        { 123 } return-addresses set serialize-gc-maps length
    ]
}
Unit Test: {
    { 29 }
    [
        {
            T{ gc-map
                { gc-roots V{ 1 3 } }
                { derived-roots V{ { 2 4 } } }
            }
        } gc-maps set { 123 } return-addresses set
        serialize-gc-maps length
    ]
}
Unit Test: {
    { B{ 114 101 97 100 108 105 110 101 0 } "libreadline.so" }
    [
        init-relocation "readline" DLL" libreadline.so"
        add-dlsym-parameters
        parameter-table get first2 path>> alien>native-string
    ]
}
Unit Test: {
    { { } }
    [
        all-words dup [ subwords ] map concat append H{ } clone
        '[ _ dependencies-satisfied? ] reject
    ]
}
Unit Test: {
    { f f }
    [
        +effect+ kolobi compiled-crossref get \ print of set-at
        kolobi { print } "dependencies" set-word-prop
        kolobi compiled-unxref kolobi "dependencies" word-prop
        compiled-crossref get \ print of kolobi of
    ]
}
Unit Test: {
    { H{ { 20 +definition+ } } }
    [
        setup-crossref compiled-crossref
        [ 10 +definition+ dependencies-of ] with-variable
    ]
}
Unit Test: {
    { H{ { 20 +definition+ } { 30 +conditional+ } } }
    [
        setup-crossref compiled-crossref
        [ 10 +conditional+ dependencies-of ] with-variable
    ]
}
Unit Test: {
    { H{ { foo1 H{ } } } }
    [
        bar
        { foo1 } H{ { foo1 H{ { bar +definition+ } } } } clone
        [ remove-xref ] keep
    ]
}
Unit Test: {
    { { 40 50 20 30 } }
    [
        foo [ setup-deps store-dependencies ] keep
        "dependencies" word-prop foo delete-compiled-xref
    ]
}
Unit Test: { { { f f f } 1 } [ t +conditional+ shared-dependency-checks ] }
Unit Test: { { { t t t } 1 } [ f +conditional+ shared-dependency-checks ] }
Unit Test: { { { t t t } 1 } [ f +definition+ shared-dependency-checks ] }
Unit Test: { { { f f f } 0 } [ f +effect+ shared-dependency-checks ] }
Unit Test: { { { f t } } [ f equal-hooks ] }
Unit Test: { { { f t } } [ t equal-hooks ] }
Unit Test: {
    { "label" "a-child" }
    [
        "label" f "a-child" <#recursive>
        [ label>> ] [ child>> ] bi
    ]
}
Unit Test: { { t } [ \ inline-recursive build-tree [ #recursive? ] any? ] }
Must Fail With: { [ \ bad-recursion-1 build-tree ] [ inference-error? ] }
Must Fail With: { [ \ bad-recursion-2 build-tree ] [ inference-error? ] }
Must Fail With: { [ \ bad-bin build-tree ] [ inference-error? ] }
Must Not Fail: { [ \ static-row-call build-tree ] }
Unit Test: { { 42 } [ 41 [ 1 + ] static-row-call ] }
Unit Test: { { "below" 42 } [ "below" 41 [ 1 + ] static-row-call ] }
Must Not Fail: { [ \ static-row-execute build-tree ] }
Unit Test: { { -41 } [ 41 \ neg static-row-execute ] }
Must Not Fail: { [ \ distinct-rows build-tree ] }
Unit Test: { { 7 7 } [ 7 distinct-rows ] }
Must Not Fail: { [ \ input-row build-tree ] }
Must Not Fail: { [ \ output-row build-tree ] }
Must Not Fail: { [ \ quartets-find build-tree ] }
Unit Test: { { 20 } [ 0 [ drop 1 + ] quartets-find ] }
Unit Test: { { 20 } [ count-quartets ] }
Must Fail With: { [ \ bad-row-height build-tree ] [ effect-error? ] }
Must Fail With: { [ \ bad-non-inline-row build-tree ] [ effect-error? ] }
Must Fail With: { [ \ bad-terminating-row build-tree ] [ effect-error? ] }
Must Not Fail: { [ \ terminating-row build-tree ] }
Unit Test: { { 42 } [ 41 [ 1 + ] annotated-call ] }
Unit Test: { { f } [ \ annotated-call inline? ] }
Unit Test: { { "below" 42 } [ "below" 41 [ 1 + ] annotated-call ] }
Must Fail With: { [ 41 [ drop ] annotated-call ] [ wrong-values? ] }
Unit Test: { { 42 } [ 41 [ 1 + ] annotated-locals ] }
Unit Test: { { 42 } [ 41 [ + ] annotated-curry ] }
Unit Test: { { 42 } [ 40 [ 1 + ] annotated-compose ] }
Unit Test: { { 3 } [ [ dup dup ] annotated-outputs ] }
Unit Test: { { 42 } [ 41 t [ 1 + ] [ 1 - ] annotated-choice ] }
Unit Test: { { 40 } [ 41 f [ 1 + ] [ 1 - ] annotated-choice ] }
Unit Test: { { 42 } [ 41 t [ 1 + ] [ 1 - ] annotated-if ] }
Unit Test: { { 40 } [ 41 f [ 1 + ] [ 1 - ] annotated-if ] }
Unit Test: { { 42 } [ 3 39 [ 1 + ] annotated-repeat ] }
Must Fail With: { [ \ missing-annotation build-tree ] [ unknown-macro-input? ] }
Must Fail With: { [ [ "stopped" throw ] annotated-stopping ] [ "stopped" = ] }
Must Fail With: { [ [ ] annotated-stopping ] [ wrong-values? ] }
Unit Test: {
    { t }
    [
        [ [ 1 ] [ 2 ] if ] cleaned-up-tree
        [ #if? ] contains-node?
    ]
}
Unit Test: {
    { f }
    [
        [ f [ 1 ] [ 2 ] if ] cleaned-up-tree
        [ #if? ] contains-node?
    ]
}
Unit Test: {
    { f }
    [
        [ { array } declare [ 1 ] [ 2 ] if ] cleaned-up-tree
        [ #if? ] contains-node?
    ]
}
Unit Test: {
    { t }
    [
        [ { sequence } declare [ 1 ] [ 2 ] if ] cleaned-up-tree
        [ #if? ] contains-node?
    ]
}
Unit Test: {
    { t }
    [
        [ recursive-test ] cleaned-up-tree
        [ #recursive? ] contains-node?
    ]
}
Unit Test: {
    { f }
    [
        [ f recursive-test ] cleaned-up-tree
        [ #recursive? ] contains-node?
    ]
}
Unit Test: {
    { t }
    [
        [ t recursive-test ] cleaned-up-tree
        [ #recursive? ] contains-node?
    ]
}
Unit Test: { { f } [ [ { integer } declare >fixnum ] \ >fixnum inlined? ] }
Unit Test: {
    { t }
    [ [ dup [ mynot ] [ ] if detect-f ] \ detect-f inlined? ]
}
Unit Test: { { t } [ [ { integer } declare xyz ] \ xyz inlined? ] }
Unit Test: {
    { t }
    [ [ dup fixnum? [ xyz ] [ drop "hi" ] if ] \ xyz inlined? ]
}
Unit Test: { { t } [ [ [ dup 2 + drop ] fx-repeat ] \ + inlined? ] }
Unit Test: { { t } [ [ [ dup xyz drop ] i-repeat ] \ xyz inlined? ] }
Unit Test: {
    { t }
    [
        [ { fixnum } declare dup 100 >= [ 1 + ] unless ]
        \ fixnum+ inlined?
    ]
}
Unit Test: {
    { t }
    [
        [ { fixnum fixnum } declare dupd < [ 1 + 1 + ] when ]
        \ + inlined?
    ]
}
Unit Test: {
    { t }
    [
        [ { fixnum fixnum } declare dupd < [ 1 + 1 + ] when ]
        \ + inlined?
    ]
}
Unit Test: { { t } [ [ { fixnum } declare [ ] times ] \ >= inlined? ] }
Unit Test: { { t } [ [ { fixnum } declare [ ] times ] \ + inlined? ] }
Unit Test: {
    { t }
    [ [ { fixnum } declare [ ] times ] \ fixnum+ inlined? ]
}
Unit Test: {
    { t }
    [
        [ { integer fixnum } declare dupd < [ 1 + ] when ] \ +
        inlined?
    ]
}
Unit Test: {
    { f }
    [
        [ { integer fixnum } declare dupd < [ 1 + ] when ]
        \ +-integer-fixnum inlined?
    ]
}
Unit Test: {
    { t }
    [
        [
            [ no-cond ] 1
            [ 1array dup quotation? [ >quotation ] unless ]
            times
        ] \ quotation? inlined?
    ]
}
Unit Test: {
    { t }
    [
        [ 1000000000000000000000000000000000 [ ] times ] \ +
        inlined?
    ]
}
Unit Test: {
    { f }
    [
        [ 1000000000000000000000000000000000 [ ] times ]
        \ +-integer-fixnum inlined?
    ]
}
Unit Test: {
    { f }
    [
        [ { bignum } declare [ ] times ] \ +-integer-fixnum
        inlined?
    ]
}
Unit Test: { { t } [ [ { array-capacity } declare 0 < ] \ < inlined? ] }
Unit Test: {
    { t }
    [ [ { array-capacity } declare 0 < ] \ fixnum< inlined? ]
}
Unit Test: {
    { t }
    [
        [ { array-capacity } declare 1 fixnum- ] \ fixnum-
        inlined?
    ]
}
Unit Test: {
    { f }
    [
        [ { bignum } declare annotate-entry-test-2 ]
        \ annotate-entry-test-1 inlined?
    ]
}
Unit Test: {
    { t }
    [
        [ { float } declare 10 [ 2.3 * ] times >float ] \ >float
        inlined?
    ]
}
Unit Test: {
    { t }
    [
        [ { real float } declare + detect-float ] \ detect-float
        inlined?
    ]
}
Unit Test: {
    { t }
    [
        [ { float real } declare + detect-float ] \ detect-float
        inlined?
    ]
}
Unit Test: {
    { f }
    [
        [ { fixnum fixnum } declare 7 bitand neg shift ]
        \ fixnum-shift-fast inlined?
    ]
}
Unit Test: {
    { t }
    [
        [ { fixnum fixnum } declare 7 bitand neg shift ]
        { shift fixnum-shift } inlined?
    ]
}
Unit Test: {
    { t }
    [
        [ { fixnum fixnum } declare 1 swap 7 bitand shift ]
        { shift fixnum-shift } inlined?
    ]
}
Unit Test: {
    { f }
    [
        [ { fixnum fixnum } declare 1 swap 7 bitand shift ]
        { fixnum-shift-fast } inlined?
    ]
}
Unit Test: {
    { t }
    [
        [ 1 swap 7 bitand shift ] { shift fixnum-shift }
        inlined?
    ]
}
Unit Test: {
    { t }
    [ [ B{ 1 0 } short deref 0 number= ] \ number= inlined? ]
}
Unit Test: {
    { t }
    [
        [
            B{ 1 0 } short deref 0 { number number } declare
            number=
        ] \ number= inlined?
    ]
}
Unit Test: { { t } [ [ B{ 1 0 } short deref 0 = ] \ number= inlined? ] }
Unit Test: {
    { t }
    [
        [
            B{ 1 0 } short deref dup number?
            [ 0 number= ] [ drop f ] if
        ] \ number= inlined?
    ]
}
Unit Test: { { t } [ [ 255 bitand 0 255 between? ] \ >= inlined? ] }
Unit Test: { { t } [ [ 255 swap 255 bitand >= ] \ >= inlined? ] }
Unit Test: {
    { t }
    [ [ { vector } declare nth-unsafe ] \ nth-unsafe inlined? ]
}
Unit Test: {
    { t }
    [
        [ dup integer? [ dup fixnum? [ 1 + ] [ 2 + ] if ] when ]
        \ + inlined?
    ]
}
Unit Test: { { t } [ [ { fixnum } declare rec 1 + ] { > - + } inlined? ] }
Unit Test: { { t } [ [ 27.0 fib ] { < - + } inlined? ] }
Unit Test: { { f } [ [ 27.0 fib ] { +-integer-integer } inlined? ] }
Unit Test: { { t } [ [ 27 fib ] { < - + } inlined? ] }
Unit Test: { { t } [ [ 27 >bignum fib ] { < - + } inlined? ] }
Unit Test: { { f } [ [ 13+1/2 fib ] { < - } inlined? ] }
Unit Test: { { t } [ [ 10 [ -1 shift ] times ] \ shift inlined? ] }
Unit Test: {
    { f }
    [
        [
            { fixnum } declare 1048575 fixnum-bitand
            524288 fixnum-
        ] \ fixnum-bitand inlined?
    ]
}
Unit Test: {
    { t }
    [
        [ { fixnum } declare [ drop ] each-integer ]
        { < <-integer-fixnum +-integer-fixnum + } inlined?
    ]
}
Unit Test: {
    { t }
    [
        [ { fixnum } declare <iota> [ drop ] each ]
        { < <-integer-fixnum +-integer-fixnum + } inlined?
    ]
}
Unit Test: {
    { t }
    [
        [ { fixnum } declare <iota> 0 [ + ] reduce ]
        { < <-integer-fixnum nth-unsafe } inlined?
    ]
}
Unit Test: {
    { f }
    [
        [ { fixnum } declare <iota> 0 [ + ] reduce ]
        \ +-integer-fixnum inlined?
    ]
}
Unit Test: {
    { t }
    [
        [ { integer } declare <iota> [ ] map ] \ integer>fixnum
        inlined?
    ]
}
Unit Test: {
    { f }
    [
        [ { integer } declare { } set-nth-unsafe ]
        \ integer>fixnum inlined?
    ]
}
Unit Test: {
    { f }
    [
        [ { integer } declare 1 + { } set-nth-unsafe ] \ >fixnum
        inlined?
    ]
}
Unit Test: {
    { t }
    [
        [
            { array } declare length 1 + dup 100 fixnum>
            [ 1 fixnum+ ] when
        ] \ fixnum+ inlined?
    ]
}
Unit Test: { { t } [ [ [ resize-array ] keep length ] \ length inlined? ] }
Unit Test: { { t } [ [ dup 0 > [ sqrt ] when ] \ sqrt inlined? ] }
Unit Test: {
    { t }
    [ [ { utf8 } declare decode-char ] \ decode-char inlined? ]
}
Unit Test: {
    { t }
    [ [ { ascii } declare decode-char ] \ decode-char inlined? ]
}
Unit Test: {
    { t }
    [ [ { 1 2 } length ] { length length>> slot } inlined? ]
}
Unit Test: {
    { t }
    [
        [ { integer } declare <iota> [ 0 >= ] map ]
        { >= fixnum>= } inlined?
    ]
}
Unit Test: {
    { }
    [
        [
            4 pick array-capacity?
            [ set-slot ]
            [ \ array-capacity 2nip bad-slot-value ] if
        ] cleaned-up-tree drop
    ]
}
Unit Test: {
    { }
    [
        [ { merge-state } declare accum>> 0 >>length ]
        cleaned-up-tree drop
    ]
}
Unit Test: {
    { }
    [
        [
            [ "X" throw ] [
                dupd dup -1 <
                [ 0 >= [ ] [ "X" throw ] if ] [ drop ] if
            ] if
        ] cleaned-up-tree drop
    ]
}
Unit Test: {
    { t }
    [
        [ [ 2array ] [ 0 3array ] if first ]
        { nth-unsafe < <= > >= } inlined?
    ]
}
Unit Test: {
    { }
    [
        [ [ [ "A" throw ] dip ] [ "B" throw ] if ]
        cleaned-up-tree drop
    ]
}
Unit Test: {
    { t }
    [
        [ 2 swap >fixnum buffalo-wings ]
        { <-integer-fixnum +-integer-fixnum } inlined?
    ]
}
Unit Test: {
    { t }
    [
        [ 2 swap >fixnum ribs ]
        { <-integer-fixnum +-integer-fixnum } inlined?
    ]
}
Unit Test: { { t } [ [ hashtable new ] \ new inlined? ] }
Unit Test: {
    { t }
    [
        [ { array-capacity } declare 1 fixnum+ ] cleaned-up-tree
        [
            {
                [ #call? ]
                [ node-input-infos second literal>> 1 = ]
            } 1&&
        ] any?
    ]
}
Unit Test: {
    { }
    [
        [ { null } declare [ 1 ] [ 2 ] if ] build-tree normalize
        propagate cleanup-tree check-nodes
    ]
}
Unit Test: {
    { t }
    [
        [ { array } declare 2 <groups> [ . . ] assoc-each ]
        \ nth-unsafe inlined?
    ]
}
Unit Test: {
    { t }
    [ [ { fixnum fixnum } declare = ] \ both-fixnums? inlined? ]
}
Unit Test: {
    { t }
    [
        [ { integer integer } declare + drop ]
        { + +-integer-integer } inlined?
    ]
}
Unit Test: {
    { [ ] }
    [
        [
            20 f <array> [ 0 swap nth ] keep [ 1 swap nth ] keep
            [ 2 swap nth ] keep [ 3 swap nth ] keep
            [ 4 swap nth ] keep [ 5 swap nth ] keep
            [ 6 swap nth ] keep [ 7 swap nth ] keep
            [ 8 swap nth ] keep [ 9 swap nth ] keep
            [ 10 swap nth ] keep [ 11 swap nth ] keep
            [ 12 swap nth ] keep 14 ndrop
        ] cleaned-up-tree nodes>quot
    ]
}
Unit Test: {
    { t }
    [
        [ int { } cdecl [ 2 2 + ] alien-callback ] { + }
        inlined?
    ]
}
Unit Test: {
    { t }
    [
        [ double { double double } cdecl [ + ] alien-callback ]
        \ + inlined?
    ]
}
Unit Test: {
    { f }
    [
        [ double { double double } cdecl [ + ] alien-callback ]
        \ float+ inlined?
    ]
}
Unit Test: {
    { f }
    [
        [ char { char char } cdecl [ + ] alien-callback ]
        \ fixnum+fast inlined?
    ]
}
Unit Test: {
    { t }
    [
        [
            void { } cdecl [ ] alien-callback void
            { } cdecl alien-indirect
        ] \ >c-ptr inlined?
    ]
}
Unit Test: {
    { { f t t f f f } }
    [
        { { } { 1 } { 1 3 } { 1 2 } { 2 1 } { 4 } } [
            #call new swap >>out-d H{
                { 1 T{ value-info-state { literal? t } } }
                { 2 T{ value-info-state { class object } } }
                {
                    3
                    T{ value-info-state
                        { literal t }
                        { literal? t }
                    }
                }
            } >>info cleanup-folding?
        ] map
    ]
}
Unit Test: {
    { object fixnum f }
    [
        #call new \ fixnum? >>word { 1 2 } >>in-d
        { 3 4 } >>out-d H{
            { 1 T{ value-info-state { class object } } }
            { 3 T{ value-info-state { literal? t } } }
        } >>info >predicate-folding< [ class>> ] 2dip
    ]
}
Unit Test: { { t } [ call-node-foldable2 cleanup-folding? ] }
Unit Test: {
    { t t }
    [
        call-node-foldable cleanup-folding
        [ length 2 = ] [ last literal>> 5 = ] bi
    ]
}
Must Infer As: { { 1 0 } [ [ drop ] each-node ] }
Must Infer As: { { 1 1 } [ [ ] map-nodes ] }
Must Infer As: { { 1 1 } [ [ ] contains-node? ] }
Unit Test: { { 3 } [ [ 1 2 3 ] count-live-values ] }
Unit Test: { { 1 } [ [ drop ] count-live-values ] }
Unit Test: { { 0 } [ [ 1 drop ] count-live-values ] }
Unit Test: { { 1 } [ [ 1 2 drop ] count-live-values ] }
Unit Test: { { 3 } [ [ [ 1 ] [ 2 ] if ] count-live-values ] }
Unit Test: { { 1 } [ [ [ 1 ] [ 2 ] if drop ] count-live-values ] }
Unit Test: { { 2 } [ [ [ 1 ] [ dup ] if drop ] count-live-values ] }
Unit Test: { { 2 } [ [ 1 + ] count-live-values ] }
Unit Test: { { 0 } [ [ 1 2 + drop ] count-live-values ] }
Unit Test: { { 3 } [ [ 1 + 3 + ] count-live-values ] }
Unit Test: { { 0 } [ [ 1 2 + 3 + drop ] count-live-values ] }
Unit Test: { { 4 } [ [ [ 1 ] [ 2 ] if 3 + ] count-live-values ] }
Unit Test: { { 1 } [ [ [ 1 ] [ 2 ] if 3 + drop ] count-live-values ] }
Unit Test: { { 0 } [ [ [ ] call ] count-live-values ] }
Unit Test: { { 1 } [ [ [ 1 ] call ] count-live-values ] }
Unit Test: { { 2 } [ [ [ 1 ] [ 2 ] compose call ] count-live-values ] }
Unit Test: {
    { 0 }
    [ [ [ 1 ] [ 2 ] compose call + drop ] count-live-values ]
}
Unit Test: { { 3 } [ [ 10 [ ] times ] count-live-values ] }
Unit Test: { { [ drop 1 ] } [ [ [ 1 ] dip drop ] optimize-quot ] }
Unit Test: {
    { [ stream-read1 drop 1 2 ] }
    [ [ stream-read1 [ 1 2 ] dip drop ] optimize-quot ]
}
Unit Test: {
    { [ over >R + R> ] }
    [ [ [ + ] [ drop ] 2bi ] optimize-quot ]
}
Unit Test: { { [ [ ] [ ] if ] } [ [ [ 1 ] [ 2 ] if drop ] optimize-quot ] }
Unit Test: {
    { [ 2nip [ ] [ ] if ] }
    [
        [ [ flushable-1 ] [ flushable-2 ] if drop ]
        optimize-quot
    ]
}
Unit Test: {
    { [ [ 2drop ] [ non-flushable-3 drop ] if ] }
    [
        [ [ flushable-1 ] [ non-flushable-3 ] if drop ]
        optimize-quot
    ]
}
Unit Test: { { [ [ f ] [ f ] if ] } [ [ [ f ] [ f ] if ] optimize-quot ] }
Must Not Fail: { [ [ dup [ 3 throw ] [ ] if ] optimize-quot ] }
Unit Test: {
    { [ [ . ] [ drop ] if ] }
    [ [ [ dup . ] [ ] if drop ] optimize-quot ]
}
Unit Test: { { [ f ] } [ [ f dup [ ] [ ] if ] optimize-quot ] }
Must Not Fail: {
    [
        [ over [ ] [ dup [ "X" throw ] [ "X" throw ] if ] if ]
        optimize-quot
    ]
}
Unit Test: {
    { [ dup 4 eq? [ nip ] [ boo ] if ] }
    [
        [ dup dup 4 eq? [ drop nip ] [ drop boo ] if ]
        optimize-quot
    ]
}
Unit Test: {
    { [ drop "WRAP" [ "REC" drop "REC" ] label ] }
    [ [ call-recursive-dce-1 ] optimize-quot squish ]
}
Unit Test: {
    { [ "WRAP" [ produce-a-value . "REC" ] label ] }
    [ [ f call-recursive-dce-2 drop ] optimize-quot squish ]
}
Unit Test: {
    { [ "WRAP" [ produce-a-value . "REC" ] label ] }
    [ [ f call-recursive-dce-2 ] optimize-quot squish ]
}
Unit Test: {
    { [ [ drop "WRAP" [ "REC" ] label ] [ . ] if ] }
    [
        [ [ call-recursive-dce-3 ] [ . ] if ] optimize-quot
        squish
    ]
}
Unit Test: {
    { [ drop "WRAP" [ "REC" ] label ] }
    [ [ call-recursive-dce-3 ] optimize-quot squish ]
}
Unit Test: {
    { [ drop "WRAP" [ "REC" ] label ] }
    [ [ call-recursive-dce-4 ] optimize-quot squish ]
}
Unit Test: {
    { [ drop "WRAP" [ "REC" ] label ] }
    [ [ call-recursive-dce-4 drop ] optimize-quot squish ]
}
Must Not Fail: { [ [ f call-recursive-dce-3 swap ] optimize-quot ] }
Must Not Fail: { [ [ call-recursive-dce-5 swap ] optimize-quot ] }
Must Not Fail: {
    [
        [ [ 0 -rot set-nth-unsafe ] curry each-integer-from ]
        optimize-quot
    ]
}
Must Not Fail: {
    [
        [ [ ] curry [ ] swap compose call-recursive-dce-6 ]
        optimize-quot
    ]
}
Must Not Fail: {
    [
        [
            [ ] rot [ . ] curry pick
            [ roll 2drop call ] [ 2nip call ] if
        ] optimize-quot
    ]
}
Unit Test: { { [ drop ] } [ [ array? drop ] optimize-quot ] }
Unit Test: { { [ drop ] } [ [ array instance? drop ] optimize-quot ] }
Unit Test: {
    { [ f <array> drop ] [ f <array> drop ] [ drop ] }
    [
        [ f <array> drop ] optimize-quot
        [ { integer } declare f <array> drop ] optimize-quot
        [ { integer-array-capacity } declare f <array> drop ]
        optimize-quot
    ]
}
Unit Test: { { [ f <array> drop ] } [ [ f <array> drop ] optimize-quot ] }
Must Not Fail: { [ [ call-recursive-dce-7 ] optimize-quot ] }
Unit Test: { { [ /i ] } [ [ /mod drop ] optimize-quot ] }
Unit Test: { { [ mod ] } [ [ /mod nip ] optimize-quot ] }
Unit Test: {
    { [ fixnum/i ] }
    [ [ { fixnum fixnum } declare /mod drop ] optimize-quot ]
}
Unit Test: {
    { [ fixnum-mod ] }
    [ [ { fixnum fixnum } declare /mod nip ] optimize-quot ]
}
Unit Test: {
    { [ bignum/i ] }
    [ [ { bignum bignum } declare /mod drop ] optimize-quot ]
}
Unit Test: {
    { [ bignum-mod ] }
    [ [ { bignum bignum } declare /mod nip ] optimize-quot ]
}
Unit Test: { { [ /i ] } [ [ /mod drop ] optimize-quot ] }
Unit Test: { { [ mod ] } [ [ /mod nip ] optimize-quot ] }
Unit Test: {
    { H{ { 1 1 } { 2 2 } { 3 3 } { +bottom+ f } } }
    [
        [
            init-dead-code H{ } clone def-use set
            T{ #shuffle { mapping H{ { 1 2 } } } } 1 def-value
            T{ #phi
                { phi-in-d { { 1 } { 3 } { 3 } { +bottom+ } } }
                { out-d { 2 } }
            } 2 def-value
            T{ #introduce { out-d { 3 } } } 3 def-value
            T{ #introduce { out-d { 4 } } } 4 def-value
            { 1 1 +bottom+ } look-at-values compute-live-values
            { 1 2 3 +bottom+ } look-at-values
            compute-live-values live-values get
        ] with-scope
    ]
}
Unit Test: {
    { H{ { +bottom+ f } } }
    [
        [
            init-dead-code +bottom+ look-at-value
            compute-live-values live-values get
        ] with-scope
    ]
}
Unit Test: { { t } [ { } { } \ + <#call> dead-flushable-call? ] }
Unit Test: {
    { f t }
    [
        H{ { 3 t } } live-values set { 1 2 } { 3 } \ + <#call>
        dead-flushable-call? { 1 2 } { 77 } \ + <#call>
        dead-flushable-call?
    ]
}
Unit Test: {
    { f "foo" { 3 } }
    [
        H{ { 3 t } } live-values set "foo" 9 <#push>
        remove-dead-code* "foo" 3 <#push> remove-dead-code*
        [ literal>> ] [ out-d>> ] bi
    ]
}
Unit Test: {
    { t }
    [
        [ 1 2 3 ] build-tree compute-def-use drop def-use get {
            [ assoc-size 3 = ]
            [ values [ uses>> [ #return? ] all? ] all? ]
        } 1&&
    ]
}
Unit Test: {
    { }
    [
        [ too-deep ] build-tree analyze-recursive normalize
        compute-def-use check-nodes
    ]
}
Unit Test: { [ ] [ [ [ drop ] each-integer ] test-def-use ] }
Unit Test: { [ ] [ [ [ 2drop ] curry each-integer ] test-def-use ] }
Unit Test: { [ ] [ [ [ 1 ] [ 2 ] if drop ] test-def-use ] }
Unit Test: { [ ] [ [ [ 1 ] [ dup ] if ] test-def-use ] }
Unit Test: { [ ] [ [ [ 1 ] [ dup ] if drop ] test-def-use ] }
Unit Test: { [ ] [ [ { array } declare swap ] test-def-use ] }
Unit Test: { [ ] [ [ [ ] curry call ] test-def-use ] }
Unit Test: { [ ] [ [ [ 1 ] [ 2 ] compose call + ] test-def-use ] }
Unit Test: { [ ] [ [ [ 1 ] 2 [ + ] curry compose call + ] test-def-use ] }
Unit Test: { [ ] [ [ [ 1 ] [ call 2 ] curry call + ] test-def-use ] }
Unit Test: {
    [ ]
    [
        [ [ 1 ] [ 2 ] compose swap [ 1 ] [ 2 ] if + * ]
        test-def-use
    ]
}
Unit Test: {
    [ ]
    [
        [ dup slice? [ dup array? [ ] [ ] if ] [ ] if ]
        test-def-use
    ]
}
Unit Test: { [ ] [ [ dup [ drop f ] [ "A" throw ] if ] test-def-use ] }
Unit Test: { [ ] [ [ [ <=> ] sort-with ] test-def-use ] }
Unit Test: { [ ] [ [ [ <=> ] with search ] test-def-use ] }
Unit Test: {
    { { #call #return } }
    [
        [ 1 dup reverse ] build-tree compute-def-use first
        out-d>> first actually-used-by [ node>> class-of ] map
        sort
    ]
}
Unit Test: {
    { { #introduce } }
    [
        [ word-1 ] build-tree analyze-recursive compute-def-use
        last in-d>> first actually-defined-by
        [ node>> class-of ] map sort
    ]
}
Unit Test: {
    { { #if #return } }
    [
        [ word-1 ] build-tree analyze-recursive compute-def-use
        first out-d>> first actually-used-by
        [ node>> class-of ] map sort
    ]
}
Unit Test: { { 0 } [ [ [ + ] curry ] count-unboxed-allocations ] }
Unit Test: { { 1 } [ [ [ + ] curry drop ] count-unboxed-allocations ] }
Unit Test: { { 1 } [ [ [ + ] curry 3 slot ] count-unboxed-allocations ] }
Unit Test: {
    { 1 }
    [ [ [ + ] curry 3 slot drop ] count-unboxed-allocations ]
}
Unit Test: { { 1 } [ [ [ + ] curry uncurry ] count-unboxed-allocations ] }
Unit Test: { { 1 } [ [ [ + ] curry call ] count-unboxed-allocations ] }
Unit Test: { { 1 } [ [ [ + ] curry call ] count-unboxed-allocations ] }
Unit Test: {
    { 0 }
    [
        [ [ [ + ] curry ] [ drop [ ] ] if ]
        count-unboxed-allocations
    ]
}
Unit Test: {
    { 2 }
    [
        [ [ [ + ] curry ] [ [ * ] curry ] if uncurry ]
        count-unboxed-allocations
    ]
}
Unit Test: {
    { 0 }
    [
        [ [ [ + ] curry ] [ [ * ] curry ] if ]
        count-unboxed-allocations
    ]
}
Unit Test: {
    { 3 }
    [
        [
            [ [ + ] curry ]
            [ dup [ [ * ] curry ] [ [ / ] curry ] if ] if
            uncurry
        ] count-unboxed-allocations
    ]
}
Unit Test: {
    { 2 }
    [
        [
            [ [ + ] curry 4 ]
            [ dup [ [ * ] curry ] [ [ / ] curry ] if uncurry ]
            if
        ] count-unboxed-allocations
    ]
}
Unit Test: {
    { 0 }
    [
        [
            [ [ + ] curry ]
            [ dup [ [ * ] curry ] [ [ / ] curry ] if ] if
        ] count-unboxed-allocations
    ]
}
Unit Test: {
    { 0 }
    [
        [
            dup 0 =
            [ 2 cons boa ] [ dup 1 = [ 3 cons boa ] when ] if
            car>>
        ] count-unboxed-allocations
    ]
}
Unit Test: {
    { 3 }
    [
        [
            dup 0 =
            [ 2 cons boa ]
            [ dup 1 = [ 3 cons boa ] [ 4 cons boa ] if ] if
            car>>
        ] count-unboxed-allocations
    ]
}
Unit Test: {
    { 0 }
    [
        [
            dup 0 =
            [ dup 1 = [ 3 cons boa ] [ 4 cons boa ] if ] unless
            car>>
        ] count-unboxed-allocations
    ]
}
Unit Test: {
    { 2 }
    [
        [
            dup 0 =
            [ 2 cons boa ]
            [ dup 1 = [ 3 cons boa ] [ 4 cons boa ] if car>> ]
            if
        ] count-unboxed-allocations
    ]
}
Unit Test: {
    { 0 }
    [
        [
            dup 0 =
            [ 2 cons boa ]
            [ dup 1 = [ 3 cons boa dup . ] [ 4 cons boa ] if ]
            if drop
        ] count-unboxed-allocations
    ]
}
Unit Test: {
    { 2 }
    [
        [ [ dup cons boa ] [ drop 1 2 cons boa ] if car>> ]
        count-unboxed-allocations
    ]
}
Unit Test: {
    { 2 }
    [
        [
            3dup [ cons boa ] [ cons boa 3 cons boa ] if
            [ car>> ] [ cdr>> ] bi
        ] count-unboxed-allocations
    ]
}
Unit Test: {
    { 2 }
    [
        [
            3dup [ cons boa ] [ cons boa . 1 2 cons boa ] if
            [ car>> ] [ cdr>> ] bi
        ] count-unboxed-allocations
    ]
}
Unit Test: {
    { 1 }
    [
        [ [ 3 cons boa ] [ "A" throw ] if car>> ]
        count-unboxed-allocations
    ]
}
Unit Test: {
    { 0 }
    [ [ 10 [ drop ] each-integer ] count-unboxed-allocations ]
}
Unit Test: {
    { 0 }
    [
        [
            1 2 cons boa 10 [ drop 2 cons boa ] each-integer
            car>>
        ] count-unboxed-allocations
    ]
}
Unit Test: {
    { 0 }
    [
        [ 1 2 cons boa infinite-cons-loop ]
        count-unboxed-allocations
    ]
}
Unit Test: { { 0 } [ [ <rw-box> i>> ] count-unboxed-allocations ] }
Unit Test: {
    { 0 }
    [ [ <rw-box> fake-fib i>> ] count-unboxed-allocations ]
}
Unit Test: {
    { 5 }
    [ [ <ro-box> tuple-fib i>> ] count-unboxed-allocations ]
}
Unit Test: { { 3 } [ [ <ro-box> tuple-fib ] count-unboxed-allocations ] }
Unit Test: { { 0 } [ [ tuple-fib' ] count-unboxed-allocations ] }
Unit Test: {
    { 3 }
    [
        [ <ro-box> bad-tuple-fib-1 i>> ]
        count-unboxed-allocations
    ]
}
Unit Test: {
    { 2 }
    [
        [ <ro-box> bad-tuple-fib-2 i>> ]
        count-unboxed-allocations
    ]
}
Unit Test: { { 2 } [ [ tuple-fib-2 i>> ] count-unboxed-allocations ] }
Unit Test: { { 0 } [ [ tuple-fib-3 i>> ] count-unboxed-allocations ] }
Unit Test: { { 0 } [ [ bad-tuple-fib-3 i>> ] count-unboxed-allocations ] }
Unit Test: { { 1 } [ [ complex boa >rect ] count-unboxed-allocations ] }
Unit Test: {
    { 0 }
    [ [ 1 cons boa 2 cons boa ] count-unboxed-allocations ]
}
Unit Test: {
    { 1 }
    [
        [ 1 cons boa 2 cons boa car>> ]
        count-unboxed-allocations
    ]
}
Unit Test: {
    { 0 }
    [
        [ 1 cons boa 2 cons boa dup . car>> ]
        count-unboxed-allocations
    ]
}
Unit Test: {
    { 0 }
    [ [ 1 cons boa "x" get slot ] count-unboxed-allocations ]
}
Unit Test: {
    { 0 }
    [
        [
            dup -1 over >=
            [ 0 >= [ "A" throw ] unless ] [ drop ] if
        ] count-unboxed-allocations
    ]
}
Unit Test: {
    { 0 }
    [
        [ \ too-many->r boa f f \ inference-error boa ]
        count-unboxed-allocations
    ]
}
Must Not Fail: { [ [ empty-tuple boa layout-of ] count-unboxed-allocations ] }
Unit Test: {
    { 1 }
    [ [ { complex } declare real>> ] count-unboxed-allocations ]
}
Unit Test: {
    { 1 }
    [
        [ { complex } declare [ real>> ] [ imaginary>> ] bi ]
        count-unboxed-allocations
    ]
}
Unit Test: {
    { 0 }
    [
        [ { vector } declare length>> ]
        count-unboxed-allocations
    ]
}
Unit Test: {
    { 0 }
    [
        [
            { point-2d } declare dup point-3d?
            [ z>> ] [ x>> ] if
        ] count-unboxed-allocations
    ]
}
Unit Test: {
    { 0 }
    [
        [ point-2d boa dup point-3d? [ z>> ] [ x>> ] if ]
        count-unboxed-allocations
    ]
}
Unit Test: {
    { H{ { 1 { 10 11 } } { 2 t } } }
    [
        [
            init-escaping-values { 1 2 3 } introduce-values
            1 2 equate-values +escaping+ 1 equate-values
            H{ { 1 { 10 11 } } { 2 t } { 3 f } } allocations set
            compute-escaping-allocations escaping-allocations
            get
        ] with-scope
    ]
}
Unit Test: {
    { H{ } H{ { 1 t } } }
    [
        [
            init-escaping-values 1 introduce-value
            H{ { 1 t } } allocations set
            compute-escaping-allocations escaping-allocations
            get 1 +escaping+ equate-values
            compute-escaping-allocations escaping-allocations
            get
        ] with-scope
    ]
}
Unit Test: {
    { t }
    [
        [ { complex } declare [ real>> ] [ imaginary>> ] bi ]
        test-checker
    ]
}
Unit Test: {
    { t }
    [
        [ complex boa [ real>> ] [ imaginary>> ] bi ]
        test-checker
    ]
}
Unit Test: {
    { t }
    [
        [ [ complex boa [ real>> ] [ imaginary>> ] bi ] when ]
        test-checker
    ]
}
Unit Test: { { f } [ [ swap 1 2 ? ] test-checker ] }
Unit Test: { { } [ 8 [ introduce-value ] each-integer ] }
Unit Test: { { } [ { 1 2 } 3 record-allocation ] }
Unit Test: { { t } [ { 1 2 } { 6 7 } congruent? ] }
Unit Test: { { f } [ { 3 4 } { 6 7 } congruent? ] }
Unit Test: { { f } [ { 3 4 5 } { 6 7 } congruent? ] }
Unit Test: {
    { [ >R >fixnum R> >fixnum fixnum+fast ] }
    [
        [ { integer integer } declare + >fixnum ]
        test-modular-arithmetic
    ]
}
Unit Test: {
    { [ +-integer-integer dup >fixnum ] }
    [
        [ { integer integer } declare + dup >fixnum ]
        test-modular-arithmetic
    ]
}
Unit Test: {
    { [ >R >fixnum R> >fixnum fixnum+fast 4 fixnum*fast ] }
    [
        [ { integer integer } declare + 4 * >fixnum ]
        test-modular-arithmetic
    ]
}
Unit Test: {
    { t }
    [
        [ { declared-fixnum } declare [ 1 + ] change-x ] { + }
        inlined?
    ]
}
Unit Test: {
    { t }
    [
        [ { declared-fixnum } declare x>> drop ] { slot }
        inlined?
    ]
}
Unit Test: {
    { f }
    [
        [ { integer } declare -63 shift 4095 bitand ] \ shift
        inlined?
    ]
}
Unit Test: {
    { t }
    [
        [ { integer } declare 127 bitand 3 + ]
        { + +-integer-fixnum bitand } inlined?
    ]
}
Unit Test: {
    { f }
    [
        [ { integer } declare 127 bitand 3 + ]
        { integer>fixnum } inlined?
    ]
}
Unit Test: {
    { t }
    [
        [
            { integer } declare dup 0 >=
            [ 615949 * 797807 + 20 2^ mod dup 19 2^ - ] [ dup ]
            if
        ] { * + shift mod fixnum-mod fixnum* fixnum+ fixnum- }
        inlined?
    ]
}
Unit Test: {
    { t }
    [
        [
            { fixnum } declare 615949 * 797807 + 20 2^ mod
            dup 19 2^ -
        ] { >fixnum } inlined?
    ]
}
Unit Test: {
    { t }
    [
        [
            { integer } declare 0 swap
            [ drop 615949 * 797807 + 20 2^ rem dup 19 2^ - ] map
        ]
        { * + shift rem mod fixnum-mod fixnum* fixnum+ fixnum- }
        inlined?
    ]
}
Unit Test: {
    { t }
    [
        [
            { fixnum } declare <iota> 0 swap
            [ drop 615949 * 797807 + 20 2^ rem dup 19 2^ - ] map
        ] {
            *
            +
            shift
            rem
            mod
            fixnum-mod
            fixnum*
            fixnum+
            fixnum-
            >fixnum
        } inlined?
    ]
}
Unit Test: {
    { t }
    [
        [ { string sbuf } declare ] \ push-all def>> append
        \ + inlined?
    ]
}
Unit Test: {
    { t }
    [
        [ { string sbuf } declare ] \ push-all def>> append
        \ fixnum+ inlined?
    ]
}
Unit Test: {
    { t }
    [
        [ { string sbuf } declare ] \ push-all def>> append
        \ >fixnum inlined?
    ]
}
Unit Test: {
    { t }
    [
        [ { integer } declare <iota> [ 256 mod ] map ]
        { mod fixnum-mod } inlined?
    ]
}
Unit Test: { { f } [ [ 256 mod ] { mod fixnum-mod } inlined? ] }
Unit Test: { { f } [ [ >fixnum 256 mod ] { mod fixnum-mod } inlined? ] }
Unit Test: {
    { f }
    [
        [ dup 0 >= [ 256 mod ] when ] { mod fixnum-mod }
        inlined?
    ]
}
Unit Test: {
    { t }
    [
        [ { integer } declare dup 0 >= [ 256 mod ] when ]
        { mod fixnum-mod } inlined?
    ]
}
Unit Test: {
    { t }
    [
        [ { integer } declare 256 rem ] { mod fixnum-mod }
        inlined?
    ]
}
Unit Test: {
    { t }
    [
        [ { iota } declare [ 256 rem ] map ]
        { mod fixnum-mod rem } inlined?
    ]
}
Unit Test: {
    { [ drop 0 ] }
    [ [ >integer 1 rem ] test-modular-arithmetic ]
}
Unit Test: {
    { [ drop 0 ] }
    [ [ >integer 1 mod ] test-modular-arithmetic ]
}
Unit Test: {
    { [ >fixnum 255 fixnum-bitand ] }
    [ [ >integer 256 rem ] test-modular-arithmetic ]
}
Unit Test: {
    { t }
    [
        [
            { fixnum fixnum } declare +
            [ 1 + >fixnum ] [ 2 + >fixnum ] bi
        ] { >fixnum } inlined?
    ]
}
Unit Test: {
    {
        [
            "COMPLEX SHUFFLE" fixnum+fast
            "COMPLEX SHUFFLE" set-alien-unsigned-1
        ]
    }
    [
        [
            [ { fixnum fixnum } declare + ] 2dip
            set-alien-unsigned-1
        ] test-modular-arithmetic
    ]
}
Unit Test: {
    {
        [
            "COMPLEX SHUFFLE" fixnum+fast
            "COMPLEX SHUFFLE" set-alien-unsigned-2
        ]
    }
    [
        [
            [ { fixnum fixnum } declare + ] 2dip
            set-alien-unsigned-2
        ] test-modular-arithmetic
    ]
}
Unit Test: {
    [
        [
            "COMPLEX SHUFFLE" fixnum+fast
            "COMPLEX SHUFFLE" set-alien-unsigned-4
        ]
    ]
    [
        [
            [ { fixnum fixnum } declare + ] 2dip
            set-alien-unsigned-4
        ] test-modular-arithmetic
    ]
}
Unit Test: {
    {
        [
            "COMPLEX SHUFFLE" fixnum+
            "COMPLEX SHUFFLE" set-alien-unsigned-8
        ]
    }
    [
        [
            [ { fixnum fixnum } declare + ] 2dip
            set-alien-unsigned-8
        ] test-modular-arithmetic
    ]
}
Unit Test: {
    {
        [
            "COMPLEX SHUFFLE" fixnum+fast
            "COMPLEX SHUFFLE" set-alien-signed-1
        ]
    }
    [
        [
            [ { fixnum fixnum } declare + ] 2dip
            set-alien-signed-1
        ] test-modular-arithmetic
    ]
}
Unit Test: {
    {
        [
            "COMPLEX SHUFFLE" fixnum+fast
            "COMPLEX SHUFFLE" set-alien-signed-2
        ]
    }
    [
        [
            [ { fixnum fixnum } declare + ] 2dip
            set-alien-signed-2
        ] test-modular-arithmetic
    ]
}
Unit Test: {
    [
        [
            "COMPLEX SHUFFLE" fixnum+fast
            "COMPLEX SHUFFLE" set-alien-signed-4
        ]
    ]
    [
        [
            [ { fixnum fixnum } declare + ] 2dip
            set-alien-signed-4
        ] test-modular-arithmetic
    ]
}
Unit Test: {
    {
        [
            "COMPLEX SHUFFLE" fixnum+
            "COMPLEX SHUFFLE" set-alien-signed-8
        ]
    }
    [
        [
            [ { fixnum fixnum } declare + ] 2dip
            set-alien-signed-8
        ] test-modular-arithmetic
    ]
}
Unit Test: {
    { t }
    [
        [ { fixnum byte-array } declare [ + ] with map ]
        { + fixnum+ >fixnum } inlined?
    ]
}
Unit Test: {
    { t }
    [
        [
            0 10 <byte-array> 10 [
                1 pick 0 + >fixnum pick set-nth-unsafe
                [ 1 + >fixnum ] dip
            ] times
        ] { >fixnum } inlined?
    ]
}
Unit Test: { { f } [ [ + >fixnum ] { >fixnum } inlined? ] }
Unit Test: {
    { t }
    [
        [ >integer [ >fixnum ] [ >fixnum ] bi ] { >integer }
        inlined?
    ]
}
Unit Test: {
    { f }
    [
        [ >integer [ >fixnum ] [ >fixnum ] bi ] { >fixnum }
        inlined?
    ]
}
Unit Test: {
    { t }
    [
        [ >integer [ 2 + >fixnum ] [ 3 + >fixnum ] bi ]
        { >integer } inlined?
    ]
}
Unit Test: {
    { f }
    [
        [ >integer [ 2 + >fixnum ] [ 3 + >fixnum ] bi ]
        { >fixnum } inlined?
    ]
}
Unit Test: {
    { t }
    [
        [ >integer [ >fixnum ] [ >fixnum ] bi ] { >integer }
        inlined?
    ]
}
Unit Test: {
    { f }
    [
        [ >bignum [ >fixnum ] [ >fixnum ] bi ] { >fixnum }
        inlined?
    ]
}
Unit Test: {
    { t }
    [
        [ >bignum [ >fixnum ] [ >fixnum ] bi ] { >bignum }
        inlined?
    ]
}
Unit Test: {
    { f }
    [
        [
            [ { fixnum } declare 2 fixnum+ ] dip
            [ >fixnum 2 - ] [ ] if
        ] { fixnum+ } inlined?
    ]
}
Unit Test: {
    { t }
    [
        [
            { fixnum boolean } declare [ 1 + ] [ "HI" throw ] if
            >fixnum
        ] { fixnum+ >fixnum } inlined?
    ]
}
Unit Test: {
    { t }
    [
        [
            { fixnum boolean } declare [ 1 + ] [ drop 5 ] if
            >fixnum
        ] { fixnum+ >fixnum } inlined?
    ]
}
Unit Test: {
    { t }
    [
        [
            { fixnum boolean } declare [ 1 + ] [ 2 + ] if
            >fixnum
        ] { fixnum+ >fixnum } inlined?
    ]
}
Unit Test: {
    { [ [ 1 ] [ 4 ] if ] }
    [ [ [ 1.5 ] [ 4 ] if >fixnum ] test-modular-arithmetic ]
}
Unit Test: {
    { [ [ 1 ] [ 2 ] if ] }
    [ [ [ 1.5 ] [ 2.3 ] if >fixnum ] test-modular-arithmetic ]
}
Unit Test: {
    { f }
    [
        [
            { fixnum fixnum boolean } declare
            [ [ 3 * ] [ 1 + ] dip ] [ [ 4 - ] [ 2 + ] dip ] if
            >fixnum
        ] { fixnum+ >fixnum } inlined?
    ]
}
Unit Test: {
    { t }
    [
        [ 0 1000 [ 1 + dup >fixnum . ] times drop ]
        { fixnum+ >fixnum } inlined?
    ]
}
Unit Test: {
    { t }
    [
        [
            { fixnum } declare 3 + [ 1000 ] dip
            [ >fixnum . ] curry times
        ] { fixnum+ >fixnum } inlined?
    ]
}
Unit Test: {
    { t }
    [
        [ 0 1000 [ 1 + ] times >fixnum ] { fixnum+ >fixnum }
        inlined?
    ]
}
Unit Test: { { f } [ [ f >fixnum ] { >fixnum } inlined? ] }
Unit Test: {
    { f }
    [
        [ [ >fixnum ] 2dip set-alien-unsigned-1 ] { >fixnum }
        inlined?
    ]
}
Unit Test: {
    { t }
    [
        [ { fixnum } declare 123 >bignum bitand >fixnum ]
        { >bignum fixnum>bignum bignum-bitand } inlined?
    ]
}
Unit Test: {
    { t }
    [
        [
            [ 0 ] 2dip { array } declare [
                hashcode* >fixnum swap
                [ [ -2 shift ] [ 5 shift ] bi + + ] keep bitxor
                >fixnum
            ] with each
        ] { + bignum+ fixnum-shift bitxor bignum-bitxor }
        inlined?
    ]
}
Unit Test: { { 3 } [ [ 3drop 1 2 3 ] build-tree count-introductions ] }
Unit Test: {
    { 4 }
    [
        [ 3drop 1 2 3 3drop drop ] build-tree
        count-introductions
    ]
}
Unit Test: {
    { 3 }
    [
        [ [ drop ] [ 2drop 3 ] if ] build-tree
        count-introductions
    ]
}
Unit Test: {
    { 2 }
    [
        [ 3 [ drop ] [ 2drop 3 ] if ] build-tree
        count-introductions
    ]
}
Unit Test: {
    { 1 3 }
    [
        [ [ swap ] foo ] build-tree
        [ recursive-inputs ]
        [ analyze-recursive normalize recursive-inputs ] bi
    ]
}
Unit Test: { { } [ [ [ 1 ] [ 2 ] if + * ] test-normalization ] }
Unit Test: { { } [ [ bbb ] test-normalization ] }
Unit Test: { { } [ [ ccc ] test-normalization ] }
Unit Test: { { } [ [ eee ] test-normalization ] }
Unit Test: { { } [ [ call-recursive-5 swap ] test-normalization ] }
Unit Test: { { V{ array } } [ [ 10 f <array> ] final-classes ] }
Unit Test: { { V{ array } } [ [ { array } declare ] final-classes ] }
Unit Test: {
    { V{ array } }
    [ [ 10 f <array> swap [ ] [ ] if ] final-classes ]
}
Unit Test: {
    {
        T{ value-info-state
            { class integer }
            { interval
                T{ interval
                    { from { 0 t } }
                    { to { 288230376151711743 t } }
                }
            }
        }
    }
    [ [ dup "foo" <array> drop ] final-info first ]
}
Unit Test: {
    { t }
    [
        [ resize-array length ] final-info first array-capacity
        <class-info> =
    ]
}
Unit Test: {
    { 42 }
    [ [ 42 swap resize-array length ] final-literals first ]
}
Unit Test: { { f } [ [ resize-array ] { resize-array } inlined? ] }
Unit Test: {
    { t }
    [ [ 3 { 1 2 3 } resize-array ] { resize-array } inlined? ]
}
Unit Test: {
    { f }
    [ [ 4 { 1 2 3 } resize-array ] { resize-array } inlined? ]
}
Unit Test: {
    { f }
    [
        [ 4 swap { array } declare resize-array ]
        { resize-array } inlined?
    ]
}
Unit Test: { { V{ 3 } } [ [ 3 <byte-array> length ] final-literals ] }
Unit Test: {
    { t }
    [
        [ dup <byte-array> drop ] final-info first
        integer-array-capacity <class-info> =
    ]
}
Unit Test: {
    { t }
    [
        [ resize-byte-array length ] final-info first
        array-capacity <class-info> =
    ]
}
Unit Test: {
    { 43 }
    [
        [ 43 swap resize-byte-array length ] final-literals
        first
    ]
}
Unit Test: {
    { t }
    [
        [ 3 B{ 1 2 3 } resize-byte-array ] { resize-byte-array }
        inlined?
    ]
}
Unit Test: { { V{ 3 } } [ [ 3 f <string> length ] final-literals ] }
Unit Test: {
    { t }
    [
        [ resize-string length ] final-info first array-capacity
        <class-info> =
    ]
}
Unit Test: {
    { V{ 44 } }
    [ [ 44 swap resize-string length ] final-literals ]
}
Unit Test: {
    { t }
    [ [ 3 "123" resize-string ] { resize-string } inlined? ]
}
Unit Test: { { V{ t } } [ [ { string } declare string? ] final-classes ] }
Unit Test: {
    { V{ string } }
    [ [ dup string? t xor [ "A" throw ] [ ] if ] final-classes ]
}
Unit Test: {
    {
        V{
            T{ value-info-state
                { class integer }
                { interval
                    T{ interval
                        { from { 0 t } }
                        { to { 288230376151711743 t } }
                    }
                }
            }
            T{ value-info-state
                { class integer }
                { interval full-interval }
            }
        }
    }
    [ [ 2dup <string> drop ] final-info ]
}
Unit Test: {
    { { } }
    [
        all-words
        [ "input-classes" word-prop [ class? ] all? not ] filter
    ]
}
Unit Test: {
    { t t }
    [
        [ fixnum>bignum ] final-info first interval>>
        fixnum-interval =
        [ fixnum>float ] final-info first interval>>
        fixnum-interval =
    ]
}
Unit Test: { { V{ } } [ [ ] final-classes ] }
Unit Test: { { V{ fixnum } } [ [ 1 ] final-classes ] }
Unit Test: { { V{ fixnum } } [ [ 1 [ ] dip ] final-classes ] }
Unit Test: { { V{ fixnum object } } [ [ 1 swap ] final-classes ] }
Unit Test: {
    { V{ fixnum } }
    [ [ dup fixnum? [ ] [ drop 3 ] if ] final-classes ]
}
Unit Test: { { V{ 69 } } [ [ [ 69 ] [ 69 ] if ] final-literals ] }
Unit Test: { { V{ integer } } [ [ bitnot ] final-classes ] }
Unit Test: {
    { V{ fixnum } }
    [ [ { fixnum } declare bitnot ] final-classes ]
}
Unit Test: { { number } [ [ + ] final-math-class ] }
Unit Test: {
    { integer }
    [ [ { fixnum bignum } declare + ] final-math-class ]
}
Unit Test: {
    { integer }
    [ [ { fixnum integer } declare + ] final-math-class ]
}
Unit Test: {
    { integer }
    [ [ { integer bignum } declare + ] final-math-class ]
}
Unit Test: {
    { integer }
    [ [ { fixnum fixnum } declare + ] final-math-class ]
}
Unit Test: {
    { float }
    [ [ { float integer } declare + ] final-math-class ]
}
Unit Test: { { float } [ [ { real float } declare + ] final-math-class ] }
Unit Test: { { float } [ [ { float real } declare + ] final-math-class ] }
Unit Test: {
    { rational }
    [ [ { ratio ratio } declare + ] final-math-class ]
}
Unit Test: {
    { rational }
    [ [ { rational ratio } declare + ] final-math-class ]
}
Unit Test: {
    { number }
    [ [ { complex complex } declare + ] final-math-class ]
}
Unit Test: { { float } [ [ /f ] final-math-class ] }
Unit Test: { { float } [ [ { real real } declare /f ] final-math-class ] }
Unit Test: { { integer } [ [ /i ] final-math-class ] }
Unit Test: {
    { integer }
    [ [ { integer float } declare /i ] final-math-class ]
}
Unit Test: {
    { integer }
    [ [ { float float } declare /i ] final-math-class ]
}
Unit Test: {
    { integer }
    [ [ { integer } declare bitnot ] final-math-class ]
}
Unit Test: { { null } [ [ { null null } declare + ] final-math-class ] }
Unit Test: { { null } [ [ { null fixnum } declare + ] final-math-class ] }
Unit Test: {
    { float }
    [ [ { float fixnum } declare + ] final-math-class ]
}
Unit Test: {
    { integer }
    [ [ { bignum bignum } declare bitxor ] final-math-class ]
}
Unit Test: {
    { fixnum }
    [
        [ { integer } declare 123 >bignum bitand ]
        final-math-class
    ]
}
Unit Test: {
    { float }
    [ [ { float float } declare mod ] final-math-class ]
}
Unit Test: {
    { V{ integer float } }
    [ [ { float float } declare [ /i ] keep ] final-classes ]
}
Unit Test: { { V{ fixnum } } [ [ 255 bitand ] final-classes ] }
Unit Test: {
    { V{ fixnum } }
    [ [ [ 255 bitand ] [ 65535 bitand ] bi + ] final-classes ]
}
Unit Test: {
    { V{ fixnum } }
    [
        [
            { fixnum } declare
            [ 255 bitand ] [ 65535 bitand ] bi +
        ] final-classes
    ]
}
Unit Test: {
    { V{ integer } }
    [
        [ { fixnum } declare [ 255 bitand ] keep + ]
        final-classes
    ]
}
Unit Test: {
    { V{ integer } }
    [ [ { fixnum } declare 615949 * ] final-classes ]
}
Unit Test: {
    { V{ fixnum } }
    [ [ 255 bitand >fixnum 3 bitor ] final-classes ]
}
Unit Test: { { V{ 0 } } [ [ >fixnum 1 mod ] final-literals ] }
Unit Test: {
    { V{ 69 } }
    [
        [ >fixnum swap [ 1 mod 69 + ] [ drop 69 ] if ]
        final-literals
    ]
}
Unit Test: {
    { V{ fixnum } }
    [ [ >fixnum dup 10 > [ 1 - ] when ] final-classes ]
}
Unit Test: { { V{ integer } } [ [ >fixnum 2 * ] final-classes ] }
Unit Test: {
    { V{ integer } }
    [ [ >fixnum dup 10 < drop 2 * ] final-classes ]
}
Unit Test: {
    { V{ integer } }
    [ [ >fixnum dup 10 < [ 2 * ] when ] final-classes ]
}
Unit Test: {
    { V{ integer } }
    [ [ >fixnum dup 10 < [ 2 * ] [ 2 * ] if ] final-classes ]
}
Unit Test: {
    { V{ fixnum } }
    [
        [ >fixnum dup 10 < [ dup -10 > [ 2 * ] when ] when ]
        final-classes
    ]
}
Unit Test: {
    { V{ f } }
    [
        [ dup 10 < [ dup 8 > [ drop 9 ] unless ] [ drop 9 ] if ]
        final-literals
    ]
}
Unit Test: {
    { V{ 9 } }
    [
        [
            123 bitand dup 10 <
            [ dup 8 > [ drop 9 ] unless ] [ drop 9 ] if
        ] final-literals
    ]
}
Unit Test: { { V{ t } } [ [ 40 mod 40 < ] final-literals ] }
Unit Test: { { V{ f } } [ [ 40 mod 0 >= ] final-literals ] }
Unit Test: { { V{ t } } [ [ 40 rem 0 >= ] final-literals ] }
Unit Test: { { V{ t } } [ [ abs 40 mod 0 >= ] final-literals ] }
Unit Test: { { t } [ [ abs ] final-info first interval>> [0,inf] = ] }
Unit Test: { { t } [ [ absq ] final-info first interval>> [0,inf] = ] }
Unit Test: {
    { t }
    [
        [ { fixnum } declare abs ] final-info first interval>>
        [0,inf] interval-subset?
    ]
}
Unit Test: {
    { t }
    [
        [ { fixnum } declare absq ] final-info first interval>>
        [0,inf] interval-subset?
    ]
}
Unit Test: {
    { V{ integer } }
    [ [ { fixnum } declare abs ] final-classes ]
}
Unit Test: {
    { V{ integer } }
    [ [ { fixnum } declare absq ] final-classes ]
}
Unit Test: {
    { t }
    [
        [ { bignum } declare abs ] final-info first interval>>
        [0,inf] interval-subset?
    ]
}
Unit Test: {
    { t }
    [
        [ { bignum } declare absq ] final-info first interval>>
        [0,inf] interval-subset?
    ]
}
Unit Test: {
    { t }
    [
        [ { float } declare abs ] final-info first interval>>
        [0,inf] =
    ]
}
Unit Test: {
    { t }
    [
        [ { float } declare absq ] final-info first interval>>
        [0,inf] =
    ]
}
Unit Test: {
    { t }
    [
        [ { complex } declare abs ] final-info first interval>>
        [0,inf] =
    ]
}
Unit Test: {
    { t }
    [
        [ { complex } declare absq ] final-info first interval>>
        [0,inf] =
    ]
}
Unit Test: {
    { t }
    [
        [ { float float } declare rect> C{ 0.0 0.0 } + absq ]
        final-info first interval>> [0,inf] =
    ]
}
Unit Test: {
    { V{ float } }
    [
        [ { float float } declare rect> C{ 0.0 0.0 } + absq ]
        final-classes
    ]
}
Unit Test: {
    { t }
    [
        [ [ - absq ] [ + ] 2map-reduce ] final-info first
        interval>> [0,inf] =
    ]
}
Unit Test: {
    { t }
    [
        [
            { double-array double-array } declare
            [ - absq ] [ + ] 2map-reduce
        ] final-info first interval>> [0,inf] =
    ]
}
Unit Test: {
    { V{ string } }
    [
        [ dup string? not [ "Oops" throw ] [ ] if ]
        final-classes
    ]
}
Unit Test: {
    { V{ string } }
    [
        [ dup string? not not >boolean [ ] [ "Oops" throw ] if ]
        final-classes
    ]
}
Unit Test: { { f } [ [ t xor ] final-classes first null-class? ] }
Unit Test: { { t } [ [ t or ] final-classes first true-class? ] }
Unit Test: { { t } [ [ t swap or ] final-classes first true-class? ] }
Unit Test: { { t } [ [ f and ] final-classes first false-class? ] }
Unit Test: { { t } [ [ f swap and ] final-classes first false-class? ] }
Unit Test: { { t } [ [ dup not or ] final-classes first true-class? ] }
Unit Test: {
    { t }
    [ [ dup not swap or ] final-classes first true-class? ]
}
Unit Test: { { t } [ [ dup not and ] final-classes first false-class? ] }
Unit Test: {
    { t }
    [ [ dup not swap and ] final-classes first false-class? ]
}
Unit Test: {
    { t }
    [
        [ over [ drop f ] when [ "A" throw ] unless ]
        final-classes first false-class?
    ]
}
Unit Test: {
    { V{ fixnum } }
    [
        [
            [ { fixnum } declare ] [ drop f ] if dup
            [ dup 13 eq? [ t ] [ f ] if ] [ t ] if
            [ "Oops" throw ] when
        ] final-classes
    ]
}
Unit Test: {
    { V{ fixnum } }
    [
        [
            >fixnum dup [ 10 < ] [ -10 > ] bi and not
            [ 2 * ] unless
        ] final-classes
    ]
}
Unit Test: {
    { }
    [
        [
            dup dup dup [ 100 < ] [ drop f ] if dup
            [ 2drop f ] [ 2drop f ] if [ ] [ dup [ ] [ ] if ] if
        ] final-info drop
    ]
}
Unit Test: {
    { V{ fixnum } }
    [ [ { fixnum } declare (clone) ] final-classes ]
}
Unit Test: { { V{ vector } } [ [ vector new ] final-classes ] }
Unit Test: {
    { V{ fixnum } }
    [
        [
            { fixnum byte-array } declare [ nth-unsafe ] 2keep
            [ nth-unsafe ] 2keep nth-unsafe
            [ [ 298 * ] dip 100 * - ] dip 208 * - 128 + -8 shift
            0 255 clamp
        ] final-classes
    ]
}
Unit Test: {
    { V{ fixnum } }
    [ [ 0 dup 10 > [ 2 * ] when ] final-classes ]
}
Unit Test: { { V{ f } } [ [ [ 0.0 ] [ -0.0 ] if ] final-literals ] }
Unit Test: { { V{ 1.5 } } [ [ /f 1.5 1.5 clamp ] final-literals ] }
Unit Test: {
    { V{ 1.5 } }
    [
        [
            /f dup 1.5 <=
            [ dup 1.5 >= [ ] [ drop 1.5 ] if ] [ drop 1.5 ] if
        ] final-literals
    ]
}
Unit Test: {
    { V{ 1.5 } }
    [
        [
            /f dup 1.5 u<=
            [ dup 1.5 u>= [ ] [ drop 1.5 ] if ] [ drop 1.5 ] if
        ] final-literals
    ]
}
Unit Test: {
    { V{ 1.5 } }
    [
        [
            /f dup 1.5 <=
            [ dup 10 >= [ ] [ drop 1.5 ] if ] [ drop 1.5 ] if
        ] final-literals
    ]
}
Unit Test: {
    { V{ 1.5 } }
    [
        [
            /f dup 1.5 u<=
            [ dup 10 u>= [ ] [ drop 1.5 ] if ] [ drop 1.5 ] if
        ] final-literals
    ]
}
Unit Test: {
    { V{ f } }
    [
        [
            /f dup 0.0 <=
            [ dup 0.0 >= [ drop 0.0 ] unless ] [ drop 0.0 ] if
        ] final-literals
    ]
}
Unit Test: {
    { V{ f } }
    [
        [
            /f dup 0.0 u<=
            [ dup 0.0 u>= [ drop 0.0 ] unless ] [ drop 0.0 ] if
        ] final-literals
    ]
}
Unit Test: {
    { V{ fixnum } }
    [ [ 0 dup 10 > [ 100 * ] when ] final-classes ]
}
Unit Test: {
    { V{ fixnum } }
    [ [ 0 dup 10 > [ drop "foo" ] when ] final-classes ]
}
Unit Test: {
    { V{ fixnum } }
    [ [ 0 dup 10 u> [ 100 * ] when ] final-classes ]
}
Unit Test: {
    { V{ fixnum } }
    [ [ 0 dup 10 u> [ drop "foo" ] when ] final-classes ]
}
Unit Test: {
    { V{ fixnum } }
    [ [ { fixnum } declare 3 3 - + ] final-classes ]
}
Unit Test: {
    { V{ t } }
    [ [ dup 10 < [ 3 * 30 < ] [ drop t ] if ] final-literals ]
}
Unit Test: {
    { V{ t } }
    [ [ dup 10 u< [ 3 * 30 u< ] [ drop t ] if ] final-literals ]
}
Unit Test: {
    { V{ "d" } }
    [
        [
            3 {
                [ "a" ]
                [ "b" ]
                [ "c" ]
                [ "d" ]
                [ "e" ]
                [ "f" ]
                [ "g" ]
                [ "h" ]
            } dispatch
        ] final-literals
    ]
}
Unit Test: {
    { V{ "hi" } }
    [ [ [ "hi" ] [ 123 3 throw ] if ] final-literals ]
}
Unit Test: {
    { V{ fixnum } }
    [
        [ >fixnum dup 100 < [ 1 + ] [ "Oops" throw ] if ]
        final-classes
    ]
}
Unit Test: {
    { V{ fixnum } }
    [
        [ >fixnum dup 100 u< [ 1 + ] [ "Oops" throw ] if ]
        final-classes
    ]
}
Unit Test: {
    { V{ -1 } }
    [ [ 0 dup 100 < not [ 1 + ] [ 1 - ] if ] final-literals ]
}
Unit Test: {
    { V{ -1 } }
    [ [ 0 dup 100 u< not [ 1 + ] [ 1 - ] if ] final-literals ]
}
Unit Test: { { V{ 2 } } [ [ [ 1 ] [ 1 ] if 1 + ] final-literals ] }
Unit Test: { { V{ object } } [ [ 0 * 10 < ] final-classes ] }
Unit Test: { { V{ object } } [ [ 0 * 10 u< ] final-classes ] }
Unit Test: {
    { V{ 27 } }
    [
        [
            123 bitand dup 10 < over 8 > and
            [ 3 * ] [ "B" throw ] if
        ] final-literals
    ]
}
Unit Test: {
    { V{ 27 } }
    [
        [
            123 bitand dup 10 u< over 8 u> and
            [ 3 * ] [ "B" throw ] if
        ] final-literals
    ]
}
Unit Test: {
    { V{ string string } }
    [
        [
            2dup [ dup string? [ "Oops" throw ] unless ] bi@
            2drop
        ] final-classes
    ]
}
Unit Test: {
    { V{ fixnum } }
    [
        [ { fixnum fixnum } declare 7 bitand neg shift ]
        final-classes
    ]
}
Unit Test: {
    { V{ fixnum } }
    [
        [ { fixnum fixnum } declare 7 bitand neg >bignum shift ]
        final-classes
    ]
}
Unit Test: {
    { V{ fixnum } }
    [
        [ { fixnum } declare 1 swap 7 bitand shift ]
        final-classes
    ]
}
Unit Test: {
    { V{ fixnum } }
    [
        [ { fixnum } declare 1 swap 7 bitand >bignum shift ]
        final-classes
    ]
}
Unit Test: { { V{ t } } [ [ 10 f <array> length 10 = ] final-literals ] }
Unit Test: {
    { V{ t } }
    [
        [
            [ 10 f <array> length ] [ 10 <byte-array> length ]
            if 10 =
        ] final-literals
    ]
}
Unit Test: {
    { V{ t } }
    [
        [ [ 1 f <array> ] [ 2 f <array> ] if length 3 < ]
        final-literals
    ]
}
Unit Test: {
    { V{ 10 } }
    [
        [ { fixnum } declare dup 10 eq? [ "A" throw ] unless ]
        final-literals
    ]
}
Unit Test: {
    { V{ 3 } }
    [ [ [ { 1 2 3 } ] [ { 4 5 6 } ] if length ] final-literals ]
}
Unit Test: {
    { V{ 3 } }
    [
        [ [ B{ 1 2 3 } ] [ B{ 4 5 6 } ] if length ]
        final-literals
    ]
}
Unit Test: {
    { V{ 3 } }
    [ [ [ "yay" ] [ "hah" ] if length ] final-literals ]
}
Unit Test: {
    { V{ integer } }
    [ [ { prop-test-tuple } declare x>> ] final-classes ]
}
Unit Test: {
    { V{ T{ fold-boa-test-tuple { x 1 } { y 2 } { z 3 } } } }
    [ [ 1 2 3 fold-boa-test-tuple boa ] final-literals ]
}
Unit Test: {
    { V{ f } }
    [ [ don't-fold-boa-test-tuple boa ] final-literals ]
}
Unit Test: {
    { V{ T{ immutable-prop-test-tuple { x "hey" } } } }
    [ [ "hey" immutable-prop-test-tuple boa ] final-literals ]
}
Unit Test: {
    { V{ { 1 2 } } }
    [
        [ { 1 2 } immutable-prop-test-tuple boa x>> ]
        final-literals
    ]
}
Unit Test: {
    { V{ array } }
    [
        [ { array } declare immutable-prop-test-tuple boa x>> ]
        final-classes
    ]
}
Unit Test: { { V{ complex } } [ [ complex boa ] final-classes ] }
Unit Test: {
    { V{ complex } }
    [
        [
            { float float } declare dup 0.0 <=
            [ "Oops" throw ] [ rect> ] if
        ] final-classes
    ]
}
Unit Test: {
    { V{ float float } }
    [
        [
            { float float } declare dup 0.0 <=
            [ "Oops" throw ] when rect>
            [ real>> ] [ imaginary>> ] bi
        ] final-classes
    ]
}
Unit Test: {
    { V{ complex } }
    [
        [
            { float float object } declare
            [ "Oops" throw ] [ complex boa ] if
        ] final-classes
    ]
}
Must Not Fail: {
    [
        [ dup 3 slot swap 4 slot dup 3 slot swap 4 slot ]
        final-info
    ]
}
Unit Test: {
    { V{ number } }
    [ [ [ "Oops" throw ] [ 2 + ] if ] final-classes ]
}
Unit Test: {
    { V{ number } }
    [ [ [ 2 + ] [ "Oops" throw ] if ] final-classes ]
}
Unit Test: {
    { V{ POSTPONE: f } }
    [ [ dup 1.0 <= [ drop f ] [ 0 number= ] if ] final-classes ]
}
Unit Test: {
    { V{ sequence } }
    [ [ "hey" mutable-tuple-test boa x>> ] final-classes ]
}
Unit Test: {
    { V{ sequence } }
    [
        [ T{ mutable-tuple-test { x "hey" } } x>> ]
        final-classes
    ]
}
Unit Test: {
    { V{ array } }
    [
        [ T{ mutable-tuple-test { x "hey" } } layout-of ]
        final-classes
    ]
}
Unit Test: {
    { V{ integer array } }
    [
        [
            3 { 2 1 } mixed-mutable-immutable boa
            [ x>> ] [ y>> ] bi
        ] final-classes
    ]
}
Unit Test: {
    { V{ array integer } }
    [
        [
            3 { 2 1 } mixed-mutable-immutable boa
            [ y>> ] [ x>> ] bi
        ] final-classes
    ]
}
Unit Test: {
    { V{ integer array } }
    [
        [
            [
                2drop
                T{ mixed-mutable-immutable { x 3 } { y { } } }
            ] [ { array } declare mixed-mutable-immutable boa ]
            if [ x>> ] [ y>> ] bi
        ] final-classes
    ]
}
Unit Test: {
    { V{ f { } } }
    [
        [
            T{ mixed-mutable-immutable { x 3 } { y { } } }
            [ x>> ] [ y>> ] bi
        ] final-literals
    ]
}
Unit Test: { { V{ null } } [ [ recursive-test-1 ] final-classes ] }
Unit Test: { { V{ real } } [ [ recursive-test-2 ] final-classes ] }
Unit Test: { { V{ real } } [ [ recursive-test-3 ] final-classes ] }
Unit Test: { { V{ real } } [ [ [ dup 10 < ] [ ] while ] final-classes ] }
Unit Test: {
    { V{ float } }
    [ [ { float } declare 10 [ 2.3 * ] times ] final-classes ]
}
Unit Test: {
    { V{ fixnum } }
    [ [ 0 10 [ nip ] each-integer ] final-classes ]
}
Unit Test: {
    { V{ t } }
    [ [ t 10 [ nip 0 >= ] each-integer ] final-literals ]
}
Must Not Fail: { [ [ recursive-test-4 ] final-info ] }
Unit Test: {
    { V{ integer } }
    [ [ { integer } declare recursive-test-5 ] final-classes ]
}
Unit Test: {
    { V{ integer } }
    [ [ { fixnum } declare recursive-test-6 ] final-classes ]
}
Unit Test: { { V{ fixnum } } [ [ 0 recursive-test-7 ] final-classes ] }
Unit Test: {
    { V{ fixnum } }
    [ [ 1 10 [ dup 10 < [ 2 * ] when ] times ] final-classes ]
}
Unit Test: {
    { V{ integer } }
    [ [ 0 2 100 ^ [ nip ] each-integer ] final-classes ]
}
Must Not Fail: { [ [ [ ] [ ] compose curry call ] final-info ] }
Unit Test: {
    { V{ } }
    [
        [ [ drop ] [ drop ] compose curry each-integer-from ]
        final-classes
    ]
}
Unit Test: {
    { V{ fixnum } }
    [ [ { fixnum } declare dead-loop ] final-classes ]
}
Must Not Fail: { [ [ 3 hang-1 ] final-info ] }
Must Not Fail: { [ [ 3 over hang-2 ] final-info ] }
Unit Test: {
    { }
    [
        [ dup fixnum? [ 3 over hang-2 ] [ 3 over hang-2 ] if ]
        final-info drop
    ]
}
Unit Test: {
    { V{ t } }
    [
        [ { hashtable } declare hashtable instance? ]
        final-classes
    ]
}
Unit Test: {
    { V{ POSTPONE: f } }
    [ [ { vector } declare hashtable instance? ] final-classes ]
}
Unit Test: {
    { V{ object } }
    [ [ { assoc } declare hashtable instance? ] final-classes ]
}
Unit Test: { { V{ POSTPONE: f } } [ [ 3 string? ] final-classes ] }
Unit Test: {
    { V{ fixnum } }
    [ [ { fixnum } declare [ ] curry obj>> ] final-classes ]
}
Unit Test: { { V{ f } } [ [ 10 eq? [ drop 3 ] unless ] final-literals ] }
Unit Test: { { V{ fixnum } } [ [ bad-behavior ] final-classes ] }
Unit Test: {
    { V{ number } }
    [
        [
            0 10
            [ bad-generic dup 123 bitand drop bad-generic 1 + ]
            times
        ] final-classes
    ]
}
Must Not Fail: { [ [ { integer } declare infinite-loop ] final-classes ] }
Unit Test: { { V{ tuple } } [ [ tuple-layout <tuple> ] final-classes ] }
Must Not Fail: { [ [ instance? ] final-classes ] }
Unit Test: { { f } [ [ V{ } clone ] final-info first literal?>> ] }
Must Not Fail: { [ [ 0 fold-throw-test ] final-info ] }
Must Not Fail: { [ [ too-deep ] final-info ] }
Must Not Fail: { [ [ reversed boa slice boa nth-unsafe * ] final-info ] }
Must Not Fail: { [ [ { empty-mixin } declare empty-mixin? ] final-info ] }
Unit Test: {
    { V{ fixnum } }
    [ [ [ bignum-shift drop ] keep ] final-classes ]
}
Unit Test: {
    { V{ float } }
    [
        [
            [ { float float } declare complex boa ]
            [ 2drop C{ 0.0 0.0 } ] if real-part
        ] final-classes
    ]
}
Unit Test: {
    { V{ POSTPONE: f } }
    [ [ { float } declare 0 eq? ] final-classes ]
}
Unit Test: {
    { { fixnum integer integer fixnum } }
    [
        {
            { integer fixnum }
            { fixnum integer }
            { fixnum bignum }
            { bignum fixnum }
        } [ '[ _ declare mod ] final-classes first ] map
    ]
}
Unit Test: {
    { V{ integer } }
    [ [ { bignum bignum } declare bignum-mod ] final-classes ]
}
Unit Test: {
    { V{ integer integer } }
    [ [ { bignum bignum } declare /mod ] final-classes ]
}
Unit Test: {
    {
        [
            bignum-mod 20 over tag 0 eq?
            [ fixnum+ ] [ fixnum>bignum bignum+ ] if
        ]
    }
    [
        [ { bignum bignum } declare bignum-mod 20 + ] build-tree
        optimize-tree nodes>quot
    ]
}
Unit Test: { { V{ fixnum } } [ [ fixnum-mod ] final-classes ] }
Unit Test: {
    { V{ integer } }
    [ [ { fixnum integer } declare bitand ] final-classes ]
}
Unit Test: { { V{ double-array } } [ [ double-array{ } ] final-classes ] }
Unit Test: { { V{ t } } [ [ macos unix? ] final-literals ] }
Unit Test: {
    { V{ array } }
    [ [ [ <=> ] sort-with [ <=> ] sort-with ] final-classes ]
}
Unit Test: { { V{ float } } [ [ fsqrt ] final-classes ] }
Unit Test: {
    { V{ t } }
    [
        [ { fixnum } declare 10 mod >float -20 > ]
        final-literals
    ]
}
Unit Test: {
    { T{ interval { from { 0 t } } { to { 127 t } } } }
    [
        [ { integer } declare 127 bitand ] final-info first
        interval>>
    ]
}
Unit Test: {
    { V{ t } }
    [
        [ [ 123 bitand ] [ drop f ] if dup [ 0 >= ] [ not ] if ]
        final-literals
    ]
}
Unit Test: {
    { V{ integer } }
    [ [ { bignum } declare dup 1 - bitxor ] final-classes ]
}
Unit Test: {
    { V{ integer integer } }
    [
        [ { bignum integer } declare [ shift ] keep ]
        final-classes
    ]
}
Unit Test: {
    { V{ fixnum } }
    [ [ >fixnum 15 bitand 1 swap shift ] final-classes ]
}
Unit Test: { { V{ fixnum } } [ [ 15 bitand 1 swap shift ] final-classes ] }
Unit Test: {
    { V{ fixnum } }
    [ [ { fixnum } declare log2 ] final-classes ]
}
Unit Test: {
    { V{ t } }
    [ [ { fixnum } declare log2 0 >= ] final-classes ]
}
Unit Test: {
    { V{ POSTPONE: f } }
    [ [ { word object } declare equal? ] final-classes ]
}
Unit Test: { { t } [ [ dup t xor or ] final-classes first true-class? ] }
Unit Test: {
    { t }
    [ [ dup t xor swap or ] final-classes first true-class? ]
}
Unit Test: { { t } [ [ dup t xor and ] final-classes first false-class? ] }
Unit Test: {
    { t }
    [ [ dup t xor swap and ] final-classes first false-class? ]
}
Must Not Fail: { [ [ littledan-1-test ] final-classes ] }
Must Not Fail: { [ [ littledan-2-test ] final-classes ] }
Must Not Fail: { [ [ littledan-3-test ] final-classes ] }
Unit Test: { { V{ 0 } } [ [ { } length ] final-literals ] }
Unit Test: {
    { V{ 1 } }
    [ [ { } length 1 + f <array> length ] final-literals ]
}
Unit Test: {
    { V{ fixnum } }
    [ [ 0 10 [ 1 + >fixnum ] times ] final-classes ]
}
Unit Test: {
    { V{ fixnum } }
    [ [ 0 10 [ 1 + >fixnum ] times 0 + ] final-classes ]
}
Unit Test: {
    { V{ f } }
    [ [ 1 2 ? 100 shift >fixnum 1 = ] final-literals ]
}
Unit Test: {
    { V{ t } }
    [
        [ >fixnum 1 + >fixnum most-positive-fixnum <= ]
        final-literals
    ]
}
Unit Test: {
    { V{ t } }
    [
        [ >fixnum 1 + >fixnum most-negative-fixnum >= ]
        final-literals
    ]
}
Unit Test: {
    { V{ f } }
    [
        [ >fixnum 1 + >fixnum most-negative-fixnum > ]
        final-literals
    ]
}
Must Not Fail: { [ circle new dup >>me 1quotation final-info ] }
Unit Test: { { V{ integer } } [ [ >integer ] final-classes ] }
Unit Test: { { t } [ [ foo new ] { new } inlined? ] }
Unit Test: { { t } [ [ 1 whatever new ] { new } inlined? ] }
Unit Test: { { f } [ [ that-thing new ] { new } inlined? ] }
Unit Test: { { t } [ [ 1 whatever2 at ] { at* hashcode* } inlined? ] }
Unit Test: { { f } [ [ whatever2 at ] { at* hashcode* } inlined? ] }
Unit Test: { { f } [ [ not-an-assoc at ] { at* } inlined? ] }
Unit Test: { { t } [ [ { 1 2 3 } member? ] { member? } inlined? ] }
Unit Test: { { f } [ [ { 1 2 3 } swap member? ] { member? } inlined? ] }
Unit Test: { { t } [ [ { 1 2 3 } member-eq? ] { member-eq? } inlined? ] }
Unit Test: {
    { f }
    [ [ { 1 2 3 } swap member-eq? ] { member-eq? } inlined? ]
}
Unit Test: { { t } [ [ V{ } clone ] { clone (clone) } inlined? ] }
Unit Test: { { f } [ [ { } clone ] { clone (clone) } inlined? ] }
Unit Test: { { f } [ [ instance? ] { instance? } inlined? ] }
Unit Test: { { f } [ [ 5 instance? ] { instance? } inlined? ] }
Unit Test: { { t } [ [ array instance? ] { instance? } inlined? ] }
Unit Test: {
    { t }
    [ [ ( a b c -- c b a ) shuffle ] { shuffle } inlined? ]
}
Unit Test: { { f } [ [ { 1 2 3 } swap shuffle ] { shuffle } inlined? ] }
Unit Test: {
    { V{ object } }
    [
        [
            { 1 2 3 } dup tuple-with-read-only-slot boa
            clone x>> eq?
        ] final-classes
    ]
}
Unit Test: {
    { t }
    [
        [
            { byte-array fixnum } declare alien-cell dup
            [ "OOPS" throw ] unless
        ] final-classes first alien class=
    ]
}
Unit Test: { { f } [ [ { } 1 fixnum+fast ] final-info first literal?>> ] }
Unit Test: {
    { t }
    [
        [ >fixnum dup 0 >= [ 16 /i ] when ]
        { /i fixnum/i fixnum/i-fast } inlined?
    ]
}
Unit Test: {
    { f }
    [
        [ >fixnum dup 0 >= [ 16 /i ] when ]
        { fixnum-shift-fast } inlined?
    ]
}
Unit Test: {
    { f }
    [
        [ >float dup 0 >= [ 16 /i ] when ] { /i float/f }
        inlined?
    ]
}
Unit Test: {
    { t }
    [ [ void* <c-direct-array> ] { <c-direct-array> } inlined? ]
}
Unit Test: {
    { V{ void*-array } }
    [ [ void* <c-direct-array> ] final-classes ]
}
Unit Test: {
    { t }
    [
        [ alien-unsigned-1 255 bitand ] { bitand fixnum-bitand }
        inlined?
    ]
}
Unit Test: {
    { t }
    [
        [ alien-unsigned-1 255 swap bitand ]
        { bitand fixnum-bitand } inlined?
    ]
}
Unit Test: {
    { t }
    [
        [ { fixnum } declare 256 rem -256 bitand ]
        { fixnum-bitand } inlined?
    ]
}
Unit Test: {
    { t }
    [
        [ { fixnum } declare 250 rem -256 bitand ]
        { fixnum-bitand } inlined?
    ]
}
Unit Test: {
    { f }
    [
        [ { fixnum } declare 257 rem -256 bitand ]
        { fixnum-bitand } inlined?
    ]
}
Unit Test: { { V{ fixnum } } [ [ >bignum 10 mod 2^ ] final-classes ] }
Unit Test: { { V{ fixnum } } [ [ >bignum 10 bitand ] final-classes ] }
Unit Test: {
    { V{ fixnum } }
    [ [ >bignum 10 >bignum bitand ] final-classes ]
}
Unit Test: { { V{ fixnum } } [ [ >bignum 10 mod ] final-classes ] }
Unit Test: {
    { V{ fixnum } }
    [ [ { fixnum } declare -1 >bignum bitand ] final-classes ]
}
Unit Test: {
    { V{ fixnum } }
    [
        [ { fixnum } declare -1 >bignum swap bitand ]
        final-classes
    ]
}
Unit Test: { { V{ fixnum } } [ [ 10 >bignum bitand ] final-classes ] }
Unit Test: {
    { V{ fixnum } }
    [ [ { fixnum } declare 10 >bignum bitand ] final-classes ]
}
Unit Test: {
    { V{ fixnum } }
    [ [ { integer } declare 10 >bignum bitand ] final-classes ]
}
Unit Test: { { t } [ [ { fixnum fixnum } declare min ] { min } inlined? ] }
Unit Test: {
    { f }
    [
        [ { fixnum fixnum } declare min ] { fixnum-min }
        inlined?
    ]
}
Unit Test: { { t } [ [ { float float } declare min ] { min } inlined? ] }
Unit Test: {
    { f }
    [ [ { float float } declare min ] { float-min } inlined? ]
}
Unit Test: { { t } [ [ { fixnum fixnum } declare max ] { max } inlined? ] }
Unit Test: {
    { f }
    [
        [ { fixnum fixnum } declare max ] { fixnum-max }
        inlined?
    ]
}
Unit Test: { { t } [ [ { float float } declare max ] { max } inlined? ] }
Unit Test: {
    { f }
    [ [ { float float } declare max ] { float-max } inlined? ]
}
Unit Test: { { V{ } } [ [ 4 <reversed> [ 2drop ] with each ] final-info ] }
Unit Test: {
    { 1 }
    [
        [ 4 <reversed> [ nth-unsafe ] [ ] unless ] final-info
        length
    ]
}
Unit Test: { { t } [ [ 3 bit? ] { bit? } inlined? ] }
Unit Test: { { f } [ [ 500 bit? ] { bit? } inlined? ] }
Unit Test: { { t } [ [ { 1 } intersect ] { intersect } inlined? ] }
Unit Test: { { f } [ [ { 1 } swap intersect ] { intersect } inlined? ] }
Unit Test: { { t } [ [ { 1 } intersects? ] { intersects? } inlined? ] }
Unit Test: {
    { f }
    [ [ { 1 } swap intersects? ] { intersects? } inlined? ]
}
Unit Test: { { t } [ [ { 1 } diff ] { diff } inlined? ] }
Unit Test: { { f } [ [ { 1 } swap diff ] { diff } inlined? ] }
Unit Test: {
    { t }
    [
        [ string-nth ] final-info first interval>> 0 23 2^ 1 -
        [a,b] =
    ]
}
Unit Test: {
    { t }
    [
        [ { byte-array } declare <displaced-alien> ]
        final-classes first byte-array alien class-or class=
    ]
}
Unit Test: {
    { V{ alien } }
    [ [ { alien } declare <displaced-alien> ] final-classes ]
}
Unit Test: {
    { t }
    [
        [ { POSTPONE: f } declare <displaced-alien> ]
        final-classes first \ f alien class-or class=
    ]
}
Unit Test: {
    { V{ alien } }
    [
        [
            { byte-array } declare [ 10 bitand 2 + ] dip
            <displaced-alien>
        ] final-classes
    ]
}
Unit Test: { { V{ t } } [ [ tag 0 15 between? ] final-literals ] }
Unit Test: {
    { t }
    [ [ maybe{ integer } instance? ] { instance? } inlined? ]
}
Unit Test: {
    { t }
    [
        [ maybe{ inline-please } instance? ] { instance? }
        inlined?
    ]
}
Unit Test: {
    { t }
    [
        [ dup maybe{ integer } instance? [ derp ] when ]
        { instance? } inlined?
    ]
}
Must Fail With: { [ 2+1/2 bitand-ratio0 ] [ no-method? ] }
Must Fail With: { [ 2+1/2 bitand-ratio1 ] [ no-method? ] }
Must Fail With: { [ 1 shift-test0 ] [ no-method? ] }
Unit Test: {
    { t }
    [
        [ bar <struct> [ s>> ] follow ] build-tree optimize-tree
        [ #recursive? ] find nip child>>
        [ { [ #call? ] [ word>> \ alien-cell = ] } 1&& ] find
        nip >boolean
    ]
}
Unit Test: {
    { V{ integer } }
    [ [ { bignum bignum } declare bignum+ ] final-classes ]
}
Unit Test: {
    { V{ integer } }
    [ [ { bignum bignum } declare bignum/i ] final-classes ]
}
Unit Test: { { V{ integer integer } } [ [ bignum/mod ] final-classes ] }
Unit Test: {
    { V{ fixnum } }
    [
        [ { bignum } declare 15 >bignum bignum-bitand ]
        final-classes
    ]
}
Unit Test: {
    { V{ bignum } }
    [ [ { fixnum } declare >bignum ] final-classes ]
}
Unit Test: { { t } [ [ + ] cached-effect ( a b -- c ) effect= ] }
Unit Test: { { t } [ \ + cached-effect ( a b -- c ) effect= ] }
Unit Test: { { t } [ 1 \ + curry cached-effect ( a -- c ) effect= ] }
Unit Test: {
    { t }
    [ \ + \ sq compose cached-effect ( a b -- c ) effect= ]
}
Must Fail With: {
    [ "Factor" \ nfc checked-empty-execute drop ]
    [ wrong-values? ]
}
Must Fail With: {
    [ "Factor" [ nfc ] checked-empty-call drop ]
    [ wrong-values? ]
}
Must Fail With: { [ 1 [ dup drop ] checked-empty-call drop ] [ wrong-values? ] }
Must Fail With: {
    [ "Factor" \ nfc ( -- ) execute-effect drop ]
    [ wrong-values? ]
}
Must Fail With: {
    [ "Factor" [ nfc ] ( -- ) call-effect drop ]
    [ wrong-values? ]
}
Unit Test: {
    { "Factor" }
    [ "Factor" \ nfc ( str -- str' ) execute-effect ]
}
Unit Test: { { 2 } [ 1 [ 1 + ] [ call ] checked-unknown-call ] }
Unit Test: {
    { t }
    [
        incompatible-ran? off [
            1 [ incompatible-identity ] checked-empty-call drop
            f
        ] [ wrong-values? incompatible-ran? get not and ]
        recover
    ]
}
Unit Test: {
    { t }
    [
        incompatible-ran? off [
            1 \ incompatible-identity checked-empty-execute drop
            f
        ] [ wrong-values? incompatible-ran? get not and ]
        recover
    ]
}
Unit Test: { { t } [ 5 [ + ] curry cached-effect ( a -- c ) effect= ] }
Unit Test: { { t } [ 5 [ ] curry cached-effect ( -- c ) effect= ] }
Unit Test: {
    { t }
    [
        [ dup ] [ drop ] compose
        cached-effect ( a -- b ) effect=
    ]
}
Unit Test: {
    { t }
    [
        [ drop ] [ dup ] compose
        cached-effect ( a b -- c d ) effect=
    ]
}
Unit Test: {
    { t }
    [
        [ 2drop ] [ dup ] compose
        cached-effect ( a b c -- d e ) effect=
    ]
}
Unit Test: {
    { t }
    [
        [ 1 2 3 ] [ 2drop ] compose
        cached-effect ( -- a ) effect=
    ]
}
Unit Test: {
    { t }
    [ [ 1 2 ] [ 3drop ] compose cached-effect ( a -- ) effect= ]
}
Unit Test: {
    { [ drop ( a -- b ) T{ inline-cache } call-effect-ic ] }
    [ ( a -- b ) call-effect>quot ]
}
Unit Test: {
    { 10000 }
    [ 100 [ sq ] ( a -- b ) call-effect-slow>quot call ]
}
Unit Test: {
    {
        [
            [
                ( -- a b c ) 2dup check-call-effect 2dup [
                    [ [ get-datastack ] dip dip ] dip
                    dup terminated?>>
                    [ 2drop f ] [
                        dup in>> length swap out>> length
                        check-datastack
                    ] if
                ] 2dip rot [ 2drop ] [ wrong-values ] if
            ] ( obj -- a b c ) call-effect-unsafe
        ]
    }
    [ ( -- a b c ) call-effect-slow>quot ]
}
Unit Test: {
    { f t }
    [
        [ ] ( m -- ) call-effect-unsafe?
        [ ] ( x -- x ) call-effect-unsafe?
    ]
}
Unit Test: {
    { [ drop f T{ inline-cache } call-effect-ic ] }
    [
        T{ #call
            { word call-effect }
            { in-d V{ 165186755 165186756 165186754 } }
            { out-d { 165186757 } }
        } call-inlining
    ]
}
Unit Test: { { t } [ \ + ( a b -- c ) execute-effect-unsafe? ] }
Unit Test: { { t } [ \ + ( a b c -- d e ) execute-effect-unsafe? ] }
Unit Test: { { f } [ \ + ( a b c -- d ) execute-effect-unsafe? ] }
Unit Test: { { f } [ \ call ( x -- ) execute-effect-unsafe? ] }
Unit Test: {
    { t }
    [
        [ boa ] inline-cache new [ update-inline-cache ] keep
        [ boa ] effect-counter inline-cache boa =
    ]
}
Unit Test: {
    { [ 3 ] }
    [ [ 1 2 \ + ( a b -- c ) execute-effect ] optimized-quot ]
}
Unit Test: {
    { [ 3 ] }
    [ [ 1 2 [ + ] ( a b -- c ) call-effect ] optimized-quot ]
}
Unit Test: {
    { [ 3 ] }
    [ [ 1 2 \ + ( a b -- c ) call-effect ] optimized-quot ]
}
Unit Test: {
    { [ 9 ] }
    [
        [ 1 2 \ + \ sq compose ( a b -- c ) call-effect ]
        optimized-quot
    ]
}
Unit Test: {
    { [ 3 ] }
    [ [ 1 2 '[ _ + ] ( a -- b ) call-effect ] optimized-quot ]
}
Unit Test: {
    { [ 3 ] }
    [
        [ 1 2 '[ _ ] [ + ] compose ( a -- b ) call-effect ]
        optimized-quot
    ]
}
Must Fail: { [ 1 2 { [ + ] } first compiled-call2 ] }
Unit Test: { { 3 } [ 1 2 { + } first compiled-execute2 ] }
Unit Test: { { 3 } [ 1 2 '[ _ + ] compiled-call2 ] }
Unit Test: { { 3 } [ 1 2 '[ _ ] [ + ] compose compiled-call2 ] }
Unit Test: { { 3 } [ 1 2 \ + compiled-execute2 ] }
Unit Test: { { 3 } [ 1 2 { [ + ] } first ( a b -- c ) call-effect ] }
Unit Test: { { 3 } [ 1 2 { + } first ( a b -- c ) execute-effect ] }
Unit Test: { { 3 } [ 1 2 '[ _ + ] ( a -- b ) call-effect ] }
Unit Test: { { 3 } [ 1 2 '[ _ ] [ + ] compose ( a -- b ) call-effect ] }
Unit Test: {
    { t }
    [
        [ 2 '[ _ ] [ + ] compose ] final-info first infer-value
        ( object -- object ) effect=
    ]
}
Unit Test: {
    { t }
    [
        [ 2 '[ _ ] 1 '[ _ + ] compose ] final-info first
        infer-value ( -- object ) effect=
    ]
}
Unit Test: {
    { t }
    [
        [ 2 '[ _ + ] ] final-info first infer-value
        ( object -- object ) effect=
    ]
}
Unit Test: { { f } [ [ [ [ ] [ 1 ] if ] ] final-info first infer-value ] }
Unit Test: {
    { t }
    [
        [ [ 1 ] '[ @ ] ] final-info first infer-value
        ( -- object ) effect=
    ]
}
Unit Test: { { f } [ [ dup drop ] final-info first infer-value ] }
Must Not Fail: {
    [
        [
            [ dup ( quot -- ) call-effect ] dup ( quot -- )
            call-effect
        ] final-info
    ]
}
Must Not Fail: {
    [
        [
            [ dup curry ( quot -- ) call-effect ] dup curry
            ( quot -- ) call-effect
        ] final-info
    ]
}
Unit Test: {
    { V{ a-tuple } }
    [
        [ a-tuple '[ _ boa ] ( x -- tuple ) call-effect ]
        final-classes
    ]
}
Unit Test: { { t } [ test-quotatation cached-effect ( a -- b ) effect<= ] }
Unit Test: {
    { }
    [
        "IN: compiler.tree.propagation.call-effect.tests USE: math : c..."
        ( -- ) eval
    ]
}
Unit Test: {
    { t }
    [ test-quotatation cached-effect ( a b -- c ) effect<= ]
}
Unit Test: {
    { 4 }
    [ 1 3 test-quotatation inline-cache-invalidation-test ]
}
Unit Test: {
    { }
    [
        "IN: compiler.tree.propagation.call-effect.tests USE: math : c..."
        ( -- ) eval
    ]
}
Must Fail With: {
    [ 1 3 test-quotatation inline-cache-invalidation-test ]
    [
        T{ wrong-values
            { quot [ call(-redefine-test ] }
            { call-site ( a b -- c ) }
        } =
    ]
}
Unit Test: {
    { T{ my-tuple { a 1 } { b 2 } { c 3 } } }
    [ 1 2 3 my-quot my-word ]
}
Unit Test: {
    { }
    [
        "IN: compiler.tree.propagation.call-effect.tests TUPLE: my-tup..."
        ( -- ) eval
    ]
}
Must Fail With: { [ 1 2 3 my-quot my-word ] [ wrong-values? ] }
Must Fail With: { [ composed <class-info> (infer-value) ] [ uninferable? ] }
Unit Test: {
    { t }
    [
        [ 1 ] [ 2 ] compose
        <literal-info> (infer-value) ( -- x x ) effect=
    ]
}
Unit Test: {
    { }
    [
        "IN: compiler.tree.propagation.call-effect.tests USING:\nkernel..."
        ( -- ) eval
    ]
}
Unit Test: { { } [ 0 introduce-value ] }
Unit Test: { { } [ 1 introduce-value ] }
Unit Test: { { } [ 1 2 is-copy-of ] }
Unit Test: { { } [ 2 3 is-copy-of ] }
Unit Test: { { } [ 2 4 is-copy-of ] }
Unit Test: { { } [ 4 5 is-copy-of ] }
Unit Test: { { } [ 0 6 is-copy-of ] }
Unit Test: { { 0 } [ 0 resolve-copy ] }
Unit Test: { { 1 } [ 5 resolve-copy ] }
Unit Test: { { 1 } [ 5 copies get at ] }
Unit Test: { { 1 } [ 1 resolve-copy ] }
Unit Test: { { 1 } [ 2 resolve-copy ] }
Unit Test: { { 1 } [ 3 resolve-copy ] }
Unit Test: { { 1 } [ 4 resolve-copy ] }
Unit Test: { { 0 } [ 6 resolve-copy ] }
Unit Test: { { 1234 } [ H{ { 1234 1234 } } copies set 1234 resolve-copy ] }
Unit Test: { { f } [ 0.0 -0.0 eql? ] }
Unit Test: {
    { t t }
    [
        0 10 [a,b] <interval-info> 5 20 [a,b]
        <interval-info> value-info-intersect
        [ class>> real class= ] [ interval>> 5 10 [a,b] = ] bi
    ]
}
Unit Test: {
    { float 10.0 t }
    [
        10.0 <literal-info> 10.0 <literal-info>
        value-info-intersect [ class>> ] [ >literal< ] bi
    ]
}
Unit Test: {
    { null }
    [
        10 <literal-info> 10.0 <literal-info>
        value-info-intersect class>>
    ]
}
Unit Test: {
    { fixnum 10 t }
    [
        10 <literal-info> 10 <literal-info> value-info-union
        [ class>> ] [ >literal< ] bi
    ]
}
Unit Test: {
    { 3.0 t }
    [
        3 3 [a,b]
        <interval-info> float <class-info> value-info-intersect
        >literal<
    ]
}
Unit Test: {
    { 3 t }
    [
        2 3 (a,b]
        <interval-info> fixnum <class-info> value-info-intersect
        >literal<
    ]
}
Unit Test: {
    {
        T{ value-info-state
            { class null }
            { interval empty-interval }
        }
    }
    [
        fixnum -10 0 [a,b] <class/interval-info>
        fixnum 19 29 [a,b] <class/interval-info>
        value-info-intersect
    ]
}
Unit Test: {
    { t }
    [
        f f 3 <literal-info> 3array test-tuple <tuple-info>
        dup object-info value-info-intersect =
    ]
}
Unit Test: {
    { t t }
    [
        f <literal-info> fixnum 0 40 [a,b] <class/interval-info>
        value-info-union
        \ f class-not <class-info> value-info-intersect
        [ class>> fixnum class= ] [ interval>> 0 40 [a,b] = ] bi
    ]
}
Unit Test: {
    {
        T{ value-info-state
            { class fixnum }
            { interval
                T{ interval
                    { from { 0 t } }
                    { to { 288230376151711743 t } }
                }
            }
        }
    }
    [
        H{ { 1234 1234 } } copies set {
            H{
                {
                    1234
                    T{ value-info-state
                        { class fixnum }
                        { interval
                            T{ interval
                                { from ~array~ }
                                { to ~array~ }
                            }
                        }
                    }
                }
            }
        } value-infos set
        integer array-capacity-interval <class/interval-info>
        1234 refine-value-info 1234 value-info
    ]
}
Unit Test: {
    { 3 t }
    [ 3 <literal-info> null-info value-info-union >literal< ]
}
Must Not Fail: { [ { } value-infos-union ] }
Unit Test: { { 10 t } [ fixnum 10 10 [a,b] interval>literal ] }
Unit Test: {
    { t t f }
    [
        null-info null-info slots<=
        { byte-array } self make-slotted-info
        self <class-info> slots<= self <class-info>
        { byte-array } self make-slotted-info slots<=
    ]
}
Unit Test: {
    { t t }
    [
        byte-array c-ptr [ <class-info> ] bi@ value-info<=
        alien c-ptr [ <class-info> ] bi@ value-info<=
    ]
}
Unit Test: {
    { t f }
    [
        20 <literal-info> fixnum <class-info> value-info<=
        fixnum <class-info> 20 <literal-info> value-info<=
    ]
}
Unit Test: {
    { t f }
    [
        null-info 3 <literal-info> value-info<=
        3 <literal-info> null-info value-info<=
    ]
}
Unit Test: { { t } [ 10 <literal-info> f value-info<= ] }
Unit Test: {
    { t t f }
    [
        { byte-array } self make-slotted-info
        { c-ptr } self make-slotted-info value-info<=
        { byte-array byte-array } self make-slotted-info
        { } self make-slotted-info value-info<=
        { } self make-slotted-info
        { byte-array byte-array } self make-slotted-info
        value-info<=
    ]
}
Unit Test: {
    { f }
    [
        10 <literal-info> 1array array <tuple-info>
        20 <literal-info> 1array array <tuple-info> value-info<=
    ]
}
Unit Test: {
    { t }
    [
        null-info { f c-ptr } self make-slotted-info
        value-info<=
    ]
}
Unit Test: {
    { t t f }
    [
        null-info null-info value-info<=
        null-info f value-info<= f null-info value-info<=
    ]
}
Unit Test: {
    { t f }
    [
        fixnum 20 30 [a,b] <class/interval-info>
        fixnum 0 100 [a,b] <class/interval-info> value-info<=
        fixnum 0 100 [a,b] <class/interval-info>
        fixnum 20 30 [a,b] <class/interval-info> value-info<=
    ]
}
Unit Test: {
    { t f f }
    [
        fixnum 20 30 [a,b] <class/interval-info>
        real 0 100 [a,b] <class/interval-info> value-info<=
        real 5 10 [a,b] <class/interval-info> integer 0 20 [a,b]
        <class/interval-info> value-info<= integer 0 20 [a,b]
        <class/interval-info> real 5 10 [a,b]
        <class/interval-info> value-info<=
    ]
}
Unit Test: {
    { f f }
    [
        [ "foo" ] <literal-info>
        [ "foo" ] <literal-info> value-info<=
        "hey" <literal-info> "hey" <literal-info> value-info<=
    ]
}
Unit Test: {
    { t f }
    [
        tup2 <class-info> tup1 <class-info> value-info<=
        tup1 <class-info> tup2 <class-info> value-info<=
    ]
}
Unit Test: { { utf8 } [ utf8 <class-info> class>> ] }
Unit Test: {
    {
        T{ value-info-state
            { class array-capacity }
            { interval
                T{ interval
                    { from { 0 t } }
                    { to { 288230376151711743 t } }
                }
            }
        }
    }
    [
        <value-info> -100 100 [a,b] >>interval
        array-capacity >>class init-interval
    ]
}
Unit Test: {
    {
        full-interval
        empty-interval
        T{ interval
            { from { -576460752303423488 t } }
            { to { 576460752303423487 t } }
        }
        T{ interval
            { from { 0 t } }
            { to { 288230376151711743 t } }
        }
        T{ interval
            { from { 0 t } }
            { to { 288230376151711743 t } }
        }
        T{ interval { from { -100 t } } { to { 100 t } } }
    }
    [
        full-interval integer wrap-interval
        empty-interval integer wrap-interval
        full-interval fixnum wrap-interval
        fixnum-interval array-capacity wrap-interval
        -100 100 [a,b] array-capacity wrap-interval
        -100 100 [a,b] integer wrap-interval
    ]
}
Unit Test: {
    { t t }
    [
        integer 100 2^ [a,a] <class/interval-info> >literal<
        [ 100 2^ = ] dip
    ]
}
Unit Test: {
    { t t }
    [
        integer 100 2^ neg [a,a] <class/interval-info> >literal<
        [ 100 2^ neg = ] dip
    ]
}
Unit Test: {
    { t t }
    [
        integer 3 >bignum [a,a] <class/interval-info> >literal<
        [ fixnum? ] dip
    ]
}
Unit Test: {
    { t }
    [
        [ >bignum 10 mod ] build-tree propagate fourth dup
        word>> do-inlining
    ]
}
Unit Test: { { t } [ \ + props>> "default-method" of never-inline-word? ] }
Unit Test: {
    { fixnum T{ interval { from { -19 t } } { to { 19 t } } } }
    [
        fixnum fixnum full-interval 0 20 [a,b]
        mod-merge-classes/intervals
    ]
}
Unit Test: {
    { object T{ interval { from { -20 f } } { to { 20 f } } } }
    [
        object object full-interval 0 20 [a,b]
        mod-merge-classes/intervals
    ]
}
Unit Test: {
    { fixnum }
    [
        bignum <class-info> fixnum fixnum-interval
        <class/interval-info> \ mod "outputs" word-prop
        ( x y -- z ) call-effect class>>
    ]
}
Unit Test: {
    { integer }
    [
        bignum <class-info> dup \ bignum-mod "outputs" word-prop
        call class>>
    ]
}
Unit Test: {
    { t }
    [
        100 random 2^ >bignum
        [ { bignum } declare 10 /mod ] call nip fixnum?
    ]
}
Unit Test: {
    { H{ { 1234 "hello" } } }
    [
        H{ { 1234 1234 } } copies set
        { H{ { 4321 "stuff" } { 1234 "hello" } } } value-infos
        set { 1234 } extract-value-info
    ]
}
Unit Test: {
    { array-capacity fixnum integer array-capacity }
    [
        0 100 [a,b] fixnum counter-class -100 100 [a,b]
        fixnum counter-class 0 100 [a,b] integer counter-class
        0 10 [a,b] array-capacity counter-class
    ]
}
Unit Test: {
    { T{ interval { from { 0 t } } { to { 1/0. t } } } }
    [
        T{ interval { from { 1 t } } { to { 1 t } } }
        T{ interval { from { 0 t } } { to { 0 t } } } integer
        generalize-counter-interval
    ]
}
Unit Test: {
    {
        T{ interval
            { from { 0 t } }
            { to { 288230376151711743 t } }
        }
    }
    [
        T{ interval { from { 1 t } } { to { 1 t } } }
        T{ interval { from { 0 t } } { to { 0 t } } } fixnum
        generalize-counter-interval
    ]
}
Unit Test: {
    { T{ interval { from { -1/0. t } } { to { 10 t } } } }
    [
        T{ interval { from { -1 t } } { to { -1 t } } }
        T{ interval { from { 10 t } } { to { 10 t } } } integer
        generalize-counter-interval
    ]
}
Unit Test: {
    {
        T{ interval
            { from { -576460752303423488 t } }
            { to { 10 t } }
        }
    }
    [
        T{ interval { from { -1 t } } { to { -1 t } } }
        T{ interval { from { 10 t } } { to { 10 t } } } fixnum
        generalize-counter-interval
    ]
}
Unit Test: {
    { t }
    [
        T{ interval
            { from { -268435456 t } }
            { to { 268435455 t } }
        } T{ interval { from { 1 t } } { to { 268435455 t } } }
        over integer generalize-counter-interval =
    ]
}
Unit Test: {
    { t }
    [
        T{ interval
            { from { -268435456 t } }
            { to { 268435455 t } }
        } T{ interval { from { 1 t } } { to { 268435455 t } } }
        over fixnum generalize-counter-interval =
    ]
}
Unit Test: {
    { full-interval }
    [
        T{ interval { from { -5 t } } { to { 3 t } } }
        T{ interval { from { 2 t } } { to { 11 t } } } integer
        generalize-counter-interval
    ]
}
Unit Test: {
    {
        T{ interval
            { from { -576460752303423488 t } }
            { to { 576460752303423487 t } }
        }
    }
    [
        T{ interval { from { -5 t } } { to { 3 t } } }
        T{ interval { from { 2 t } } { to { 11 t } } } fixnum
        generalize-counter-interval
    ]
}
Unit Test: {
    {
        V{
            T{ value-info-state
                { class integer }
                { interval
                    T{ interval
                        { from { 1 t } }
                        { to { 1/0. t } }
                    }
                }
            }
        }
    }
    [
        \ integer-loop build-tree optimize-tree [ #if? ] filter
        second children>> first first recursive-phi-infos
    ]
}
Unit Test: {
    { t }
    [
        [ { c-ptr fixnum } declare float-4-rep alien-vector ]
        [ [ ##load-memory? ] [ ##load-memory-imm? ] bi or ]
        contains-insn?
    ]
}
Unit Test: {
    { t }
    [
        [
            { byte-array c-ptr fixnum } declare
            float-4-rep set-alien-vector
        ] [ [ ##store-memory? ] [ ##store-memory-imm? ] bi or ]
        contains-insn?
    ]
}
Unit Test: { { 0 } [ folded-recursive-caller ] }
Unit Test: { { 0 } [ 0 folded-recursive-result ] }
Unit Test: {
    { }
    [
        fixnum-value-infos setup-value-infos
        #call-fixnum* dup word>> word>input-infos
        propagate-input-infos
    ]
}
Unit Test: {
    {
        {
            T{ value-info-state
                { class fixnum }
                { interval
                    T{ interval
                        { from { 7 t } }
                        { to { 7 t } }
                    }
                }
                { literal 7 }
                { literal? t }
            }
            T{ value-info-state
                { class fixnum }
                { interval
                    T{ interval
                        { from { 0 t } }
                        { to { 8097 t } }
                    }
                }
            }
        }
    }
    [
        fixnum-value-infos setup-value-infos
        V{ 0 1 } V{ 2 3 } \ fixnum/mod call-outputs-quot-of-word
    ]
}
Unit Test: {
    {
        {
            T{ value-info-state
                { class fixnum }
                { interval
                    T{ interval
                        { from { -19 t } }
                        { to { 19 t } }
                    }
                }
            }
        }
    }
    [
        bignum-value-infos setup-value-infos
        V{ 0 1 } V{ 2 } \ mod call-outputs-quot-of-word
    ]
}
Unit Test: {
    {
        {
            T{ value-info-state
                { class real }
                { interval
                    T{ interval
                        { from { -20 f } }
                        { to { 20 f } }
                    }
                }
            }
        }
    }
    [
        full-interval-and-bignum-literal setup-value-infos
        V{ 0 1 } V{ 2 } \ mod call-outputs-quot-of-word
    ]
}
Unit Test: {
    {
        {
            T{ value-info-state
                { class fixnum }
                { interval
                    T{ interval
                        { from { 5 t } }
                        { to { 5 t } }
                    }
                }
                { literal 5 }
                { literal? t }
            }
        }
    }
    [
        { 2 3 "hello" } [ <literal-info> ] map setup-value-infos
        { 0 1 } { 2 } \ + <#call> dup word>> (fold-call)
    ]
}
Unit Test: {
    {
        {
            T{ value-info-state
                { class object }
                { interval full-interval }
            }
        }
    }
    [
        { 2 "hello" } [ <literal-info> ] map setup-value-infos
        { 0 1 } { 2 } \ + <#call> dup word>> (fold-call)
    ]
}
Unit Test: {
    { t f f t }
    [
        { 2 3 "hello" } [ <literal-info> ] map setup-value-infos
        { 0 1 } { 2 } \ + <#call> dup word>> foldable-call?
        { 0 2 } { 2 } \ + <#call> dup word>> foldable-call?
        number <class-info> 1array setup-value-infos
        { 0 } { 1 } \ >fixnum <#call> dup word>> foldable-call?
        "mamma mia" <literal-info> 1array setup-value-infos
        { 0 } { 1 } \ >fixnum <#call> dup word>> foldable-call?
    ]
}
Unit Test: { { t } [ \ <array> sequence-constructor? ] }
Unit Test: {
    {
        T{ value-info-state
            { class array }
            { interval full-interval }
            { slots
                {
                    T{ value-info-state
                        { class fixnum }
                        { interval
                            T{ interval
                                { from ~array~ }
                                { to ~array~ }
                            }
                        }
                        { literal 7 }
                        { literal? t }
                    }
                }
            }
        }
    }
    [
        { 7 f } [ <literal-info> ] map setup-value-infos
        { 0 1 } { 2 } \ <array> <#call>
        dup word>> propagate-sequence-constructor first
    ]
}
Unit Test: {
    { { 1 1 0 0 1 1 1 1 } }
    [
        {
            -100
            -2
            -1
            1
            2
            100
            -100000000000000000000000
            100000000000000000000000
        } [ unit-remainder ] map
    ]
}
Unit Test: {
    { t }
    [
        200 <iota> [
            100 - dup zero?
            [ drop t ] [
                [ unit-remainder ]
                [ 1 swap reference-remainder ] bi =
            ] if
        ] map [ ] all?
    ]
}
Unit Test: { { 0.25 } [ 1 0.75 [ mod ] compile-call ] }
Unit Test: {
    { t }
    [
        { 0 } [ unit-remainder ] result-or-error
        { 1 0 } [ reference-remainder ] result-or-error =
    ]
}
Unit Test: {
    { t }
    [
        0 >bignum 1array [ unit-remainder ] result-or-error
        1 0 >bignum 2array
        [ reference-remainder ] result-or-error =
    ]
}
Unit Test: {
    { 1 1 }
    [
        most-negative-fixnum unit-remainder most-positive-fixnum
        unit-remainder
    ]
}
Unit Test: { { { f f f f } } [ f { f t f f } (tail-calls) ] }
Unit Test: { { { f f f t } } [ t { f t f f } (tail-calls) ] }
Unit Test: { { { f t t t } } [ t { f f t t } (tail-calls) ] }
Unit Test: { { { f f f t } } [ t { f f t f } (tail-calls) ] }
Unit Test: {
    { t }
    [
        [ loop-test-1 ] build-tree analyze-recursive
        \ loop-test-1 label-is-loop?
    ]
}
Unit Test: {
    { t }
    [
        [ loop-test-1 1 2 3 ] build-tree analyze-recursive
        \ loop-test-1 label-is-loop?
    ]
}
Unit Test: {
    { t }
    [
        [ [ loop-test-1 ] each ] build-tree analyze-recursive
        \ loop-test-1 label-is-loop?
    ]
}
Unit Test: {
    { t }
    [
        [ [ loop-test-1 ] each ] build-tree analyze-recursive
        \ each-integer-from label-is-loop?
    ]
}
Unit Test: {
    { t }
    [
        [ loop-test-2 ] build-tree analyze-recursive
        \ loop-test-2 label-is-not-loop?
    ]
}
Unit Test: {
    { t }
    [
        [ loop-test-3 ] build-tree analyze-recursive
        \ loop-test-3 label-is-not-loop?
    ]
}
Unit Test: {
    { f }
    [
        [ [ [ ] map ] map ] build-tree analyze-recursive [
            dup #recursive?
            [ label>> loop?>> not ] [ drop f ] if
        ] contains-node?
    ]
}
Unit Test: {
    { t }
    [ [ a ] build-tree analyze-recursive \ a label-is-loop? ]
}
Unit Test: {
    { t }
    [ [ a ] build-tree analyze-recursive \ b label-is-loop? ]
}
Unit Test: {
    { t }
    [ [ b ] build-tree analyze-recursive \ a label-is-loop? ]
}
Unit Test: {
    { t }
    [ [ a ] build-tree analyze-recursive \ b label-is-loop? ]
}
Unit Test: {
    { f }
    [ [ a' ] build-tree analyze-recursive \ a' label-is-loop? ]
}
Unit Test: {
    { f }
    [ [ b' ] build-tree analyze-recursive \ b' label-is-loop? ]
}
Unit Test: {
    { t }
    [ [ b' ] build-tree analyze-recursive \ a' label-is-loop? ]
}
Unit Test: {
    { f }
    [ [ a' ] build-tree analyze-recursive \ b' label-is-loop? ]
}
Unit Test: {
    { t }
    [
        [ a'' ] build-tree analyze-recursive \ a''
        label-is-not-loop?
    ]
}
Unit Test: {
    { t }
    [
        [ a'' ] build-tree analyze-recursive \ b''
        label-is-loop?
    ]
}
Unit Test: {
    { t }
    [
        [ b'' ] build-tree analyze-recursive \ a''
        label-is-loop?
    ]
}
Unit Test: {
    { t }
    [
        [ b'' ] build-tree analyze-recursive \ b''
        label-is-not-loop?
    ]
}
Unit Test: {
    { t }
    [
        [ 10 [ [ drop ] each-integer ] loop-in-non-loop ]
        build-tree analyze-recursive \ each-integer-from
        label-is-loop?
    ]
}
Unit Test: {
    { t }
    [
        [ b''' ] build-tree analyze-recursive \ a'''
        label-is-loop?
    ]
}
Unit Test: {
    { t }
    [ [ b4 ] build-tree analyze-recursive \ a4 label-is-loop? ]
}
Unit Test: {
    { t }
    [
        [ b4 ] build-tree analyze-recursive \ b4
        label-is-not-loop?
    ]
}
Unit Test: {
    { t }
    [
        [ a4 ] build-tree analyze-recursive \ a4
        label-is-not-loop?
    ]
}
Unit Test: {
    { t }
    [ [ a4 ] build-tree analyze-recursive \ b4 label-is-loop? ]
}
Unit Test: {
    [ ]
    [ [ 1 2 cons boa [ car>> ] [ cdr>> ] bi ] test-unboxing ]
}
Unit Test: { [ ] [ [ empty-tuple boa drop ] test-unboxing ] }
Unit Test: { [ ] [ [ cons boa [ car>> ] [ cdr>> ] bi ] test-unboxing ] }
Unit Test: {
    [ ]
    [ [ [ 1 cons boa ] [ 2 cons boa ] if car>> ] test-unboxing ]
}
Unit Test: {
    [ ]
    [
        [
            dup cons boa 10 [ nip dup cons boa ] each-integer
            car>>
        ]
        test-unboxing
    ]
}
Unit Test: { [ ] [ [ 2 cons boa { [ ] [ ] } dispatch ] test-unboxing ] }
Unit Test: { [ ] [ [ dup [ drop f ] [ "A" throw ] if ] test-unboxing ] }
Unit Test: {
    [ ]
    [
        [
            [ ] [ ] curry curry dup 2 slot swap 3 slot
            dup 2 slot swap 3 slot drop
        ]
        test-unboxing
    ]
}
Unit Test: { [ ] [ [ [ ] [ ] curry curry call ] test-unboxing ] }
Unit Test: {
    [ ]
    [
        [ 1 cons boa over [ "A" throw ] when car>> ]
        test-unboxing
    ]
}
Unit Test: { [ ] [ [ [ <=> ] sort-with ] test-unboxing ] }
Unit Test: { [ ] [ [ [ <=> ] with search ] test-unboxing ] }
Unit Test: {
    [ ]
    [
        [ cons boa car>> void { } cdecl [ ] alien-callback ]
        test-unboxing
    ]
}
Unit Test: { { } [ [ [ ] bleach-node ] test-unboxing ] }
Unit Test: { { } [ [ T{ box { i 34 } } box-test i>> ] test-unboxing ] }
Must Infer: { [ [ [ ] define-temp ] with-compilation-unit ] }
Must Infer: { [ [ [ ] define-temp ] with-nested-compilation-unit ] }
Unit Test: {
    { 1 1 }
    [
        "A" <uninterned-word>
        [ [ [ 1 ] dip ] 2array 1array t t modify-code-heap ]
        keep 1 swap execute
    ]
}
Unit Test: {
    { "A" "B" }
    [
        disable-optimizer gensym "a" set gensym "b" set [
            "a" get [ "A" ] define "b" get "a" get
            '[ _ execute ] define
        ] with-compilation-unit "b" get execute
        [ "a" get [ "B" ] define ] with-compilation-unit
        "b" get execute enable-optimizer
    ]
}
Unit Test: { { 1 } [ counter get-global ] }
Unit Test: {
    { }
    [
        "IN: compiler.units.tests << : nesting-test ( -- ) ; >>"
        ( -- ) eval
    ]
}
Unit Test: { { 4 } [ 3 "q" get call ] }
Unit Test: {
    { }
    [
        [ \ uncompiled-generic-test forget ]
        with-compilation-unit
    ]
}
Unit Test: {
    { 17 }
    [
        [
            [
                gensym dup [ 17 ] ( -- n ) define-declared
                [ 1quotation ( -- n ) define-temp ]
                with-compilation-unit
            ] with-compilation-unit ( -- n ) execute-effect
        ] without-optimizer
    ]
}
Unit Test: {
    { t }
    [
        definition-observers get length [
            add-nesting-observer
            [ "compiler.units" reload ]
            [ remove-nesting-observer ] finally
        ] with-compilation-unit
        definition-observers get length =
    ]
}
Unit Test: {
    { 23 }
    [
        [
            [
                gensym dup [ 23 ] ( -- n ) define-declared [
                    [ 1quotation ( -- n ) define-temp ]
                    with-compilation-unit
                ] with-compilation-unit
            ] with-compilation-unit ( -- n ) execute-effect
        ] without-optimizer
    ]
}
Unit Test: {
    { 31 }
    [
        [
            gensym dup [ 31 ] ( -- n ) define-declared
            [ 1quotation ( -- n ) define-temp ]
            with-compilation-unit
        ] with-compilation-unit ( -- n ) execute-effect
    ]
}
Unit Test: {
    { 41 }
    [
        [
            [
                gensym dup [ 41 ] ( -- n ) define-declared
                1quotation ( -- n ) define-temp
                dup 1array compile 1quotation dup jit-compile
            ] with-compilation-unit ( -- n ) call-effect
        ] without-optimizer
    ]
}
Unit Test: {
    { 53 }
    [
        [
            [
                gensym dup [ 53 ] ( -- n ) define-declared [
                    [ 1quotation ( -- n ) define-temp throw ]
                    with-compilation-unit
                ] [ nip ] recover
            ] with-compilation-unit ( -- n ) execute-effect
        ] without-optimizer
    ]
}
Unit Test: {
    { 59 }
    [
        [
            [
                gensym dup [ 59 ] ( -- n ) define-declared [
                    [
                        [ 1quotation ( -- n ) define-temp ]
                        with-compilation-unit
                    ] without-optimizer
                ] with-global
            ] with-compilation-unit ( -- n ) execute-effect
        ] without-optimizer
    ]
}
Unit Test: {
    { f }
    [
        [
            gensym dup [ 17 ] ( -- n ) define-declared
            dup f remember-definition
            [ ] with-nested-compilation-unit
            1array update-existing?
        ] with-compilation-unit
    ]
}
Unit Test: {
    { 9 H{ { 9 9 } { 44 9 } { 7 9 } } }
    [ 7 H{ { 9 9 } { 44 9 } { 7 44 } } [ compress-path ] keep ]
}
Unit Test: {
    { H{ { 3 H{ { 1 1 } { 2 2 } } } } }
    [ H{ } clone 1 3 pick conjoin-at 2 3 pick conjoin-at ]
}
TEST FAILURES 0
COMPILER ERRORS 0
